CASENO,VEHNO,CIRENID,DVEST,DVTOTAL,DVLAT,DVLONG,ENERGY,IMPACTSP,ACCTYPE,BODYTYPE,CURBWGT,MANEUVER,PREEVENT,PREMOVE,PREILOC,PREISTAB,ROLLOVER,ROLLDIST,ROLINTYP,LANES,LGTCOND,SURCOND,SURTYPE,SPLIMIT,TRAVELSP,WEATHER,RELINTER,TRAFCONT,TRAFFLOW,BAGDEPFV,BAGDEPOV,DVC1,DVC2,DVC3,DVC4,DVC5,DVC6,DVD,DVL,EXTENT1,EXTENT2,PDOF1,PDOF2,FIRE,ABS_DVLAT,ABS_DVLONG,DV_COMPONENT_MAG,MAIS,ISS,FATAL,SEVERITY,SEVERITY_CODE
555003545.0,1.0,115498.0,8.0,,,,,,32.0,30.0,163.0,98.0,6.0,1.0,2.0,2.0,0.0,,0.0,3.0,1.0,2.0,1.0,113.0,,1.0,0.0,0.0,2.0,6.0,0.0,54.0,17.0,9.0,0.0,0.0,0.0,-58.0,150.0,7.0,,0.0,,0.0,,,,4.0,26.0,1.0,SERIOUS,1
555003605.0,1.0,115527.0,0.0,41.0,-38.0,-14.0,1190.0,,87.0,4.0,153.0,1.0,66.0,4.0,1.0,1.0,0.0,,0.0,5.0,3.0,2.0,1.0,80.0,,0.0,2.0,1.0,0.0,6.0,0.0,0.0,48.0,46.0,30.0,18.0,0.0,-8.0,268.0,3.0,,70.0,,0.0,38.0,14.0,40.496913462633174,3.0,27.0,1.0,SERIOUS,1
555003566.0,1.0,115565.0,0.0,34.0,26.0,-22.0,1155.0,,82.0,14.0,189.0,1.0,15.0,11.0,1.0,1.0,0.0,,0.0,2.0,1.0,2.0,2.0,89.0,,1.0,2.0,2.0,0.0,6.0,0.0,6.0,32.0,35.0,45.0,24.0,0.0,50.0,300.0,4.0,3.0,310.0,270.0,0.0,26.0,22.0,34.058772731852805,4.0,24.0,1.0,SERIOUS,1
556003625.0,1.0,116194.0,0.0,37.0,-6.0,-36.0,862.0,,50.0,14.0,152.0,1.0,10.0,1.0,2.0,1.0,0.0,,0.0,3.0,1.0,1.0,2.0,56.0,,0.0,0.0,0.0,0.0,1.0,0.0,69.0,46.0,40.0,21.0,0.0,0.0,-23.0,150.0,3.0,,10.0,,0.0,6.0,36.0,36.49657518178932,5.0,33.0,1.0,CRITICAL,2
556003626.0,1.0,116351.0,0.0,44.0,8.0,-43.0,1164.0,,1.0,2.0,117.0,1.0,9.0,1.0,4.0,1.0,0.0,,0.0,2.0,2.0,1.0,5.0,89.0,,0.0,0.0,0.0,0.0,6.0,0.0,74.0,53.0,41.0,31.0,21.0,8.0,-68.0,150.0,5.0,,350.0,,0.0,8.0,43.0,43.73785545725808,4.0,29.0,1.0,SERIOUS,1
556003627.0,1.0,116427.0,0.0,53.0,-9.0,-52.0,1683.0,,50.0,6.0,148.0,1.0,10.0,1.0,2.0,1.0,0.0,,0.0,2.0,1.0,1.0,2.0,89.0,,0.0,0.0,0.0,0.0,6.0,7.0,96.0,68.0,51.0,37.0,24.0,8.0,-46.0,152.0,4.0,,10.0,,0.0,9.0,52.0,52.773099207835045,4.0,34.0,1.0,SERIOUS,1
556003628.0,1.0,116520.0,7.0,,,,,,6.0,2.0,146.0,1.0,12.0,1.0,4.0,1.0,4.0,0.0,6.0,2.0,1.0,1.0,1.0,89.0,,0.0,1.0,0.0,1.0,6.0,0.0,,,,,,,,,2.0,3.0,0.0,,0.0,,,,2.0,12.0,1.0,MINOR,0
556003629.0,1.0,116562.0,0.0,,,,,,89.0,16.0,232.0,,66.0,1.0,1.0,1.0,0.0,,0.0,6.0,3.0,1.0,2.0,72.0,,0.0,2.0,1.0,0.0,1.0,7.0,9.0,38.0,44.0,40.0,36.0,28.0,125.0,333.0,3.0,1.0,270.0,0.0,0.0,,,,3.0,10.0,1.0,SERIOUS,1
556003630.0,1.0,117021.0,0.0,48.0,-45.0,-16.0,1202.0,,87.0,2.0,107.0,1.0,66.0,1.0,1.0,1.0,0.0,,0.0,3.0,2.0,1.0,2.0,72.0,,0.0,2.0,1.0,0.0,1.0,0.0,0.0,23.0,53.0,43.0,20.0,0.0,-2.0,271.0,4.0,,70.0,,0.0,45.0,16.0,47.75981574503821,3.0,14.0,1.0,SERIOUS,1
556003645.0,2.0,117070.0,0.0,28.0,18.0,-21.0,447.0,,89.0,4.0,153.0,1.0,17.0,1.0,1.0,1.0,0.0,,0.0,2.0,2.0,1.0,2.0,89.0,,0.0,2.0,2.0,0.0,6.0,0.0,0.0,12.0,15.0,33.0,18.0,8.0,104.0,232.0,3.0,3.0,320.0,270.0,0.0,18.0,21.0,27.65863337187866,4.0,29.0,1.0,SERIOUS,1
556003645.0,1.0,117145.0,0.0,28.0,-21.0,-18.0,1059.0,,88.0,4.0,150.0,4.0,66.0,1.0,1.0,1.0,0.0,,0.0,2.0,2.0,1.0,2.0,89.0,,0.0,2.0,0.0,0.0,6.0,0.0,15.0,33.0,49.0,49.0,33.0,25.0,0.0,150.0,2.0,2.0,50.0,90.0,0.0,21.0,18.0,27.65863337187866,3.0,10.0,1.0,SERIOUS,1
556003645.0,1.0,117184.0,0.0,28.0,-21.0,-18.0,1059.0,,88.0,4.0,150.0,4.0,66.0,1.0,1.0,1.0,0.0,,0.0,2.0,2.0,1.0,2.0,89.0,,0.0,2.0,0.0,0.0,6.0,0.0,15.0,33.0,49.0,49.0,33.0,25.0,0.0,150.0,2.0,2.0,50.0,90.0,0.0,21.0,18.0,27.65863337187866,5.0,66.0,1.0,CRITICAL,2
556003665.0,1.0,117265.0,0.0,18.0,6.0,-17.0,242.0,,69.0,6.0,124.0,9.0,62.0,1.0,1.0,1.0,0.0,,0.0,5.0,1.0,1.0,2.0,80.0,,0.0,2.0,0.0,0.0,6.0,0.0,0.0,4.0,14.0,16.0,18.0,35.0,127.0,150.0,3.0,,340.0,,0.0,6.0,17.0,18.027756377319946,4.0,26.0,1.0,SERIOUS,1
556003747.0,1.0,117330.0,0.0,37.0,6.0,-36.0,944.0,,51.0,14.0,176.0,4.0,62.0,1.0,1.0,1.0,3.0,0.0,7.0,2.0,1.0,4.0,2.0,80.0,,0.0,0.0,0.0,0.0,6.0,0.0,72.0,48.0,26.0,16.0,2.0,0.0,-48.0,150.0,3.0,3.0,350.0,,0.0,6.0,36.0,36.49657518178932,4.0,17.0,1.0,SERIOUS,1
556003705.0,1.0,117404.0,0.0,39.0,-38.0,-7.0,799.0,,7.0,2.0,119.0,6.0,13.0,14.0,6.0,4.0,0.0,,0.0,2.0,1.0,1.0,2.0,89.0,,0.0,0.0,5.0,0.0,1.0,0.0,3.0,36.0,43.0,23.0,16.0,1.0,-15.0,236.0,4.0,,80.0,,0.0,38.0,7.0,38.63935817272331,5.0,50.0,2.0,CRITICAL,2
556003706.0,1.0,117497.0,7.0,,,,,,7.0,31.0,213.0,6.0,13.0,1.0,4.0,2.0,0.0,,0.0,2.0,1.0,1.0,2.0,89.0,,0.0,0.0,0.0,0.0,4.0,0.0,0.0,0.0,1.0,0.0,0.0,8.0,0.0,170.0,6.0,3.0,0.0,90.0,1.0,,,,4.0,24.0,1.0,SERIOUS,1
556003745.0,1.0,117573.0,0.0,41.0,7.0,-40.0,1302.0,,51.0,30.0,167.0,1.0,62.0,1.0,1.0,1.0,0.0,,0.0,2.0,2.0,2.0,2.0,89.0,,1.0,0.0,0.0,0.0,6.0,0.0,76.0,63.0,48.0,39.0,33.0,29.0,0.0,150.0,4.0,,350.0,,0.0,7.0,40.0,40.607881008493905,4.0,29.0,1.0,SERIOUS,1
556003746.0,1.0,117692.0,0.0,53.0,0.0,-53.0,2349.0,,6.0,14.0,197.0,,12.0,14.0,4.0,1.0,0.0,,0.0,2.0,2.0,1.0,5.0,89.0,,0.0,0.0,0.0,0.0,6.0,0.0,25.0,50.0,60.0,62.0,58.0,7.0,-10.0,160.0,3.0,,0.0,,0.0,0.0,53.0,53.0,3.0,22.0,2.0,SERIOUS,1
556003708.0,1.0,118214.0,0.0,60.0,10.0,-59.0,3538.0,,6.0,20.0,214.0,1.0,12.0,1.0,4.0,1.0,0.0,,0.0,3.0,1.0,1.0,2.0,48.0,,0.0,0.0,0.0,0.0,6.0,0.0,35.0,79.0,100.0,101.0,96.0,76.0,11.0,160.0,5.0,,350.0,,0.0,10.0,59.0,59.841457201508724,3.0,17.0,1.0,SERIOUS,1
556003685.0,1.0,118249.0,0.0,42.0,-41.0,-7.0,794.0,,87.0,3.0,116.0,1.0,66.0,14.0,1.0,1.0,0.0,,0.0,2.0,1.0,1.0,2.0,89.0,,0.0,2.0,0.0,0.0,1.0,0.0,0.0,22.0,41.0,33.0,25.0,4.0,6.0,232.0,3.0,1.0,80.0,190.0,0.0,41.0,7.0,41.593268686170845,4.0,34.0,1.0,SERIOUS,1
556003708.0,1.0,118285.0,0.0,60.0,10.0,-59.0,3538.0,,6.0,20.0,214.0,1.0,12.0,1.0,4.0,1.0,0.0,,0.0,3.0,1.0,1.0,2.0,48.0,,0.0,0.0,0.0,0.0,6.0,0.0,35.0,79.0,100.0,101.0,96.0,76.0,11.0,160.0,5.0,,350.0,,0.0,10.0,59.0,59.841457201508724,4.0,29.0,1.0,SERIOUS,1
556003708.0,1.0,118313.0,0.0,60.0,10.0,-59.0,3538.0,,6.0,20.0,214.0,1.0,12.0,1.0,4.0,1.0,0.0,,0.0,3.0,1.0,1.0,2.0,48.0,,0.0,0.0,0.0,0.0,6.0,0.0,35.0,79.0,100.0,101.0,96.0,76.0,11.0,160.0,5.0,,350.0,,0.0,10.0,59.0,59.841457201508724,3.0,10.0,1.0,SERIOUS,1
556003708.0,1.0,118340.0,0.0,60.0,10.0,-59.0,3538.0,,6.0,20.0,214.0,1.0,12.0,1.0,4.0,1.0,0.0,,0.0,3.0,1.0,1.0,2.0,48.0,,0.0,0.0,0.0,0.0,6.0,0.0,35.0,79.0,100.0,101.0,96.0,76.0,11.0,160.0,5.0,,350.0,,0.0,10.0,59.0,59.841457201508724,5.0,42.0,1.0,CRITICAL,2
556003708.0,1.0,119296.0,0.0,60.0,10.0,-59.0,3538.0,,6.0,20.0,214.0,1.0,12.0,1.0,4.0,1.0,0.0,,0.0,3.0,1.0,1.0,2.0,48.0,,0.0,0.0,0.0,0.0,6.0,0.0,35.0,79.0,100.0,101.0,96.0,76.0,11.0,160.0,5.0,,350.0,,0.0,10.0,59.0,59.841457201508724,4.0,29.0,1.0,SERIOUS,1
556003765.0,1.0,119489.0,0.0,23.0,23.0,-4.0,429.0,,82.0,4.0,138.0,1.0,15.0,11.0,1.0,1.0,0.0,,0.0,2.0,1.0,4.0,2.0,0.0,,3.0,3.0,0.0,0.0,1.0,0.0,0.0,5.0,23.0,29.0,17.0,0.0,-28.0,242.0,3.0,,280.0,,0.0,23.0,4.0,23.345235059857504,3.0,27.0,1.0,SERIOUS,1
556003825.0,1.0,119557.0,0.0,10.0,-9.0,-3.0,101.0,,7.0,14.0,209.0,9.0,5.0,1.0,4.0,4.0,0.0,,0.0,2.0,2.0,2.0,5.0,89.0,,0.0,0.0,0.0,0.0,,,0.0,15.0,15.0,12.0,5.0,0.0,109.0,109.0,2.0,1.0,70.0,70.0,0.0,9.0,3.0,9.486832980505138,3.0,27.0,1.0,SERIOUS,1
555003585.0,1.0,119607.0,0.0,45.0,0.0,-45.0,1260.0,,7.0,6.0,141.0,98.0,5.0,6.0,4.0,2.0,0.0,,0.0,2.0,1.0,4.0,2.0,80.0,,2.0,0.0,0.0,0.0,,,0.0,0.0,24.0,49.0,70.0,69.0,34.0,150.0,4.0,,0.0,,0.0,0.0,45.0,45.0,4.0,29.0,1.0,SERIOUS,1
556003805.0,1.0,119737.0,0.0,69.0,12.0,-68.0,2559.0,,51.0,4.0,158.0,2.0,62.0,14.0,1.0,1.0,0.0,,0.0,3.0,5.0,2.0,2.0,89.0,,1.0,2.0,0.0,0.0,,,90.0,94.0,86.0,65.0,44.0,23.0,-26.0,160.0,4.0,,350.0,,0.0,12.0,68.0,69.05070600652827,3.0,22.0,1.0,SERIOUS,1
556003866.0,1.0,119839.0,0.0,11.0,-6.0,-10.0,194.0,,83.0,20.0,169.0,,67.0,1.0,1.0,1.0,0.0,,0.0,5.0,1.0,1.0,2.0,64.0,,0.0,2.0,0.0,0.0,,,0.0,9.0,17.0,8.0,6.0,0.0,-65.0,363.0,2.0,,30.0,,0.0,6.0,10.0,11.661903789690601,4.0,20.0,1.0,SERIOUS,1
556003867.0,1.0,119897.0,0.0,57.0,-57.0,0.0,3242.0,,64.0,30.0,146.0,98.0,6.0,1.0,2.0,4.0,0.0,,0.0,4.0,2.0,4.0,2.0,89.0,,2.0,0.0,0.0,0.0,,,32.0,83.0,120.0,106.0,65.0,0.0,15.0,262.0,6.0,,90.0,,0.0,57.0,0.0,57.0,4.0,36.0,1.0,SERIOUS,1
556003885.0,1.0,119946.0,0.0,,,,,,98.0,4.0,149.0,1.0,8.0,14.0,2.0,,0.0,,0.0,1.0,2.0,1.0,2.0,113.0,,0.0,1.0,5.0,3.0,,,0.0,23.0,34.0,43.0,45.0,7.0,21.0,272.0,3.0,,270.0,,0.0,,,,3.0,27.0,1.0,SERIOUS,1
556003905.0,1.0,120013.0,0.0,28.0,0.0,-28.0,598.0,,20.0,4.0,172.0,7.0,50.0,1.0,1.0,1.0,0.0,,0.0,2.0,1.0,1.0,2.0,89.0,,0.0,2.0,1.0,0.0,,,44.0,38.0,33.0,20.0,0.0,0.0,-45.0,164.0,3.0,,0.0,,0.0,0.0,28.0,28.0,3.0,22.0,1.0,SERIOUS,1
556003868.0,1.0,120278.0,0.0,46.0,8.0,-45.0,2479.0,,51.0,4.0,152.0,1.0,62.0,1.0,1.0,1.0,0.0,,0.0,2.0,1.0,4.0,2.0,89.0,,0.0,0.0,0.0,0.0,,,85.0,76.0,72.0,59.0,44.0,18.0,0.0,160.0,4.0,,350.0,,0.0,8.0,45.0,45.70557952810576,3.0,22.0,1.0,SERIOUS,1
556003868.0,1.0,120305.0,0.0,46.0,8.0,-45.0,2479.0,,51.0,4.0,152.0,1.0,62.0,1.0,1.0,1.0,0.0,,0.0,2.0,1.0,4.0,2.0,89.0,,0.0,0.0,0.0,0.0,,,85.0,76.0,72.0,59.0,44.0,18.0,0.0,160.0,4.0,,350.0,,0.0,8.0,45.0,45.70557952810576,4.0,29.0,1.0,SERIOUS,1
556003707.0,1.0,120341.0,0.0,45.0,42.0,-15.0,1316.0,,2.0,4.0,157.0,,6.0,14.0,4.0,3.0,0.0,,0.0,2.0,1.0,4.0,2.0,72.0,,3.0,0.0,0.0,0.0,,,0.0,46.0,64.0,60.0,47.0,19.0,31.0,158.0,4.0,,290.0,,0.0,42.0,15.0,44.598206241955516,5.0,45.0,1.0,CRITICAL,2
556003906.0,1.0,120380.0,0.0,24.0,24.0,4.0,587.0,,47.0,4.0,139.0,,10.0,16.0,2.0,1.0,0.0,,0.0,2.0,1.0,1.0,1.0,113.0,,0.0,1.0,0.0,1.0,,,0.0,27.0,44.0,36.0,35.0,0.0,-128.0,138.0,3.0,5.0,260.0,90.0,0.0,24.0,4.0,24.331050121192877,3.0,17.0,1.0,SERIOUS,1
556003726.0,1.0,120516.0,0.0,31.0,-5.0,-31.0,383.0,,88.0,4.0,152.0,8.0,66.0,1.0,2.0,1.0,0.0,,0.0,2.0,1.0,2.0,2.0,89.0,,1.0,2.0,0.0,0.0,,,2.0,5.0,13.0,21.0,24.0,30.0,18.0,150.0,2.0,,10.0,,0.0,5.0,31.0,31.400636936215164,2.0,9.0,1.0,MINOR,0
556003925.0,1.0,120523.0,0.0,52.0,-51.0,-9.0,1772.0,,66.0,4.0,122.0,,13.0,1.0,2.0,3.0,0.0,,0.0,2.0,1.0,1.0,2.0,89.0,,0.0,0.0,0.0,0.0,,,0.0,33.0,57.0,61.0,33.0,17.0,67.0,253.0,4.0,,80.0,,0.0,51.0,9.0,51.78802950489621,5.0,38.0,2.0,CRITICAL,2
556003925.0,1.0,120544.0,0.0,52.0,-51.0,-9.0,1772.0,,66.0,4.0,122.0,,13.0,1.0,2.0,3.0,0.0,,0.0,2.0,1.0,1.0,2.0,89.0,,0.0,0.0,0.0,0.0,,,0.0,33.0,57.0,61.0,33.0,17.0,67.0,253.0,4.0,,80.0,,0.0,51.0,9.0,51.78802950489621,5.0,43.0,2.0,CRITICAL,2
556003946.0,1.0,120565.0,0.0,36.0,34.0,-12.0,665.0,,89.0,2.0,114.0,1.0,17.0,1.0,1.0,1.0,0.0,,0.0,2.0,1.0,1.0,2.0,89.0,,0.0,2.0,2.0,0.0,,,0.0,8.0,40.0,32.0,6.0,0.0,26.0,280.0,4.0,2.0,290.0,180.0,0.0,34.0,12.0,36.05551275463989,4.0,41.0,1.0,SERIOUS,1
556003945.0,1.0,120582.0,0.0,30.0,5.0,-30.0,477.0,,65.0,20.0,188.0,,62.0,1.0,1.0,1.0,0.0,,0.0,2.0,1.0,1.0,1.0,113.0,,0.0,0.0,0.0,1.0,,,28.0,19.0,16.0,16.0,13.0,8.0,-28.0,150.0,2.0,,350.0,,0.0,5.0,30.0,30.4138126514911,3.0,10.0,1.0,SERIOUS,1
556004007.0,1.0,121229.0,0.0,23.0,23.0,0.0,668.0,,98.0,4.0,171.0,1.0,15.0,12.0,1.0,1.0,0.0,,0.0,2.0,1.0,1.0,2.0,72.0,,0.0,3.0,0.0,0.0,,,0.0,13.0,40.0,35.0,18.0,3.0,5.0,226.0,3.0,,270.0,,0.0,23.0,0.0,23.0,3.0,14.0,1.0,SERIOUS,1
556004008.0,1.0,121240.0,0.0,17.0,0.0,-17.0,303.0,,7.0,31.0,215.0,8.0,8.0,1.0,4.0,1.0,0.0,,0.0,4.0,1.0,1.0,2.0,64.0,,0.0,0.0,0.0,0.0,,,45.0,0.0,0.0,0.0,0.0,0.0,-69.0,180.0,3.0,,0.0,,0.0,0.0,17.0,17.0,3.0,22.0,1.0,SERIOUS,1
556004070.0,1.0,121251.0,0.0,15.0,11.0,-10.0,536.0,,89.0,21.0,,1.0,17.0,1.0,1.0,1.0,0.0,,0.0,2.0,1.0,1.0,2.0,89.0,,0.0,2.0,1.0,0.0,,,0.0,16.0,19.0,46.0,43.0,4.0,131.0,235.0,3.0,2.0,310.0,270.0,0.0,11.0,10.0,14.866068747318506,5.0,50.0,1.0,CRITICAL,2
556003907.0,1.0,121520.0,0.0,45.0,15.0,-42.0,1344.0,,69.0,2.0,152.0,2.0,62.0,1.0,1.0,1.0,0.0,,0.0,5.0,1.0,1.0,2.0,56.0,,0.0,2.0,1.0,0.0,,,4.0,26.0,43.0,55.0,68.0,60.0,0.0,160.0,3.0,,340.0,,0.0,15.0,42.0,44.598206241955516,4.0,18.0,1.0,SERIOUS,1
556004009.0,1.0,122080.0,0.0,31.0,24.0,-20.0,1381.0,,89.0,4.0,171.0,,17.0,1.0,1.0,1.0,0.0,,0.0,2.0,1.0,1.0,2.0,89.0,,0.0,2.0,2.0,0.0,,,0.0,24.0,41.0,46.0,31.0,0.0,-84.0,317.0,3.0,2.0,310.0,330.0,0.0,24.0,20.0,31.240998703626616,5.0,42.0,1.0,CRITICAL,2
556004010.0,1.0,122091.0,0.0,,,,,,2.0,14.0,147.0,7.0,51.0,1.0,4.0,,0.0,,0.0,2.0,1.0,1.0,1.0,89.0,,0.0,1.0,0.0,2.0,,,25.0,17.0,8.0,8.0,8.0,14.0,0.0,150.0,1.0,2.0,30.0,0.0,0.0,,,,5.0,50.0,2.0,CRITICAL,2
556004011.0,1.0,122102.0,0.0,93.0,0.0,-93.0,6058.0,,6.0,20.0,169.0,1.0,12.0,1.0,4.0,1.0,0.0,,0.0,2.0,1.0,1.0,2.0,89.0,,0.0,0.0,0.0,0.0,,,57.0,92.0,100.0,102.0,96.0,45.0,-5.0,160.0,5.0,2.0,0.0,0.0,0.0,0.0,93.0,93.0,3.0,14.0,1.0,SERIOUS,1
556004012.0,1.0,122113.0,0.0,,,,,,98.0,4.0,157.0,7.0,62.0,1.0,1.0,1.0,0.0,,0.0,2.0,1.0,2.0,2.0,89.0,,1.0,2.0,0.0,0.0,,,0.0,9.0,16.0,34.0,20.0,11.0,37.0,328.0,3.0,,340.0,,0.0,,,,5.0,50.0,1.0,CRITICAL,2
556004027.0,1.0,122124.0,0.0,,,,,,6.0,4.0,141.0,1.0,12.0,1.0,4.0,1.0,0.0,,0.0,1.0,2.0,1.0,2.0,113.0,,0.0,5.0,0.0,3.0,,,99.0,98.0,83.0,59.0,37.0,19.0,-38.0,150.0,4.0,,0.0,0.0,0.0,,,,4.0,34.0,2.0,SERIOUS,1
556004047.0,1.0,122135.0,0.0,,,,,,2.0,4.0,158.0,7.0,12.0,1.0,4.0,2.0,0.0,,0.0,3.0,1.0,1.0,2.0,113.0,,0.0,1.0,0.0,2.0,,,0.0,0.0,1.0,2.0,2.0,3.0,0.0,155.0,1.0,2.0,0.0,20.0,0.0,,,,3.0,14.0,1.0,SERIOUS,1
556003847.0,1.0,122157.0,0.0,49.0,17.0,-46.0,1436.0,,65.0,4.0,153.0,7.0,62.0,1.0,1.0,1.0,0.0,,0.0,2.0,1.0,2.0,2.0,89.0,,1.0,0.0,0.0,0.0,,,40.0,40.0,62.0,54.0,32.0,13.0,0.0,160.0,2.0,2.0,340.0,270.0,0.0,17.0,46.0,49.040799340956916,3.0,19.0,1.0,SERIOUS,1
556003846.0,1.0,122168.0,0.0,54.0,0.0,-54.0,1190.0,,51.0,4.0,109.0,1.0,62.0,14.0,1.0,1.0,0.0,,0.0,2.0,1.0,1.0,2.0,89.0,,0.0,0.0,0.0,0.0,,,20.0,30.0,37.0,44.0,51.0,61.0,0.0,146.0,3.0,,0.0,,0.0,0.0,54.0,54.0,3.0,22.0,1.0,SERIOUS,1
556004048.0,1.0,122186.0,8.0,,,,,,7.0,4.0,158.0,6.0,13.0,14.0,6.0,4.0,0.0,,0.0,2.0,2.0,1.0,2.0,80.0,,0.0,0.0,0.0,0.0,,,0.0,14.0,13.0,19.0,19.0,0.0,-113.0,189.0,3.0,2.0,,30.0,0.0,,,,4.0,21.0,1.0,SERIOUS,1
556003845.0,1.0,122201.0,0.0,87.0,0.0,-87.0,3446.0,,1.0,4.0,108.0,1.0,13.0,1.0,4.0,1.0,0.0,,0.0,2.0,1.0,1.0,1.0,89.0,,0.0,0.0,0.0,1.0,,,44.0,86.0,91.0,92.0,90.0,39.0,-5.0,144.0,4.0,,0.0,,0.0,0.0,87.0,87.0,5.0,38.0,1.0,CRITICAL,2
556004047.0,1.0,122453.0,0.0,,,,,,2.0,4.0,158.0,7.0,12.0,1.0,4.0,2.0,0.0,,0.0,3.0,1.0,1.0,2.0,113.0,,0.0,1.0,0.0,2.0,,,0.0,0.0,1.0,2.0,2.0,3.0,0.0,155.0,1.0,2.0,0.0,20.0,0.0,,,,3.0,17.0,1.0,SERIOUS,1
556003785.0,1.0,123133.0,0.0,72.0,0.0,-72.0,2845.0,,6.0,4.0,133.0,1.0,12.0,1.0,4.0,1.0,0.0,,0.0,4.0,3.0,1.0,2.0,56.0,,0.0,0.0,0.0,0.0,6.0,0.0,17.0,70.0,77.0,80.0,75.0,46.0,10.0,160.0,4.0,,0.0,,0.0,0.0,72.0,72.0,6.0,75.0,2.0,CRITICAL,2
556003986.0,1.0,125239.0,8.0,,,,,,1.0,14.0,163.0,6.0,13.0,14.0,4.0,4.0,2.0,8.0,1.0,2.0,2.0,1.0,2.0,89.0,,0.0,0.0,0.0,0.0,,,,,,,,,,,7.0,,,,0.0,,,,3.0,14.0,1.0,SERIOUS,1
556004091.0,1.0,125249.0,3.0,,,,,,68.0,30.0,193.0,11.0,15.0,11.0,1.0,1.0,0.0,,0.0,2.0,2.0,1.0,2.0,89.0,,0.0,2.0,0.0,0.0,,,0.0,0.0,6.0,14.0,23.0,45.0,54.0,165.0,2.0,,40.0,,0.0,,,,3.0,10.0,1.0,SERIOUS,1
556003987.0,1.0,125259.0,0.0,36.0,6.0,-35.0,1922.0,,65.0,4.0,162.0,,62.0,1.0,1.0,1.0,0.0,,0.0,2.0,2.0,4.0,2.0,89.0,,3.0,0.0,0.0,0.0,,,23.0,35.0,43.0,74.0,79.0,87.0,0.0,160.0,4.0,,350.0,,0.0,6.0,35.0,35.510561809129406,3.0,19.0,1.0,SERIOUS,1
556004068.0,1.0,125289.0,0.0,30.0,0.0,30.0,668.0,,9.0,14.0,176.0,,12.0,13.0,4.0,1.0,0.0,,0.0,1.0,1.0,1.0,2.0,0.0,,0.0,3.0,0.0,0.0,,,0.0,4.0,19.0,38.0,67.0,44.0,35.0,155.0,4.0,,180.0,,0.0,0.0,30.0,30.0,4.0,33.0,1.0,SERIOUS,1
556003965.0,1.0,125299.0,8.0,,,,,,2.0,2.0,119.0,4.0,9.0,1.0,4.0,3.0,4.0,25.0,1.0,2.0,1.0,1.0,2.0,113.0,,0.0,0.0,0.0,2.0,,,,,,,,,,,4.0,,,,0.0,,,,3.0,10.0,1.0,SERIOUS,1
556004067.0,1.0,128051.0,0.0,31.0,5.0,-31.0,945.0,,98.0,15.0,193.0,4.0,62.0,1.0,1.0,1.0,0.0,,0.0,4.0,1.0,1.0,2.0,89.0,,0.0,2.0,0.0,0.0,,,80.0,58.0,38.0,17.0,0.0,0.0,-46.0,160.0,4.0,,350.0,,0.0,5.0,31.0,31.400636936215164,3.0,10.0,1.0,SERIOUS,1
556003985.0,1.0,128053.0,0.0,32.0,6.0,-32.0,622.0,,6.0,2.0,149.0,,12.0,1.0,4.0,1.0,0.0,,0.0,3.0,2.0,1.0,1.0,113.0,,0.0,0.0,0.0,1.0,,,36.0,29.0,30.0,26.0,17.0,10.0,-38.0,150.0,2.0,6.0,350.0,10.0,0.0,6.0,32.0,32.55764119219941,3.0,19.0,1.0,SERIOUS,1
556004071.0,1.0,128058.0,4.0,,,,,,98.0,4.0,151.0,2.0,98.0,1.0,1.0,1.0,0.0,,0.0,2.0,1.0,2.0,2.0,89.0,,3.0,0.0,0.0,0.0,,,60.0,46.0,26.0,13.0,1.0,0.0,-45.0,156.0,3.0,,350.0,,0.0,,,,3.0,14.0,2.0,SERIOUS,1
556004131.0,1.0,128060.0,8.0,,,,,,52.0,4.0,152.0,8.0,54.0,1.0,1.0,1.0,0.0,,0.0,4.0,3.0,1.0,2.0,113.0,,0.0,0.0,0.0,2.0,,,15.0,17.0,28.0,50.0,47.0,56.0,22.0,160.0,6.0,,10.0,,1.0,,,,3.0,17.0,1.0,SERIOUS,1
556004132.0,1.0,128062.0,0.0,37.0,6.0,-36.0,881.0,,69.0,4.0,148.0,2.0,62.0,14.0,1.0,1.0,0.0,,0.0,5.0,2.0,1.0,2.0,72.0,,0.0,2.0,1.0,0.0,,,37.0,41.0,44.0,34.0,20.0,0.0,-39.0,150.0,2.0,,350.0,,0.0,6.0,36.0,36.49657518178932,3.0,14.0,1.0,SERIOUS,1
556004133.0,1.0,128064.0,0.0,38.0,36.0,-13.0,1484.0,,89.0,4.0,160.0,10.0,17.0,4.0,1.0,1.0,0.0,,0.0,2.0,5.0,1.0,2.0,72.0,,0.0,2.0,2.0,0.0,,,3.0,19.0,59.0,48.0,24.0,2.0,-37.0,288.0,4.0,3.0,290.0,270.0,0.0,36.0,13.0,38.27531841800928,4.0,34.0,1.0,SERIOUS,1
556004092.0,1.0,128066.0,0.0,34.0,29.0,-17.0,1058.0,,82.0,4.0,138.0,1.0,15.0,11.0,1.0,1.0,0.0,,0.0,3.0,3.0,2.0,2.0,64.0,,1.0,2.0,1.0,0.0,,,0.0,25.0,39.0,42.0,30.0,9.0,45.0,256.0,3.0,,300.0,,0.0,29.0,17.0,33.61547262794322,3.0,22.0,1.0,SERIOUS,1
556004111.0,1.0,128322.0,0.0,23.0,-4.0,-23.0,411.0,,2.0,4.0,142.0,4.0,13.0,14.0,4.0,2.0,0.0,,0.0,2.0,2.0,1.0,5.0,89.0,,0.0,0.0,0.0,0.0,,,0.0,11.0,38.0,23.0,8.0,2.0,-33.0,150.0,2.0,2.0,10.0,90.0,0.0,4.0,23.0,23.345235059857504,5.0,35.0,1.0,CRITICAL,2
556004151.0,1.0,128697.0,0.0,54.0,0.0,-54.0,892.0,,51.0,2.0,130.0,1.0,62.0,1.0,1.0,1.0,0.0,,0.0,2.0,1.0,1.0,2.0,80.0,,,0.0,0.0,0.0,,,65.0,52.0,35.0,24.0,7.0,0.0,-32.0,150.0,4.0,,0.0,,0.0,0.0,54.0,54.0,3.0,14.0,1.0,SERIOUS,1
556003725.0,1.0,128708.0,0.0,13.0,-8.0,-10.0,171.0,,1.0,14.0,161.0,8.0,13.0,1.0,4.0,2.0,0.0,,0.0,2.0,1.0,3.0,2.0,89.0,,,0.0,0.0,0.0,,,0.0,8.0,18.0,13.0,9.0,7.0,-42.0,164.0,2.0,3.0,40.0,0.0,0.0,8.0,10.0,12.806248474865697,3.0,11.0,1.0,SERIOUS,1
556004211.0,1.0,128719.0,0.0,53.0,9.0,-52.0,444.0,,51.0,4.0,141.0,1.0,62.0,1.0,1.0,1.0,0.0,,0.0,5.0,2.0,1.0,2.0,89.0,,,0.0,0.0,0.0,,,36.0,26.0,24.0,16.0,5.0,0.0,-52.0,150.0,2.0,,350.0,,0.0,9.0,52.0,52.773099207835045,4.0,34.0,1.0,SERIOUS,1
556004231.0,1.0,128730.0,0.0,22.0,19.0,-11.0,399.0,,89.0,6.0,128.0,1.0,66.0,1.0,1.0,1.0,0.0,,0.0,3.0,1.0,1.0,2.0,48.0,,,2.0,1.0,0.0,,,0.0,14.0,27.0,17.0,14.0,0.0,44.0,226.0,3.0,1.0,300.0,0.0,0.0,19.0,11.0,21.95449840010015,5.0,33.0,1.0,CRITICAL,2
556004331.0,1.0,128741.0,0.0,47.0,-30.0,-36.0,1413.0,,88.0,4.0,143.0,1.0,17.0,1.0,1.0,1.0,0.0,,0.0,2.0,1.0,1.0,2.0,89.0,,,2.0,2.0,0.0,,,0.0,31.0,47.0,59.0,39.0,17.0,0.0,160.0,3.0,3.0,40.0,90.0,0.0,30.0,36.0,46.861498055439924,2.0,12.0,1.0,MINOR,0
556004431.0,1.0,128752.0,0.0,50.0,50.0,0.0,1646.0,,2.0,1.0,155.0,6.0,6.0,1.0,4.0,3.0,0.0,,0.0,2.0,2.0,1.0,5.0,89.0,,,0.0,0.0,0.0,,,11.0,49.0,67.0,68.0,34.0,10.0,25.0,124.0,5.0,,270.0,,0.0,50.0,0.0,50.0,3.0,17.0,1.0,SERIOUS,1
556004351.0,1.0,128763.0,0.0,72.0,13.0,-71.0,2142.0,,98.0,4.0,144.0,4.0,62.0,1.0,1.0,1.0,0.0,,0.0,2.0,1.0,2.0,2.0,89.0,,,0.0,0.0,0.0,,,43.0,49.0,56.0,60.0,35.0,4.0,-20.0,150.0,3.0,,350.0,,0.0,13.0,71.0,72.18032973047436,2.0,12.0,1.0,MINOR,0
556004351.0,1.0,128764.0,0.0,72.0,13.0,-71.0,2142.0,,98.0,4.0,144.0,4.0,62.0,1.0,1.0,1.0,0.0,,0.0,2.0,1.0,2.0,2.0,89.0,,,0.0,0.0,0.0,,,43.0,49.0,56.0,60.0,35.0,4.0,-20.0,150.0,3.0,,350.0,,0.0,13.0,71.0,72.18032973047436,3.0,19.0,1.0,SERIOUS,1
556004351.0,2.0,129188.0,0.0,77.0,13.0,76.0,5039.0,,98.0,14.0,140.0,1.0,5.0,1.0,2.0,4.0,0.0,,0.0,2.0,1.0,2.0,2.0,89.0,,,0.0,0.0,0.0,,,51.0,73.0,98.0,95.0,87.0,86.0,20.0,150.0,7.0,,190.0,,0.0,13.0,76.0,77.10382610480494,1.0,1.0,1.0,MINOR,0
556004351.0,2.0,129199.0,0.0,77.0,13.0,76.0,5039.0,,98.0,14.0,140.0,1.0,5.0,1.0,2.0,4.0,0.0,,0.0,2.0,1.0,2.0,2.0,89.0,,,0.0,0.0,0.0,,,51.0,73.0,98.0,95.0,87.0,86.0,20.0,150.0,7.0,,190.0,,0.0,13.0,76.0,77.10382610480494,2.0,9.0,1.0,MINOR,0
556004432.0,1.0,129210.0,0.0,75.0,-13.0,-74.0,3014.0,,50.0,4.0,121.0,1.0,10.0,1.0,2.0,1.0,0.0,,0.0,3.0,2.0,4.0,2.0,89.0,,,0.0,0.0,0.0,,,99.0,93.0,71.0,49.0,35.0,10.0,-33.0,150.0,4.0,,10.0,,0.0,13.0,74.0,75.13321502504735,5.0,50.0,1.0,CRITICAL,2
556004291.0,1.0,129221.0,0.0,17.0,13.0,-11.0,373.0,,89.0,4.0,162.0,4.0,66.0,1.0,1.0,1.0,0.0,,0.0,4.0,1.0,1.0,2.0,64.0,,,2.0,1.0,0.0,,,5.0,13.0,17.0,15.0,19.0,6.0,139.0,227.0,3.0,3.0,310.0,270.0,0.0,13.0,11.0,17.029386365926403,3.0,17.0,1.0,SERIOUS,1
556004291.0,1.0,129222.0,0.0,17.0,13.0,-11.0,373.0,,89.0,4.0,162.0,4.0,66.0,1.0,1.0,1.0,0.0,,0.0,4.0,1.0,1.0,2.0,64.0,,,2.0,1.0,0.0,,,5.0,13.0,17.0,15.0,19.0,6.0,139.0,227.0,3.0,3.0,310.0,270.0,0.0,13.0,11.0,17.029386365926403,4.0,24.0,1.0,SERIOUS,1
556004391.0,1.0,129223.0,7.0,,,,,,2.0,4.0,120.0,6.0,8.0,1.0,4.0,4.0,5.0,140.0,1.0,2.0,1.0,1.0,2.0,89.0,,,0.0,0.0,0.0,,,,,,,,,,,3.0,3.0,,,0.0,,,,3.0,11.0,1.0,SERIOUS,1
556004311.0,1.0,129224.0,0.0,,,,,,87.0,4.0,138.0,1.0,4.0,1.0,1.0,1.0,0.0,,0.0,2.0,1.0,1.0,2.0,72.0,,,2.0,2.0,0.0,,,0.0,42.0,50.0,47.0,28.0,2.0,-26.0,222.0,4.0,,90.0,,0.0,,,,5.0,50.0,1.0,CRITICAL,2
556004491.0,1.0,130952.0,0.0,33.0,-6.0,-32.0,647.0,,50.0,6.0,176.0,1.0,10.0,1.0,2.0,1.0,0.0,,0.0,5.0,1.0,1.0,2.0,89.0,,,0.0,0.0,0.0,,,3.0,17.0,24.0,29.0,33.0,30.0,29.0,150.0,2.0,,10.0,,0.0,6.0,32.0,32.55764119219941,5.0,38.0,1.0,CRITICAL,2
556004171.0,1.0,130963.0,0.0,43.0,0.0,-43.0,775.0,,51.0,14.0,212.0,1.0,62.0,1.0,1.0,1.0,4.0,37.0,7.0,2.0,1.0,1.0,2.0,89.0,,,2.0,0.0,0.0,,,14.0,42.0,37.0,42.0,6.0,1.0,-25.0,156.0,2.0,3.0,0.0,,0.0,0.0,43.0,43.0,3.0,22.0,1.0,SERIOUS,1
556004171.0,1.0,130974.0,0.0,43.0,0.0,-43.0,775.0,,51.0,14.0,212.0,1.0,62.0,1.0,1.0,1.0,4.0,37.0,7.0,2.0,1.0,1.0,2.0,89.0,,,2.0,0.0,0.0,,,14.0,42.0,37.0,42.0,6.0,1.0,-25.0,156.0,2.0,3.0,0.0,,0.0,0.0,43.0,43.0,4.0,18.0,1.0,SERIOUS,1
556004511.0,1.0,133129.0,0.0,59.0,58.0,-10.0,2032.0,,89.0,4.0,122.0,10.0,17.0,4.0,1.0,1.0,0.0,,0.0,2.0,2.0,1.0,2.0,80.0,,,2.0,2.0,0.0,,,4.0,38.0,61.0,41.0,27.0,3.0,-42.0,246.0,4.0,3.0,280.0,90.0,0.0,58.0,10.0,58.855755878248644,4.0,29.0,1.0,SERIOUS,1
556004191.0,1.0,133666.0,0.0,24.0,-23.0,8.0,497.0,,7.0,2.0,153.0,98.0,6.0,1.0,4.0,4.0,0.0,,0.0,2.0,1.0,2.0,2.0,64.0,,1.0,0.0,0.0,0.0,,,9.0,30.0,35.0,48.0,8.0,0.0,-154.0,120.0,3.0,1.0,110.0,70.0,0.0,23.0,8.0,24.351591323771842,2.0,12.0,1.0,MINOR,0
556004371.0,1.0,134788.0,3.0,,,,,,48.0,14.0,148.0,1.0,61.0,1.0,1.0,1.0,0.0,,0.0,2.0,1.0,1.0,1.0,105.0,,,0.0,0.0,1.0,,,5.0,9.0,35.0,12.0,4.0,13.0,0.0,150.0,2.0,2.0,0.0,90.0,0.0,,,,4.0,17.0,1.0,SERIOUS,1
556004252.0,1.0,135136.0,0.0,82.0,0.0,-82.0,4515.0,,14.0,4.0,134.0,4.0,14.0,1.0,4.0,1.0,0.0,,0.0,3.0,3.0,2.0,2.0,40.0,,,2.0,1.0,0.0,,,134.0,133.0,99.0,74.0,49.0,22.0,-58.0,150.0,5.0,,0.0,,0.0,0.0,82.0,82.0,3.0,17.0,1.0,SERIOUS,1
556004252.0,1.0,135229.0,0.0,82.0,0.0,-82.0,4515.0,,14.0,4.0,134.0,4.0,14.0,1.0,4.0,1.0,0.0,,0.0,3.0,3.0,2.0,2.0,40.0,,,2.0,1.0,0.0,,,134.0,133.0,99.0,74.0,49.0,22.0,-58.0,150.0,5.0,,0.0,,0.0,0.0,82.0,82.0,3.0,14.0,1.0,SERIOUS,1
556004531.0,1.0,135859.0,8.0,,,,,,20.0,20.0,195.0,1.0,11.0,1.0,2.0,1.0,0.0,,0.0,3.0,1.0,1.0,2.0,113.0,,,0.0,0.0,1.0,,,,,,,,,,,9.0,,0.0,,0.0,,,,6.0,75.0,1.0,CRITICAL,2
556004532.0,1.0,136156.0,0.0,,,,,,98.0,4.0,138.0,12.0,53.0,2.0,1.0,1.0,0.0,,0.0,2.0,1.0,1.0,2.0,113.0,,,1.0,0.0,2.0,,,101.0,103.0,85.0,62.0,40.0,21.0,-36.0,150.0,6.0,3.0,180.0,270.0,0.0,,,,3.0,14.0,1.0,SERIOUS,1
556004251.0,1.0,136158.0,5.0,,,,,,4.0,4.0,144.0,1.0,8.0,1.0,4.0,1.0,0.0,,0.0,2.0,1.0,1.0,2.0,80.0,,,0.0,0.0,0.0,,,0.0,14.0,50.0,45.0,11.0,0.0,-10.0,150.0,3.0,2.0,0.0,0.0,0.0,,,,3.0,14.0,1.0,SERIOUS,1
556004271.0,1.0,136159.0,0.0,,,,,,7.0,14.0,144.0,6.0,13.0,1.0,4.0,4.0,0.0,,0.0,2.0,2.0,1.0,2.0,89.0,,,0.0,0.0,0.0,,,22.0,79.0,112.0,93.0,79.0,58.0,55.0,150.0,5.0,,30.0,,0.0,,,,4.0,34.0,1.0,SERIOUS,1
556004551.0,1.0,136160.0,8.0,,,,,,4.0,31.0,196.0,98.0,6.0,14.0,2.0,3.0,8.0,69.0,1.0,2.0,2.0,1.0,2.0,89.0,,,0.0,0.0,0.0,,,,,,,,,,,4.0,,,,0.0,,,,5.0,38.0,1.0,CRITICAL,2
556004251.0,1.0,136213.0,5.0,,,,,,4.0,4.0,144.0,1.0,8.0,1.0,4.0,1.0,0.0,,0.0,2.0,1.0,1.0,2.0,80.0,,,0.0,0.0,0.0,,,0.0,14.0,50.0,45.0,11.0,0.0,-10.0,150.0,3.0,2.0,0.0,0.0,0.0,,,,5.0,38.0,2.0,CRITICAL,2
556004411.0,1.0,137742.0,0.0,,,,,,7.0,4.0,138.0,98.0,6.0,14.0,4.0,3.0,0.0,,0.0,5.0,3.0,2.0,1.0,113.0,,,1.0,0.0,1.0,,,10.0,8.0,25.0,20.0,6.0,5.0,-6.0,397.0,3.0,1.0,270.0,0.0,0.0,,,,5.0,50.0,1.0,CRITICAL,2
556004571.0,1.0,137748.0,0.0,,,,,,68.0,4.0,150.0,1.0,15.0,11.0,1.0,1.0,0.0,,0.0,5.0,1.0,1.0,1.0,64.0,,,2.0,1.0,0.0,,,0.0,24.0,57.0,53.0,28.0,0.0,-23.0,297.0,4.0,2.0,80.0,90.0,0.0,,,,3.0,22.0,1.0,SERIOUS,1
556004572.0,1.0,137750.0,8.0,,,,,,8.0,31.0,274.0,6.0,87.0,1.0,4.0,1.0,2.0,6.0,1.0,2.0,2.0,1.0,2.0,89.0,,,0.0,0.0,0.0,,,,,,,,,,,9.0,4.0,0.0,,0.0,,,,4.0,29.0,1.0,SERIOUS,1
556004591.0,1.0,137752.0,0.0,,,,,,2.0,30.0,152.0,7.0,9.0,1.0,4.0,7.0,2.0,10.0,6.0,2.0,1.0,1.0,2.0,113.0,,,0.0,0.0,2.0,,,20.0,22.0,24.0,30.0,33.0,31.0,0.0,156.0,2.0,3.0,0.0,,0.0,,,,2.0,9.0,1.0,MINOR,0
556004471.0,1.0,137755.0,0.0,60.0,-21.0,-56.0,2423.0,,52.0,20.0,194.0,1.0,64.0,1.0,1.0,1.0,0.0,,0.0,2.0,1.0,3.0,2.0,89.0,,,0.0,0.0,0.0,,,31.0,31.0,41.0,52.0,64.0,65.0,0.0,170.0,4.0,,20.0,,0.0,21.0,56.0,59.80802621722272,1.0,2.0,1.0,MINOR,0
556004471.0,1.0,137759.0,0.0,60.0,-21.0,-56.0,2423.0,,52.0,20.0,194.0,1.0,64.0,1.0,1.0,1.0,0.0,,0.0,2.0,1.0,3.0,2.0,89.0,,,0.0,0.0,0.0,,,31.0,31.0,41.0,52.0,64.0,65.0,0.0,170.0,4.0,,20.0,,0.0,21.0,56.0,59.80802621722272,3.0,10.0,1.0,SERIOUS,1
556004611.0,1.0,137780.0,0.0,,,,,,50.0,4.0,144.0,98.0,5.0,14.0,2.0,2.0,0.0,,0.0,2.0,1.0,3.0,2.0,72.0,,,0.0,0.0,0.0,,,12.0,38.0,44.0,49.0,47.0,25.0,0.0,150.0,3.0,,10.0,,0.0,,,,3.0,10.0,1.0,SERIOUS,1
556004631.0,1.0,138304.0,0.0,46.0,46.0,0.0,1380.0,,2.0,30.0,150.0,98.0,6.0,1.0,4.0,3.0,0.0,,0.0,2.0,2.0,4.0,2.0,72.0,,,0.0,0.0,0.0,,,7.0,41.0,69.0,28.0,9.0,0.0,35.0,230.0,4.0,,270.0,,0.0,46.0,0.0,46.0,5.0,57.0,1.0,CRITICAL,2
556004651.0,1.0,138319.0,6.0,,,,,,2.0,1.0,156.0,,6.0,15.0,4.0,3.0,4.0,21.0,1.0,3.0,4.0,4.0,2.0,113.0,,,1.0,0.0,2.0,,,,,,,,,,,2.0,,,,0.0,,,,5.0,43.0,2.0,CRITICAL,2
556004771.0,1.0,138321.0,0.0,66.0,-11.0,-65.0,3294.0,,50.0,4.0,116.0,1.0,10.0,1.0,2.0,1.0,0.0,,0.0,2.0,1.0,1.0,2.0,72.0,,,0.0,0.0,0.0,,,93.0,92.0,68.0,51.0,29.0,1.0,-40.0,150.0,5.0,,10.0,,0.0,11.0,65.0,65.92419889539804,4.0,41.0,1.0,SERIOUS,1
556004671.0,1.0,139570.0,0.0,34.0,-6.0,-33.0,1438.0,,50.0,20.0,195.0,1.0,10.0,1.0,2.0,1.0,0.0,,0.0,2.0,1.0,1.0,2.0,72.0,,,0.0,0.0,0.0,,,45.0,48.0,41.0,32.0,15.0,0.0,-53.0,160.0,3.0,,10.0,,0.0,6.0,33.0,33.54101966249684,2.0,12.0,1.0,MINOR,0
556004671.0,1.0,139573.0,0.0,34.0,-6.0,-33.0,1438.0,,50.0,20.0,195.0,1.0,10.0,1.0,2.0,1.0,0.0,,0.0,2.0,1.0,1.0,2.0,72.0,,,0.0,0.0,0.0,,,45.0,48.0,41.0,32.0,15.0,0.0,-53.0,160.0,3.0,,10.0,,0.0,6.0,33.0,33.54101966249684,3.0,14.0,1.0,SERIOUS,1
556004731.0,1.0,141135.0,0.0,,,,,,51.0,4.0,160.0,9.0,62.0,1.0,1.0,1.0,0.0,,0.0,2.0,1.0,2.0,2.0,89.0,,,2.0,0.0,0.0,,,64.0,66.0,62.0,42.0,21.0,0.0,-18.0,160.0,3.0,,340.0,,0.0,,,,4.0,29.0,1.0,SERIOUS,1
556004791.0,1.0,141150.0,0.0,46.0,0.0,-46.0,1350.0,,1.0,2.0,139.0,8.0,13.0,1.0,4.0,1.0,0.0,,0.0,2.0,1.0,2.0,2.0,72.0,,,0.0,0.0,0.0,,,0.0,11.0,26.0,41.0,58.0,75.0,54.0,150.0,4.0,,0.0,,0.0,0.0,46.0,46.0,3.0,10.0,1.0,SERIOUS,1
556004851.0,1.0,141510.0,0.0,,,,,,7.0,4.0,155.0,,9.0,14.0,4.0,4.0,0.0,,0.0,3.0,1.0,1.0,2.0,113.0,,,0.0,0.0,2.0,,,23.0,28.0,34.0,33.0,29.0,19.0,0.0,160.0,2.0,,30.0,,0.0,,,,3.0,19.0,1.0,SERIOUS,1
556004871.0,1.0,142845.0,0.0,,,,,,24.0,4.0,112.0,2.0,51.0,1.0,1.0,1.0,0.0,,0.0,3.0,1.0,1.0,1.0,113.0,,,1.0,0.0,2.0,,,14.0,24.0,46.0,53.0,47.0,33.0,0.0,150.0,3.0,,0.0,,0.0,,,,5.0,43.0,1.0,CRITICAL,2
556004811.0,1.0,143779.0,8.0,,,,,,7.0,3.0,116.0,,6.0,1.0,4.0,4.0,6.0,27.0,1.0,2.0,2.0,1.0,5.0,89.0,,,0.0,0.0,0.0,,,,,,,,,,,6.0,5.0,,,0.0,,,,5.0,33.0,1.0,CRITICAL,2
556004691.0,1.0,143781.0,0.0,29.0,5.0,-29.0,475.0,,78.0,30.0,152.0,9.0,8.0,1.0,2.0,1.0,0.0,,0.0,3.0,1.0,1.0,2.0,64.0,,,3.0,2.0,0.0,,,27.0,17.0,28.0,23.0,10.0,0.0,0.0,150.0,2.0,1.0,350.0,0.0,0.0,5.0,29.0,29.427877939124322,3.0,10.0,1.0,SERIOUS,1
556004891.0,1.0,143783.0,7.0,,,,,,7.0,22.0,252.0,,12.0,16.0,4.0,4.0,4.0,,1.0,1.0,1.0,2.0,2.0,113.0,,,1.0,0.0,3.0,,,,,,,,,,,3.0,3.0,0.0,,0.0,,,,2.0,9.0,1.0,MINOR,0
556004892.0,1.0,144411.0,8.0,,,,,,1.0,14.0,217.0,6.0,13.0,1.0,4.0,2.0,0.0,,0.0,2.0,1.0,1.0,2.0,72.0,,,0.0,0.0,0.0,,,8.0,13.0,17.0,23.0,13.0,9.0,73.0,222.0,4.0,,,,0.0,,,,4.0,34.0,1.0,SERIOUS,1
556004711.0,1.0,144414.0,0.0,,,,,,50.0,30.0,139.0,1.0,8.0,1.0,2.0,1.0,0.0,,0.0,5.0,1.0,1.0,1.0,64.0,,,0.0,0.0,0.0,,,7.0,11.0,21.0,18.0,8.0,5.0,0.0,144.0,1.0,,0.0,,0.0,,,,5.0,30.0,1.0,CRITICAL,2
556004893.0,1.0,144416.0,0.0,14.0,14.0,-2.0,296.0,,89.0,4.0,165.0,1.0,17.0,1.0,1.0,1.0,0.0,,0.0,3.0,4.0,1.0,2.0,64.0,,,2.0,2.0,0.0,,,0.0,5.0,16.0,25.0,33.0,27.0,196.0,105.0,3.0,1.0,280.0,270.0,0.0,14.0,2.0,14.142135623730951,3.0,11.0,1.0,SERIOUS,1
556004894.0,1.0,146627.0,7.0,,,,,,2.0,2.0,152.0,98.0,13.0,1.0,4.0,3.0,3.0,29.0,1.0,2.0,2.0,1.0,2.0,89.0,,,0.0,0.0,0.0,,,,,,,,,,,3.0,3.0,,,0.0,,,,4.0,24.0,1.0,SERIOUS,1
556004831.0,1.0,146671.0,0.0,63.0,-22.0,-59.0,1924.0,,83.0,4.0,151.0,9.0,67.0,1.0,1.0,1.0,0.0,,0.0,2.0,1.0,2.0,2.0,89.0,,,2.0,0.0,0.0,,,46.0,55.0,56.0,43.0,27.0,7.0,0.0,160.0,3.0,,20.0,,0.0,22.0,59.0,62.96824596572466,3.0,10.0,1.0,SERIOUS,1
556004751.0,1.0,148147.0,0.0,95.0,0.0,-95.0,4490.0,,1.0,4.0,99.0,1.0,13.0,1.0,4.0,1.0,0.0,,0.0,2.0,2.0,2.0,2.0,89.0,,,0.0,0.0,0.0,,,15.0,39.0,94.0,126.0,125.0,121.0,22.0,140.0,7.0,,0.0,,0.0,0.0,95.0,95.0,5.0,43.0,1.0,CRITICAL,2
556004895.0,1.0,148150.0,0.0,44.0,44.0,0.0,1380.0,,82.0,6.0,144.0,1.0,15.0,3.0,1.0,1.0,5.0,21.0,7.0,2.0,1.0,1.0,5.0,89.0,,,2.0,2.0,0.0,,,0.0,12.0,50.0,44.0,30.0,2.0,-4.0,238.0,4.0,3.0,270.0,,0.0,44.0,0.0,44.0,4.0,26.0,1.0,SERIOUS,1
556004896.0,1.0,148154.0,0.0,67.0,0.0,-67.0,6106.0,,50.0,14.0,197.0,1.0,10.0,1.0,2.0,1.0,0.0,,0.0,2.0,2.0,2.0,2.0,89.0,,,0.0,0.0,0.0,,,102.0,76.0,70.0,55.0,24.0,0.0,-50.0,160.0,5.0,,0.0,,0.0,0.0,67.0,67.0,3.0,19.0,1.0,SERIOUS,1
556004896.0,2.0,148171.0,0.0,66.0,0.0,-66.0,1397.0,,51.0,30.0,196.0,,62.0,1.0,1.0,1.0,0.0,,0.0,2.0,2.0,2.0,2.0,89.0,,,0.0,0.0,0.0,,,87.0,44.0,56.0,22.0,0.0,0.0,-38.0,150.0,4.0,,0.0,,0.0,0.0,66.0,66.0,5.0,66.0,1.0,CRITICAL,2
556004897.0,1.0,148173.0,0.0,35.0,0.0,-35.0,846.0,,69.0,4.0,153.0,1.0,17.0,1.0,1.0,1.0,0.0,,0.0,6.0,1.0,1.0,2.0,89.0,,,2.0,1.0,0.0,,,5.0,27.0,41.0,32.0,16.0,0.0,0.0,150.0,2.0,,0.0,,0.0,0.0,35.0,35.0,3.0,17.0,1.0,SERIOUS,1
556004897.0,1.0,148175.0,0.0,35.0,0.0,-35.0,846.0,,69.0,4.0,153.0,1.0,17.0,1.0,1.0,1.0,0.0,,0.0,6.0,1.0,1.0,2.0,89.0,,,2.0,1.0,0.0,,,5.0,27.0,41.0,32.0,16.0,0.0,0.0,150.0,2.0,,0.0,,0.0,0.0,35.0,35.0,3.0,11.0,1.0,SERIOUS,1
556004898.0,1.0,148177.0,0.0,40.0,-40.0,0.0,736.0,,25.0,5.0,118.0,1.0,53.0,1.0,1.0,1.0,0.0,,0.0,2.0,1.0,1.0,2.0,72.0,,,0.0,0.0,0.0,,,16.0,23.0,23.0,30.0,29.0,22.0,143.0,170.0,3.0,2.0,90.0,180.0,0.0,40.0,0.0,40.0,4.0,17.0,1.0,SERIOUS,1
556004899.0,1.0,149074.0,7.0,,,,,,45.0,14.0,208.0,1.0,61.0,1.0,1.0,1.0,8.0,,1.0,4.0,1.0,1.0,1.0,113.0,,,1.0,0.0,2.0,,,,,,,,,,,3.0,1.0,,170.0,0.0,,,,3.0,17.0,1.0,SERIOUS,1
556004900.0,1.0,149077.0,8.0,,,,,,7.0,15.0,190.0,6.0,13.0,1.0,4.0,4.0,1.0,5.0,1.0,2.0,1.0,1.0,2.0,89.0,,,0.0,0.0,0.0,,,,,,,,,,,5.0,3.0,,,0.0,,,,4.0,17.0,1.0,SERIOUS,1
556004901.0,1.0,149080.0,6.0,,,,,,3.0,4.0,126.0,6.0,87.0,1.0,4.0,2.0,4.0,18.0,1.0,2.0,2.0,1.0,2.0,89.0,,,0.0,0.0,0.0,,,,,,,,,,,2.0,,,0.0,0.0,,,,4.0,24.0,1.0,SERIOUS,1
556004902.0,1.0,149082.0,8.0,,,,,,1.0,5.0,130.0,1.0,13.0,1.0,4.0,1.0,,,,2.0,5.0,1.0,2.0,89.0,,,0.0,0.0,0.0,,,0.0,0.0,13.0,25.0,33.0,43.0,0.0,150.0,3.0,3.0,,,0.0,,,,3.0,17.0,1.0,SERIOUS,1
556004903.0,1.0,150984.0,8.0,,,,,,2.0,4.0,155.0,4.0,6.0,1.0,4.0,3.0,2.0,20.0,1.0,2.0,2.0,1.0,5.0,89.0,,,0.0,0.0,0.0,,,,,,,,,,,6.0,3.0,,340.0,0.0,,,,5.0,33.0,1.0,CRITICAL,2
556004911.0,1.0,150986.0,0.0,28.0,28.0,-5.0,897.0,,2.0,15.0,252.0,,5.0,1.0,4.0,3.0,0.0,,0.0,2.0,1.0,4.0,2.0,89.0,,,0.0,0.0,0.0,,,3.0,25.0,38.0,37.0,26.0,8.0,79.0,124.0,3.0,1.0,280.0,280.0,0.0,28.0,5.0,28.442925306655784,5.0,35.0,1.0,CRITICAL,2
556004931.0,1.0,150988.0,0.0,49.0,0.0,-49.0,2433.0,,51.0,31.0,257.0,1.0,62.0,1.0,1.0,1.0,1.0,4.0,7.0,2.0,1.0,1.0,2.0,89.0,,,0.0,0.0,0.0,,,52.0,42.0,39.0,37.0,37.0,39.0,0.0,174.0,2.0,2.0,0.0,,0.0,0.0,49.0,49.0,2.0,9.0,1.0,MINOR,0
556004932.0,1.0,153427.0,0.0,65.0,0.0,-65.0,5324.0,,65.0,31.0,222.0,1.0,62.0,1.0,1.0,1.0,0.0,,0.0,3.0,1.0,1.0,2.0,113.0,,,1.0,0.0,1.0,,,135.0,89.0,76.0,62.0,0.0,0.0,-30.0,174.0,6.0,3.0,0.0,180.0,0.0,0.0,65.0,65.0,2.0,5.0,1.0,MINOR,0
556004932.0,1.0,153654.0,0.0,65.0,0.0,-65.0,5324.0,,65.0,31.0,222.0,1.0,62.0,1.0,1.0,1.0,0.0,,0.0,3.0,1.0,1.0,2.0,113.0,,,1.0,0.0,1.0,,,135.0,89.0,76.0,62.0,0.0,0.0,-30.0,174.0,6.0,3.0,0.0,180.0,0.0,0.0,65.0,65.0,3.0,10.0,1.0,SERIOUS,1
556004932.0,1.0,153691.0,0.0,65.0,0.0,-65.0,5324.0,,65.0,31.0,222.0,1.0,62.0,1.0,1.0,1.0,0.0,,0.0,3.0,1.0,1.0,2.0,113.0,,,1.0,0.0,1.0,,,135.0,89.0,76.0,62.0,0.0,0.0,-30.0,174.0,6.0,3.0,0.0,180.0,0.0,0.0,65.0,65.0,2.0,5.0,1.0,MINOR,0
556004951.0,1.0,153720.0,0.0,,,,,,51.0,4.0,121.0,4.0,62.0,14.0,1.0,1.0,0.0,,0.0,3.0,2.0,2.0,2.0,89.0,,,0.0,0.0,0.0,,,49.0,75.0,73.0,62.0,54.0,20.0,-5.0,150.0,4.0,3.0,0.0,270.0,0.0,,,,3.0,27.0,1.0,SERIOUS,1
556004951.0,1.0,153734.0,0.0,,,,,,51.0,4.0,121.0,4.0,62.0,14.0,1.0,1.0,0.0,,0.0,3.0,2.0,2.0,2.0,89.0,,,0.0,0.0,0.0,,,49.0,75.0,73.0,62.0,54.0,20.0,-5.0,150.0,4.0,3.0,0.0,270.0,0.0,,,,2.0,5.0,1.0,MINOR,0
556004971.0,1.0,153748.0,0.0,31.0,0.0,-31.0,895.0,,6.0,31.0,184.0,9.0,12.0,1.0,4.0,1.0,0.0,,0.0,2.0,2.0,1.0,2.0,89.0,,,0.0,0.0,0.0,,,80.0,21.0,16.0,9.0,0.0,0.0,-65.0,180.0,4.0,,0.0,,0.0,0.0,31.0,31.0,3.0,10.0,1.0,SERIOUS,1
556004991.0,1.0,153762.0,8.0,,,,,,51.0,14.0,188.0,6.0,62.0,1.0,1.0,1.0,0.0,,0.0,2.0,1.0,5.0,2.0,113.0,,,0.0,0.0,1.0,,,,,,,,,,,9.0,,0.0,,0.0,,,,2.0,9.0,1.0,MINOR,0
556005011.0,1.0,153776.0,0.0,,,,,,98.0,14.0,154.0,,5.0,1.0,4.0,3.0,0.0,,0.0,2.0,2.0,5.0,2.0,113.0,,,1.0,0.0,1.0,,,0.0,17.0,18.0,40.0,26.0,0.0,-67.0,322.0,3.0,,280.0,,0.0,,,,4.0,21.0,1.0,SERIOUS,1
556005011.0,1.0,153790.0,0.0,,,,,,98.0,14.0,154.0,,5.0,1.0,4.0,3.0,0.0,,0.0,2.0,2.0,5.0,2.0,113.0,,,1.0,0.0,1.0,,,0.0,17.0,18.0,40.0,26.0,0.0,-67.0,322.0,3.0,,280.0,,0.0,,,,2.0,12.0,1.0,MINOR,0
556005031.0,1.0,153804.0,0.0,79.0,-27.0,-74.0,2427.0,,50.0,2.0,110.0,6.0,50.0,14.0,2.0,1.0,0.0,,0.0,2.0,1.0,1.0,2.0,89.0,,,2.0,0.0,0.0,,,0.0,17.0,41.0,60.0,61.0,64.0,37.0,150.0,4.0,,20.0,,0.0,27.0,74.0,78.77182237323191,3.0,10.0,1.0,SERIOUS,1
556005051.0,1.0,155533.0,0.0,24.0,4.0,-24.0,898.0,,51.0,31.0,253.0,7.0,62.0,1.0,1.0,1.0,0.0,,0.0,2.0,2.0,3.0,2.0,89.0,,,0.0,0.0,0.0,,,65.0,42.0,35.0,16.0,0.0,0.0,-29.0,174.0,3.0,,350.0,,0.0,4.0,24.0,24.331050121192877,5.0,25.0,1.0,CRITICAL,2
556005051.0,1.0,155535.0,0.0,24.0,4.0,-24.0,898.0,,51.0,31.0,253.0,7.0,62.0,1.0,1.0,1.0,0.0,,0.0,2.0,2.0,3.0,2.0,89.0,,,0.0,0.0,0.0,,,65.0,42.0,35.0,16.0,0.0,0.0,-29.0,174.0,3.0,,350.0,,0.0,4.0,24.0,24.331050121192877,3.0,14.0,1.0,SERIOUS,1
556005091.0,1.0,155539.0,7.0,,,,,,20.0,14.0,174.0,1.0,98.0,1.0,1.0,1.0,0.0,,0.0,5.0,1.0,1.0,1.0,80.0,,,2.0,1.0,0.0,,,10.0,20.0,43.0,35.0,30.0,20.0,0.0,160.0,2.0,,0.0,,0.0,,,,2.0,5.0,1.0,MINOR,0
556005111.0,1.0,155541.0,0.0,23.0,-18.0,-15.0,524.0,,87.0,4.0,116.0,1.0,17.0,3.0,1.0,1.0,0.0,,0.0,2.0,2.0,1.0,2.0,89.0,,,2.0,2.0,0.0,,,0.0,7.0,23.0,34.0,8.0,0.0,53.0,260.0,3.0,1.0,50.0,,0.0,18.0,15.0,23.430749027719962,3.0,14.0,1.0,SERIOUS,1
556005131.0,1.0,155972.0,0.0,25.0,-16.0,-19.0,345.0,,68.0,14.0,136.0,1.0,15.0,11.0,1.0,1.0,2.0,8.0,7.0,5.0,1.0,1.0,2.0,72.0,,,2.0,1.0,0.0,,,3.0,1.0,4.0,9.0,15.0,27.0,35.0,150.0,2.0,3.0,40.0,,0.0,16.0,19.0,24.839484696748443,3.0,19.0,1.0,SERIOUS,1
556005151.0,1.0,156010.0,0.0,26.0,-17.0,-20.0,512.0,,87.0,4.0,123.0,1.0,66.0,1.0,1.0,1.0,0.0,,0.0,4.0,1.0,1.0,2.0,89.0,,,2.0,1.0,0.0,,,2.0,1.0,9.0,32.0,37.0,44.0,164.0,94.0,3.0,,40.0,,0.0,17.0,20.0,26.248809496813376,4.0,24.0,1.0,SERIOUS,1
556005151.0,1.0,156153.0,0.0,26.0,-17.0,-20.0,512.0,,87.0,4.0,123.0,1.0,66.0,1.0,1.0,1.0,0.0,,0.0,4.0,1.0,1.0,2.0,89.0,,,2.0,1.0,0.0,,,2.0,1.0,9.0,32.0,37.0,44.0,164.0,94.0,3.0,,40.0,,0.0,17.0,20.0,26.248809496813376,5.0,35.0,1.0,CRITICAL,2
556005171.0,1.0,156346.0,8.0,,,,,,6.0,2.0,117.0,9.0,12.0,1.0,4.0,3.0,1.0,14.0,1.0,2.0,2.0,1.0,2.0,40.0,,,0.0,0.0,0.0,,,,,,,,,,,6.0,3.0,,,0.0,,,,3.0,19.0,1.0,SERIOUS,1
556005191.0,1.0,156676.0,0.0,33.0,11.0,-31.0,2458.0,,65.0,15.0,258.0,9.0,62.0,1.0,1.0,1.0,0.0,,0.0,2.0,1.0,3.0,2.0,72.0,,,0.0,0.0,0.0,,,53.0,58.0,70.0,75.0,37.0,15.0,-20.0,170.0,3.0,2.0,340.0,270.0,0.0,11.0,31.0,32.89376840679705,3.0,22.0,1.0,SERIOUS,1
556005211.0,1.0,156714.0,0.0,,,,,,2.0,4.0,116.0,98.0,6.0,1.0,4.0,4.0,0.0,,0.0,3.0,1.0,2.0,2.0,113.0,,,1.0,0.0,1.0,,,10.0,23.0,21.0,23.0,8.0,0.0,-75.0,281.0,3.0,3.0,270.0,90.0,0.0,,,,4.0,29.0,1.0,SERIOUS,1
556005271.0,1.0,156720.0,0.0,36.0,-6.0,-35.0,694.0,,83.0,4.0,122.0,8.0,67.0,1.0,1.0,1.0,0.0,,0.0,3.0,1.0,1.0,2.0,89.0,,,2.0,0.0,0.0,,,6.0,12.0,43.0,33.0,24.0,26.0,31.0,150.0,2.0,,10.0,,0.0,6.0,35.0,35.510561809129406,4.0,17.0,1.0,SERIOUS,1
556005291.0,1.0,156722.0,0.0,27.0,5.0,-27.0,632.0,,48.0,31.0,211.0,1.0,60.0,14.0,1.0,1.0,0.0,,0.0,2.0,1.0,1.0,2.0,113.0,,,0.0,0.0,2.0,,,70.0,14.0,6.0,3.0,0.0,0.0,-72.0,180.0,3.0,3.0,350.0,300.0,0.0,5.0,27.0,27.459060435491963,3.0,10.0,1.0,SERIOUS,1
556005231.0,1.0,156876.0,7.0,,,,,,88.0,5.0,127.0,2.0,66.0,1.0,1.0,1.0,0.0,,0.0,2.0,1.0,2.0,2.0,89.0,,,2.0,1.0,0.0,,,0.0,0.0,6.0,16.0,23.0,37.0,38.0,150.0,2.0,3.0,50.0,90.0,0.0,,,,4.0,29.0,1.0,SERIOUS,1
556005311.0,1.0,159342.0,0.0,,,,,,6.0,21.0,232.0,1.0,8.0,1.0,4.0,1.0,0.0,,0.0,2.0,1.0,1.0,2.0,80.0,,,0.0,0.0,0.0,,,,,,,,,,,5.0,,0.0,0.0,0.0,,,,4.0,26.0,2.0,SERIOUS,1
556005331.0,1.0,159344.0,7.0,,,,,,6.0,30.0,163.0,1.0,12.0,1.0,4.0,1.0,2.0,10.0,1.0,2.0,1.0,1.0,2.0,89.0,,,0.0,0.0,0.0,,,,,,,,,,,3.0,3.0,,,0.0,,,,2.0,9.0,1.0,MINOR,0
556005331.0,1.0,159346.0,7.0,,,,,,6.0,30.0,163.0,1.0,12.0,1.0,4.0,1.0,2.0,10.0,1.0,2.0,1.0,1.0,2.0,89.0,,,0.0,0.0,0.0,,,,,,,,,,,3.0,3.0,,,0.0,,,,4.0,26.0,1.0,SERIOUS,1
556005371.0,1.0,159348.0,0.0,81.0,0.0,-81.0,4056.0,,50.0,6.0,140.0,1.0,10.0,14.0,2.0,1.0,0.0,,0.0,2.0,1.0,1.0,2.0,89.0,,,0.0,0.0,0.0,,,118.0,101.0,91.0,60.0,43.0,24.0,-23.0,150.0,5.0,,0.0,,0.0,0.0,81.0,81.0,4.0,41.0,1.0,SERIOUS,1
556005391.0,1.0,159350.0,0.0,46.0,-46.0,0.0,2564.0,,98.0,4.0,158.0,2.0,62.0,1.0,1.0,1.0,0.0,,0.0,2.0,1.0,1.0,2.0,89.0,,,0.0,0.0,0.0,,,,,,,,,,,4.0,3.0,90.0,350.0,0.0,46.0,0.0,46.0,3.0,22.0,1.0,SERIOUS,1
556005411.0,1.0,159352.0,7.0,,,,,,2.0,4.0,123.0,98.0,88.0,1.0,4.0,3.0,0.0,,0.0,2.0,1.0,1.0,2.0,89.0,,,0.0,0.0,0.0,,,0.0,7.0,35.0,36.0,7.0,0.0,152.0,60.0,3.0,,330.0,,0.0,,,,3.0,22.0,1.0,SERIOUS,1
556005431.0,1.0,159354.0,0.0,38.0,37.0,-7.0,1362.0,,82.0,5.0,158.0,1.0,15.0,11.0,1.0,1.0,0.0,,0.0,2.0,1.0,1.0,2.0,80.0,,,2.0,2.0,1.0,,,0.0,29.0,38.0,50.0,38.0,2.0,-16.0,230.0,5.0,1.0,280.0,180.0,0.0,37.0,7.0,37.656340767525464,5.0,59.0,2.0,CRITICAL,2
556005451.0,1.0,159356.0,8.0,,,,,,24.0,20.0,177.0,1.0,51.0,1.0,1.0,1.0,0.0,,0.0,3.0,2.0,1.0,1.0,113.0,,,0.0,0.0,2.0,,,,,,,,,,,7.0,,0.0,,0.0,,,,5.0,38.0,1.0,CRITICAL,2
556005452.0,1.0,159359.0,0.0,,,,,,68.0,5.0,118.0,1.0,15.0,11.0,1.0,1.0,0.0,,0.0,4.0,1.0,1.0,2.0,72.0,,,2.0,1.0,0.0,,,0.0,19.0,37.0,35.0,35.0,3.0,15.0,220.0,3.0,1.0,80.0,270.0,0.0,,,,4.0,41.0,1.0,SERIOUS,1
556005471.0,1.0,159361.0,8.0,,,,,,7.0,4.0,157.0,98.0,12.0,1.0,4.0,4.0,6.0,30.0,1.0,2.0,2.0,1.0,2.0,113.0,,,0.0,0.0,1.0,,,,,,,,,,,4.0,,,,0.0,,,,5.0,42.0,2.0,CRITICAL,2
556005491.0,1.0,160746.0,0.0,76.0,-76.0,0.0,3957.0,,7.0,4.0,167.0,6.0,13.0,14.0,4.0,4.0,0.0,,0.0,2.0,2.0,1.0,2.0,72.0,,,0.0,0.0,0.0,,,0.0,18.0,73.0,90.0,34.0,0.0,-1.0,330.0,5.0,,90.0,,0.0,76.0,0.0,76.0,4.0,34.0,1.0,SERIOUS,1
556005351.0,1.0,163674.0,4.0,,,,,,6.0,4.0,122.0,7.0,12.0,1.0,4.0,1.0,0.0,,0.0,2.0,1.0,1.0,2.0,80.0,,,0.0,0.0,0.0,,,108.0,117.0,118.0,98.0,49.0,18.0,-40.0,150.0,6.0,,10.0,,0.0,,,,4.0,29.0,1.0,SERIOUS,1
556005511.0,1.0,163678.0,8.0,,,,,,7.0,31.0,258.0,6.0,11.0,1.0,4.0,2.0,0.0,,0.0,2.0,2.0,1.0,2.0,89.0,,,0.0,0.0,0.0,,,34.0,2.0,2.0,0.0,0.0,0.0,-65.0,170.0,9.0,,0.0,,0.0,,,,3.0,10.0,1.0,SERIOUS,1
556005512.0,1.0,163680.0,0.0,29.0,0.0,-29.0,559.0,,1.0,3.0,141.0,4.0,13.0,1.0,4.0,1.0,0.0,,0.0,2.0,3.0,1.0,2.0,40.0,,,0.0,0.0,0.0,,,0.0,9.0,21.0,31.0,40.0,24.0,45.0,150.0,3.0,,0.0,,0.0,0.0,29.0,29.0,3.0,10.0,1.0,SERIOUS,1
556005531.0,1.0,163683.0,7.0,,,,,,90.0,4.0,155.0,,17.0,1.0,1.0,1.0,0.0,,0.0,3.0,1.0,1.0,2.0,72.0,,,2.0,1.0,1.0,,,22.0,30.0,36.0,23.0,10.0,0.0,-38.0,150.0,2.0,3.0,300.0,270.0,0.0,,,,3.0,19.0,1.0,SERIOUS,1
556005531.0,1.0,163685.0,7.0,,,,,,90.0,4.0,155.0,,17.0,1.0,1.0,1.0,0.0,,0.0,3.0,1.0,1.0,2.0,72.0,,,2.0,1.0,1.0,,,22.0,30.0,36.0,23.0,10.0,0.0,-38.0,150.0,2.0,3.0,300.0,270.0,0.0,,,,6.0,75.0,2.0,CRITICAL,2
556005551.0,1.0,163687.0,0.0,,,,,,7.0,4.0,144.0,6.0,60.0,1.0,4.0,2.0,0.0,,0.0,3.0,2.0,1.0,2.0,113.0,,,1.0,0.0,2.0,,,,,,,,,,,3.0,2.0,90.0,0.0,0.0,,,,3.0,14.0,1.0,SERIOUS,1
556005571.0,1.0,163690.0,8.0,,,,,,7.0,2.0,119.0,7.0,6.0,14.0,4.0,3.0,4.0,52.0,1.0,1.0,1.0,1.0,2.0,113.0,,,1.0,0.0,3.0,,,,,,,,,,,4.0,,,,0.0,,,,4.0,17.0,1.0,SERIOUS,1
556005572.0,1.0,163692.0,0.0,68.0,-64.0,23.0,2395.0,,48.0,4.0,122.0,,5.0,14.0,1.0,4.0,0.0,,0.0,2.0,2.0,5.0,2.0,113.0,,,0.0,0.0,2.0,,,0.0,25.0,56.0,44.0,26.0,0.0,-38.0,263.0,5.0,,110.0,,0.0,64.0,23.0,68.00735254367721,6.0,75.0,2.0,CRITICAL,2
556005591.0,1.0,163694.0,8.0,,,,,,6.0,1.0,180.0,7.0,12.0,1.0,4.0,1.0,6.0,67.0,1.0,2.0,2.0,1.0,2.0,113.0,,,0.0,0.0,1.0,,,,,,,,,,,5.0,,,,0.0,,,,6.0,75.0,2.0,CRITICAL,2
556005611.0,1.0,163696.0,8.0,,,,,,,4.0,157.0,1.0,12.0,1.0,4.0,1.0,0.0,,0.0,2.0,1.0,1.0,2.0,89.0,,,0.0,0.0,0.0,,,0.0,12.0,18.0,21.0,23.0,19.0,63.0,150.0,5.0,2.0,0.0,0.0,0.0,,,,3.0,11.0,1.0,SERIOUS,1
556005631.0,1.0,163698.0,0.0,37.0,0.0,-37.0,677.0,,51.0,30.0,196.0,1.0,62.0,14.0,1.0,1.0,4.0,15.0,1.0,2.0,1.0,1.0,2.0,89.0,,,0.0,0.0,0.0,,,65.0,28.0,23.0,12.0,0.0,0.0,-48.0,150.0,3.0,2.0,0.0,,0.0,0.0,37.0,37.0,4.0,34.0,1.0,SERIOUS,1
556005631.0,1.0,163700.0,0.0,37.0,0.0,-37.0,677.0,,51.0,30.0,196.0,1.0,62.0,14.0,1.0,1.0,4.0,15.0,1.0,2.0,1.0,1.0,2.0,89.0,,,0.0,0.0,0.0,,,65.0,28.0,23.0,12.0,0.0,0.0,-48.0,150.0,3.0,2.0,0.0,,0.0,0.0,37.0,37.0,3.0,10.0,1.0,SERIOUS,1
556005651.0,1.0,163702.0,0.0,46.0,-46.0,0.0,1382.0,,7.0,2.0,153.0,,6.0,1.0,4.0,4.0,0.0,,0.0,2.0,1.0,5.0,2.0,80.0,,,0.0,0.0,0.0,,,0.0,11.0,25.0,45.0,15.0,0.0,18.0,217.0,6.0,,90.0,,0.0,46.0,0.0,46.0,5.0,35.0,2.0,CRITICAL,2
556005571.0,1.0,164686.0,8.0,,,,,,7.0,2.0,119.0,7.0,6.0,14.0,4.0,3.0,4.0,52.0,1.0,1.0,1.0,1.0,2.0,113.0,,,1.0,0.0,3.0,,,,,,,,,,,4.0,,,,0.0,,,,1.0,1.0,1.0,MINOR,0
556005671.0,1.0,164689.0,0.0,54.0,9.0,-53.0,1026.0,,66.0,4.0,123.0,,62.0,1.0,1.0,1.0,0.0,,0.0,2.0,1.0,5.0,2.0,89.0,,,2.0,0.0,0.0,,,28.0,27.0,48.0,28.0,8.0,0.0,-43.0,150.0,3.0,,350.0,,0.0,9.0,53.0,53.75872022286245,3.0,22.0,1.0,SERIOUS,1
556005691.0,1.0,164692.0,0.0,,,,,,2.0,30.0,139.0,1.0,6.0,14.0,4.0,2.0,0.0,,0.0,2.0,2.0,5.0,2.0,80.0,,,0.0,6.0,0.0,,,60.0,55.0,42.0,22.0,4.0,0.0,-15.0,150.0,3.0,2.0,0.0,0.0,0.0,,,,3.0,19.0,1.0,SERIOUS,1
556005711.0,1.0,165417.0,7.0,,,,,,6.0,31.0,253.0,1.0,12.0,1.0,4.0,1.0,0.0,,0.0,2.0,1.0,3.0,5.0,89.0,,,0.0,0.0,0.0,,,,,,,,,,,3.0,1.0,,0.0,0.0,,,,3.0,17.0,1.0,SERIOUS,1
556005731.0,1.0,165419.0,0.0,22.0,-17.0,-14.0,529.0,,68.0,14.0,219.0,1.0,15.0,11.0,1.0,1.0,0.0,,0.0,2.0,2.0,1.0,2.0,64.0,,,2.0,0.0,0.0,,,0.0,0.0,9.0,13.0,12.0,29.0,50.0,160.0,2.0,,50.0,,0.0,17.0,14.0,22.02271554554524,3.0,14.0,1.0,SERIOUS,1
556005731.0,1.0,165422.0,0.0,22.0,-17.0,-14.0,529.0,,68.0,14.0,219.0,1.0,15.0,11.0,1.0,1.0,0.0,,0.0,2.0,2.0,1.0,2.0,64.0,,,2.0,0.0,0.0,,,0.0,0.0,9.0,13.0,12.0,29.0,50.0,160.0,2.0,,50.0,,0.0,17.0,14.0,22.02271554554524,3.0,10.0,1.0,SERIOUS,1
556005751.0,1.0,165424.0,0.0,71.0,12.0,-70.0,3624.0,,98.0,20.0,194.0,4.0,62.0,1.0,1.0,1.0,0.0,,0.0,5.0,3.0,2.0,2.0,72.0,,,0.0,0.0,0.0,,,0.0,42.0,54.0,67.0,54.0,42.0,0.0,160.0,4.0,,350.0,,0.0,12.0,70.0,71.02112361825881,3.0,19.0,1.0,SERIOUS,1
556005771.0,1.0,165426.0,7.0,,,,,,2.0,30.0,182.0,4.0,13.0,3.0,4.0,4.0,4.0,21.0,1.0,2.0,1.0,3.0,5.0,89.0,,,0.0,0.0,0.0,,,,,,,,,,,3.0,,,,0.0,,,,3.0,10.0,1.0,SERIOUS,1
556005791.0,1.0,165428.0,7.0,,,,,,51.0,4.0,163.0,2.0,62.0,14.0,1.0,1.0,0.0,,0.0,2.0,1.0,3.0,2.0,72.0,,,0.0,0.0,0.0,,,29.0,63.0,67.0,63.0,49.0,39.0,0.0,160.0,3.0,,350.0,,0.0,,,,3.0,19.0,1.0,SERIOUS,1
556005811.0,1.0,165430.0,0.0,46.0,-16.0,-43.0,1098.0,,50.0,4.0,121.0,98.0,6.0,1.0,2.0,2.0,0.0,,0.0,2.0,2.0,3.0,2.0,80.0,,,0.0,0.0,0.0,,,9.0,17.0,31.0,46.0,43.0,57.0,25.0,150.0,3.0,,20.0,,0.0,16.0,43.0,45.880278987817846,3.0,19.0,1.0,SERIOUS,1
556005891.0,1.0,171067.0,0.0,,,,,,48.0,4.0,163.0,98.0,12.0,1.0,6.0,4.0,0.0,,0.0,2.0,1.0,1.0,2.0,113.0,,,0.0,0.0,1.0,,,0.0,14.0,30.0,42.0,49.0,14.0,-117.0,212.0,3.0,1.0,260.0,0.0,0.0,,,,4.0,26.0,1.0,SERIOUS,1
556005812.0,1.0,171214.0,0.0,39.0,0.0,-39.0,1285.0,,1.0,20.0,198.0,1.0,8.0,1.0,4.0,1.0,0.0,,0.0,4.0,2.0,1.0,2.0,64.0,64.0,,1.0,0.0,0.0,,,13.0,30.0,63.0,26.0,9.0,0.0,-15.0,160.0,4.0,1.0,0.0,0.0,0.0,0.0,39.0,39.0,2.0,5.0,1.0,MINOR,0
556005812.0,1.0,171216.0,0.0,39.0,0.0,-39.0,1285.0,,1.0,20.0,198.0,1.0,8.0,1.0,4.0,1.0,0.0,,0.0,4.0,2.0,1.0,2.0,64.0,64.0,,1.0,0.0,0.0,,,13.0,30.0,63.0,26.0,9.0,0.0,-15.0,160.0,4.0,1.0,0.0,0.0,0.0,0.0,39.0,39.0,2.0,4.0,1.0,MINOR,0
556005812.0,1.0,171218.0,0.0,39.0,0.0,-39.0,1285.0,,1.0,20.0,198.0,1.0,8.0,1.0,4.0,1.0,0.0,,0.0,4.0,2.0,1.0,2.0,64.0,64.0,,1.0,0.0,0.0,,,13.0,30.0,63.0,26.0,9.0,0.0,-15.0,160.0,4.0,1.0,0.0,0.0,0.0,0.0,39.0,39.0,1.0,1.0,1.0,MINOR,0
556005891.0,1.0,171488.0,0.0,,,,,,48.0,4.0,163.0,98.0,12.0,1.0,6.0,4.0,0.0,,0.0,2.0,1.0,1.0,2.0,113.0,,,0.0,0.0,1.0,,,0.0,14.0,30.0,42.0,49.0,14.0,-117.0,212.0,3.0,1.0,260.0,0.0,0.0,,,,4.0,36.0,1.0,SERIOUS,1
556005871.0,1.0,171588.0,8.0,,,,,,51.0,14.0,169.0,1.0,62.0,1.0,1.0,1.0,4.0,9.0,1.0,2.0,2.0,1.0,2.0,89.0,,,0.0,0.0,0.0,,,,,,,,,,,9.0,2.0,0.0,,0.0,,,,3.0,10.0,1.0,SERIOUS,1
556005851.0,1.0,171685.0,8.0,,,,,,2.0,31.0,191.0,7.0,12.0,1.0,4.0,3.0,6.0,30.0,1.0,2.0,2.0,1.0,2.0,113.0,,,1.0,0.0,1.0,,,,,,,,,,,3.0,3.0,,,0.0,,,,5.0,30.0,1.0,CRITICAL,2
556005831.0,1.0,171831.0,8.0,,,,,,64.0,6.0,159.0,1.0,8.0,1.0,2.0,1.0,0.0,,0.0,5.0,1.0,1.0,2.0,72.0,,,0.0,0.0,0.0,,,21.0,1.0,2.0,0.0,0.0,0.0,-64.0,152.0,9.0,,0.0,,0.0,,,,3.0,11.0,1.0,SERIOUS,1
556005832.0,1.0,171882.0,0.0,63.0,0.0,-63.0,2540.0,,45.0,4.0,152.0,1.0,60.0,1.0,1.0,1.0,0.0,,0.0,5.0,1.0,1.0,2.0,56.0,,,0.0,0.0,0.0,,,66.0,58.0,76.0,50.0,20.0,0.0,-40.0,160.0,4.0,1.0,0.0,160.0,0.0,0.0,63.0,63.0,4.0,29.0,1.0,SERIOUS,1
650002561.0,1.0,100101231.0,0.0,,,,,,24.0,3.0,146.0,2.0,51.0,1.0,1.0,1.0,0.0,,0.0,6.0,2.0,1.0,1.0,105.0,,0.0,1.0,0.0,2.0,6.0,0.0,53.0,58.0,58.0,51.0,36.0,9.0,0.0,145.0,4.0,,0.0,,0.0,,,,4.0,26.0,1.0,SERIOUS,1
886000021.0,1.0,100101307.0,7.0,,,,,,48.0,4.0,158.0,1.0,60.0,14.0,1.0,1.0,0.0,,0.0,2.0,1.0,1.0,1.0,105.0,,0.0,1.0,0.0,3.0,1.0,1.0,0.0,9.0,28.0,37.0,11.0,0.0,11.0,193.0,3.0,3.0,,,0.0,,,,4.0,21.0,1.0,SERIOUS,1
650002581.0,1.0,100101429.0,7.0,,,,,,32.0,4.0,140.0,6.0,50.0,1.0,1.0,1.0,0.0,,0.0,2.0,1.0,1.0,2.0,72.0,77.0,0.0,0.0,0.0,1.0,6.0,0.0,0.0,24.0,14.0,17.0,17.0,0.0,115.0,183.0,3.0,,20.0,,0.0,,,,3.0,14.0,1.0,SERIOUS,1
886000063.0,1.0,100101690.0,0.0,54.0,0.0,-54.0,1506.0,,6.0,4.0,126.0,1.0,12.0,1.0,4.0,1.0,1.0,0.0,6.0,2.0,2.0,1.0,2.0,105.0,105.0,0.0,0.0,0.0,1.0,6.0,0.0,20.0,44.0,56.0,64.0,49.0,23.0,-7.0,148.0,3.0,2.0,0.0,,0.0,0.0,54.0,54.0,4.0,21.0,1.0,SERIOUS,1
886000022.0,1.0,100101726.0,7.0,,,,,,7.0,15.0,258.0,8.0,1.0,1.0,4.0,4.0,12.0,0.0,1.0,2.0,1.0,1.0,1.0,105.0,109.0,0.0,0.0,0.0,1.0,1.0,0.0,,,,,,,,,3.0,1.0,,90.0,0.0,,,,3.0,10.0,1.0,SERIOUS,1
886000082.0,1.0,100101771.0,8.0,,,,,,1.0,14.0,177.0,6.0,13.0,1.0,6.0,4.0,12.0,0.0,1.0,2.0,1.0,1.0,2.0,89.0,105.0,0.0,0.0,6.0,0.0,6.0,0.0,,,,,,,,,4.0,2.0,,90.0,0.0,,,,4.0,24.0,1.0,SERIOUS,1
650002621.0,1.0,100101876.0,0.0,43.0,-33.0,-28.0,1126.0,,66.0,5.0,129.0,6.0,54.0,14.0,2.0,4.0,0.0,,0.0,2.0,1.0,1.0,2.0,89.0,97.0,0.0,0.0,0.0,0.0,6.0,1.0,18.0,35.0,48.0,39.0,18.0,5.0,-17.0,242.0,4.0,3.0,50.0,,0.0,33.0,28.0,43.278170016764804,3.0,22.0,1.0,SERIOUS,1
651000064.0,1.0,100103598.0,7.0,,,,,,2.0,31.0,267.0,1.0,8.0,1.0,4.0,3.0,0.0,,0.0,2.0,1.0,1.0,1.0,105.0,,0.0,1.0,0.0,2.0,1.0,0.0,36.0,60.0,63.0,46.0,32.0,20.0,65.0,101.0,3.0,,310.0,,0.0,,,,3.0,18.0,1.0,SERIOUS,1
650002701.0,1.0,100105058.0,8.0,,,,,,7.0,30.0,143.0,6.0,6.0,14.0,4.0,2.0,,,,2.0,1.0,2.0,2.0,89.0,61.0,1.0,0.0,0.0,0.0,,,,,,,,,,,4.0,,,,0.0,,,,3.0,10.0,1.0,SERIOUS,1
650002702.0,1.0,100105123.0,0.0,33.0,-32.0,-6.0,840.0,,48.0,4.0,121.0,1.0,11.0,10.0,2.0,1.0,0.0,,0.0,3.0,1.0,1.0,2.0,56.0,,0.0,3.0,0.0,1.0,,,3.0,29.0,32.0,36.0,22.0,0.0,-64.0,257.0,3.0,2.0,80.0,270.0,0.0,32.0,6.0,32.55764119219941,5.0,26.0,1.0,CRITICAL,2
650002706.0,1.0,100105133.0,0.0,54.0,0.0,-54.0,1910.0,,24.0,2.0,162.0,1.0,51.0,14.0,1.0,1.0,0.0,,0.0,2.0,1.0,1.0,2.0,64.0,,0.0,0.0,0.0,1.0,,,62.0,76.0,78.0,41.0,9.0,0.0,-30.0,160.0,3.0,2.0,0.0,0.0,0.0,0.0,54.0,54.0,3.0,10.0,1.0,SERIOUS,1
650002703.0,1.0,100105153.0,7.0,,,,,,1.0,14.0,177.0,9.0,60.0,1.0,4.0,1.0,0.0,,0.0,3.0,1.0,1.0,2.0,89.0,,0.0,0.0,0.0,1.0,,,10.0,4.0,30.0,25.0,12.0,6.0,0.0,156.0,2.0,1.0,0.0,10.0,0.0,,,,3.0,10.0,1.0,SERIOUS,1
650002721.0,1.0,100105338.0,0.0,53.0,0.0,-53.0,1899.0,,1.0,4.0,148.0,,13.0,14.0,4.0,1.0,0.0,,0.0,2.0,3.0,1.0,2.0,56.0,,0.0,0.0,0.0,1.0,,,72.0,88.0,65.0,39.0,15.0,0.0,-55.0,152.0,4.0,3.0,0.0,90.0,0.0,0.0,53.0,53.0,3.0,22.0,1.0,SERIOUS,1
650002722.0,1.0,100105401.0,0.0,35.0,0.0,-35.0,973.0,,50.0,14.0,176.0,1.0,10.0,14.0,2.0,1.0,1.0,2.0,7.0,2.0,1.0,1.0,2.0,,,0.0,0.0,0.0,0.0,,,77.0,41.0,31.0,22.0,11.0,3.0,-53.0,168.0,4.0,2.0,0.0,,0.0,0.0,35.0,35.0,3.0,10.0,1.0,SERIOUS,1
650002704.0,1.0,100105466.0,7.0,,,,,,6.0,14.0,141.0,,12.0,1.0,4.0,1.0,8.0,50.0,2.0,2.0,2.0,1.0,2.0,105.0,,0.0,1.0,0.0,2.0,,,,,,,,,,,3.0,3.0,,,0.0,,,,3.0,19.0,1.0,SERIOUS,1
650002725.0,1.0,100105526.0,0.0,31.0,29.0,-11.0,768.0,,89.0,4.0,136.0,1.0,17.0,1.0,1.0,1.0,0.0,,0.0,2.0,1.0,1.0,2.0,40.0,,0.0,2.0,2.0,0.0,,,0.0,22.0,32.0,28.0,17.0,0.0,-32.0,232.0,3.0,,290.0,,0.0,29.0,11.0,31.016124838541646,3.0,10.0,1.0,SERIOUS,1
650002726.0,1.0,100105546.0,8.0,,,,,,6.0,4.0,111.0,1.0,12.0,1.0,4.0,1.0,0.0,,0.0,6.0,3.0,1.0,2.0,64.0,,0.0,0.0,0.0,1.0,,,35.0,24.0,14.0,8.0,1.0,0.0,-60.0,150.0,6.0,,350.0,,0.0,,,,4.0,29.0,1.0,SERIOUS,1
650002727.0,1.0,100105566.0,0.0,33.0,29.0,-16.0,509.0,,82.0,4.0,120.0,1.0,15.0,11.0,1.0,1.0,0.0,,0.0,2.0,1.0,1.0,2.0,0.0,,0.0,2.0,2.0,0.0,,,0.0,15.0,28.0,25.0,17.0,0.0,53.0,252.0,3.0,,300.0,,0.0,29.0,16.0,33.12099032335839,3.0,19.0,1.0,SERIOUS,1
650002724.0,1.0,100105587.0,0.0,48.0,0.0,-48.0,1422.0,,1.0,4.0,136.0,1.0,13.0,1.0,4.0,1.0,0.0,,0.0,1.0,3.0,1.0,2.0,105.0,97.0,0.0,1.0,0.0,3.0,,,57.0,68.0,48.0,32.0,17.0,0.0,-48.0,168.0,3.0,,0.0,,0.0,0.0,48.0,48.0,3.0,14.0,1.0,SERIOUS,1
650002743.0,1.0,100105849.0,7.0,,,,,,7.0,3.0,134.0,6.0,6.0,1.0,4.0,2.0,0.0,,0.0,4.0,5.0,2.0,1.0,105.0,97.0,1.0,1.0,0.0,2.0,,,,,,,,,,,3.0,9.0,,350.0,0.0,,,,3.0,10.0,1.0,SERIOUS,1
650002741.0,1.0,100106878.0,0.0,56.0,0.0,-56.0,1235.0,,50.0,4.0,109.0,8.0,10.0,1.0,2.0,1.0,0.0,,0.0,5.0,1.0,1.0,2.0,72.0,64.0,0.0,0.0,0.0,0.0,,,0.0,38.0,53.0,53.0,50.0,39.0,0.0,142.0,3.0,,0.0,,0.0,0.0,56.0,56.0,3.0,10.0,1.0,SERIOUS,1
650002742.0,1.0,100106894.0,7.0,,,,,,51.0,14.0,150.0,7.0,62.0,1.0,1.0,1.0,0.0,,0.0,5.0,3.0,1.0,2.0,80.0,,0.0,0.0,0.0,0.0,,,26.0,5.0,5.0,3.0,0.0,0.0,-54.0,148.0,9.0,2.0,340.0,90.0,0.0,,,,3.0,19.0,1.0,SERIOUS,1
650002761.0,1.0,100107039.0,0.0,29.0,0.0,-29.0,517.0,,1.0,4.0,146.0,1.0,13.0,14.0,4.0,1.0,0.0,,0.0,2.0,1.0,2.0,2.0,80.0,80.0,0.0,0.0,0.0,0.0,,,0.0,8.0,17.0,26.0,31.0,34.0,21.0,156.0,2.0,,0.0,0.0,0.0,0.0,29.0,29.0,3.0,14.0,1.0,SERIOUS,1
650002801.0,1.0,100108251.0,0.0,18.0,16.0,-9.0,287.0,,82.0,4.0,169.0,1.0,15.0,11.0,1.0,1.0,0.0,,0.0,3.0,1.0,1.0,2.0,40.0,,0.0,2.0,2.0,0.0,,,0.0,5.0,23.0,27.0,13.0,2.0,20.0,188.0,3.0,1.0,300.0,180.0,0.0,16.0,9.0,18.35755975068582,3.0,11.0,1.0,SERIOUS,1
650002824.0,1.0,100108274.0,6.0,,,,,,2.0,14.0,152.0,7.0,9.0,14.0,4.0,3.0,11.0,27.0,1.0,4.0,1.0,1.0,1.0,105.0,,0.0,1.0,0.0,2.0,,,,,,,,,,,3.0,,,,0.0,,,,3.0,22.0,1.0,SERIOUS,1
650002821.0,1.0,100108285.0,7.0,,,,,,1.0,4.0,106.0,6.0,13.0,1.0,4.0,4.0,16.0,54.0,1.0,4.0,1.0,1.0,1.0,105.0,,0.0,0.0,0.0,2.0,,,,,,,,,,,3.0,,,,0.0,,,,4.0,29.0,1.0,SERIOUS,1
650002821.0,1.0,100108298.0,7.0,,,,,,1.0,4.0,106.0,6.0,13.0,1.0,4.0,4.0,16.0,54.0,1.0,4.0,1.0,1.0,1.0,105.0,,0.0,0.0,0.0,2.0,,,,,,,,,,,3.0,,,,0.0,,,,4.0,41.0,1.0,SERIOUS,1
650002822.0,1.0,100108311.0,0.0,63.0,0.0,-63.0,3694.0,,6.0,31.0,227.0,1.0,12.0,1.0,4.0,1.0,0.0,,0.0,2.0,3.0,1.0,2.0,0.0,,0.0,0.0,0.0,0.0,,,101.0,100.0,104.0,106.0,63.0,48.0,-39.0,180.0,4.0,,0.0,0.0,0.0,0.0,63.0,63.0,3.0,17.0,1.0,SERIOUS,1
650002823.0,1.0,100108325.0,6.0,,,,,,7.0,4.0,113.0,6.0,6.0,14.0,4.0,2.0,0.0,,0.0,2.0,1.0,2.0,2.0,113.0,121.0,1.0,0.0,0.0,1.0,,,,,,,,,,,3.0,3.0,,,0.0,,,,4.0,21.0,1.0,SERIOUS,1
650002825.0,1.0,100108340.0,7.0,,,,,,46.0,1.0,145.0,9.0,10.0,1.0,4.0,3.0,10.0,41.0,2.0,5.0,1.0,1.0,1.0,105.0,121.0,0.0,1.0,0.0,2.0,,,,,,,,,,,3.0,,,150.0,0.0,,,,3.0,14.0,1.0,SERIOUS,1
651002841.0,1.0,100108531.0,7.0,,,,,,1.0,31.0,249.0,1.0,13.0,1.0,4.0,1.0,9.0,21.0,5.0,2.0,1.0,1.0,2.0,113.0,,0.0,0.0,0.0,1.0,,,,,,,,,,,3.0,3.0,,,0.0,,,,3.0,17.0,1.0,SERIOUS,1
650002826.0,1.0,100109645.0,7.0,,,,,,6.0,1.0,152.0,,12.0,1.0,4.0,1.0,0.0,,0.0,2.0,2.0,1.0,1.0,105.0,121.0,0.0,1.0,0.0,1.0,,,0.0,8.0,12.0,13.0,14.0,17.0,0.0,160.0,1.0,,,,0.0,,,,4.0,29.0,1.0,SERIOUS,1
651002842.0,1.0,100109665.0,7.0,,,,,,2.0,4.0,123.0,9.0,8.0,14.0,4.0,3.0,16.0,30.0,1.0,4.0,3.0,1.0,2.0,105.0,,0.0,1.0,0.0,2.0,,,,,,,,,,,3.0,3.0,,,0.0,,,,3.0,27.0,1.0,SERIOUS,1
651002862.0,1.0,100109667.0,7.0,,,,,,51.0,31.0,203.0,7.0,62.0,14.0,1.0,1.0,0.0,,0.0,2.0,1.0,1.0,2.0,72.0,,0.0,0.0,0.0,0.0,,,24.0,3.0,0.0,0.0,0.0,0.0,-75.0,180.0,9.0,,0.0,,0.0,,,,3.0,13.0,1.0,SERIOUS,1
651002863.0,1.0,100109671.0,8.0,,,,,,6.0,5.0,144.0,7.0,12.0,14.0,4.0,3.0,13.0,85.0,5.0,2.0,1.0,1.0,2.0,105.0,105.0,0.0,0.0,6.0,1.0,,,,,,,,,,,4.0,2.0,,320.0,0.0,,,,4.0,18.0,1.0,SERIOUS,1
651002865.0,1.0,100109675.0,7.0,,,,,,6.0,31.0,201.0,6.0,50.0,1.0,4.0,2.0,10.0,33.0,1.0,4.0,3.0,1.0,1.0,105.0,,0.0,1.0,0.0,2.0,,,,,,,,,,,3.0,1.0,,340.0,0.0,,,,3.0,10.0,1.0,SERIOUS,1
651002866.0,1.0,100109678.0,0.0,52.0,0.0,-52.0,2417.0,,1.0,15.0,226.0,6.0,13.0,14.0,4.0,4.0,4.0,12.0,1.0,2.0,1.0,1.0,2.0,89.0,,0.0,0.0,6.0,0.0,,,0.0,5.0,31.0,46.0,60.0,67.0,10.0,180.0,3.0,2.0,0.0,,0.0,0.0,52.0,52.0,4.0,33.0,1.0,SERIOUS,1
651002882.0,1.0,100109730.0,0.0,61.0,0.0,-61.0,4090.0,,51.0,15.0,249.0,1.0,62.0,1.0,1.0,1.0,0.0,,0.0,2.0,1.0,1.0,2.0,72.0,69.0,0.0,0.0,0.0,0.0,,,27.0,44.0,54.0,69.0,71.0,68.0,29.0,178.0,4.0,2.0,350.0,,0.0,0.0,61.0,61.0,3.0,17.0,1.0,SERIOUS,1
651002883.0,1.0,100109741.0,7.0,,,,,,6.0,2.0,96.0,7.0,12.0,1.0,4.0,1.0,10.0,14.0,1.0,4.0,2.0,1.0,2.0,72.0,,0.0,0.0,0.0,0.0,,,,,,,,,,,3.0,3.0,,0.0,0.0,,,,4.0,17.0,1.0,SERIOUS,1
651002884.0,1.0,100109753.0,0.0,33.0,29.0,-17.0,419.0,,82.0,4.0,145.0,1.0,15.0,11.0,1.0,1.0,0.0,,0.0,2.0,1.0,1.0,2.0,0.0,,0.0,3.0,0.0,0.0,,,0.0,20.0,22.0,18.0,27.0,3.0,87.0,206.0,3.0,,300.0,,0.0,29.0,17.0,33.61547262794322,3.0,14.0,1.0,SERIOUS,1
651002885.0,1.0,100109765.0,0.0,41.0,0.0,-41.0,1200.0,,6.0,20.0,176.0,1.0,12.0,1.0,4.0,1.0,0.0,,0.0,5.0,3.0,1.0,2.0,64.0,,0.0,0.0,0.0,0.0,,,45.0,69.0,59.0,50.0,19.0,0.0,-30.0,160.0,5.0,,0.0,0.0,0.0,0.0,41.0,41.0,3.0,27.0,1.0,SERIOUS,1
651002888.0,1.0,100111981.0,6.0,,,,,,2.0,31.0,195.0,7.0,6.0,1.0,4.0,2.0,4.0,20.0,2.0,2.0,2.0,1.0,2.0,105.0,101.0,0.0,0.0,0.0,0.0,,,,,,,,,,,3.0,,,,0.0,,,,3.0,14.0,1.0,SERIOUS,1
651002889.0,1.0,100112009.0,7.0,,,,,,6.0,4.0,160.0,1.0,12.0,1.0,4.0,1.0,0.0,,0.0,3.0,1.0,1.0,2.0,64.0,,0.0,0.0,0.0,0.0,,,55.0,16.0,12.0,8.0,1.0,0.0,-56.0,160.0,4.0,,0.0,,0.0,,,,2.0,12.0,1.0,MINOR,0
651002902.0,1.0,100112019.0,0.0,59.0,55.0,-20.0,2161.0,,89.0,4.0,107.0,1.0,66.0,1.0,1.0,1.0,0.0,,0.0,4.0,1.0,1.0,2.0,56.0,53.0,0.0,2.0,1.0,1.0,,,4.0,44.0,74.0,59.0,23.0,0.0,14.0,237.0,5.0,1.0,290.0,0.0,0.0,55.0,20.0,58.52349955359813,3.0,14.0,1.0,SERIOUS,1
650002922.0,1.0,100112023.0,0.0,35.0,33.0,-12.0,1200.0,,89.0,3.0,130.0,1.0,66.0,1.0,1.0,1.0,0.0,,0.0,2.0,2.0,1.0,2.0,40.0,,0.0,2.0,0.0,0.0,,,5.0,42.0,47.0,40.0,19.0,2.0,-46.0,225.0,4.0,2.0,290.0,180.0,0.0,33.0,12.0,35.11409973215888,4.0,48.0,1.0,SERIOUS,1
650002923.0,1.0,100112032.0,0.0,44.0,41.0,-15.0,1564.0,,82.0,2.0,152.0,1.0,66.0,11.0,1.0,1.0,0.0,,0.0,2.0,3.0,1.0,2.0,56.0,,0.0,2.0,1.0,0.0,,,10.0,29.0,61.0,53.0,27.0,0.0,60.0,253.0,3.0,1.0,290.0,270.0,0.0,41.0,15.0,43.657759905886145,4.0,29.0,1.0,SERIOUS,1
650002924.0,1.0,100112044.0,0.0,,,,,,1.0,14.0,178.0,1.0,13.0,1.0,4.0,1.0,0.0,,0.0,2.0,1.0,2.0,2.0,40.0,,1.0,0.0,0.0,0.0,,,0.0,20.0,44.0,57.0,30.0,2.0,5.0,160.0,3.0,3.0,0.0,0.0,0.0,,,,3.0,10.0,1.0,SERIOUS,1
650002925.0,1.0,100112052.0,3.0,,,,,,1.0,15.0,196.0,1.0,13.0,14.0,4.0,1.0,0.0,,0.0,2.0,2.0,1.0,2.0,72.0,72.0,0.0,0.0,0.0,0.0,,,38.0,36.0,29.0,17.0,0.0,0.0,-10.0,160.0,2.0,2.0,,,0.0,,,,3.0,10.0,1.0,SERIOUS,1
650002926.0,1.0,100112055.0,8.0,,,,,,7.0,4.0,152.0,7.0,12.0,14.0,4.0,4.0,8.0,43.0,1.0,2.0,1.0,1.0,2.0,105.0,101.0,0.0,0.0,0.0,1.0,,,,,,,,,,,4.0,,,,0.0,,,,5.0,43.0,1.0,CRITICAL,2
651002882.0,2.0,100112058.0,0.0,102.0,0.0,-102.0,5639.0,,50.0,1.0,150.0,0.0,10.0,0.0,0.0,0.0,0.0,,0.0,2.0,2.0,1.0,2.0,72.0,,0.0,3.0,0.0,0.0,,,81.0,99.0,114.0,119.0,111.0,105.0,0.0,150.0,4.0,,0.0,,0.0,0.0,102.0,102.0,3.0,22.0,1.0,SERIOUS,1
650002927.0,1.0,100112061.0,0.0,26.0,9.0,-24.0,449.0,,69.0,4.0,156.0,1.0,62.0,1.0,1.0,1.0,0.0,,0.0,2.0,5.0,1.0,2.0,40.0,45.0,,2.0,0.0,0.0,,,27.0,23.0,24.0,19.0,10.0,0.0,-45.0,158.0,2.0,,340.0,,0.0,9.0,24.0,25.632011235952593,3.0,14.0,1.0,SERIOUS,1
651002942.0,1.0,100112066.0,0.0,34.0,26.0,-22.0,604.0,,86.0,4.0,121.0,3.0,66.0,1.0,1.0,2.0,0.0,,0.0,2.0,1.0,1.0,2.0,89.0,89.0,,2.0,0.0,0.0,,,15.0,24.0,27.0,25.0,24.0,17.0,0.0,150.0,2.0,2.0,310.0,270.0,0.0,26.0,22.0,34.058772731852805,3.0,11.0,1.0,SERIOUS,1
651002943.0,1.0,100113774.0,2.0,,,,,,7.0,15.0,243.0,3.0,10.0,1.0,4.0,4.0,0.0,,0.0,4.0,1.0,1.0,1.0,105.0,113.0,,1.0,0.0,2.0,,,11.0,6.0,4.0,4.0,4.0,1.0,-70.0,180.0,7.0,3.0,10.0,90.0,0.0,,,,1.0,1.0,1.0,MINOR,0
651002944.0,1.0,100113780.0,0.0,23.0,22.0,-8.0,256.0,,82.0,2.0,117.0,1.0,15.0,11.0,1.0,1.0,0.0,,0.0,4.0,1.0,1.0,2.0,56.0,,,2.0,1.0,1.0,,,0.0,14.0,21.0,12.0,8.0,0.0,57.0,203.0,3.0,1.0,300.0,270.0,0.0,22.0,8.0,23.40939982143925,4.0,34.0,1.0,SERIOUS,1
651002945.0,1.0,100113783.0,0.0,14.0,0.0,-14.0,108.0,,6.0,4.0,120.0,1.0,12.0,1.0,4.0,1.0,0.0,,0.0,5.0,1.0,1.0,1.0,105.0,109.0,,1.0,0.0,2.0,,,3.0,3.0,3.0,2.0,0.0,0.0,-65.0,160.0,9.0,,0.0,,0.0,0.0,14.0,14.0,3.0,11.0,1.0,SERIOUS,1
651002946.0,1.0,100113786.0,0.0,36.0,31.0,-18.0,798.0,,82.0,4.0,116.0,1.0,15.0,11.0,1.0,1.0,0.0,,0.0,2.0,1.0,1.0,2.0,89.0,,,2.0,2.0,0.0,,,1.0,31.0,38.0,49.0,49.0,2.0,22.0,210.0,4.0,,300.0,,0.0,31.0,18.0,35.84689665786984,4.0,26.0,1.0,SERIOUS,1
651002947.0,1.0,100113790.0,0.0,41.0,26.0,-31.0,855.0,,69.0,30.0,137.0,3.0,62.0,1.0,1.0,2.0,0.0,,0.0,3.0,1.0,1.0,2.0,80.0,,,2.0,0.0,1.0,,,47.0,48.0,29.0,16.0,0.0,0.0,-46.0,160.0,2.0,3.0,340.0,,0.0,26.0,31.0,40.45985664828782,3.0,10.0,1.0,SERIOUS,1
651002948.0,1.0,100113793.0,0.0,21.0,-14.0,-16.0,704.0,,66.0,15.0,208.0,6.0,13.0,14.0,2.0,4.0,0.0,,0.0,2.0,1.0,2.0,2.0,89.0,,,0.0,0.0,0.0,,,5.0,26.0,48.0,63.0,66.0,76.0,165.0,105.0,4.0,3.0,40.0,,0.0,14.0,16.0,21.2602916254693,3.0,19.0,1.0,SERIOUS,1
651002963.0,1.0,100113806.0,0.0,,,,,,1.0,4.0,120.0,3.0,11.0,1.0,2.0,2.0,0.0,,0.0,3.0,3.0,1.0,2.0,64.0,,,0.0,0.0,1.0,,,0.0,35.0,50.0,54.0,50.0,12.0,15.0,140.0,3.0,,0.0,,0.0,,,,3.0,9.0,1.0,SERIOUS,1
651002964.0,1.0,100113809.0,8.0,,,,,,4.0,14.0,180.0,6.0,13.0,14.0,4.0,4.0,12.0,64.0,1.0,2.0,1.0,1.0,2.0,89.0,,,0.0,0.0,0.0,,,,,,,,,,,4.0,3.0,,,0.0,,,,5.0,50.0,2.0,CRITICAL,2
651002964.0,1.0,100113814.0,8.0,,,,,,4.0,14.0,180.0,6.0,13.0,14.0,4.0,4.0,12.0,64.0,1.0,2.0,1.0,1.0,2.0,89.0,,,0.0,0.0,0.0,,,,,,,,,,,4.0,3.0,,,0.0,,,,3.0,19.0,1.0,SERIOUS,1
651002949.0,1.0,100113819.0,0.0,10.0,-6.0,-8.0,81.0,,68.0,4.0,116.0,1.0,15.0,11.0,1.0,1.0,0.0,,0.0,4.0,1.0,1.0,2.0,56.0,,,2.0,1.0,0.0,,,7.0,7.0,7.0,6.0,9.0,12.0,56.0,132.0,3.0,2.0,40.0,90.0,0.0,6.0,8.0,10.0,1.0,2.0,1.0,MINOR,0
651002962.0,1.0,100113826.0,0.0,35.0,-23.0,-27.0,814.0,,83.0,1.0,147.0,2.0,67.0,1.0,1.0,1.0,0.0,,0.0,6.0,3.0,1.0,2.0,89.0,,,2.0,1.0,1.0,,,0.0,17.0,36.0,43.0,24.0,8.0,0.0,158.0,2.0,2.0,40.0,90.0,0.0,23.0,27.0,35.4682957019364,3.0,10.0,1.0,SERIOUS,1
651003002.0,1.0,100116626.0,0.0,27.0,27.0,-5.0,379.0,,83.0,4.0,100.0,1.0,67.0,1.0,1.0,1.0,0.0,,0.0,4.0,1.0,1.0,2.0,56.0,,,3.0,0.0,0.0,,,0.0,7.0,6.0,0.0,0.0,0.0,-43.0,208.0,3.0,2.0,280.0,50.0,0.0,27.0,5.0,27.459060435491963,4.0,26.0,1.0,SERIOUS,1
651002982.0,1.0,100116646.0,6.0,,,,,,1.0,2.0,145.0,1.0,8.0,14.0,4.0,1.0,0.0,,0.0,5.0,1.0,1.0,1.0,105.0,105.0,,1.0,0.0,2.0,,,,,,,,,,,2.0,2.0,,0.0,0.0,,,,1.0,1.0,1.0,MINOR,0
651003003.0,1.0,100116660.0,7.0,,,,,,2.0,31.0,195.0,6.0,13.0,14.0,4.0,2.0,12.0,43.0,1.0,2.0,5.0,1.0,1.0,105.0,105.0,,1.0,6.0,3.0,,,,,,,,,,,3.0,,,,0.0,,,,4.0,17.0,1.0,SERIOUS,1
651003008.0,1.0,100117286.0,0.0,22.0,0.0,-22.0,173.0,,20.0,4.0,142.0,2.0,50.0,1.0,1.0,1.0,0.0,,0.0,2.0,1.0,1.0,2.0,72.0,64.0,,0.0,0.0,1.0,,,8.0,14.0,15.0,8.0,6.0,0.0,-5.0,140.0,2.0,,0.0,,0.0,0.0,22.0,22.0,1.0,3.0,1.0,MINOR,0
651003006.0,1.0,100117976.0,0.0,40.0,0.0,-40.0,923.0,,48.0,4.0,146.0,2.0,50.0,1.0,1.0,1.0,0.0,,0.0,4.0,3.0,1.0,1.0,105.0,101.0,,0.0,0.0,2.0,,,35.0,41.0,48.0,39.0,23.0,0.0,-49.0,168.0,3.0,1.0,0.0,270.0,0.0,0.0,40.0,40.0,4.0,18.0,1.0,SERIOUS,1
651003009.0,1.0,100118116.0,0.0,28.0,0.0,-28.0,462.0,,1.0,4.0,112.0,1.0,13.0,14.0,4.0,1.0,0.0,,0.0,2.0,1.0,1.0,2.0,105.0,,,0.0,0.0,1.0,,,2.0,12.0,19.0,26.0,32.0,37.0,50.0,150.0,2.0,2.0,0.0,,0.0,0.0,28.0,28.0,3.0,14.0,1.0,SERIOUS,1
651003010.0,1.0,100118207.0,7.0,,,,,,45.0,4.0,139.0,9.0,60.0,14.0,1.0,2.0,98.0,,98.0,3.0,1.0,1.0,1.0,105.0,,,1.0,0.0,3.0,,,,,,,,,,,3.0,3.0,,350.0,0.0,,,,3.0,19.0,1.0,SERIOUS,1
651003011.0,1.0,100118965.0,4.0,,,,,,6.0,20.0,199.0,1.0,12.0,14.0,4.0,1.0,98.0,-88.0,98.0,2.0,1.0,1.0,1.0,105.0,97.0,,1.0,0.0,1.0,,,61.0,62.0,61.0,60.0,30.0,0.0,0.0,170.0,3.0,,,0.0,0.0,,,,2.0,9.0,1.0,MINOR,0
651003012.0,1.0,100118978.0,7.0,,,,,,1.0,4.0,186.0,6.0,13.0,14.0,4.0,1.0,0.0,,0.0,4.0,3.0,1.0,2.0,105.0,,,1.0,0.0,3.0,,,13.0,13.0,12.0,16.0,19.0,16.0,-65.0,170.0,6.0,2.0,0.0,90.0,0.0,,,,3.0,14.0,1.0,SERIOUS,1
651003022.0,1.0,100119659.0,5.0,,,,,,1.0,4.0,124.0,1.0,13.0,1.0,2.0,1.0,0.0,,0.0,5.0,1.0,1.0,1.0,105.0,80.0,,1.0,0.0,2.0,,,16.0,47.0,55.0,55.0,54.0,69.0,30.0,150.0,4.0,,0.0,,0.0,,,,3.0,10.0,1.0,SERIOUS,1
651003023.0,1.0,100119887.0,7.0,,,,,,7.0,3.0,153.0,,6.0,1.0,4.0,4.0,4.0,25.0,6.0,4.0,1.0,1.0,1.0,105.0,113.0,,1.0,0.0,1.0,,,0.0,0.0,5.0,12.0,14.0,14.0,40.0,155.0,2.0,3.0,40.0,,0.0,,,,3.0,10.0,1.0,SERIOUS,1
651003025.0,1.0,100120251.0,8.0,,,,,,24.0,14.0,190.0,1.0,10.0,1.0,2.0,1.0,8.0,30.0,1.0,4.0,2.0,1.0,1.0,105.0,,,1.0,0.0,2.0,,,,,,,,,,,3.0,1.0,,0.0,0.0,,,,3.0,10.0,1.0,SERIOUS,1
651003025.0,1.0,100120272.0,8.0,,,,,,24.0,14.0,190.0,1.0,10.0,1.0,2.0,1.0,8.0,30.0,1.0,4.0,2.0,1.0,1.0,105.0,,,1.0,0.0,2.0,,,,,,,,,,,3.0,1.0,,0.0,0.0,,,,3.0,14.0,1.0,SERIOUS,1
651003026.0,1.0,100120330.0,0.0,32.0,6.0,-32.0,559.0,,69.0,4.0,159.0,2.0,17.0,1.0,1.0,1.0,0.0,,0.0,5.0,5.0,1.0,2.0,72.0,,,2.0,1.0,2.0,,,35.0,34.0,22.0,18.0,13.0,0.0,-40.0,158.0,2.0,,350.0,,0.0,6.0,32.0,32.55764119219941,3.0,10.0,1.0,SERIOUS,1
651003013.0,1.0,100120451.0,8.0,,,,,,6.0,4.0,150.0,9.0,12.0,14.0,4.0,3.0,4.0,30.0,1.0,2.0,1.0,1.0,2.0,105.0,105.0,,0.0,0.0,1.0,,,,,,,,,,,3.0,3.0,,,0.0,,,,2.0,5.0,1.0,MINOR,0
651003042.0,1.0,100120945.0,5.0,,,,,,24.0,20.0,206.0,6.0,51.0,1.0,1.0,1.0,0.0,,0.0,2.0,1.0,1.0,1.0,113.0,145.0,,0.0,0.0,1.0,,,8.0,57.0,70.0,79.0,81.0,80.0,0.0,178.0,5.0,,0.0,,0.0,,,,3.0,17.0,1.0,SERIOUS,1
651003027.0,1.0,100121155.0,0.0,95.0,0.0,-95.0,3975.0,,52.0,2.0,128.0,1.0,54.0,1.0,1.0,1.0,0.0,,0.0,1.0,3.0,1.0,1.0,105.0,,,1.0,5.0,3.0,,,85.0,93.0,93.0,89.0,81.0,63.0,0.0,150.0,4.0,,0.0,,0.0,0.0,95.0,95.0,4.0,29.0,1.0,SERIOUS,1
651003042.0,1.0,100121436.0,5.0,,,,,,24.0,20.0,206.0,6.0,51.0,1.0,1.0,1.0,0.0,,0.0,2.0,1.0,1.0,1.0,113.0,145.0,,0.0,0.0,1.0,,,8.0,57.0,70.0,79.0,81.0,80.0,0.0,178.0,5.0,,0.0,,0.0,,,,3.0,19.0,1.0,SERIOUS,1
651003042.0,1.0,100121600.0,5.0,,,,,,24.0,20.0,206.0,6.0,51.0,1.0,1.0,1.0,0.0,,0.0,2.0,1.0,1.0,1.0,113.0,145.0,,0.0,0.0,1.0,,,8.0,57.0,70.0,79.0,81.0,80.0,0.0,178.0,5.0,,0.0,,0.0,,,,3.0,14.0,1.0,SERIOUS,1
110007175.0,1.0,110162010.0,0.0,40.0,0.0,-40.0,859.0,,6.0,5.0,137.0,1.0,12.0,1.0,4.0,1.0,0.0,,0.0,2.0,1.0,2.0,2.0,40.0,,,0.0,0.0,0.0,,,26.0,29.0,27.0,28.0,31.0,28.0,0.0,155.0,2.0,,0.0,,0.0,0.0,40.0,40.0,3.0,14.0,1.0,SERIOUS,1
110007195.0,1.0,110162154.0,8.0,,,,,,7.0,4.0,127.0,6.0,6.0,1.0,4.0,4.0,3.0,12.0,8.0,2.0,1.0,1.0,2.0,56.0,97.0,,0.0,0.0,0.0,,,0.0,19.0,62.0,25.0,12.0,0.0,-36.0,264.0,4.0,3.0,90.0,,0.0,,,,3.0,17.0,1.0,SERIOUS,1
110007215.0,1.0,110162286.0,0.0,24.0,8.0,-23.0,279.0,,46.0,4.0,109.0,1.0,11.0,15.0,2.0,1.0,0.0,,0.0,5.0,1.0,1.0,2.0,89.0,56.0,,1.0,0.0,2.0,,,26.0,18.0,13.0,7.0,2.0,3.0,-30.0,148.0,2.0,2.0,340.0,270.0,0.0,8.0,23.0,24.351591323771842,3.0,10.0,1.0,SERIOUS,1
701007155.0,1.0,110162350.0,0.0,38.0,0.0,-38.0,904.0,,1.0,2.0,155.0,1.0,5.0,14.0,4.0,1.0,0.0,,0.0,2.0,2.0,2.0,2.0,40.0,56.0,,0.0,0.0,0.0,,,0.0,13.0,34.0,45.0,37.0,23.0,12.0,162.0,2.0,,0.0,,0.0,0.0,38.0,38.0,3.0,14.0,1.0,SERIOUS,1
701007235.0,1.0,110162555.0,4.0,,,,,,24.0,4.0,115.0,1.0,51.0,1.0,1.0,1.0,0.0,,0.0,4.0,1.0,1.0,2.0,72.0,56.0,,0.0,0.0,1.0,,,38.0,46.0,40.0,39.0,32.0,25.0,0.0,152.0,2.0,,350.0,,0.0,,,,3.0,22.0,2.0,SERIOUS,1
110007255.0,1.0,110162676.0,0.0,48.0,8.0,47.0,1748.0,,21.0,4.0,138.0,1.0,50.0,1.0,1.0,1.0,0.0,,0.0,4.0,4.0,1.0,2.0,105.0,0.0,,0.0,0.0,2.0,,,54.0,65.0,59.0,59.0,85.0,94.0,0.0,140.0,7.0,2.0,190.0,10.0,0.0,8.0,47.0,47.67598976424087,4.0,29.0,1.0,SERIOUS,1
110007255.0,1.0,110162769.0,0.0,48.0,8.0,47.0,1748.0,,21.0,4.0,138.0,1.0,50.0,1.0,1.0,1.0,0.0,,0.0,4.0,4.0,1.0,2.0,105.0,0.0,,0.0,0.0,2.0,,,54.0,65.0,59.0,59.0,85.0,94.0,0.0,140.0,7.0,2.0,190.0,10.0,0.0,8.0,47.0,47.67598976424087,4.0,41.0,1.0,SERIOUS,1
110007276.0,1.0,110163074.0,0.0,23.0,20.0,-12.0,774.0,,82.0,20.0,198.0,1.0,66.0,11.0,2.0,1.0,0.0,,0.0,3.0,4.0,1.0,2.0,64.0,48.0,,2.0,1.0,0.0,,,0.0,11.0,33.0,31.0,26.0,0.0,3.0,223.0,3.0,,300.0,,0.0,20.0,12.0,23.323807579381203,3.0,14.0,1.0,SERIOUS,1
110007275.0,1.0,110163129.0,7.0,,,,,,2.0,15.0,230.0,6.0,52.0,1.0,4.0,3.0,3.0,23.0,1.0,2.0,1.0,1.0,2.0,56.0,56.0,,0.0,0.0,0.0,,,,,,,,,,,3.0,,,,0.0,,,,2.0,9.0,1.0,MINOR,0
110007277.0,1.0,110163539.0,0.0,27.0,17.0,-21.0,1132.0,,51.0,4.0,161.0,1.0,62.0,1.0,4.0,1.0,0.0,,0.0,2.0,2.0,1.0,2.0,56.0,48.0,,0.0,0.0,0.0,,,65.0,43.0,39.0,40.0,17.0,3.0,-16.0,152.0,3.0,1.0,320.0,170.0,0.0,17.0,21.0,27.018512172212592,3.0,10.0,1.0,SERIOUS,1
897000367.0,1.0,134026100.0,8.0,,,,,,45.0,30.0,148.0,1.0,60.0,1.0,1.0,1.0,6.0,27.0,7.0,4.0,2.0,1.0,2.0,105.0,105.0,,0.0,0.0,2.0,,,,,,,,,,,4.0,2.0,,230.0,0.0,,,,4.0,29.0,1.0,SERIOUS,1
897000368.0,1.0,134026102.0,0.0,52.0,0.0,-52.0,2043.0,,6.0,4.0,181.0,1.0,12.0,1.0,4.0,1.0,0.0,,0.0,2.0,5.0,1.0,2.0,89.0,89.0,,0.0,0.0,0.0,,,1.0,22.0,37.0,59.0,56.0,3.0,17.0,144.0,3.0,2.0,0.0,,0.0,0.0,52.0,52.0,3.0,10.0,1.0,SERIOUS,1
897000369.0,1.0,134026104.0,0.0,58.0,0.0,-58.0,1800.0,78.0,1.0,4.0,125.0,1.0,13.0,1.0,4.0,1.0,0.0,,0.0,5.0,3.0,1.0,2.0,64.0,56.0,,0.0,0.0,0.0,,,0.0,22.0,35.0,70.0,67.0,57.0,27.0,145.0,3.0,3.0,0.0,0.0,0.0,0.0,58.0,58.0,3.0,22.0,1.0,SERIOUS,1
897000370.0,1.0,134026106.0,0.0,32.0,-28.0,-16.0,571.0,,68.0,4.0,123.0,1.0,15.0,11.0,2.0,1.0,0.0,,0.0,5.0,1.0,2.0,2.0,72.0,8.0,,3.0,0.0,0.0,,,0.0,11.0,16.0,28.0,13.0,0.0,5.0,267.0,4.0,1.0,60.0,270.0,0.0,28.0,16.0,32.2490309931942,3.0,14.0,1.0,SERIOUS,1
369005649.0,1.0,160122204.0,0.0,,,,,,14.0,14.0,198.0,1.0,14.0,1.0,4.0,1.0,0.0,,0.0,2.0,1.0,1.0,2.0,72.0,89.0,0.0,2.0,2.0,0.0,6.0,7.0,0.0,37.0,44.0,27.0,7.0,3.0,-9.0,161.0,2.0,3.0,0.0,0.0,0.0,,,,3.0,14.0,1.0,SERIOUS,1
554005668.0,1.0,160122464.0,0.0,22.0,4.0,-22.0,350.0,,51.0,2.0,159.0,,62.0,1.0,1.0,,0.0,,0.0,2.0,2.0,1.0,2.0,56.0,89.0,0.0,0.0,0.0,0.0,6.0,0.0,53.0,21.0,18.0,15.0,10.0,7.0,-43.0,125.0,5.0,,350.0,,0.0,4.0,22.0,22.360679774997898,3.0,13.0,1.0,SERIOUS,1
554005690.0,1.0,160122999.0,0.0,24.0,-24.0,4.0,457.0,,7.0,5.0,142.0,98.0,6.0,14.0,4.0,4.0,0.0,,0.0,2.0,1.0,1.0,2.0,64.0,,0.0,0.0,0.0,0.0,6.0,1.0,15.0,19.0,44.0,2.0,4.0,0.0,-88.0,221.0,3.0,1.0,100.0,100.0,0.0,24.0,4.0,24.331050121192877,3.0,10.0,1.0,SERIOUS,1
554005708.0,1.0,160123384.0,0.0,25.0,-4.0,-25.0,361.0,,1.0,14.0,148.0,1.0,13.0,14.0,4.0,1.0,0.0,,0.0,2.0,1.0,2.0,2.0,89.0,,1.0,0.0,0.0,0.0,6.0,0.0,7.0,13.0,19.0,26.0,32.0,36.0,67.0,152.0,7.0,,0.0,,0.0,4.0,25.0,25.317977802344327,5.0,38.0,1.0,CRITICAL,2
554005691.0,1.0,160123490.0,0.0,52.0,26.0,-45.0,2544.0,,51.0,5.0,195.0,,62.0,1.0,1.0,,0.0,,0.0,2.0,1.0,2.0,2.0,89.0,,1.0,3.0,0.0,0.0,6.0,1.0,84.0,83.0,84.0,77.0,36.0,3.0,0.0,172.0,4.0,,330.0,,0.0,26.0,45.0,51.97114584074513,4.0,34.0,1.0,SERIOUS,1
554005728.0,1.0,160123619.0,0.0,21.0,21.0,0.0,472.0,,7.0,2.0,134.0,,12.0,14.0,4.0,3.0,0.0,,0.0,2.0,2.0,1.0,2.0,89.0,113.0,0.0,0.0,0.0,1.0,1.0,0.0,13.0,66.0,8.0,0.0,0.0,0.0,-143.0,162.0,4.0,3.0,260.0,110.0,0.0,21.0,0.0,21.0,3.0,13.0,1.0,SERIOUS,1
554005748.0,1.0,160123801.0,0.0,17.0,16.0,-6.0,369.0,,82.0,4.0,167.0,,15.0,11.0,1.0,1.0,0.0,,0.0,4.0,1.0,2.0,2.0,72.0,24.0,1.0,2.0,1.0,1.0,1.0,1.0,0.0,16.0,22.0,14.0,2.0,0.0,-63.0,324.0,3.0,,290.0,,0.0,16.0,6.0,17.08800749063506,3.0,9.0,1.0,SERIOUS,1
554005769.0,1.0,160123998.0,0.0,32.0,30.0,-11.0,683.0,,98.0,4.0,137.0,1.0,15.0,12.0,1.0,1.0,0.0,,0.0,2.0,1.0,1.0,2.0,48.0,8.0,0.0,2.0,0.0,1.0,1.0,0.0,0.0,17.0,34.0,35.0,23.0,0.0,7.0,234.0,3.0,,290.0,,0.0,30.0,11.0,31.953090617340916,3.0,13.0,1.0,SERIOUS,1
554005771.0,1.0,160124135.0,0.0,24.0,-4.0,-24.0,378.0,,50.0,4.0,147.0,,10.0,1.0,2.0,,0.0,,0.0,4.0,1.0,1.0,2.0,64.0,64.0,0.0,0.0,0.0,0.0,6.0,7.0,37.0,35.0,30.0,17.0,4.0,0.0,-9.0,162.0,2.0,,10.0,,0.0,4.0,24.0,24.331050121192877,3.0,14.0,1.0,SERIOUS,1
554005770.0,1.0,160124205.0,0.0,,,,,,24.0,4.0,156.0,,51.0,1.0,1.0,,0.0,,0.0,5.0,1.0,1.0,2.0,89.0,89.0,0.0,0.0,0.0,2.0,6.0,0.0,87.0,54.0,46.0,41.0,34.0,27.0,-37.0,164.0,6.0,,350.0,,0.0,,,,3.0,19.0,1.0,SERIOUS,1
554005772.0,1.0,160124319.0,0.0,37.0,-36.0,-6.0,933.0,,68.0,14.0,160.0,1.0,15.0,11.0,1.0,1.0,0.0,,0.0,4.0,1.0,1.0,2.0,56.0,24.0,0.0,2.0,1.0,1.0,1.0,0.0,0.0,18.0,40.0,35.0,25.0,0.0,50.0,300.0,3.0,,80.0,,0.0,36.0,6.0,36.49657518178932,3.0,17.0,1.0,SERIOUS,1
554005788.0,1.0,160124426.0,0.0,12.0,2.0,-12.0,148.0,,6.0,4.0,168.0,1.0,12.0,14.0,4.0,,0.0,,0.0,2.0,2.0,2.0,2.0,89.0,113.0,0.0,0.0,0.0,3.0,6.0,0.0,15.0,7.0,8.0,6.0,2.0,5.0,-57.0,146.0,9.0,,350.0,,0.0,2.0,12.0,12.165525060596439,3.0,22.0,1.0,SERIOUS,1
554005768.0,1.0,160124753.0,0.0,28.0,24.0,-14.0,307.0,,82.0,4.0,106.0,1.0,15.0,11.0,1.0,1.0,0.0,,0.0,3.0,1.0,1.0,2.0,40.0,,0.0,2.0,2.0,0.0,6.0,0.0,0.0,9.0,22.0,12.0,9.0,0.0,56.0,280.0,3.0,,290.0,,0.0,24.0,14.0,27.784887978899608,4.0,29.0,1.0,SERIOUS,1
554005790.0,1.0,160124977.0,0.0,15.0,-15.0,0.0,176.0,,87.0,4.0,156.0,,17.0,1.0,1.0,,0.0,,0.0,4.0,1.0,2.0,2.0,40.0,24.0,0.0,2.0,1.0,0.0,1.0,7.0,0.0,4.0,6.0,12.0,5.0,0.0,15.0,309.0,2.0,1.0,70.0,90.0,0.0,15.0,0.0,15.0,3.0,11.0,1.0,SERIOUS,1
554005790.0,1.0,160125887.0,0.0,15.0,-15.0,0.0,176.0,,87.0,4.0,156.0,,17.0,1.0,1.0,,0.0,,0.0,4.0,1.0,2.0,2.0,40.0,24.0,0.0,2.0,1.0,0.0,1.0,7.0,0.0,4.0,6.0,12.0,5.0,0.0,15.0,309.0,2.0,1.0,70.0,90.0,0.0,15.0,0.0,15.0,3.0,19.0,1.0,SERIOUS,1
554005808.0,1.0,160126010.0,0.0,36.0,-6.0,-35.0,353.0,,69.0,4.0,112.0,,62.0,1.0,1.0,,0.0,,0.0,5.0,3.0,1.0,2.0,56.0,48.0,0.0,2.0,1.0,1.0,,,12.0,25.0,27.0,19.0,12.0,5.0,0.0,129.0,2.0,1.0,350.0,270.0,0.0,6.0,35.0,35.510561809129406,3.0,10.0,1.0,SERIOUS,1
554005830.0,1.0,160126062.0,0.0,25.0,22.0,-12.0,245.0,,82.0,4.0,107.0,1.0,15.0,11.0,1.0,1.0,0.0,,0.0,2.0,2.0,1.0,2.0,0.0,16.0,0.0,2.0,2.0,0.0,,,0.0,5.0,0.0,22.0,9.0,2.0,41.0,301.0,3.0,,300.0,,0.0,22.0,12.0,25.059928172283335,4.0,29.0,1.0,SERIOUS,1
554005831.0,1.0,160126387.0,0.0,28.0,-5.0,-28.0,547.0,,50.0,1.0,174.0,,10.0,6.0,2.0,,0.0,,0.0,2.0,1.0,1.0,2.0,56.0,56.0,0.0,0.0,0.0,0.0,,,28.0,35.0,29.0,18.0,7.0,0.0,-35.0,156.0,6.0,,10.0,,0.0,5.0,28.0,28.442925306655784,3.0,14.0,1.0,SERIOUS,1
554005848.0,1.0,160126723.0,0.0,21.0,-21.0,0.0,264.0,,87.0,3.0,115.0,1.0,66.0,1.0,1.0,1.0,0.0,,0.0,3.0,3.0,2.0,2.0,72.0,24.0,0.0,2.0,1.0,1.0,,,0.0,0.0,24.0,21.0,5.0,1.0,30.0,204.0,2.0,,90.0,,0.0,21.0,0.0,21.0,3.0,10.0,1.0,SERIOUS,1
554005868.0,1.0,160126724.0,0.0,30.0,5.0,-30.0,661.0,,51.0,4.0,157.0,4.0,62.0,1.0,1.0,,0.0,,0.0,5.0,1.0,1.0,2.0,56.0,40.0,0.0,0.0,0.0,0.0,,,59.0,39.0,31.0,21.0,10.0,1.0,-57.0,156.0,4.0,3.0,340.0,140.0,0.0,5.0,30.0,30.4138126514911,3.0,9.0,1.0,SERIOUS,1
554005888.0,1.0,160127922.0,0.0,43.0,0.0,-43.0,1051.0,,3.0,30.0,136.0,9.0,87.0,1.0,4.0,,0.0,,0.0,2.0,2.0,1.0,2.0,80.0,,0.0,0.0,0.0,0.0,,,58.0,68.0,70.0,25.0,2.0,0.0,-5.0,112.0,3.0,6.0,0.0,350.0,0.0,0.0,43.0,43.0,3.0,10.0,1.0,SERIOUS,1
554005928.0,1.0,160128140.0,7.0,,,,,,1.0,30.0,146.0,1.0,13.0,14.0,4.0,2.0,0.0,,0.0,2.0,2.0,1.0,2.0,72.0,,0.0,0.0,0.0,0.0,,,58.0,33.0,11.0,0.0,0.0,1.0,-38.0,154.0,3.0,2.0,330.0,270.0,0.0,,,,3.0,19.0,1.0,SERIOUS,1
554005909.0,1.0,160128189.0,0.0,57.0,19.0,-54.0,1430.0,,98.0,4.0,124.0,,62.0,14.0,1.0,,0.0,,0.0,2.0,3.0,1.0,2.0,64.0,58.0,0.0,0.0,0.0,1.0,,,37.0,44.0,48.0,53.0,50.0,41.0,0.0,146.0,3.0,,340.0,,0.0,19.0,54.0,57.245087125446844,5.0,43.0,1.0,CRITICAL,2
554005908.0,1.0,160128190.0,0.0,67.0,12.0,-66.0,4035.0,,1.0,31.0,204.0,1.0,13.0,1.0,4.0,,0.0,,0.0,2.0,1.0,1.0,2.0,89.0,,0.0,0.0,0.0,0.0,,,99.0,118.0,129.0,126.0,46.0,14.0,0.0,166.0,6.0,2.0,350.0,10.0,0.0,12.0,66.0,67.08203932499369,3.0,17.0,1.0,SERIOUS,1
160005948.0,1.0,160128414.0,0.0,9.0,7.0,-6.0,105.0,,89.0,20.0,175.0,,17.0,14.0,1.0,,0.0,,0.0,2.0,1.0,1.0,2.0,80.0,,0.0,2.0,2.0,0.0,,,0.0,2.0,6.0,17.0,28.0,37.0,177.0,91.0,3.0,2.0,310.0,270.0,0.0,7.0,6.0,9.219544457292887,3.0,10.0,1.0,SERIOUS,1
554005949.0,1.0,160128515.0,0.0,11.0,-10.0,-4.0,114.0,,50.0,14.0,190.0,1.0,10.0,14.0,2.0,1.0,0.0,,0.0,2.0,1.0,1.0,2.0,56.0,56.0,0.0,2.0,0.0,0.0,,,0.0,8.0,24.0,20.0,8.0,0.0,-50.0,85.0,3.0,9.0,70.0,0.0,0.0,10.0,4.0,10.770329614269007,3.0,10.0,1.0,SERIOUS,1
554005950.0,1.0,160128739.0,0.0,14.0,11.0,-9.0,210.0,,2.0,20.0,190.0,1.0,13.0,1.0,4.0,3.0,0.0,,0.0,2.0,1.0,1.0,2.0,56.0,56.0,0.0,0.0,0.0,0.0,,,0.0,4.0,12.0,47.0,48.0,38.0,189.0,80.0,4.0,,310.0,,0.0,11.0,9.0,14.212670403551895,3.0,10.0,1.0,SERIOUS,1
554005968.0,1.0,160128852.0,0.0,,,,,,20.0,30.0,143.0,4.0,50.0,1.0,1.0,,0.0,,0.0,4.0,1.0,1.0,2.0,80.0,69.0,0.0,2.0,0.0,0.0,,,79.0,85.0,63.0,59.0,71.0,59.0,0.0,164.0,4.0,,0.0,,0.0,,,,3.0,27.0,1.0,SERIOUS,1
554005969.0,1.0,160128937.0,7.0,,,,,,1.0,4.0,120.0,1.0,13.0,14.0,4.0,1.0,0.0,,0.0,2.0,1.0,1.0,2.0,80.0,,0.0,2.0,0.0,0.0,,,1.0,10.0,51.0,35.0,16.0,8.0,0.0,154.0,3.0,,0.0,0.0,0.0,,,,3.0,14.0,1.0,SERIOUS,1
554005988.0,1.0,160129786.0,7.0,,,,,,6.0,14.0,154.0,,12.0,1.0,4.0,1.0,0.0,,0.0,2.0,4.0,1.0,2.0,72.0,72.0,0.0,0.0,0.0,0.0,,,0.0,2.0,16.0,42.0,7.0,0.0,-23.0,270.0,4.0,3.0,,350.0,0.0,,,,3.0,14.0,1.0,SERIOUS,1
554006008.0,1.0,160130124.0,0.0,31.0,-16.0,-27.0,541.0,,68.0,4.0,118.0,1.0,15.0,11.0,1.0,1.0,0.0,,0.0,5.0,1.0,1.0,2.0,56.0,16.0,0.0,2.0,1.0,1.0,,,22.0,20.0,25.0,23.0,19.0,16.0,0.0,152.0,2.0,,30.0,,0.0,16.0,27.0,31.38470965295043,3.0,11.0,1.0,SERIOUS,1
554006028.0,1.0,160130354.0,0.0,32.0,-25.0,-21.0,684.0,,68.0,4.0,143.0,,15.0,11.0,1.0,,0.0,,0.0,3.0,1.0,1.0,2.0,72.0,8.0,0.0,2.0,1.0,1.0,,,2.0,16.0,27.0,41.0,0.0,0.0,50.0,297.0,3.0,1.0,50.0,270.0,0.0,25.0,21.0,32.64965543462902,3.0,17.0,1.0,SERIOUS,1
554006049.0,1.0,160130458.0,0.0,13.0,-13.0,-2.0,149.0,,68.0,4.0,180.0,,15.0,11.0,1.0,,0.0,,0.0,2.0,1.0,1.0,2.0,56.0,48.0,0.0,2.0,1.0,0.0,,,0.0,0.0,0.0,13.0,28.0,19.0,123.0,123.0,3.0,,80.0,,0.0,13.0,2.0,13.152946437965905,3.0,10.0,1.0,SERIOUS,1
554006029.0,1.0,160130509.0,7.0,,,,,,1.0,14.0,198.0,1.0,13.0,14.0,4.0,,1.0,9.0,1.0,2.0,2.0,1.0,2.0,72.0,,0.0,2.0,0.0,0.0,,,,,,,,,,,3.0,3.0,,,0.0,,,,4.0,41.0,1.0,SERIOUS,1
554006048.0,1.0,160130746.0,0.0,35.0,12.0,-33.0,643.0,,69.0,4.0,150.0,,62.0,1.0,1.0,,0.0,,0.0,4.0,1.0,1.0,2.0,56.0,64.0,0.0,2.0,1.0,0.0,,,20.0,28.0,38.0,30.0,14.0,3.0,0.0,156.0,2.0,,340.0,,0.0,12.0,33.0,35.11409973215888,3.0,10.0,1.0,SERIOUS,1
554006068.0,1.0,160131058.0,0.0,34.0,12.0,-32.0,,,51.0,14.0,137.0,,62.0,1.0,1.0,,0.0,,0.0,1.0,1.0,1.0,2.0,56.0,56.0,0.0,0.0,0.0,1.0,,,22.0,28.0,41.0,41.0,40.0,41.0,0.0,152.0,2.0,,340.0,,0.0,12.0,32.0,34.17601498127012,3.0,10.0,1.0,SERIOUS,1
554006069.0,1.0,160131118.0,0.0,65.0,-22.0,-61.0,2275.0,,50.0,4.0,138.0,,10.0,14.0,2.0,1.0,2.0,9.0,7.0,2.0,1.0,1.0,2.0,89.0,80.0,0.0,0.0,0.0,0.0,,,20.0,42.0,63.0,65.0,71.0,72.0,0.0,162.0,5.0,3.0,20.0,,0.0,22.0,61.0,64.8459713474939,3.0,10.0,1.0,SERIOUS,1
554006088.0,1.0,160131185.0,0.0,13.0,-10.0,-8.0,158.0,,68.0,20.0,188.0,,15.0,11.0,1.0,,0.0,,0.0,6.0,1.0,1.0,2.0,72.0,40.0,0.0,2.0,1.0,0.0,,,0.0,0.0,1.0,11.0,29.0,29.0,117.0,172.0,2.0,,50.0,,0.0,10.0,8.0,12.806248474865697,3.0,10.0,1.0,SERIOUS,1
554006108.0,1.0,160131684.0,7.0,,,,,,6.0,2.0,107.0,1.0,12.0,1.0,4.0,,0.0,,0.0,3.0,4.0,1.0,2.0,105.0,113.0,0.0,0.0,0.0,2.0,,,,,,,,,,,2.0,,340.0,,0.0,,,,3.0,10.0,1.0,SERIOUS,1
554006128.0,1.0,160132067.0,0.0,22.0,8.0,-21.0,386.0,,69.0,4.0,149.0,,62.0,1.0,1.0,,0.0,,0.0,3.0,3.0,1.0,2.0,56.0,48.0,0.0,1.0,1.0,1.0,,,22.0,21.0,19.0,16.0,11.0,9.0,0.0,154.0,1.0,,340.0,,0.0,8.0,21.0,22.47220505424423,3.0,10.0,1.0,SERIOUS,1
554006148.0,1.0,160132288.0,0.0,68.0,-12.0,-67.0,2523.0,,50.0,4.0,120.0,,10.0,6.0,2.0,1.0,0.0,,0.0,2.0,2.0,1.0,2.0,80.0,80.0,0.0,0.0,0.0,0.0,,,93.0,85.0,82.0,63.0,34.0,5.0,-22.0,146.0,3.0,,10.0,,0.0,12.0,67.0,68.06614430096654,3.0,14.0,1.0,SERIOUS,1
554006168.0,1.0,160132402.0,0.0,99.0,,,10.0,,20.0,14.0,163.0,1.0,50.0,1.0,1.0,1.0,0.0,,0.0,4.0,1.0,1.0,2.0,80.0,,0.0,2.0,1.0,1.0,,,48.0,46.0,53.0,54.0,46.0,39.0,0.0,168.0,3.0,,0.0,,0.0,,,,3.0,22.0,1.0,SERIOUS,1
554006169.0,1.0,160132458.0,0.0,35.0,-22.0,-27.0,776.0,,68.0,1.0,100.0,,15.0,11.0,1.0,1.0,0.0,,0.0,4.0,3.0,2.0,2.0,72.0,24.0,1.0,2.0,1.0,1.0,,,0.0,5.0,14.0,26.0,43.0,86.0,18.0,142.0,5.0,,40.0,,0.0,22.0,27.0,34.828149534535996,3.0,10.0,1.0,SERIOUS,1
554006170.0,1.0,160132505.0,0.0,51.0,17.0,-48.0,1141.0,,51.0,4.0,119.0,,62.0,14.0,2.0,,0.0,,0.0,4.0,1.0,2.0,2.0,40.0,,0.0,0.0,0.0,0.0,,,36.0,51.0,44.0,38.0,32.0,17.0,0.0,154.0,3.0,,340.0,,0.0,17.0,48.0,50.92150822589606,3.0,10.0,1.0,SERIOUS,1
554006171.0,1.0,160132667.0,0.0,21.0,20.0,-7.0,312.0,,82.0,4.0,113.0,,15.0,11.0,1.0,1.0,0.0,,0.0,2.0,5.0,2.0,2.0,40.0,40.0,1.0,2.0,2.0,0.0,,,5.0,11.0,18.0,12.0,14.0,20.0,92.0,225.0,2.0,,290.0,,0.0,20.0,7.0,21.18962010041709,3.0,14.0,1.0,SERIOUS,1
554006189.0,1.0,160133420.0,0.0,33.0,-11.0,-31.0,741.0,,50.0,14.0,184.0,,5.0,1.0,2.0,,0.0,,0.0,2.0,1.0,3.0,2.0,80.0,48.0,,0.0,0.0,0.0,,,11.0,16.0,25.0,38.0,33.0,30.0,0.0,164.0,3.0,,20.0,,1.0,11.0,31.0,32.89376840679705,3.0,10.0,1.0,SERIOUS,1
554006188.0,1.0,160133482.0,0.0,63.0,22.0,-59.0,1218.0,,98.0,4.0,106.0,,62.0,1.0,1.0,1.0,0.0,,0.0,5.0,1.0,1.0,2.0,72.0,72.0,,0.0,0.0,0.0,,,34.0,45.0,50.0,47.0,45.0,0.0,-5.0,152.0,3.0,,340.0,,0.0,22.0,59.0,62.96824596572466,3.0,10.0,1.0,SERIOUS,1
554006208.0,1.0,160133695.0,0.0,20.0,-15.0,-13.0,380.0,,68.0,2.0,123.0,,15.0,11.0,1.0,1.0,0.0,,0.0,4.0,1.0,1.0,2.0,72.0,,,2.0,1.0,1.0,,,9.0,7.0,29.0,21.0,36.0,46.0,150.0,100.0,4.0,,50.0,,0.0,15.0,13.0,19.849433241279208,3.0,14.0,1.0,SERIOUS,1
554006209.0,1.0,160133751.0,0.0,5.0,5.0,1.0,42.0,,7.0,14.0,193.0,,5.0,1.0,4.0,3.0,0.0,,0.0,4.0,2.0,4.0,2.0,89.0,,,0.0,0.0,2.0,,,9.0,8.0,5.0,4.0,1.0,0.0,-177.0,84.0,2.0,1.0,280.0,350.0,0.0,5.0,1.0,5.0990195135927845,4.0,16.0,1.0,SERIOUS,1
554006228.0,1.0,160134344.0,0.0,46.0,16.0,-43.0,2169.0,,51.0,4.0,172.0,1.0,62.0,1.0,1.0,,0.0,,0.0,2.0,1.0,1.0,2.0,89.0,89.0,,0.0,0.0,0.0,,,74.0,73.0,74.0,62.0,47.0,40.0,0.0,166.0,3.0,,340.0,,0.0,16.0,43.0,45.880278987817846,4.0,29.0,2.0,SERIOUS,1
554006268.0,1.0,160134756.0,0.0,,,,,,82.0,4.0,121.0,,15.0,11.0,1.0,1.0,0.0,,0.0,3.0,1.0,2.0,2.0,40.0,32.0,,2.0,1.0,3.0,,,1.0,16.0,41.0,20.0,19.0,0.0,-20.0,290.0,3.0,,280.0,,0.0,,,,5.0,41.0,1.0,CRITICAL,2
554006248.0,1.0,160134836.0,0.0,14.0,-12.0,7.0,118.0,,48.0,4.0,138.0,,5.0,1.0,2.0,4.0,0.0,,0.0,5.0,1.0,4.0,2.0,89.0,89.0,,1.0,0.0,2.0,,,0.0,0.0,1.0,8.0,10.0,0.0,-73.0,100.0,2.0,2.0,120.0,110.0,0.0,12.0,7.0,13.892443989449804,3.0,14.0,1.0,SERIOUS,1
554006288.0,1.0,160135188.0,8.0,,,,,,1.0,14.0,198.0,,13.0,1.0,4.0,,4.0,,2.0,2.0,1.0,1.0,2.0,89.0,,,0.0,0.0,1.0,,,,,,,,,,,4.0,,,,0.0,,,,3.0,10.0,1.0,SERIOUS,1
554006290.0,1.0,160135423.0,0.0,18.0,-18.0,-3.0,330.0,,68.0,6.0,154.0,,15.0,11.0,1.0,1.0,0.0,,0.0,6.0,1.0,1.0,2.0,56.0,,,2.0,0.0,0.0,,,0.0,13.0,30.0,21.0,13.0,1.0,5.0,182.0,3.0,,80.0,,0.0,18.0,3.0,18.24828759089466,3.0,22.0,1.0,SERIOUS,1
554006309.0,1.0,160135757.0,0.0,38.0,-13.0,-36.0,1350.0,,68.0,2.0,152.0,,15.0,11.0,1.0,1.0,0.0,,0.0,3.0,1.0,1.0,2.0,56.0,40.0,,2.0,1.0,1.0,,,54.0,61.0,50.0,45.0,37.0,20.0,-25.0,164.0,3.0,,20.0,,0.0,13.0,36.0,38.27531841800928,3.0,19.0,1.0,SERIOUS,1
554006308.0,1.0,160135873.0,0.0,,,,,,1.0,4.0,151.0,1.0,13.0,14.0,4.0,1.0,0.0,,0.0,2.0,1.0,1.0,2.0,48.0,,,2.0,0.0,1.0,,,42.0,31.0,51.0,50.0,43.0,142.0,60.0,164.0,7.0,,10.0,,0.0,,,,3.0,22.0,1.0,SERIOUS,1
554006308.0,1.0,160136316.0,0.0,,,,,,1.0,4.0,151.0,1.0,13.0,14.0,4.0,1.0,0.0,,0.0,2.0,1.0,1.0,2.0,48.0,,,2.0,0.0,1.0,,,42.0,31.0,51.0,50.0,43.0,142.0,60.0,164.0,7.0,,10.0,,0.0,,,,2.0,6.0,1.0,MINOR,0
554006310.0,1.0,160136374.0,0.0,15.0,3.0,-15.0,156.0,,65.0,4.0,114.0,,62.0,14.0,1.0,,0.0,,0.0,4.0,1.0,1.0,2.0,56.0,56.0,,0.0,0.0,0.0,,,3.0,3.0,2.0,0.0,21.0,1.0,61.0,242.0,3.0,,350.0,,0.0,3.0,15.0,15.297058540778355,3.0,17.0,1.0,SERIOUS,1
554006289.0,1.0,160136572.0,0.0,,,,,,20.0,4.0,120.0,1.0,50.0,1.0,1.0,1.0,0.0,,0.0,4.0,1.0,1.0,2.0,89.0,105.0,,2.0,1.0,1.0,,,1.0,28.0,73.0,93.0,88.0,81.0,42.0,152.0,5.0,1.0,0.0,150.0,0.0,,,,3.0,14.0,1.0,SERIOUS,1
554006330.0,1.0,160136665.0,0.0,15.0,-14.0,-5.0,357.0,,87.0,20.0,178.0,1.0,66.0,14.0,1.0,1.0,1.0,3.0,7.0,5.0,1.0,1.0,2.0,64.0,56.0,,2.0,1.0,0.0,,,0.0,12.0,33.0,31.0,18.0,0.0,61.0,240.0,3.0,2.0,70.0,,0.0,14.0,5.0,14.866068747318506,3.0,11.0,1.0,SERIOUS,1
554006331.0,1.0,160137027.0,0.0,43.0,0.0,-43.0,1730.0,,1.0,14.0,193.0,,13.0,1.0,4.0,,0.0,,0.0,2.0,1.0,1.0,2.0,72.0,,,0.0,0.0,0.0,,,6.0,11.0,16.0,44.0,83.0,95.0,62.0,164.0,4.0,,0.0,,0.0,0.0,43.0,43.0,3.0,10.0,1.0,SERIOUS,1
554006332.0,1.0,160137605.0,0.0,32.0,0.0,-32.0,484.0,,28.0,4.0,158.0,,52.0,14.0,1.0,,0.0,,0.0,4.0,1.0,1.0,2.0,72.0,64.0,,2.0,1.0,1.0,,,24.0,26.0,24.0,21.0,22.0,2.0,-5.0,162.0,3.0,,0.0,,0.0,0.0,32.0,32.0,3.0,19.0,1.0,SERIOUS,1
554006350.0,1.0,160138186.0,0.0,75.0,13.0,-74.0,1423.0,,1.0,4.0,105.0,,13.0,14.0,4.0,,0.0,,0.0,2.0,3.0,1.0,2.0,40.0,129.0,,0.0,0.0,1.0,,,49.0,51.0,55.0,55.0,32.0,19.0,-10.0,152.0,4.0,1.0,350.0,160.0,0.0,13.0,74.0,75.13321502504735,3.0,14.0,1.0,SERIOUS,1
554006371.0,1.0,160138248.0,7.0,,,,,,1.0,31.0,196.0,,13.0,1.0,4.0,,0.0,,0.0,5.0,3.0,1.0,2.0,89.0,105.0,,0.0,0.0,2.0,,,,,,,,,,,,6.0,150.0,10.0,0.0,,,,3.0,10.0,1.0,SERIOUS,1
554006370.0,1.0,160138486.0,0.0,25.0,-16.0,-19.0,463.0,,64.0,1.0,127.0,,6.0,14.0,2.0,4.0,0.0,,0.0,2.0,1.0,1.0,2.0,56.0,85.0,,0.0,0.0,0.0,,,3.0,13.0,25.0,29.0,35.0,0.0,-54.0,200.0,3.0,2.0,40.0,90.0,0.0,16.0,19.0,24.839484696748443,4.0,21.0,1.0,SERIOUS,1
554006372.0,1.0,160138753.0,0.0,5.0,-3.0,4.0,34.0,,76.0,2.0,147.0,,15.0,11.0,1.0,1.0,0.0,,0.0,2.0,1.0,1.0,2.0,56.0,32.0,,2.0,2.0,0.0,,,2.0,2.0,3.0,6.0,6.0,8.0,165.0,71.0,2.0,9.0,140.0,350.0,0.0,3.0,4.0,5.0,3.0,10.0,1.0,SERIOUS,1
554006392.0,1.0,160139497.0,0.0,42.0,-7.0,-41.0,807.0,,50.0,30.0,139.0,,10.0,14.0,2.0,1.0,0.0,,0.0,2.0,1.0,1.0,2.0,72.0,72.0,,0.0,0.0,0.0,,,104.0,28.0,17.0,9.0,2.0,0.0,-42.0,160.0,5.0,,10.0,,0.0,7.0,41.0,41.593268686170845,3.0,14.0,1.0,SERIOUS,1
554006393.0,1.0,160139510.0,0.0,32.0,28.0,-16.0,627.0,,7.0,2.0,124.0,98.0,13.0,14.0,4.0,3.0,0.0,,0.0,2.0,1.0,1.0,2.0,72.0,,,0.0,0.0,0.0,,,0.0,5.0,22.0,53.0,25.0,0.0,-17.0,198.0,4.0,,300.0,,0.0,28.0,16.0,32.2490309931942,3.0,22.0,1.0,SERIOUS,1
554006394.0,1.0,160139523.0,0.0,46.0,8.0,-45.0,1045.0,,28.0,1.0,156.0,,52.0,14.0,1.0,1.0,0.0,,0.0,3.0,1.0,1.0,2.0,89.0,48.0,,1.0,0.0,0.0,,,42.0,45.0,41.0,33.0,24.0,14.0,-28.0,164.0,3.0,,350.0,,0.0,8.0,45.0,45.70557952810576,3.0,10.0,1.0,SERIOUS,1
554006395.0,1.0,160139536.0,7.0,,,,,,6.0,5.0,124.0,,12.0,1.0,4.0,,8.0,37.0,1.0,2.0,2.0,1.0,2.0,97.0,,,0.0,0.0,1.0,,,,,,,,,,,4.0,,,,0.0,,,,4.0,26.0,1.0,SERIOUS,1
554006412.0,1.0,160139563.0,0.0,,,,,,6.0,3.0,115.0,,12.0,1.0,4.0,,0.0,,0.0,2.0,1.0,1.0,2.0,56.0,64.0,,0.0,0.0,0.0,,,65.0,64.0,30.0,13.0,0.0,0.0,-60.0,152.0,4.0,,350.0,,0.0,,,,3.0,14.0,1.0,SERIOUS,1
554006412.0,1.0,160139577.0,0.0,,,,,,6.0,3.0,115.0,,12.0,1.0,4.0,,0.0,,0.0,2.0,1.0,1.0,2.0,56.0,64.0,,0.0,0.0,0.0,,,65.0,64.0,30.0,13.0,0.0,0.0,-60.0,152.0,4.0,,350.0,,0.0,,,,3.0,10.0,1.0,SERIOUS,1
554006412.0,1.0,160139956.0,0.0,,,,,,6.0,3.0,115.0,,12.0,1.0,4.0,,0.0,,0.0,2.0,1.0,1.0,2.0,56.0,64.0,,0.0,0.0,0.0,,,65.0,64.0,30.0,13.0,0.0,0.0,-60.0,152.0,4.0,,350.0,,0.0,,,,3.0,14.0,1.0,SERIOUS,1
369006432.0,1.0,160140683.0,0.0,,,,,,1.0,4.0,200.0,,13.0,14.0,4.0,1.0,0.0,,0.0,2.0,1.0,1.0,2.0,113.0,,,1.0,0.0,2.0,,,10.0,117.0,124.0,83.0,57.0,52.0,41.0,170.0,5.0,,0.0,,1.0,,,,5.0,50.0,2.0,CRITICAL,2
369006432.0,1.0,160140903.0,0.0,,,,,,1.0,4.0,200.0,,13.0,14.0,4.0,1.0,0.0,,0.0,2.0,1.0,1.0,2.0,113.0,,,1.0,0.0,2.0,,,10.0,117.0,124.0,83.0,57.0,52.0,41.0,170.0,5.0,,0.0,,1.0,,,,4.0,29.0,1.0,SERIOUS,1
369006433.0,1.0,160141163.0,0.0,,,,,,98.0,4.0,165.0,,12.0,14.0,4.0,1.0,0.0,,0.0,2.0,1.0,1.0,1.0,0.0,113.0,,3.0,0.0,0.0,,,46.0,35.0,60.0,59.0,21.0,18.0,0.0,166.0,3.0,,0.0,0.0,0.0,,,,3.0,17.0,1.0,SERIOUS,1
369006433.0,1.0,160141238.0,0.0,,,,,,98.0,4.0,165.0,,12.0,14.0,4.0,1.0,0.0,,0.0,2.0,1.0,1.0,1.0,0.0,113.0,,3.0,0.0,0.0,,,46.0,35.0,60.0,59.0,21.0,18.0,0.0,166.0,3.0,,0.0,0.0,0.0,,,,5.0,30.0,3.0,CRITICAL,2
554006452.0,1.0,160141361.0,0.0,45.0,8.0,-44.0,1225.0,,45.0,1.0,139.0,,60.0,1.0,1.0,1.0,0.0,,0.0,5.0,1.0,1.0,2.0,89.0,89.0,,0.0,0.0,2.0,,,50.0,50.0,50.0,46.0,39.0,29.0,0.0,154.0,2.0,1.0,350.0,250.0,0.0,8.0,44.0,44.721359549995796,3.0,10.0,1.0,SERIOUS,1
554006453.0,1.0,160141431.0,0.0,80.0,14.0,-79.0,3603.0,,51.0,5.0,134.0,,62.0,14.0,1.0,1.0,0.0,,0.0,1.0,3.0,2.0,2.0,64.0,48.0,,0.0,0.0,1.0,,,93.0,91.0,86.0,85.0,71.0,30.0,0.0,154.0,5.0,,350.0,,0.0,14.0,79.0,80.23091673413684,3.0,22.0,1.0,SERIOUS,1
554006472.0,1.0,160141769.0,0.0,64.0,-11.0,-63.0,2501.0,,50.0,4.0,156.0,,10.0,14.0,2.0,,0.0,,0.0,2.0,2.0,1.0,2.0,72.0,72.0,,0.0,0.0,0.0,,,83.0,81.0,73.0,56.0,36.0,5.0,-9.0,166.0,5.0,,350.0,,0.0,11.0,63.0,63.953107821277925,3.0,10.0,1.0,SERIOUS,1
554006492.0,1.0,160141872.0,8.0,,,,,,98.0,4.0,110.0,8.0,62.0,1.0,2.0,,0.0,,0.0,3.0,4.0,1.0,2.0,89.0,72.0,,2.0,0.0,1.0,,,18.0,17.0,18.0,17.0,14.0,14.0,0.0,152.0,7.0,,350.0,,0.0,,,,3.0,27.0,1.0,SERIOUS,1
554006493.0,1.0,160141969.0,0.0,20.0,3.0,-20.0,263.0,,51.0,4.0,158.0,,62.0,14.0,1.0,1.0,0.0,,0.0,2.0,3.0,1.0,2.0,56.0,40.0,,0.0,0.0,0.0,,,24.0,19.0,11.0,6.0,0.0,0.0,-51.0,160.0,5.0,,350.0,,0.0,3.0,20.0,20.223748416156685,3.0,10.0,1.0,SERIOUS,1
554006494.0,1.0,160142314.0,6.0,,,,,,7.0,31.0,246.0,8.0,5.0,1.0,4.0,4.0,0.0,,0.0,2.0,4.0,4.0,2.0,56.0,,,0.0,0.0,1.0,,,,,,,,,,,1.0,1.0,110.0,90.0,0.0,,,,3.0,10.0,1.0,SERIOUS,1
554006532.0,1.0,160143724.0,0.0,82.0,0.0,-82.0,4913.0,,2.0,2.0,143.0,4.0,5.0,1.0,4.0,,0.0,,0.0,4.0,1.0,4.0,2.0,56.0,,,0.0,0.0,0.0,,,18.0,40.0,76.0,100.0,110.0,114.0,62.0,160.0,5.0,,0.0,,0.0,0.0,82.0,82.0,3.0,22.0,1.0,SERIOUS,1
554006512.0,1.0,160143855.0,0.0,14.0,0.0,-14.0,97.0,,14.0,3.0,116.0,1.0,14.0,97.0,4.0,1.0,0.0,,0.0,2.0,1.0,1.0,2.0,0.0,,,0.0,0.0,0.0,,,2.0,2.0,2.0,1.0,1.0,0.0,-51.0,154.0,1.0,1.0,350.0,0.0,0.0,0.0,14.0,14.0,3.0,14.0,1.0,SERIOUS,1
554006572.0,1.0,160145231.0,0.0,,,,,,1.0,4.0,139.0,1.0,13.0,1.0,4.0,1.0,0.0,,0.0,2.0,1.0,1.0,2.0,72.0,,,0.0,0.0,0.0,,,0.0,8.0,37.0,38.0,26.0,19.0,2.0,162.0,3.0,1.0,340.0,180.0,0.0,,,,3.0,19.0,1.0,SERIOUS,1
554006592.0,1.0,160145449.0,0.0,15.0,-11.0,-10.0,230.0,,68.0,4.0,147.0,1.0,15.0,11.0,1.0,1.0,0.0,,0.0,4.0,1.0,1.0,2.0,64.0,8.0,,0.0,0.0,0.0,,,1.0,6.0,9.0,16.0,25.0,19.0,117.0,125.0,3.0,,50.0,,0.0,11.0,10.0,14.866068747318506,3.0,14.0,1.0,SERIOUS,1
554006632.0,1.0,160145816.0,0.0,68.0,-12.0,-67.0,2969.0,,6.0,4.0,145.0,1.0,12.0,1.0,4.0,1.0,0.0,,0.0,4.0,1.0,1.0,2.0,64.0,64.0,,2.0,1.0,1.0,,,14.0,37.0,74.0,84.0,77.0,39.0,10.0,158.0,4.0,,10.0,,0.0,12.0,67.0,68.06614430096654,3.0,10.0,1.0,SERIOUS,1
554006612.0,1.0,160146246.0,7.0,,,,,,1.0,14.0,210.0,,13.0,1.0,4.0,1.0,2.0,11.0,5.0,2.0,3.0,1.0,2.0,72.0,64.0,,0.0,0.0,0.0,,,,,,,,,,,4.0,1.0,,,0.0,,,,3.0,17.0,1.0,SERIOUS,1
554006652.0,1.0,160146620.0,0.0,39.0,30.0,-25.0,1049.0,,1.0,4.0,155.0,,13.0,1.0,4.0,3.0,0.0,,0.0,2.0,1.0,2.0,2.0,72.0,,,0.0,0.0,0.0,,,17.0,50.0,55.0,26.0,12.0,5.0,-12.0,145.0,4.0,,310.0,,0.0,30.0,25.0,39.05124837953327,4.0,36.0,1.0,SERIOUS,1
554006552.0,1.0,160146828.0,0.0,64.0,-11.0,-63.0,3094.0,,,14.0,182.0,1.0,13.0,1.0,4.0,,0.0,,0.0,2.0,4.0,1.0,2.0,72.0,,,0.0,0.0,0.0,,,19.0,23.0,33.0,65.0,97.0,115.0,44.0,158.0,5.0,,10.0,,0.0,11.0,63.0,63.953107821277925,3.0,22.0,1.0,SERIOUS,1
554006672.0,1.0,160147254.0,0.0,,,,,,64.0,15.0,252.0,1.0,10.0,1.0,4.0,1.0,0.0,,0.0,3.0,1.0,1.0,2.0,105.0,65.0,,0.0,0.0,1.0,,,26.0,52.0,58.0,41.0,8.0,1.0,0.0,175.0,3.0,,20.0,,0.0,,,,3.0,10.0,1.0,SERIOUS,1
554006692.0,1.0,160147976.0,8.0,,,,,,64.0,1.0,129.0,,6.0,1.0,1.0,,0.0,,0.0,3.0,1.0,1.0,2.0,89.0,121.0,,0.0,0.0,1.0,,,0.0,8.0,36.0,61.0,16.0,0.0,-31.0,198.0,,,,,0.0,,,,3.0,14.0,1.0,SERIOUS,1
554006712.0,1.0,160148198.0,0.0,26.0,23.0,-13.0,244.0,,82.0,4.0,115.0,11.0,15.0,11.0,1.0,1.0,0.0,,0.0,3.0,1.0,1.0,2.0,72.0,16.0,,2.0,2.0,1.0,,,1.0,1.0,9.0,8.0,9.0,2.0,0.0,342.0,2.0,,300.0,,0.0,23.0,13.0,26.419689627245813,3.0,14.0,1.0,SERIOUS,1
554006713.0,1.0,160149192.0,0.0,50.0,-9.0,-49.0,1201.0,,50.0,1.0,82.0,,10.0,1.0,2.0,,2.0,6.0,7.0,2.0,1.0,1.0,2.0,72.0,,,0.0,0.0,0.0,,,23.0,38.0,41.0,48.0,57.0,83.0,26.0,134.0,6.0,3.0,20.0,,0.0,9.0,49.0,49.8196748283246,4.0,26.0,1.0,SERIOUS,1
554006733.0,1.0,160149330.0,0.0,42.0,36.0,-21.0,1311.0,,82.0,4.0,125.0,,15.0,11.0,1.0,1.0,0.0,,0.0,3.0,1.0,1.0,2.0,40.0,16.0,,2.0,1.0,1.0,,,0.0,12.0,56.0,45.0,30.0,0.0,-23.0,210.0,4.0,,300.0,,0.0,36.0,21.0,41.677331968349414,3.0,17.0,1.0,SERIOUS,1
554006752.0,1.0,160149416.0,0.0,70.0,0.0,-70.0,3591.0,,6.0,14.0,176.0,1.0,12.0,1.0,4.0,,0.0,,0.0,2.0,1.0,1.0,2.0,72.0,64.0,,0.0,0.0,0.0,,,72.0,77.0,63.0,40.0,16.0,0.0,-26.0,164.0,3.0,1.0,0.0,350.0,0.0,0.0,70.0,70.0,3.0,22.0,1.0,SERIOUS,1
554006772.0,1.0,160149790.0,0.0,12.0,2.0,-12.0,97.0,,11.0,4.0,155.0,1.0,10.0,1.0,2.0,1.0,0.0,,0.0,2.0,4.0,1.0,2.0,40.0,40.0,,0.0,0.0,0.0,,,7.0,1.0,0.0,0.0,0.0,0.0,-66.0,162.0,5.0,,350.0,,0.0,2.0,12.0,12.165525060596439,4.0,17.0,1.0,SERIOUS,1
554006792.0,1.0,160150012.0,0.0,13.0,-12.0,-4.0,115.0,,87.0,14.0,148.0,1.0,17.0,1.0,1.0,1.0,0.0,,0.0,2.0,1.0,1.0,2.0,80.0,56.0,,2.0,1.0,3.0,,,0.0,0.0,2.0,11.0,6.0,1.0,97.0,166.0,2.0,2.0,50.0,90.0,0.0,12.0,4.0,12.649110640673518,3.0,10.0,1.0,SERIOUS,1
160006793.0,1.0,160150171.0,0.0,30.0,26.0,-15.0,623.0,,82.0,2.0,152.0,,15.0,11.0,1.0,1.0,0.0,,0.0,2.0,1.0,1.0,2.0,72.0,24.0,,2.0,2.0,0.0,,,0.0,12.0,27.0,34.0,15.0,0.0,-4.0,217.0,3.0,2.0,300.0,170.0,0.0,26.0,15.0,30.01666203960727,4.0,17.0,1.0,SERIOUS,1
554006812.0,1.0,160150621.0,0.0,35.0,22.0,-27.0,1485.0,,86.0,5.0,134.0,,17.0,1.0,1.0,1.0,0.0,,0.0,3.0,1.0,2.0,2.0,72.0,64.0,,2.0,1.0,3.0,,,32.0,30.0,38.0,42.0,47.0,36.0,16.0,152.0,4.0,,330.0,,0.0,22.0,27.0,34.828149534535996,3.0,14.0,1.0,SERIOUS,1
554006832.0,1.0,160150675.0,0.0,24.0,18.0,-15.0,365.0,,82.0,2.0,119.0,1.0,15.0,11.0,1.0,1.0,0.0,,0.0,2.0,1.0,1.0,2.0,72.0,8.0,,2.0,2.0,0.0,,,0.0,11.0,26.0,31.0,31.0,45.0,134.0,105.0,4.0,,310.0,,0.0,18.0,15.0,23.430749027719962,3.0,10.0,1.0,SERIOUS,1
554006833.0,1.0,160151049.0,0.0,23.0,22.0,-8.0,548.0,,82.0,4.0,157.0,1.0,15.0,11.0,1.0,1.0,0.0,,0.0,4.0,3.0,2.0,2.0,40.0,16.0,,2.0,2.0,0.0,,,2.0,20.0,24.0,36.0,2.0,2.0,20.0,180.0,3.0,,290.0,,0.0,22.0,8.0,23.40939982143925,4.0,21.0,1.0,SERIOUS,1
554006852.0,1.0,160151406.0,0.0,21.0,-20.0,-7.0,731.0,,87.0,4.0,171.0,,17.0,1.0,1.0,1.0,0.0,,0.0,4.0,1.0,1.0,2.0,72.0,24.0,,2.0,1.0,1.0,,,8.0,26.0,24.0,22.0,9.0,0.0,72.0,195.0,3.0,1.0,70.0,90.0,0.0,20.0,7.0,21.18962010041709,4.0,21.0,1.0,SERIOUS,1
554006892.0,1.0,160151944.0,0.0,57.0,-49.0,-28.0,4933.0,,68.0,20.0,188.0,1.0,15.0,11.0,1.0,1.0,0.0,,0.0,3.0,2.0,1.0,2.0,89.0,16.0,,2.0,1.0,1.0,,,0.0,70.0,62.0,48.0,33.0,0.0,29.0,228.0,4.0,,70.0,290.0,0.0,49.0,28.0,56.43580423808985,3.0,14.0,1.0,SERIOUS,1
554006872.0,1.0,160152088.0,7.0,,,,,,13.0,4.0,121.0,,87.0,1.0,1.0,,0.0,,0.0,2.0,2.0,1.0,2.0,56.0,64.0,,0.0,0.0,0.0,,,13.0,10.0,10.0,11.0,16.0,15.0,-32.0,152.0,7.0,,,,0.0,,,,5.0,30.0,1.0,CRITICAL,2
554006912.0,1.0,160152321.0,0.0,20.0,20.0,-3.0,343.0,,89.0,14.0,171.0,,66.0,4.0,1.0,1.0,0.0,,0.0,3.0,1.0,1.0,2.0,80.0,8.0,,2.0,1.0,1.0,,,2.0,1.0,6.0,17.0,20.0,4.0,88.0,197.0,3.0,1.0,280.0,270.0,0.0,20.0,3.0,20.223748416156685,4.0,21.0,1.0,SERIOUS,1
554006913.0,1.0,160152431.0,0.0,18.0,-6.0,-17.0,251.0,,6.0,2.0,152.0,1.0,12.0,1.0,4.0,,0.0,,0.0,3.0,2.0,1.0,2.0,105.0,105.0,,0.0,0.0,3.0,,,8.0,3.0,2.0,2.0,6.0,34.0,0.0,164.0,2.0,1.0,20.0,90.0,0.0,6.0,17.0,18.027756377319946,3.0,14.0,1.0,SERIOUS,1
554006932.0,1.0,160153577.0,0.0,49.0,17.0,-46.0,1131.0,,51.0,5.0,111.0,1.0,62.0,14.0,1.0,1.0,0.0,,0.0,3.0,1.0,1.0,2.0,56.0,56.0,,0.0,0.0,0.0,,,58.0,55.0,54.0,27.0,4.0,0.0,-23.0,152.0,3.0,,340.0,,0.0,17.0,46.0,49.040799340956916,3.0,11.0,1.0,SERIOUS,1
554006952.0,1.0,160153767.0,0.0,101.0,0.0,-101.0,8761.0,,1.0,15.0,201.0,,13.0,14.0,4.0,1.0,1.0,,1.0,3.0,4.0,1.0,2.0,105.0,101.0,,0.0,0.0,1.0,,,30.0,44.0,77.0,130.0,137.0,138.0,35.0,174.0,6.0,,0.0,,0.0,0.0,101.0,101.0,3.0,22.0,1.0,SERIOUS,1
554006973.0,1.0,160153906.0,0.0,71.0,0.0,-71.0,3898.0,,1.0,4.0,164.0,,6.0,1.0,4.0,1.0,0.0,,0.0,2.0,2.0,1.0,2.0,56.0,,,0.0,0.0,0.0,,,46.0,71.0,83.0,86.0,86.0,55.0,0.0,150.0,4.0,,0.0,,1.0,0.0,71.0,71.0,4.0,24.0,1.0,SERIOUS,1
554006974.0,1.0,160154029.0,0.0,43.0,-21.0,-37.0,1106.0,,68.0,4.0,128.0,1.0,15.0,11.0,1.0,1.0,0.0,,0.0,4.0,1.0,1.0,2.0,64.0,48.0,,2.0,0.0,1.0,,,0.0,21.0,29.0,38.0,43.0,55.0,0.0,156.0,2.0,,30.0,,0.0,21.0,37.0,42.5440947723653,4.0,26.0,1.0,SERIOUS,1
554006973.0,1.0,160154113.0,0.0,71.0,0.0,-71.0,3898.0,,1.0,4.0,164.0,,6.0,1.0,4.0,1.0,0.0,,0.0,2.0,2.0,1.0,2.0,56.0,,,0.0,0.0,0.0,,,46.0,71.0,83.0,86.0,86.0,55.0,0.0,150.0,4.0,,0.0,,1.0,0.0,71.0,71.0,4.0,34.0,1.0,SERIOUS,1
554006974.0,1.0,160154223.0,0.0,43.0,-21.0,-37.0,1106.0,,68.0,4.0,128.0,1.0,15.0,11.0,1.0,1.0,0.0,,0.0,4.0,1.0,1.0,2.0,64.0,48.0,,2.0,0.0,1.0,,,0.0,21.0,29.0,38.0,43.0,55.0,0.0,156.0,2.0,,30.0,,0.0,21.0,37.0,42.5440947723653,4.0,17.0,1.0,SERIOUS,1
554006992.0,1.0,160154932.0,0.0,50.0,17.0,-47.0,1458.0,,51.0,3.0,133.0,1.0,62.0,1.0,1.0,1.0,0.0,,0.0,2.0,1.0,1.0,2.0,80.0,72.0,,0.0,0.0,0.0,,,66.0,46.0,29.0,19.0,13.0,9.0,-37.0,154.0,9.0,,340.0,,0.0,17.0,47.0,49.9799959983992,5.0,38.0,1.0,CRITICAL,2
554007012.0,1.0,160155271.0,0.0,26.0,24.0,-9.0,644.0,,81.0,14.0,159.0,1.0,67.0,1.0,1.0,1.0,0.0,,0.0,4.0,3.0,2.0,2.0,72.0,72.0,,2.0,1.0,1.0,,,0.0,21.0,28.0,13.0,15.0,0.0,108.0,231.0,3.0,1.0,290.0,110.0,0.0,24.0,9.0,25.632011235952593,3.0,22.0,1.0,SERIOUS,1
554007013.0,1.0,160155942.0,0.0,26.0,26.0,-5.0,698.0,,82.0,4.0,162.0,1.0,15.0,11.0,2.0,1.0,0.0,,0.0,3.0,1.0,1.0,2.0,40.0,16.0,,2.0,2.0,0.0,,,19.0,23.0,33.0,25.0,22.0,2.0,-20.0,209.0,3.0,,280.0,,0.0,26.0,5.0,26.476404589747453,3.0,17.0,1.0,SERIOUS,1
554007036.0,1.0,160157049.0,0.0,27.0,-21.0,-17.0,445.0,,88.0,2.0,122.0,3.0,55.0,1.0,1.0,2.0,0.0,,0.0,4.0,2.0,1.0,2.0,72.0,24.0,,2.0,1.0,1.0,,,31.0,18.0,23.0,24.0,19.0,5.0,0.0,147.0,2.0,1.0,50.0,180.0,0.0,21.0,17.0,27.018512172212592,3.0,17.0,1.0,SERIOUS,1
554007055.0,1.0,160157102.0,0.0,,,,,,1.0,2.0,123.0,2.0,6.0,3.0,4.0,4.0,0.0,,0.0,2.0,1.0,1.0,2.0,48.0,97.0,,0.0,6.0,0.0,,,0.0,7.0,25.0,19.0,2.0,0.0,-20.0,275.0,3.0,2.0,290.0,10.0,0.0,,,,3.0,17.0,1.0,SERIOUS,1
554007016.0,1.0,160157159.0,7.0,,,,,,6.0,6.0,141.0,1.0,9.0,1.0,4.0,1.0,2.0,44.0,6.0,2.0,1.0,1.0,2.0,89.0,89.0,,0.0,0.0,0.0,,,0.0,7.0,10.0,14.0,14.0,0.0,80.0,192.0,2.0,3.0,0.0,,0.0,,,,3.0,11.0,1.0,SERIOUS,1
554007015.0,1.0,160157350.0,0.0,61.0,31.0,-53.0,2052.0,,50.0,4.0,122.0,1.0,10.0,1.0,2.0,1.0,0.0,,0.0,2.0,1.0,1.0,2.0,89.0,89.0,,0.0,0.0,0.0,,,79.0,67.0,50.0,27.0,22.0,24.0,-21.0,136.0,4.0,2.0,330.0,260.0,0.0,31.0,53.0,61.40032573203501,4.0,34.0,1.0,SERIOUS,1
554007035.0,1.0,160157475.0,0.0,33.0,11.0,-31.0,812.0,,51.0,5.0,131.0,1.0,62.0,1.0,1.0,1.0,0.0,,0.0,2.0,1.0,2.0,2.0,48.0,48.0,,0.0,0.0,0.0,,,44.0,38.0,30.0,19.0,6.0,0.0,-25.0,150.0,3.0,1.0,340.0,160.0,0.0,11.0,31.0,32.89376840679705,3.0,22.0,1.0,SERIOUS,1
554007056.0,1.0,160158100.0,0.0,29.0,14.0,-25.0,768.0,,50.0,4.0,128.0,1.0,9.0,3.0,2.0,1.0,0.0,,0.0,3.0,5.0,1.0,1.0,72.0,64.0,,2.0,1.0,1.0,,,27.0,34.0,35.0,23.0,1.0,0.0,-61.0,156.0,2.0,3.0,330.0,0.0,0.0,14.0,25.0,28.653097563788805,4.0,24.0,1.0,SERIOUS,1
554007057.0,1.0,160158143.0,0.0,41.0,39.0,-14.0,1216.0,,2.0,2.0,149.0,4.0,9.0,1.0,4.0,3.0,0.0,,0.0,4.0,2.0,1.0,2.0,113.0,113.0,,0.0,0.0,1.0,,,0.0,14.0,41.0,61.0,17.0,0.0,-19.0,242.0,4.0,,290.0,,0.0,39.0,14.0,41.43669871020132,4.0,34.0,1.0,SERIOUS,1
554007058.0,1.0,160158195.0,8.0,,,,,,7.0,3.0,120.0,1.0,6.0,1.0,4.0,4.0,6.0,35.0,1.0,2.0,2.0,2.0,2.0,56.0,64.0,,0.0,0.0,0.0,,,,,,,,,,,4.0,,,,0.0,,,,5.0,26.0,1.0,CRITICAL,2
701007095.0,1.0,160158594.0,0.0,,,,,,47.0,4.0,144.0,2.0,9.0,6.0,2.0,4.0,0.0,,0.0,3.0,1.0,2.0,2.0,89.0,89.0,,0.0,0.0,2.0,,,0.0,5.0,15.0,21.0,36.0,35.0,129.0,205.0,3.0,3.0,300.0,230.0,0.0,,,,3.0,14.0,1.0,SERIOUS,1
701007075.0,1.0,160158735.0,0.0,30.0,10.0,-28.0,322.0,,51.0,4.0,121.0,1.0,54.0,1.0,1.0,1.0,0.0,,0.0,2.0,2.0,1.0,2.0,72.0,72.0,,0.0,0.0,0.0,,,20.0,18.0,15.0,12.0,5.0,4.0,-31.0,150.0,9.0,,340.0,,0.0,10.0,28.0,29.732137494637012,3.0,22.0,1.0,SERIOUS,1
599000005.0,1.0,286000006.0,0.0,,,,,,69.0,20.0,198.0,1.0,62.0,14.0,1.0,1.0,0.0,,0.0,3.0,1.0,1.0,2.0,72.0,,0.0,2.0,1.0,2.0,6.0,0.0,27.0,13.0,17.0,12.0,0.0,0.0,-46.0,175.0,4.0,,350.0,,0.0,,,,3.0,10.0,1.0,SERIOUS,1
599000009.0,1.0,286000090.0,0.0,36.0,0.0,-36.0,900.0,,64.0,4.0,154.0,1.0,10.0,1.0,2.0,1.0,0.0,,0.0,2.0,1.0,1.0,2.0,72.0,,0.0,0.0,0.0,0.0,1.0,0.0,36.0,56.0,37.0,22.0,6.0,0.0,-36.0,165.0,3.0,1.0,0.0,350.0,0.0,0.0,36.0,36.0,3.0,10.0,1.0,SERIOUS,1
599000012.0,1.0,286000104.0,2.0,,,,,,82.0,4.0,122.0,1.0,15.0,11.0,1.0,1.0,0.0,,0.0,3.0,1.0,1.0,2.0,64.0,,0.0,2.0,2.0,0.0,1.0,1.0,14.0,13.0,14.0,11.0,5.0,0.0,-147.0,199.0,2.0,,320.0,,0.0,,,,2.0,5.0,1.0,MINOR,0
599000011.0,1.0,286000506.0,0.0,22.0,8.0,-21.0,456.0,,98.0,14.0,178.0,2.0,62.0,1.0,1.0,1.0,0.0,,0.0,2.0,1.0,1.0,2.0,64.0,,0.0,0.0,0.0,0.0,6.0,0.0,38.0,28.0,24.0,10.0,0.0,0.0,-10.0,160.0,3.0,,340.0,,0.0,8.0,21.0,22.47220505424423,2.0,9.0,1.0,MINOR,0
599000013.0,1.0,286000735.0,0.0,68.0,12.0,67.0,6770.0,,22.0,20.0,198.0,1.0,53.0,5.0,1.0,1.0,0.0,,0.0,2.0,1.0,1.0,2.0,72.0,0.0,0.0,2.0,0.0,0.0,1.0,1.0,123.0,118.0,107.0,100.0,77.0,33.0,0.0,180.0,4.0,,190.0,,0.0,12.0,67.0,68.06614430096654,5.0,30.0,1.0,CRITICAL,2
599000010.0,1.0,286000778.0,8.0,,,,,,89.0,20.0,176.0,1.0,66.0,1.0,1.0,1.0,1.0,0.0,7.0,2.0,1.0,1.0,2.0,72.0,,0.0,2.0,0.0,0.0,6.0,0.0,0.0,23.0,38.0,26.0,12.0,0.0,-48.0,99.0,4.0,2.0,,280.0,0.0,,,,2.0,5.0,1.0,MINOR,0
599000010.0,1.0,286000836.0,8.0,,,,,,89.0,20.0,176.0,1.0,66.0,1.0,1.0,1.0,1.0,0.0,7.0,2.0,1.0,1.0,2.0,72.0,,0.0,2.0,0.0,0.0,6.0,0.0,0.0,23.0,38.0,26.0,12.0,0.0,-48.0,99.0,4.0,2.0,,280.0,0.0,,,,3.0,14.0,1.0,SERIOUS,1
599000012.0,1.0,286002144.0,2.0,,,,,,82.0,4.0,122.0,1.0,15.0,11.0,1.0,1.0,0.0,,0.0,3.0,1.0,1.0,2.0,64.0,,0.0,2.0,2.0,0.0,1.0,1.0,14.0,13.0,14.0,11.0,5.0,0.0,-147.0,199.0,2.0,,320.0,,0.0,,,,4.0,34.0,1.0,SERIOUS,1
599000057.0,1.0,286002628.0,0.0,63.0,11.0,62.0,2500.0,,6.0,3.0,129.0,6.0,60.0,14.0,4.0,1.0,0.0,,0.0,3.0,2.0,1.0,2.0,72.0,,0.0,0.0,0.0,1.0,,,26.0,60.0,132.0,130.0,51.0,39.0,10.0,160.0,6.0,1.0,190.0,350.0,0.0,11.0,62.0,62.96824596572466,3.0,14.0,1.0,SERIOUS,1
599000004.0,1.0,286002845.0,0.0,,,,,,69.0,15.0,264.0,12.0,62.0,1.0,1.0,1.0,1.0,0.0,1.0,5.0,1.0,1.0,2.0,48.0,,0.0,2.0,1.0,0.0,1.0,1.0,0.0,14.0,14.0,9.0,10.0,0.0,62.0,366.0,3.0,3.0,320.0,240.0,0.0,,,,2.0,5.0,1.0,MINOR,0
599000077.0,1.0,286005856.0,8.0,,,,,,7.0,4.0,126.0,6.0,6.0,1.0,4.0,2.0,1.0,2.0,5.0,2.0,1.0,1.0,2.0,72.0,105.0,0.0,0.0,0.0,0.0,,,,,,,,,,,6.0,2.0,,,0.0,,,,5.0,27.0,1.0,CRITICAL,2
599000008.0,1.0,286006765.0,0.0,33.0,-32.0,-6.0,934.0,,98.0,3.0,123.0,1.0,15.0,12.0,2.0,1.0,0.0,,0.0,2.0,1.0,1.0,2.0,72.0,,0.0,2.0,1.0,1.0,0.0,0.0,27.0,36.0,34.0,16.0,7.0,0.0,-117.0,289.0,3.0,,80.0,,0.0,32.0,6.0,32.55764119219941,3.0,22.0,1.0,SERIOUS,1
599000138.0,1.0,286006919.0,0.0,36.0,6.0,-35.0,187.0,,51.0,4.0,154.0,1.0,62.0,1.0,1.0,1.0,0.0,,0.0,5.0,2.0,2.0,2.0,64.0,,,0.0,0.0,0.0,,,0.0,0.0,0.0,1.0,0.0,19.0,55.0,170.0,1.0,,350.0,,0.0,6.0,35.0,35.510561809129406,3.0,10.0,1.0,SERIOUS,1
599000138.0,1.0,286006965.0,0.0,36.0,6.0,-35.0,187.0,,51.0,4.0,154.0,1.0,62.0,1.0,1.0,1.0,0.0,,0.0,5.0,2.0,2.0,2.0,64.0,,,0.0,0.0,0.0,,,0.0,0.0,0.0,1.0,0.0,19.0,55.0,170.0,1.0,,350.0,,0.0,6.0,35.0,35.510561809129406,1.0,3.0,1.0,MINOR,0
599000158.0,1.0,286007001.0,0.0,36.0,-34.0,-12.0,560.0,,87.0,4.0,117.0,1.0,17.0,1.0,1.0,1.0,0.0,,0.0,3.0,2.0,3.0,2.0,56.0,,,2.0,1.0,0.0,,,0.0,1.0,18.0,30.0,21.0,5.0,81.0,318.0,3.0,,70.0,,0.0,34.0,12.0,36.05551275463989,3.0,14.0,1.0,SERIOUS,1
599000158.0,1.0,286007017.0,0.0,36.0,-34.0,-12.0,560.0,,87.0,4.0,117.0,1.0,17.0,1.0,1.0,1.0,0.0,,0.0,3.0,2.0,3.0,2.0,56.0,,,2.0,1.0,0.0,,,0.0,1.0,18.0,30.0,21.0,5.0,81.0,318.0,3.0,,70.0,,0.0,34.0,12.0,36.05551275463989,2.0,5.0,1.0,MINOR,0
599000142.0,1.0,286007029.0,0.0,28.0,14.0,-24.0,285.0,,69.0,6.0,142.0,1.0,62.0,1.0,1.0,1.0,0.0,,0.0,2.0,1.0,1.0,2.0,80.0,,,2.0,0.0,0.0,,,34.0,24.0,5.0,0.0,0.0,0.0,-60.0,160.0,6.0,,330.0,,0.0,14.0,24.0,27.784887978899608,4.0,17.0,1.0,SERIOUS,1
599000141.0,1.0,286007050.0,0.0,25.0,22.0,-12.0,534.0,,89.0,20.0,152.0,1.0,17.0,1.0,1.0,1.0,0.0,,0.0,2.0,2.0,1.0,2.0,40.0,,,2.0,1.0,0.0,,,0.0,2.0,53.0,49.0,39.0,0.0,-63.0,297.0,4.0,,300.0,,0.0,22.0,12.0,25.059928172283335,5.0,25.0,1.0,CRITICAL,2
599000160.0,1.0,286007497.0,0.0,40.0,20.0,-35.0,1184.0,,,4.0,121.0,1.0,62.0,1.0,1.0,1.0,0.0,,0.0,2.0,2.0,1.0,2.0,56.0,,,0.0,0.0,0.0,,,54.0,45.0,52.0,40.0,24.0,19.0,0.0,150.0,3.0,1.0,330.0,100.0,0.0,20.0,35.0,40.311288741492746,2.0,9.0,1.0,MINOR,0
599000117.0,1.0,286007522.0,0.0,29.0,-5.0,-29.0,720.0,,3.0,20.0,202.0,7.0,51.0,1.0,2.0,1.0,0.0,,0.0,1.0,1.0,1.0,2.0,40.0,,0.0,0.0,0.0,3.0,,,1.0,5.0,16.0,28.0,32.0,23.0,40.0,180.0,2.0,,10.0,,0.0,5.0,29.0,29.427877939124322,2.0,5.0,1.0,MINOR,0
599000037.0,1.0,286007587.0,0.0,,,,,,83.0,14.0,184.0,1.0,15.0,11.0,1.0,1.0,0.0,,0.0,2.0,1.0,1.0,2.0,56.0,,0.0,2.0,2.0,0.0,,,4.0,0.0,50.0,53.0,1.0,9.0,0.0,451.0,3.0,1.0,280.0,140.0,0.0,,,,1.0,1.0,1.0,MINOR,0
599000137.0,1.0,286007636.0,8.0,,,,,,22.0,4.0,127.0,1.0,53.0,5.0,1.0,1.0,0.0,,0.0,4.0,2.0,1.0,2.0,72.0,,0.0,2.0,1.0,0.0,,,36.0,55.0,72.0,77.0,79.0,76.0,26.0,165.0,6.0,,180.0,,0.0,,,,4.0,17.0,1.0,SERIOUS,1
599000138.0,2.0,286007697.0,0.0,30.0,5.0,-30.0,1540.0,,50.0,20.0,175.0,1.0,10.0,1.0,2.0,2.0,0.0,,0.0,5.0,2.0,2.0,2.0,64.0,,,0.0,0.0,0.0,,,19.0,32.0,43.0,49.0,47.0,41.0,28.0,175.0,4.0,1.0,10.0,0.0,0.0,5.0,30.0,30.4138126514911,3.0,14.0,1.0,SERIOUS,1
599000140.0,1.0,286007700.0,7.0,,,,,,50.0,4.0,128.0,1.0,10.0,14.0,2.0,1.0,0.0,,0.0,2.0,1.0,1.0,2.0,64.0,,0.0,0.0,0.0,0.0,,,38.0,37.0,51.0,36.0,16.0,0.0,-52.0,160.0,3.0,1.0,10.0,190.0,0.0,,,,3.0,22.0,1.0,SERIOUS,1
599000037.0,1.0,286008089.0,0.0,,,,,,83.0,14.0,184.0,1.0,15.0,11.0,1.0,1.0,0.0,,0.0,2.0,1.0,1.0,2.0,56.0,,0.0,2.0,2.0,0.0,,,4.0,0.0,50.0,53.0,1.0,9.0,0.0,451.0,3.0,1.0,280.0,140.0,0.0,,,,4.0,41.0,1.0,SERIOUS,1
599000185.0,1.0,286008704.0,0.0,21.0,21.0,-4.0,446.0,,89.0,4.0,166.0,1.0,66.0,1.0,1.0,1.0,0.0,,0.0,2.0,1.0,1.0,2.0,56.0,,,2.0,1.0,0.0,,,2.0,39.0,33.0,23.0,10.0,0.0,-50.0,209.0,3.0,,280.0,,0.0,21.0,4.0,21.37755832643195,3.0,10.0,1.0,SERIOUS,1
599000186.0,1.0,286008728.0,0.0,,,,,,89.0,4.0,148.0,1.0,17.0,1.0,1.0,1.0,0.0,,0.0,3.0,1.0,1.0,2.0,56.0,,,2.0,1.0,0.0,,,37.0,51.0,39.0,36.0,16.0,4.0,-60.0,290.0,3.0,2.0,260.0,270.0,0.0,,,,4.0,17.0,1.0,SERIOUS,1
599000097.0,1.0,286008874.0,0.0,30.0,23.0,-19.0,1014.0,,89.0,14.0,121.0,1.0,17.0,1.0,1.0,1.0,0.0,,0.0,2.0,3.0,1.0,2.0,40.0,,0.0,2.0,1.0,0.0,6.0,0.0,0.0,7.0,45.0,42.0,33.0,0.0,-46.0,258.0,3.0,,310.0,,0.0,23.0,19.0,29.832867780352597,2.0,5.0,1.0,MINOR,0
599000097.0,1.0,286008904.0,0.0,30.0,23.0,-19.0,1014.0,,89.0,14.0,121.0,1.0,17.0,1.0,1.0,1.0,0.0,,0.0,2.0,3.0,1.0,2.0,40.0,,0.0,2.0,1.0,0.0,6.0,0.0,0.0,7.0,45.0,42.0,33.0,0.0,-46.0,258.0,3.0,,310.0,,0.0,23.0,19.0,29.832867780352597,4.0,21.0,1.0,SERIOUS,1
599000097.0,1.0,286008920.0,0.0,30.0,23.0,-19.0,1014.0,,89.0,14.0,121.0,1.0,17.0,1.0,1.0,1.0,0.0,,0.0,2.0,3.0,1.0,2.0,40.0,,0.0,2.0,1.0,0.0,6.0,0.0,0.0,7.0,45.0,42.0,33.0,0.0,-46.0,258.0,3.0,,310.0,,0.0,23.0,19.0,29.832867780352597,3.0,14.0,1.0,SERIOUS,1
599000207.0,1.0,286008946.0,0.0,20.0,0.0,-20.0,320.0,,1.0,4.0,167.0,6.0,13.0,14.0,4.0,1.0,0.0,,0.0,2.0,1.0,1.0,2.0,56.0,,,0.0,0.0,0.0,,,7.0,8.0,10.0,12.0,12.0,36.0,65.0,160.0,2.0,,0.0,,0.0,0.0,20.0,20.0,3.0,9.0,1.0,SERIOUS,1
599000206.0,1.0,286008972.0,0.0,28.0,0.0,28.0,527.0,,21.0,4.0,112.0,1.0,53.0,5.0,1.0,1.0,0.0,,0.0,4.0,1.0,1.0,2.0,56.0,,,2.0,1.0,0.0,,,9.0,34.0,40.0,35.0,27.0,25.0,0.0,155.0,5.0,1.0,180.0,0.0,0.0,0.0,28.0,28.0,3.0,19.0,1.0,SERIOUS,1
599000158.0,1.0,286010436.0,0.0,36.0,-34.0,-12.0,560.0,,87.0,4.0,117.0,1.0,17.0,1.0,1.0,1.0,0.0,,0.0,3.0,2.0,3.0,2.0,56.0,,,2.0,1.0,0.0,,,0.0,1.0,18.0,30.0,21.0,5.0,81.0,318.0,3.0,,70.0,,0.0,34.0,12.0,36.05551275463989,2.0,5.0,1.0,MINOR,0
599000226.0,1.0,286010817.0,0.0,19.0,19.0,-3.0,462.0,,82.0,20.0,193.0,1.0,15.0,11.0,1.0,1.0,0.0,,0.0,2.0,1.0,1.0,2.0,56.0,,,2.0,2.0,0.0,,,0.0,22.0,42.0,24.0,13.0,0.0,-52.0,278.0,3.0,1.0,280.0,170.0,0.0,19.0,3.0,19.235384061671343,3.0,17.0,1.0,SERIOUS,1
599000246.0,1.0,286011122.0,8.0,,,,,,7.0,4.0,122.0,1.0,6.0,1.0,4.0,4.0,2.0,8.0,6.0,2.0,2.0,1.0,2.0,64.0,,,0.0,0.0,2.0,,,1.0,44.0,0.0,0.0,0.0,0.0,107.0,120.0,3.0,3.0,80.0,,0.0,,,,4.0,34.0,1.0,SERIOUS,1
599000266.0,1.0,286011927.0,3.0,,,,,,24.0,14.0,149.0,1.0,51.0,1.0,1.0,1.0,3.0,,6.0,2.0,1.0,1.0,2.0,56.0,,,0.0,0.0,0.0,,,12.0,24.0,32.0,17.0,1.0,0.0,-24.0,165.0,2.0,1.0,10.0,10.0,0.0,,,,3.0,14.0,1.0,SERIOUS,1
599000267.0,1.0,286012805.0,0.0,12.0,-11.0,-4.0,98.0,,68.0,4.0,107.0,1.0,15.0,11.0,1.0,1.0,0.0,,0.0,4.0,1.0,1.0,2.0,56.0,,,2.0,0.0,0.0,,,0.0,2.0,2.0,8.0,6.0,0.0,10.0,230.0,2.0,,70.0,,0.0,11.0,4.0,11.704699910719626,4.0,29.0,1.0,SERIOUS,1
599000286.0,1.0,286012824.0,3.0,,,,,,2.0,4.0,147.0,6.0,6.0,14.0,4.0,2.0,0.0,,0.0,2.0,2.0,1.0,2.0,40.0,,,0.0,0.0,0.0,,,6.0,0.0,0.0,18.0,19.0,0.0,128.0,150.0,3.0,,30.0,,0.0,,,,3.0,14.0,1.0,SERIOUS,1
599000306.0,1.0,286013005.0,0.0,27.0,-9.0,-25.0,322.0,,88.0,4.0,146.0,1.0,17.0,1.0,1.0,1.0,0.0,,0.0,3.0,1.0,1.0,2.0,56.0,,,2.0,1.0,0.0,,,4.0,10.0,15.0,17.0,19.0,20.0,0.0,145.0,2.0,1.0,20.0,20.0,0.0,9.0,25.0,26.570660511172846,2.0,5.0,1.0,MINOR,0
599000386.0,1.0,286014524.0,7.0,,,,,,1.0,30.0,147.0,1.0,13.0,14.0,4.0,1.0,0.0,,0.0,2.0,1.0,1.0,2.0,24.0,,,0.0,0.0,0.0,,,,,,,,,,,6.0,3.0,0.0,70.0,0.0,,,,4.0,18.0,1.0,SERIOUS,1
599000286.0,1.0,286016747.0,3.0,,,,,,2.0,4.0,147.0,6.0,6.0,14.0,4.0,2.0,0.0,,0.0,2.0,2.0,1.0,2.0,40.0,,,0.0,0.0,0.0,,,6.0,0.0,0.0,18.0,19.0,0.0,128.0,150.0,3.0,,30.0,,0.0,,,,3.0,9.0,1.0,SERIOUS,1
599000708.0,1.0,286026997.0,0.0,28.0,-18.0,-21.0,728.0,,7.0,5.0,124.0,9.0,6.0,14.0,4.0,2.0,0.0,,0.0,2.0,1.0,1.0,1.0,40.0,,,1.0,0.0,3.0,,,2.0,17.0,25.0,31.0,37.0,42.0,0.0,135.0,2.0,2.0,40.0,80.0,0.0,18.0,21.0,27.65863337187866,3.0,14.0,1.0,SERIOUS,1
599000712.0,1.0,286027012.0,0.0,40.0,7.0,-39.0,1556.0,,64.0,4.0,144.0,1.0,10.0,1.0,2.0,1.0,0.0,,0.0,3.0,1.0,1.0,2.0,80.0,,,0.0,0.0,0.0,,,47.0,52.0,58.0,47.0,24.0,4.0,-10.0,145.0,3.0,6.0,350.0,350.0,0.0,7.0,39.0,39.6232255123179,3.0,10.0,1.0,SERIOUS,1
599000710.0,1.0,286028055.0,0.0,71.0,12.0,-70.0,1975.0,,69.0,14.0,155.0,1.0,62.0,1.0,1.0,1.0,0.0,,0.0,3.0,1.0,1.0,2.0,64.0,,,2.0,1.0,1.0,,,24.0,31.0,43.0,49.0,51.0,16.0,0.0,140.0,3.0,,350.0,,0.0,12.0,70.0,71.02112361825881,3.0,11.0,1.0,SERIOUS,1
599000730.0,1.0,286028089.0,6.0,,,,,,21.0,14.0,187.0,1.0,53.0,5.0,1.0,1.0,0.0,,0.0,2.0,1.0,1.0,2.0,64.0,0.0,,0.0,6.0,1.0,,,,,,,,,,,1.0,1.0,180.0,180.0,0.0,,,,4.0,16.0,1.0,SERIOUS,1
599000750.0,1.0,286028135.0,0.0,24.0,-23.0,-8.0,585.0,,87.0,4.0,150.0,1.0,66.0,1.0,1.0,1.0,0.0,,0.0,2.0,3.0,1.0,2.0,40.0,,,2.0,1.0,0.0,,,2.0,17.0,26.0,31.0,26.0,0.0,-22.0,195.0,2.0,,70.0,,0.0,23.0,8.0,24.351591323771842,3.0,10.0,1.0,SERIOUS,1
599000754.0,1.0,286032724.0,7.0,,,,,,89.0,20.0,192.0,1.0,66.0,1.0,1.0,1.0,0.0,,0.0,2.0,1.0,1.0,2.0,40.0,,,2.0,1.0,0.0,,,,,,,,,,,3.0,,10.0,,0.0,,,,3.0,10.0,1.0,SERIOUS,1
599000753.0,1.0,286035251.0,3.0,,,,,,2.0,4.0,120.0,7.0,11.0,14.0,2.0,,0.0,,0.0,2.0,3.0,3.0,2.0,40.0,,,0.0,0.0,0.0,,,3.0,3.0,0.0,8.0,61.0,31.0,147.0,290.0,4.0,2.0,330.0,250.0,0.0,,,,5.0,35.0,1.0,CRITICAL,2
599000790.0,1.0,286035678.0,7.0,,,,,,3.0,4.0,139.0,9.0,13.0,14.0,4.0,1.0,2.0,9.0,2.0,2.0,1.0,2.0,2.0,105.0,,,0.0,0.0,2.0,,,,,,,,,,,3.0,,,,0.0,,,,5.0,35.0,1.0,CRITICAL,2
599000811.0,1.0,286035771.0,0.0,58.0,37.0,-44.0,1850.0,,69.0,4.0,136.0,9.0,62.0,1.0,1.0,1.0,0.0,,0.0,5.0,3.0,1.0,2.0,64.0,,,2.0,1.0,0.0,,,50.0,59.0,54.0,48.0,38.0,20.0,0.0,154.0,3.0,,320.0,10.0,0.0,37.0,44.0,57.48912940721924,3.0,10.0,1.0,SERIOUS,1
599000753.0,1.0,286035796.0,3.0,,,,,,2.0,4.0,120.0,7.0,11.0,14.0,2.0,,0.0,,0.0,2.0,3.0,3.0,2.0,40.0,,,0.0,0.0,0.0,,,3.0,3.0,0.0,8.0,61.0,31.0,147.0,290.0,4.0,2.0,330.0,250.0,0.0,,,,5.0,26.0,1.0,CRITICAL,2
599000813.0,1.0,286035931.0,0.0,56.0,10.0,-55.0,1637.0,,51.0,4.0,137.0,2.0,62.0,1.0,1.0,1.0,0.0,,0.0,2.0,1.0,1.0,2.0,56.0,,,0.0,0.0,0.0,,,4.0,44.0,49.0,52.0,53.0,33.0,0.0,152.0,3.0,1.0,350.0,160.0,0.0,10.0,55.0,55.90169943749474,3.0,10.0,1.0,SERIOUS,1
599000812.0,1.0,286035945.0,0.0,29.0,10.0,-27.0,1022.0,,51.0,14.0,215.0,2.0,62.0,1.0,1.0,1.0,0.0,,0.0,2.0,1.0,1.0,2.0,56.0,,,0.0,0.0,0.0,,,9.0,4.0,13.0,22.0,42.0,33.0,60.0,175.0,2.0,,340.0,,0.0,10.0,27.0,28.792360097775937,2.0,9.0,1.0,MINOR,0
599000830.0,1.0,286036412.0,7.0,,,,,,6.0,3.0,116.0,6.0,11.0,14.0,3.0,,2.0,5.0,2.0,3.0,2.0,1.0,2.0,89.0,,,0.0,0.0,2.0,,,,,,,,,,,2.0,2.0,20.0,,0.0,,,,3.0,10.0,1.0,SERIOUS,1
599000871.0,1.0,286036813.0,7.0,,,,,,1.0,4.0,144.0,6.0,13.0,1.0,4.0,1.0,2.0,13.0,6.0,2.0,1.0,1.0,2.0,56.0,,,0.0,0.0,0.0,,,,,,,,,,,3.0,2.0,0.0,,0.0,,,,3.0,13.0,1.0,SERIOUS,1
599000872.0,1.0,286036837.0,0.0,13.0,10.0,-8.0,125.0,,81.0,4.0,122.0,1.0,67.0,1.0,1.0,1.0,0.0,,0.0,2.0,1.0,1.0,2.0,40.0,,,2.0,0.0,0.0,,,4.0,2.0,7.0,7.0,2.0,1.0,-37.0,242.0,1.0,1.0,310.0,350.0,0.0,10.0,8.0,12.806248474865697,2.0,9.0,1.0,MINOR,0
599000880.0,1.0,286036859.0,0.0,43.0,15.0,-40.0,2480.0,,51.0,15.0,200.0,4.0,62.0,1.0,1.0,1.0,0.0,,0.0,2.0,1.0,1.0,2.0,72.0,,,0.0,0.0,0.0,,,53.0,69.0,59.0,45.0,28.0,0.0,-55.0,172.0,4.0,,340.0,,0.0,15.0,40.0,42.720018726587654,3.0,10.0,1.0,SERIOUS,1
599000873.0,1.0,286036904.0,0.0,35.0,-22.0,-27.0,598.0,,83.0,4.0,138.0,1.0,67.0,1.0,1.0,1.0,0.0,,0.0,2.0,1.0,2.0,2.0,80.0,,,2.0,0.0,0.0,,,23.0,24.0,23.0,15.0,16.0,12.0,34.0,178.0,2.0,,40.0,,0.0,22.0,27.0,34.828149534535996,3.0,9.0,1.0,SERIOUS,1
599000874.0,1.0,286036945.0,0.0,36.0,-6.0,-35.0,731.0,,2.0,4.0,126.0,,6.0,14.0,4.0,,0.0,,0.0,2.0,2.0,2.0,2.0,48.0,64.0,,0.0,0.0,0.0,,,0.0,8.0,14.0,22.0,27.0,42.0,67.0,152.0,2.0,,10.0,,0.0,6.0,35.0,35.510561809129406,3.0,14.0,1.0,SERIOUS,1
599000810.0,1.0,286036974.0,0.0,40.0,14.0,-38.0,899.0,,2.0,4.0,138.0,1.0,13.0,14.0,4.0,4.0,0.0,,0.0,2.0,2.0,1.0,2.0,72.0,,,0.0,0.0,0.0,,,34.0,44.0,24.0,8.0,2.0,9.0,-57.0,154.0,2.0,1.0,340.0,0.0,0.0,14.0,38.0,40.496913462633174,3.0,17.0,1.0,SERIOUS,1
599000870.0,1.0,286036988.0,0.0,30.0,-5.0,-30.0,658.0,,50.0,4.0,152.0,8.0,5.0,1.0,2.0,,0.0,,0.0,2.0,1.0,3.0,2.0,64.0,,,0.0,0.0,0.0,,,0.0,8.0,22.0,31.0,30.0,37.0,46.0,152.0,2.0,,10.0,,0.0,5.0,30.0,30.4138126514911,5.0,33.0,1.0,CRITICAL,2
599000875.0,1.0,286036991.0,0.0,32.0,30.0,-11.0,697.0,,89.0,4.0,143.0,1.0,17.0,1.0,1.0,1.0,0.0,,0.0,3.0,3.0,1.0,2.0,64.0,,,2.0,1.0,0.0,,,0.0,11.0,24.0,34.0,23.0,0.0,25.0,253.0,3.0,,290.0,,0.0,30.0,11.0,31.953090617340916,3.0,19.0,1.0,SERIOUS,1
599000880.0,1.0,286037005.0,0.0,43.0,15.0,-40.0,2480.0,,51.0,15.0,200.0,4.0,62.0,1.0,1.0,1.0,0.0,,0.0,2.0,1.0,1.0,2.0,72.0,,,0.0,0.0,0.0,,,53.0,69.0,59.0,45.0,28.0,0.0,-55.0,172.0,4.0,,340.0,,0.0,15.0,40.0,42.720018726587654,3.0,10.0,1.0,SERIOUS,1
599000876.0,1.0,286037088.0,0.0,45.0,8.0,-44.0,2095.0,,50.0,20.0,206.0,1.0,10.0,1.0,2.0,1.0,0.0,,0.0,3.0,3.0,1.0,2.0,80.0,72.0,,0.0,6.0,0.0,,,50.0,49.0,29.0,20.0,13.0,1.0,-54.0,176.0,3.0,,350.0,,0.0,8.0,44.0,44.721359549995796,3.0,10.0,1.0,SERIOUS,1
599000880.0,2.0,286037120.0,0.0,53.0,9.0,-52.0,951.0,,50.0,2.0,163.0,1.0,10.0,1.0,2.0,1.0,0.0,,0.0,2.0,1.0,1.0,2.0,72.0,,,0.0,0.0,0.0,,,44.0,58.0,46.0,36.0,17.0,0.0,-20.0,135.0,3.0,,350.0,,0.0,9.0,52.0,52.773099207835045,3.0,10.0,1.0,SERIOUS,1
599000811.0,1.0,286037172.0,0.0,58.0,37.0,-44.0,1850.0,,69.0,4.0,136.0,9.0,62.0,1.0,1.0,1.0,0.0,,0.0,5.0,3.0,1.0,2.0,64.0,,,2.0,1.0,0.0,,,50.0,59.0,54.0,48.0,38.0,20.0,0.0,154.0,3.0,,320.0,10.0,0.0,37.0,44.0,57.48912940721924,4.0,29.0,1.0,SERIOUS,1
599000811.0,1.0,286038003.0,0.0,58.0,37.0,-44.0,1850.0,,69.0,4.0,136.0,9.0,62.0,1.0,1.0,1.0,0.0,,0.0,5.0,3.0,1.0,2.0,64.0,,,2.0,1.0,0.0,,,50.0,59.0,54.0,48.0,38.0,20.0,0.0,154.0,3.0,,320.0,10.0,0.0,37.0,44.0,57.48912940721924,1.0,1.0,1.0,MINOR,0
599000877.0,1.0,286038480.0,0.0,41.0,26.0,-31.0,1048.0,,51.0,4.0,123.0,2.0,62.0,1.0,1.0,1.0,0.0,,0.0,1.0,1.0,3.0,2.0,89.0,,,0.0,0.0,0.0,,,29.0,41.0,51.0,30.0,15.0,0.0,-40.0,155.0,3.0,2.0,320.0,270.0,0.0,26.0,31.0,40.45985664828782,3.0,19.0,1.0,SERIOUS,1
599000878.0,1.0,286038494.0,0.0,,,,,,2.0,2.0,128.0,6.0,70.0,1.0,4.0,3.0,0.0,,0.0,4.0,1.0,1.0,2.0,80.0,,,0.0,0.0,0.0,,,0.0,12.0,31.0,39.0,15.0,0.0,-5.0,180.0,3.0,,280.0,,0.0,,,,3.0,19.0,1.0,SERIOUS,1
599000879.0,1.0,286038496.0,8.0,,,,,,6.0,15.0,200.0,1.0,8.0,1.0,4.0,1.0,0.0,,0.0,2.0,1.0,1.0,2.0,40.0,,,0.0,0.0,0.0,,,52.0,71.0,70.0,38.0,22.0,0.0,-42.0,189.0,3.0,,350.0,0.0,0.0,,,,3.0,22.0,1.0,SERIOUS,1
328003764.0,1.0,317077946.0,0.0,19.0,12.0,-15.0,356.0,,13.0,14.0,208.0,8.0,87.0,1.0,1.0,1.0,0.0,,0.0,2.0,3.0,1.0,2.0,89.0,89.0,,0.0,0.0,0.0,,,0.0,19.0,25.0,24.0,21.0,20.0,21.0,92.0,3.0,1.0,320.0,350.0,0.0,12.0,15.0,19.209372712298546,4.0,20.0,1.0,SERIOUS,1
328003765.0,1.0,317077948.0,7.0,,,,,,6.0,4.0,150.0,9.0,12.0,1.0,4.0,2.0,0.0,,0.0,2.0,3.0,1.0,2.0,113.0,113.0,,0.0,0.0,1.0,,,,,,,,,,,3.0,,,,0.0,,,,5.0,27.0,1.0,CRITICAL,2
328003766.0,1.0,317077952.0,7.0,,,,,,69.0,4.0,131.0,6.0,62.0,1.0,4.0,1.0,0.0,,0.0,2.0,1.0,1.0,2.0,56.0,80.0,,0.0,0.0,0.0,,,,,,,,,,,3.0,2.0,340.0,10.0,0.0,,,,4.0,34.0,1.0,SERIOUS,1
328003786.0,1.0,317077994.0,0.0,30.0,30.0,-5.0,270.0,,82.0,4.0,125.0,1.0,15.0,11.0,7.0,1.0,0.0,,0.0,1.0,1.0,1.0,2.0,64.0,40.0,,3.0,0.0,3.0,,,0.0,14.0,15.0,9.0,2.0,1.0,-27.0,189.0,2.0,,280.0,,0.0,30.0,5.0,30.4138126514911,3.0,14.0,1.0,SERIOUS,1
347003826.0,1.0,317079793.0,7.0,,,,,,6.0,4.0,158.0,1.0,12.0,1.0,4.0,1.0,0.0,,0.0,2.0,3.0,1.0,1.0,97.0,,,0.0,0.0,2.0,,,45.0,49.0,46.0,42.0,35.0,23.0,0.0,150.0,3.0,,350.0,350.0,0.0,,,,2.0,4.0,1.0,MINOR,0
347003824.0,1.0,317080707.0,0.0,36.0,12.0,-34.0,1087.0,,69.0,4.0,150.0,2.0,62.0,1.0,1.0,1.0,0.0,,0.0,5.0,1.0,1.0,2.0,89.0,,,2.0,0.0,0.0,,,12.0,14.0,22.0,34.0,47.0,62.0,0.0,154.0,3.0,,340.0,,0.0,12.0,34.0,36.05551275463989,3.0,14.0,1.0,SERIOUS,1
317003845.0,1.0,317080709.0,7.0,,,,,,7.0,14.0,202.0,4.0,5.0,1.0,4.0,2.0,5.0,25.0,1.0,4.0,1.0,2.0,2.0,113.0,113.0,,0.0,0.0,2.0,,,,,,,,,,,3.0,9.0,,340.0,0.0,,,,3.0,10.0,1.0,SERIOUS,1
328003846.0,1.0,317080711.0,0.0,,,,,,7.0,20.0,194.0,8.0,12.0,1.0,4.0,2.0,2.0,12.0,1.0,2.0,1.0,1.0,2.0,56.0,56.0,,0.0,0.0,0.0,,,32.0,6.0,4.0,0.0,0.0,0.0,-26.0,150.0,2.0,3.0,330.0,,0.0,,,,3.0,14.0,1.0,SERIOUS,1
328003847.0,1.0,317080713.0,0.0,31.0,11.0,-29.0,823.0,,6.0,4.0,184.0,9.0,12.0,1.0,4.0,2.0,0.0,,0.0,3.0,3.0,1.0,2.0,56.0,,,0.0,0.0,0.0,,,18.0,49.0,52.0,42.0,28.0,1.0,99.0,112.0,3.0,,340.0,,0.0,11.0,29.0,31.016124838541646,3.0,17.0,1.0,SERIOUS,1
347003885.0,1.0,317081953.0,0.0,16.0,5.0,-15.0,120.0,,86.0,4.0,147.0,9.0,66.0,1.0,1.0,1.0,0.0,,0.0,4.0,1.0,1.0,2.0,105.0,105.0,,2.0,0.0,1.0,,,8.0,8.0,3.0,3.0,2.0,7.0,-23.0,140.0,1.0,,340.0,0.0,0.0,5.0,15.0,15.811388300841896,3.0,19.0,1.0,SERIOUS,1
328003887.0,1.0,317081955.0,0.0,23.0,-22.0,-8.0,1198.0,,87.0,4.0,157.0,1.0,17.0,1.0,1.0,1.0,0.0,,0.0,2.0,1.0,1.0,2.0,80.0,80.0,,2.0,0.0,0.0,,,4.0,28.0,46.0,30.0,17.0,4.0,29.0,280.0,3.0,,70.0,,0.0,22.0,8.0,23.40939982143925,4.0,34.0,1.0,SERIOUS,1
328003906.0,1.0,317084007.0,0.0,,,,,,69.0,15.0,269.0,1.0,62.0,1.0,1.0,1.0,0.0,,0.0,2.0,1.0,2.0,2.0,56.0,56.0,,2.0,1.0,1.0,,,0.0,0.0,16.0,0.0,0.0,6.0,-48.0,166.0,2.0,,340.0,,0.0,,,,2.0,5.0,1.0,MINOR,0
328003927.0,1.0,317084473.0,7.0,,,,,,2.0,20.0,204.0,8.0,13.0,14.0,4.0,4.0,0.0,,0.0,2.0,3.0,1.0,2.0,80.0,80.0,,2.0,1.0,0.0,,,,,,,,,,,3.0,3.0,40.0,70.0,0.0,,,,3.0,17.0,1.0,SERIOUS,1
328003944.0,1.0,317086120.0,0.0,38.0,13.0,-36.0,969.0,,98.0,4.0,162.0,9.0,62.0,1.0,1.0,1.0,0.0,,0.0,2.0,1.0,1.0,2.0,89.0,89.0,,0.0,0.0,0.0,,,38.0,63.0,26.0,17.0,6.0,0.0,-21.0,156.0,3.0,,340.0,,0.0,13.0,36.0,38.27531841800928,5.0,38.0,1.0,CRITICAL,2
328004004.0,1.0,317087206.0,8.0,,,,,,1.0,4.0,156.0,8.0,13.0,14.0,4.0,2.0,0.0,,0.0,2.0,3.0,1.0,2.0,113.0,113.0,,0.0,0.0,1.0,,,,,,,,,,,3.0,2.0,330.0,10.0,0.0,,,,2.0,9.0,1.0,MINOR,0
328003964.0,1.0,317087296.0,0.0,,,,,,59.0,3.0,107.0,9.0,62.0,1.0,1.0,1.0,0.0,,0.0,2.0,1.0,1.0,2.0,8.0,40.0,,0.0,0.0,0.0,,,7.0,27.0,35.0,43.0,42.0,11.0,7.0,140.0,3.0,1.0,350.0,,0.0,,,,4.0,26.0,1.0,SERIOUS,1
347004024.0,1.0,317087637.0,0.0,13.0,13.0,-2.0,158.0,,89.0,6.0,123.0,1.0,17.0,1.0,1.0,1.0,0.0,,0.0,2.0,1.0,1.0,2.0,64.0,16.0,,2.0,2.0,0.0,,,0.0,12.0,13.0,12.0,3.0,0.0,-106.0,170.0,2.0,,280.0,,0.0,13.0,2.0,13.152946437965905,3.0,9.0,1.0,SERIOUS,1
328004050.0,1.0,317088416.0,0.0,75.0,-13.0,-74.0,3384.0,,64.0,4.0,149.0,1.0,10.0,14.0,2.0,1.0,1.0,5.0,6.0,2.0,1.0,1.0,2.0,48.0,113.0,,0.0,0.0,0.0,,,23.0,42.0,86.0,86.0,73.0,68.0,40.0,154.0,3.0,6.0,10.0,350.0,1.0,13.0,74.0,75.13321502504735,5.0,30.0,1.0,CRITICAL,2
328004064.0,1.0,317089168.0,0.0,,,,,,1.0,4.0,130.0,1.0,13.0,14.0,4.0,1.0,0.0,,0.0,2.0,1.0,2.0,2.0,72.0,72.0,,0.0,0.0,0.0,,,61.0,22.0,7.0,2.0,3.0,10.0,-59.0,158.0,3.0,,0.0,0.0,0.0,,,,3.0,13.0,1.0,SERIOUS,1
328004104.0,1.0,317091478.0,4.0,,,,,,51.0,4.0,148.0,9.0,62.0,1.0,1.0,1.0,0.0,,0.0,2.0,1.0,1.0,2.0,56.0,,,2.0,0.0,1.0,,,52.0,46.0,27.0,16.0,13.0,13.0,-17.0,150.0,6.0,3.0,330.0,,0.0,,,,4.0,21.0,1.0,SERIOUS,1
328004165.0,1.0,317093805.0,3.0,,,,,,20.0,14.0,171.0,1.0,50.0,15.0,2.0,1.0,0.0,,0.0,4.0,1.0,1.0,2.0,97.0,,,0.0,0.0,2.0,,,26.0,28.0,40.0,23.0,5.0,0.0,0.0,180.0,2.0,,10.0,,0.0,,,,3.0,14.0,1.0,SERIOUS,1
328004204.0,1.0,317095641.0,0.0,42.0,14.0,-39.0,1007.0,,98.0,5.0,149.0,7.0,62.0,1.0,1.0,1.0,0.0,,0.0,2.0,1.0,1.0,2.0,89.0,97.0,,2.0,0.0,0.0,,,41.0,55.0,36.0,17.0,3.0,0.0,-43.0,156.0,3.0,,340.0,,0.0,14.0,39.0,41.43669871020132,2.0,5.0,1.0,MINOR,0
328004244.0,1.0,317095989.0,4.0,,,,,,1.0,4.0,163.0,6.0,13.0,14.0,4.0,2.0,2.0,6.0,6.0,2.0,1.0,1.0,2.0,64.0,64.0,,0.0,0.0,0.0,,,0.0,11.0,36.0,52.0,55.0,56.0,17.0,164.0,3.0,3.0,20.0,,0.0,,,,3.0,17.0,1.0,SERIOUS,1
328004245.0,1.0,317096036.0,0.0,39.0,37.0,-13.0,783.0,,7.0,5.0,124.0,9.0,8.0,1.0,4.0,3.0,0.0,,0.0,2.0,2.0,2.0,2.0,72.0,72.0,,0.0,0.0,0.0,,,1.0,7.0,22.0,35.0,18.0,6.0,21.0,194.0,3.0,1.0,290.0,10.0,0.0,37.0,13.0,39.21734310225516,4.0,21.0,1.0,SERIOUS,1
328004364.0,1.0,317096305.0,7.0,,,,,,28.0,4.0,155.0,2.0,52.0,1.0,1.0,1.0,0.0,,0.0,2.0,2.0,1.0,2.0,89.0,89.0,,2.0,0.0,0.0,,,11.0,12.0,9.0,8.0,7.0,3.0,0.0,166.0,1.0,,0.0,,0.0,,,,2.0,9.0,1.0,MINOR,0
328004287.0,1.0,317096307.0,3.0,,,,,,2.0,4.0,120.0,3.0,13.0,14.0,4.0,2.0,0.0,,0.0,2.0,2.0,1.0,2.0,72.0,72.0,,0.0,6.0,0.0,,,47.0,30.0,25.0,20.0,16.0,14.0,0.0,150.0,3.0,,,,0.0,,,,2.0,9.0,1.0,MINOR,0
328004264.0,1.0,317096814.0,7.0,,,,,,7.0,2.0,124.0,3.0,8.0,14.0,4.0,4.0,4.0,20.0,1.0,2.0,1.0,1.0,2.0,72.0,97.0,,0.0,0.0,0.0,,,,,,,,,,,3.0,,,,0.0,,,,3.0,10.0,1.0,SERIOUS,1
328004365.0,1.0,317096995.0,8.0,,,,,,76.0,4.0,150.0,1.0,15.0,11.0,1.0,1.0,0.0,,0.0,2.0,2.0,1.0,2.0,89.0,64.0,,2.0,2.0,0.0,,,,,,,,,,,8.0,,40.0,,0.0,,,,3.0,17.0,1.0,SERIOUS,1
328004285.0,1.0,317097025.0,0.0,20.0,19.0,-7.0,341.0,,82.0,2.0,150.0,1.0,15.0,11.0,1.0,1.0,0.0,,0.0,2.0,1.0,1.0,4.0,8.0,40.0,,3.0,0.0,0.0,,,0.0,12.0,26.0,16.0,3.0,0.0,-6.0,226.0,2.0,,290.0,,0.0,19.0,7.0,20.248456731316587,3.0,14.0,1.0,SERIOUS,1
328004284.0,1.0,317097039.0,7.0,,,,,,7.0,14.0,224.0,4.0,12.0,1.0,4.0,,0.0,,0.0,1.0,1.0,1.0,2.0,89.0,105.0,,0.0,0.0,1.0,,,,,,,,,,,3.0,1.0,,,0.0,,,,2.0,12.0,1.0,MINOR,0
328004304.0,1.0,317099036.0,0.0,33.0,29.0,-16.0,715.0,,82.0,2.0,124.0,1.0,15.0,11.0,1.0,1.0,0.0,,0.0,2.0,1.0,1.0,2.0,0.0,8.0,,3.0,0.0,0.0,,,2.0,19.0,33.0,35.0,21.0,2.0,-29.0,206.0,4.0,1.0,300.0,270.0,0.0,29.0,16.0,33.12099032335839,3.0,27.0,1.0,SERIOUS,1
328004324.0,1.0,317099363.0,0.0,38.0,13.0,-36.0,1381.0,,2.0,4.0,200.0,9.0,12.0,1.0,4.0,3.0,3.0,15.0,1.0,2.0,1.0,1.0,2.0,113.0,113.0,,0.0,0.0,2.0,,,41.0,44.0,44.0,41.0,39.0,33.0,0.0,160.0,2.0,4.0,340.0,,0.0,13.0,36.0,38.27531841800928,3.0,17.0,1.0,SERIOUS,1
328004344.0,1.0,317099785.0,0.0,31.0,-27.0,-16.0,666.0,,68.0,4.0,105.0,1.0,15.0,11.0,1.0,1.0,0.0,,0.0,3.0,5.0,1.0,2.0,80.0,32.0,,2.0,0.0,1.0,,,0.0,9.0,27.0,29.0,20.0,0.0,20.0,288.0,2.0,,60.0,,0.0,27.0,16.0,31.38470965295043,3.0,14.0,1.0,SERIOUS,1
328004384.0,1.0,317100632.0,0.0,80.0,0.0,-80.0,4062.0,,6.0,2.0,152.0,1.0,12.0,14.0,4.0,1.0,0.0,,0.0,2.0,3.0,2.0,2.0,72.0,137.0,,0.0,0.0,0.0,,,47.0,69.0,73.0,70.0,39.0,4.0,-26.0,166.0,3.0,3.0,0.0,,0.0,0.0,80.0,80.0,4.0,29.0,1.0,SERIOUS,1
328004385.0,1.0,317100634.0,0.0,146.0,25.0,-144.0,1323.0,,52.0,2.0,119.0,1.0,54.0,97.0,1.0,1.0,0.0,,0.0,4.0,3.0,1.0,2.0,97.0,,,0.0,0.0,2.0,,,147.0,150.0,137.0,134.0,103.0,86.0,0.0,160.0,6.0,,350.0,,0.0,25.0,144.0,146.15402833996743,6.0,75.0,2.0,CRITICAL,2
328004386.0,1.0,317100637.0,4.0,,,,,,1.0,2.0,149.0,4.0,13.0,14.0,4.0,2.0,0.0,,0.0,2.0,2.0,1.0,2.0,72.0,,,0.0,0.0,0.0,,,21.0,22.0,70.0,47.0,19.0,4.0,-3.0,125.0,4.0,2.0,280.0,10.0,0.0,,,,4.0,20.0,1.0,SERIOUS,1
328004387.0,1.0,317100639.0,0.0,48.0,24.0,-42.0,1374.0,,51.0,2.0,139.0,7.0,62.0,1.0,1.0,1.0,0.0,,0.0,2.0,1.0,2.0,2.0,80.0,72.0,,0.0,0.0,1.0,,,60.0,56.0,44.0,31.0,15.0,0.0,-56.0,164.0,3.0,,330.0,,0.0,24.0,42.0,48.373546489791295,3.0,22.0,1.0,SERIOUS,1
328004388.0,1.0,317100682.0,0.0,14.0,2.0,-14.0,98.0,,6.0,4.0,120.0,1.0,12.0,1.0,4.0,1.0,0.0,,0.0,2.0,4.0,1.0,2.0,56.0,64.0,,0.0,0.0,0.0,,,5.0,1.0,1.0,1.0,0.0,0.0,-69.0,154.0,1.0,1.0,350.0,350.0,0.0,2.0,14.0,14.142135623730951,3.0,10.0,1.0,SERIOUS,1
328004389.0,1.0,317100687.0,7.0,,,,,,50.0,4.0,120.0,2.0,10.0,14.0,2.0,1.0,0.0,,0.0,2.0,1.0,2.0,2.0,89.0,89.0,,0.0,0.0,0.0,,,,,,,,,,,,3.0,40.0,90.0,0.0,,,,3.0,14.0,1.0,SERIOUS,1
328004405.0,1.0,317101337.0,7.0,,,,,,77.0,3.0,82.0,7.0,65.0,1.0,1.0,1.0,4.0,31.0,1.0,3.0,2.0,1.0,2.0,80.0,80.0,,2.0,0.0,1.0,,,,,,,,,,,3.0,6.0,,350.0,0.0,,,,2.0,12.0,1.0,MINOR,0
328004387.0,1.0,317101783.0,0.0,48.0,24.0,-42.0,1374.0,,51.0,2.0,139.0,7.0,62.0,1.0,1.0,1.0,0.0,,0.0,2.0,1.0,2.0,2.0,80.0,72.0,,0.0,0.0,1.0,,,60.0,56.0,44.0,31.0,15.0,0.0,-56.0,164.0,3.0,,330.0,,0.0,24.0,42.0,48.373546489791295,4.0,29.0,2.0,SERIOUS,1
328004404.0,1.0,317102423.0,0.0,19.0,19.0,-3.0,372.0,,2.0,4.0,141.0,3.0,13.0,14.0,4.0,2.0,6.0,22.0,1.0,2.0,1.0,1.0,2.0,72.0,97.0,,0.0,0.0,0.0,,,3.0,6.0,11.0,21.0,39.0,43.0,164.0,110.0,3.0,3.0,280.0,,0.0,19.0,3.0,19.235384061671343,4.0,21.0,1.0,SERIOUS,1
328004425.0,1.0,317102861.0,0.0,34.0,0.0,-34.0,951.0,,6.0,14.0,181.0,1.0,12.0,1.0,4.0,1.0,0.0,,0.0,2.0,1.0,1.0,2.0,56.0,80.0,,0.0,5.0,0.0,,,7.0,39.0,26.0,12.0,0.0,0.0,-43.0,176.0,2.0,3.0,0.0,0.0,0.0,0.0,34.0,34.0,3.0,14.0,1.0,SERIOUS,1
328004445.0,1.0,317103818.0,3.0,,,,,,1.0,4.0,151.0,1.0,13.0,1.0,4.0,1.0,0.0,,0.0,2.0,1.0,1.0,2.0,32.0,,,2.0,0.0,0.0,,,0.0,7.0,22.0,32.0,24.0,5.0,28.0,166.0,2.0,5.0,0.0,0.0,0.0,,,,4.0,21.0,1.0,SERIOUS,1
328004424.0,1.0,317103820.0,0.0,72.0,-68.0,25.0,3253.0,,7.0,4.0,146.0,,6.0,14.0,4.0,4.0,0.0,,0.0,2.0,1.0,2.0,2.0,56.0,,,0.0,0.0,0.0,,,11.0,36.0,92.0,41.0,24.0,0.0,38.0,237.0,6.0,1.0,110.0,120.0,0.0,68.0,25.0,72.44998274671983,4.0,17.0,2.0,SERIOUS,1
328004464.0,1.0,317104727.0,0.0,41.0,40.0,-7.0,1876.0,,89.0,4.0,162.0,1.0,66.0,5.0,1.0,1.0,2.0,8.0,7.0,3.0,1.0,1.0,2.0,0.0,0.0,,3.0,0.0,0.0,,,5.0,17.0,30.0,36.0,41.0,38.0,120.0,208.0,3.0,2.0,280.0,,0.0,40.0,7.0,40.607881008493905,3.0,10.0,1.0,SERIOUS,1
328004484.0,1.0,317105241.0,0.0,32.0,-6.0,-32.0,1055.0,,28.0,14.0,195.0,9.0,52.0,1.0,1.0,1.0,0.0,,0.0,6.0,1.0,1.0,2.0,64.0,,,2.0,1.0,0.0,,,3.0,12.0,48.0,26.0,8.0,35.0,23.0,162.0,2.0,,10.0,,0.0,6.0,32.0,32.55764119219941,2.0,12.0,1.0,MINOR,0
328004485.0,1.0,317105275.0,4.0,,,,,,7.0,6.0,144.0,3.0,6.0,14.0,4.0,4.0,1.0,6.0,1.0,2.0,2.0,2.0,2.0,80.0,97.0,,0.0,0.0,0.0,,,19.0,28.0,54.0,46.0,29.0,9.0,-137.0,130.0,4.0,2.0,110.0,,0.0,,,,3.0,10.0,1.0,SERIOUS,1
328004504.0,1.0,317105615.0,8.0,,,,,,24.0,4.0,150.0,2.0,51.0,1.0,1.0,1.0,0.0,,0.0,2.0,4.0,1.0,2.0,89.0,89.0,,0.0,0.0,0.0,,,47.0,49.0,54.0,41.0,22.0,17.0,0.0,150.0,3.0,,0.0,,0.0,,,,3.0,22.0,1.0,SERIOUS,1
328004524.0,1.0,317105886.0,0.0,42.0,0.0,-42.0,904.0,,28.0,6.0,141.0,4.0,52.0,1.0,1.0,1.0,0.0,,0.0,4.0,1.0,1.0,1.0,97.0,97.0,,0.0,0.0,2.0,,,18.0,30.0,36.0,28.0,22.0,14.0,0.0,168.0,2.0,,0.0,,0.0,0.0,42.0,42.0,3.0,10.0,1.0,SERIOUS,1
328004564.0,1.0,317106410.0,0.0,42.0,0.0,-42.0,1093.0,,6.0,4.0,150.0,1.0,10.0,14.0,4.0,1.0,0.0,,0.0,3.0,1.0,1.0,2.0,64.0,89.0,,4.0,1.0,1.0,,,20.0,35.0,70.0,18.0,8.0,0.0,-19.0,152.0,3.0,,0.0,,0.0,0.0,42.0,42.0,4.0,29.0,1.0,SERIOUS,1
328004544.0,1.0,317106536.0,0.0,39.0,-7.0,-38.0,442.0,,28.0,4.0,108.0,6.0,52.0,1.0,2.0,1.0,0.0,,0.0,4.0,3.0,2.0,1.0,80.0,97.0,,0.0,0.0,2.0,,,21.0,19.0,16.0,14.0,12.0,11.0,-36.0,136.0,2.0,1.0,10.0,350.0,0.0,7.0,38.0,38.63935817272331,3.0,13.0,1.0,SERIOUS,1
328004584.0,1.0,317107533.0,0.0,25.0,22.0,-12.0,488.0,,98.0,4.0,139.0,9.0,62.0,1.0,4.0,2.0,0.0,,0.0,2.0,2.0,1.0,2.0,72.0,72.0,,0.0,0.0,0.0,,,2.0,6.0,18.0,35.0,12.0,4.0,-5.0,232.0,3.0,1.0,300.0,60.0,0.0,22.0,12.0,25.059928172283335,4.0,21.0,1.0,SERIOUS,1
328004605.0,1.0,317107701.0,0.0,10.0,-5.0,-9.0,140.0,,79.0,4.0,138.0,1.0,70.0,1.0,1.0,1.0,0.0,,0.0,3.0,1.0,1.0,2.0,64.0,48.0,,3.0,0.0,3.0,,,0.0,0.0,10.0,21.0,17.0,8.0,125.0,105.0,2.0,,30.0,,0.0,5.0,9.0,10.295630140987,2.0,5.0,1.0,MINOR,0
328004624.0,1.0,317108062.0,0.0,38.0,36.0,-13.0,1337.0,,82.0,31.0,157.0,1.0,15.0,11.0,1.0,1.0,0.0,,0.0,2.0,1.0,1.0,2.0,72.0,40.0,,2.0,2.0,0.0,,,3.0,28.0,47.0,51.0,56.0,47.0,165.0,136.0,4.0,2.0,290.0,270.0,0.0,36.0,13.0,38.27531841800928,3.0,14.0,1.0,SERIOUS,1
328004625.0,1.0,317108110.0,4.0,,,,,,82.0,4.0,150.0,1.0,15.0,11.0,1.0,1.0,0.0,,0.0,2.0,1.0,2.0,4.0,89.0,24.0,,3.0,0.0,0.0,,,2.0,28.0,39.0,52.0,0.0,10.0,-4.0,240.0,3.0,,280.0,,0.0,,,,4.0,34.0,1.0,SERIOUS,1
328004644.0,1.0,317108155.0,0.0,36.0,31.0,-18.0,1072.0,,1.0,4.0,143.0,1.0,11.0,1.0,4.0,1.0,0.0,,0.0,3.0,1.0,1.0,2.0,89.0,,,1.0,0.0,2.0,,,2.0,16.0,41.0,39.0,9.0,4.0,81.0,292.0,4.0,2.0,300.0,0.0,0.0,31.0,18.0,35.84689665786984,3.0,17.0,1.0,SERIOUS,1
328004626.0,1.0,317108221.0,0.0,52.0,26.0,-45.0,1885.0,,6.0,14.0,154.0,,12.0,14.0,4.0,2.0,1.0,5.0,1.0,2.0,1.0,1.0,2.0,64.0,97.0,,0.0,6.0,0.0,,,4.0,20.0,34.0,38.0,31.0,13.0,45.0,248.0,3.0,2.0,330.0,,0.0,26.0,45.0,51.97114584074513,5.0,50.0,2.0,CRITICAL,2
328004684.0,1.0,317108630.0,0.0,15.0,-8.0,-13.0,161.0,,3.0,4.0,108.0,9.0,87.0,17.0,4.0,4.0,0.0,,0.0,2.0,2.0,1.0,2.0,89.0,72.0,,0.0,0.0,0.0,,,1.0,8.0,8.0,6.0,4.0,0.0,0.0,132.0,1.0,,30.0,,0.0,8.0,13.0,15.264337522473747,2.0,12.0,1.0,MINOR,0
328004664.0,1.0,317108895.0,0.0,41.0,7.0,-40.0,1811.0,,51.0,15.0,251.0,9.0,62.0,1.0,1.0,1.0,0.0,,0.0,2.0,1.0,1.0,2.0,64.0,56.0,,0.0,0.0,0.0,,,54.0,46.0,48.0,35.0,0.0,0.0,-23.0,166.0,3.0,,350.0,,0.0,7.0,40.0,40.607881008493905,3.0,13.0,1.0,SERIOUS,1
328004704.0,1.0,317109612.0,0.0,72.0,0.0,-72.0,4196.0,,7.0,14.0,195.0,4.0,6.0,1.0,4.0,,0.0,,0.0,3.0,2.0,2.0,2.0,113.0,113.0,,0.0,0.0,2.0,,,27.0,47.0,65.0,67.0,69.0,31.0,24.0,168.0,3.0,,0.0,,0.0,0.0,72.0,72.0,3.0,19.0,1.0,SERIOUS,1
328004724.0,1.0,317110166.0,0.0,13.0,2.0,-13.0,128.0,,1.0,2.0,173.0,1.0,13.0,14.0,4.0,1.0,0.0,,0.0,3.0,1.0,1.0,2.0,97.0,137.0,,0.0,5.0,2.0,,,11.0,3.0,0.0,0.0,0.0,0.0,-64.0,166.0,9.0,1.0,350.0,10.0,0.0,2.0,13.0,13.152946437965905,3.0,14.0,1.0,SERIOUS,1
328004744.0,1.0,317110488.0,0.0,44.0,-41.0,-15.0,1478.0,,87.0,4.0,122.0,1.0,66.0,1.0,1.0,1.0,0.0,,0.0,3.0,3.0,1.0,1.0,48.0,48.0,,2.0,1.0,3.0,,,8.0,27.0,54.0,49.0,21.0,10.0,59.0,233.0,4.0,2.0,70.0,20.0,0.0,41.0,15.0,43.657759905886145,4.0,24.0,1.0,SERIOUS,1
328004744.0,1.0,317110531.0,0.0,44.0,-41.0,-15.0,1478.0,,87.0,4.0,122.0,1.0,66.0,1.0,1.0,1.0,0.0,,0.0,3.0,3.0,1.0,1.0,48.0,48.0,,2.0,1.0,3.0,,,8.0,27.0,54.0,49.0,21.0,10.0,59.0,233.0,4.0,2.0,70.0,20.0,0.0,41.0,15.0,43.657759905886145,4.0,41.0,1.0,SERIOUS,1
328004764.0,1.0,317111251.0,7.0,,,,,,1.0,30.0,170.0,1.0,13.0,14.0,4.0,1.0,0.0,,0.0,2.0,2.0,1.0,2.0,89.0,,,0.0,0.0,0.0,,,0.0,23.0,36.0,37.0,19.0,0.0,-2.0,150.0,2.0,2.0,0.0,20.0,0.0,,,,2.0,9.0,1.0,MINOR,0
328004804.0,1.0,317112478.0,0.0,51.0,-9.0,-50.0,1943.0,,1.0,14.0,169.0,1.0,13.0,1.0,4.0,1.0,0.0,,0.0,2.0,1.0,1.0,2.0,56.0,,,0.0,0.0,0.0,,,15.0,33.0,50.0,61.0,36.0,12.0,0.0,146.0,3.0,1.0,10.0,80.0,0.0,9.0,50.0,50.80354318352215,3.0,22.0,1.0,SERIOUS,1
328004784.0,1.0,317112541.0,0.0,88.0,15.0,-87.0,2181.0,,50.0,4.0,135.0,1.0,10.0,1.0,2.0,1.0,0.0,,0.0,2.0,1.0,1.0,2.0,89.0,113.0,,0.0,0.0,0.0,,,60.0,55.0,45.0,26.0,10.0,0.0,-45.0,154.0,3.0,1.0,350.0,160.0,0.0,15.0,87.0,88.28363381737297,3.0,27.0,1.0,SERIOUS,1
328004805.0,1.0,317112603.0,0.0,59.0,10.0,-58.0,2746.0,,64.0,4.0,155.0,1.0,10.0,14.0,2.0,1.0,0.0,,0.0,2.0,1.0,1.0,2.0,89.0,105.0,,0.0,0.0,0.0,,,83.0,75.0,69.0,55.0,40.0,25.0,-2.0,150.0,4.0,,350.0,350.0,0.0,10.0,58.0,58.855755878248644,3.0,22.0,1.0,SERIOUS,1
328005004.0,1.0,317118245.0,3.0,,,,,,50.0,4.0,157.0,1.0,10.0,14.0,2.0,1.0,0.0,,0.0,2.0,1.0,1.0,2.0,72.0,72.0,,0.0,0.0,0.0,,,48.0,36.0,26.0,16.0,8.0,3.0,-57.0,160.0,3.0,1.0,350.0,350.0,0.0,,,,4.0,29.0,1.0,SERIOUS,1
328005024.0,1.0,317118408.0,0.0,84.0,-15.0,-83.0,5756.0,,6.0,14.0,195.0,1.0,12.0,1.0,4.0,1.0,0.0,,0.0,2.0,2.0,1.0,2.0,113.0,113.0,,0.0,0.0,2.0,,,0.0,68.0,74.0,75.0,73.0,69.0,-2.0,174.0,3.0,,10.0,,0.0,15.0,83.0,84.34453153583817,3.0,10.0,1.0,SERIOUS,1
328005124.0,1.0,317119724.0,0.0,31.0,0.0,-31.0,865.0,,1.0,20.0,197.0,1.0,13.0,14.0,4.0,1.0,0.0,,0.0,1.0,2.0,1.0,2.0,113.0,,,1.0,0.0,3.0,,,7.0,22.0,24.0,32.0,29.0,8.0,40.0,162.0,2.0,,0.0,,0.0,0.0,31.0,31.0,3.0,9.0,1.0,SERIOUS,1
347008047.0,1.0,317310129.0,0.0,51.0,9.0,-50.0,1769.0,,51.0,14.0,166.0,4.0,62.0,14.0,1.0,,0.0,,0.0,2.0,3.0,2.0,2.0,48.0,40.0,,0.0,0.0,0.0,,,47.0,45.0,47.0,54.0,63.0,43.0,0.0,158.0,3.0,,350.0,,0.0,9.0,50.0,50.80354318352215,4.0,29.0,1.0,SERIOUS,1
347008303.0,1.0,317359216.0,0.0,29.0,14.0,-25.0,660.0,,69.0,4.0,171.0,4.0,62.0,1.0,1.0,,0.0,,0.0,5.0,1.0,1.0,2.0,64.0,,,2.0,1.0,0.0,,,36.0,21.0,28.0,12.0,2.0,0.0,-32.0,160.0,2.0,1.0,330.0,10.0,0.0,14.0,25.0,28.653097563788805,3.0,17.0,1.0,SERIOUS,1
347008366.0,1.0,317379789.0,0.0,48.0,16.0,-45.0,1417.0,,77.0,14.0,150.0,2.0,65.0,1.0,1.0,1.0,0.0,,0.0,4.0,1.0,1.0,2.0,105.0,105.0,,2.0,1.0,1.0,,,6.0,27.0,30.0,31.0,41.0,38.0,112.0,186.0,3.0,1.0,340.0,90.0,0.0,16.0,45.0,47.75981574503821,3.0,17.0,1.0,SERIOUS,1
347008452.0,1.0,317400319.0,0.0,51.0,9.0,-50.0,2238.0,,51.0,4.0,194.0,3.0,62.0,1.0,1.0,2.0,0.0,,0.0,2.0,1.0,1.0,2.0,80.0,64.0,,0.0,0.0,0.0,,,83.0,72.0,55.0,31.0,7.0,0.0,-29.0,160.0,3.0,,350.0,,0.0,9.0,50.0,50.80354318352215,3.0,10.0,1.0,SERIOUS,1
347008455.0,1.0,317404193.0,2.0,,,,,,51.0,4.0,108.0,9.0,62.0,14.0,4.0,1.0,0.0,,0.0,2.0,1.0,2.0,2.0,89.0,89.0,,0.0,0.0,0.0,,,22.0,9.0,5.0,1.0,2.0,0.0,-59.0,156.0,8.0,1.0,340.0,180.0,0.0,,,,4.0,26.0,1.0,SERIOUS,1
347008848.0,1.0,317447095.0,3.0,,,,,,80.0,30.0,170.0,3.0,16.0,10.0,2.0,2.0,0.0,,0.0,2.0,1.0,2.0,2.0,72.0,64.0,,2.0,0.0,0.0,,,5.0,9.0,8.0,9.0,11.0,47.0,60.0,160.0,6.0,1.0,30.0,0.0,0.0,,,,3.0,19.0,1.0,SERIOUS,1
347008773.0,1.0,317459732.0,7.0,,,,,,68.0,5.0,124.0,1.0,15.0,11.0,1.0,1.0,0.0,,0.0,4.0,5.0,1.0,2.0,80.0,24.0,,2.0,1.0,1.0,,,13.0,7.0,8.0,10.0,10.0,9.0,32.0,138.0,1.0,2.0,30.0,90.0,0.0,,,,3.0,19.0,1.0,SERIOUS,1
347009169.0,1.0,317538009.0,0.0,62.0,21.0,-59.0,2536.0,,51.0,4.0,154.0,4.0,62.0,14.0,2.0,1.0,0.0,,0.0,5.0,1.0,2.0,2.0,64.0,80.0,,0.0,0.0,0.0,,,41.0,47.0,54.0,62.0,25.0,4.0,-15.0,156.0,3.0,,340.0,,0.0,21.0,59.0,62.625873247404705,3.0,13.0,1.0,SERIOUS,1
347009169.0,1.0,317539893.0,0.0,62.0,21.0,-59.0,2536.0,,51.0,4.0,154.0,4.0,62.0,14.0,2.0,1.0,0.0,,0.0,5.0,1.0,2.0,2.0,64.0,80.0,,0.0,0.0,0.0,,,41.0,47.0,54.0,62.0,25.0,4.0,-15.0,156.0,3.0,,340.0,,0.0,21.0,59.0,62.625873247404705,3.0,14.0,1.0,SERIOUS,1
878009216.0,1.0,317544902.0,0.0,30.0,5.0,-30.0,225.0,,51.0,4.0,123.0,1.0,60.0,1.0,1.0,1.0,0.0,,0.0,2.0,1.0,1.0,2.0,72.0,,,0.0,0.0,0.0,,,15.0,5.0,5.0,5.0,5.0,4.0,-62.0,156.0,8.0,,350.0,,0.0,5.0,30.0,30.4138126514911,3.0,17.0,1.0,SERIOUS,1
347009192.0,1.0,317545259.0,0.0,51.0,0.0,-51.0,1370.0,,51.0,4.0,127.0,,60.0,14.0,1.0,1.0,0.0,,0.0,2.0,1.0,1.0,2.0,72.0,56.0,,0.0,0.0,0.0,,,3.0,21.0,43.0,57.0,45.0,35.0,32.0,152.0,3.0,9.0,0.0,180.0,0.0,0.0,51.0,51.0,3.0,11.0,1.0,SERIOUS,1
878009191.0,1.0,317545449.0,0.0,33.0,0.0,-33.0,545.0,,88.0,14.0,154.0,1.0,66.0,1.0,1.0,1.0,0.0,,0.0,2.0,1.0,1.0,2.0,56.0,56.0,,2.0,0.0,0.0,,,2.0,5.0,24.0,20.0,18.0,13.0,7.0,156.0,2.0,,0.0,,0.0,0.0,33.0,33.0,3.0,10.0,1.0,SERIOUS,1
347009217.0,1.0,317550075.0,0.0,25.0,-9.0,-24.0,731.0,,88.0,31.0,241.0,4.0,66.0,1.0,1.0,1.0,0.0,,0.0,2.0,1.0,1.0,2.0,72.0,72.0,,2.0,0.0,0.0,,,2.0,4.0,15.0,24.0,28.0,17.0,8.0,180.0,2.0,1.0,20.0,90.0,0.0,9.0,24.0,25.632011235952593,3.0,9.0,1.0,SERIOUS,1
347009368.0,1.0,317570519.0,0.0,29.0,5.0,-29.0,717.0,,98.0,4.0,162.0,4.0,54.0,14.0,1.0,1.0,0.0,,0.0,2.0,1.0,1.0,2.0,48.0,48.0,,0.0,0.0,0.0,,,30.0,41.0,33.0,21.0,12.0,5.0,-15.0,156.0,2.0,,350.0,,0.0,5.0,29.0,29.427877939124322,3.0,13.0,1.0,SERIOUS,1
347009388.0,1.0,317577033.0,0.0,64.0,0.0,-64.0,2097.0,,51.0,4.0,152.0,9.0,62.0,14.0,1.0,1.0,0.0,,0.0,2.0,1.0,1.0,2.0,89.0,56.0,,0.0,0.0,0.0,,,74.0,65.0,44.0,27.0,13.0,1.0,-39.0,156.0,3.0,,0.0,,0.0,0.0,64.0,64.0,3.0,14.0,1.0,SERIOUS,1
347009468.0,1.0,317584265.0,0.0,24.0,23.0,-4.0,763.0,,82.0,4.0,178.0,,15.0,11.0,1.0,1.0,0.0,,0.0,2.0,1.0,1.0,2.0,0.0,,,2.0,2.0,0.0,,,0.0,31.0,27.0,31.0,12.0,3.0,-2.0,248.0,3.0,,280.0,,0.0,23.0,4.0,23.345235059857504,3.0,17.0,1.0,SERIOUS,1
347009447.0,1.0,317588357.0,4.0,,,,,,6.0,4.0,171.0,1.0,10.0,1.0,4.0,1.0,0.0,,0.0,4.0,1.0,1.0,2.0,64.0,,,0.0,0.0,3.0,,,78.0,54.0,38.0,27.0,14.0,0.0,-57.0,156.0,3.0,,350.0,,0.0,,,,3.0,14.0,1.0,SERIOUS,1
347009467.0,1.0,317591581.0,8.0,,,,,,2.0,5.0,126.0,3.0,13.0,14.0,4.0,2.0,1.0,,8.0,2.0,2.0,2.0,2.0,89.0,89.0,,0.0,0.0,0.0,,,,,,,,,,,7.0,2.0,,,0.0,,,,3.0,22.0,1.0,SERIOUS,1
347009491.0,1.0,317594589.0,8.0,,,,,,51.0,4.0,157.0,4.0,62.0,1.0,1.0,1.0,0.0,,0.0,4.0,1.0,1.0,2.0,80.0,,,0.0,0.0,2.0,,,83.0,89.0,80.0,75.0,69.0,69.0,0.0,154.0,6.0,2.0,330.0,,0.0,,,,6.0,75.0,2.0,CRITICAL,2
347009549.0,1.0,317602176.0,8.0,,,,,,1.0,30.0,204.0,6.0,11.0,1.0,4.0,1.0,0.0,,0.0,2.0,2.0,1.0,2.0,113.0,113.0,,0.0,0.0,1.0,,,107.0,97.0,83.0,77.0,44.0,37.0,117.0,190.0,5.0,5.0,,,0.0,,,,3.0,22.0,1.0,SERIOUS,1
347009551.0,1.0,317603625.0,0.0,11.0,9.0,-7.0,125.0,,7.0,5.0,133.0,7.0,10.0,1.0,4.0,2.0,0.0,,0.0,2.0,1.0,1.0,2.0,97.0,97.0,,0.0,0.0,2.0,,,5.0,4.0,0.0,0.0,3.0,3.0,-59.0,140.0,6.0,3.0,310.0,0.0,0.0,9.0,7.0,11.40175425099138,3.0,13.0,1.0,SERIOUS,1
347009568.0,1.0,317605407.0,7.0,,,,,,7.0,31.0,235.0,9.0,10.0,14.0,4.0,2.0,0.0,,0.0,2.0,1.0,1.0,2.0,72.0,97.0,,0.0,0.0,0.0,,,,,,,,,,,3.0,,,,0.0,,,,3.0,22.0,1.0,SERIOUS,1
347009687.0,1.0,317631938.0,7.0,,,,,,89.0,14.0,132.0,1.0,66.0,1.0,1.0,1.0,7.0,50.0,7.0,3.0,1.0,1.0,2.0,89.0,89.0,,2.0,0.0,1.0,,,,,,,,,,,3.0,1.0,,280.0,0.0,,,,3.0,14.0,1.0,SERIOUS,1
347009688.0,1.0,317634296.0,0.0,26.0,-9.0,-25.0,515.0,,83.0,14.0,205.0,6.0,67.0,14.0,1.0,1.0,0.0,,0.0,2.0,1.0,1.0,2.0,56.0,56.0,,2.0,0.0,0.0,,,7.0,4.0,3.0,6.0,9.0,39.0,29.0,170.0,2.0,,20.0,,0.0,9.0,25.0,26.570660511172846,2.0,9.0,1.0,MINOR,0
347009710.0,1.0,317634387.0,0.0,47.0,-8.0,-47.0,796.0,,83.0,4.0,143.0,1.0,67.0,1.0,1.0,1.0,0.0,,0.0,2.0,1.0,1.0,2.0,64.0,,,1.0,0.0,0.0,,,4.0,6.0,13.0,18.0,20.0,44.0,28.0,156.0,3.0,,10.0,,0.0,8.0,47.0,47.67598976424087,3.0,10.0,1.0,SERIOUS,1
347009710.0,1.0,317637261.0,0.0,47.0,-8.0,-47.0,796.0,,83.0,4.0,143.0,1.0,67.0,1.0,1.0,1.0,0.0,,0.0,2.0,1.0,1.0,2.0,64.0,,,1.0,0.0,0.0,,,4.0,6.0,13.0,18.0,20.0,44.0,28.0,156.0,3.0,,10.0,,0.0,8.0,47.0,47.67598976424087,3.0,17.0,1.0,SERIOUS,1
347009711.0,1.0,317638897.0,0.0,38.0,0.0,-38.0,796.0,,14.0,4.0,136.0,1.0,14.0,1.0,1.0,1.0,0.0,,0.0,1.0,1.0,1.0,2.0,0.0,,,3.0,0.0,3.0,,,13.0,16.0,25.0,26.0,15.0,13.0,0.0,150.0,2.0,,0.0,,0.0,0.0,38.0,38.0,3.0,18.0,1.0,SERIOUS,1
347009715.0,1.0,317639002.0,0.0,31.0,0.0,-31.0,949.0,,1.0,31.0,252.0,8.0,13.0,14.0,4.0,1.0,1.0,5.0,2.0,2.0,1.0,1.0,2.0,89.0,89.0,,0.0,0.0,0.0,,,0.0,0.0,19.0,42.0,2.0,30.0,0.0,180.0,2.0,2.0,0.0,,0.0,0.0,31.0,31.0,3.0,17.0,1.0,SERIOUS,1
347009749.0,1.0,317639298.0,0.0,24.0,-8.0,-22.0,298.0,,2.0,4.0,127.0,6.0,6.0,14.0,4.0,4.0,0.0,,0.0,3.0,1.0,1.0,2.0,64.0,,,0.0,0.0,0.0,,,12.0,29.0,34.0,34.0,25.0,1.0,159.0,71.0,2.0,,20.0,,0.0,8.0,22.0,23.40939982143925,2.0,4.0,1.0,MINOR,0
347009767.0,1.0,317643153.0,0.0,35.0,6.0,-34.0,757.0,,7.0,4.0,154.0,3.0,6.0,14.0,4.0,2.0,0.0,,0.0,5.0,1.0,1.0,2.0,80.0,,,1.0,0.0,2.0,,,47.0,32.0,25.0,16.0,6.0,2.0,-38.0,156.0,2.0,,350.0,,0.0,6.0,34.0,34.52535300326414,3.0,22.0,1.0,SERIOUS,1
347009787.0,1.0,317643885.0,0.0,51.0,0.0,-51.0,1821.0,,14.0,4.0,162.0,1.0,14.0,14.0,4.0,1.0,0.0,,0.0,2.0,1.0,1.0,2.0,32.0,,,0.0,0.0,0.0,,,16.0,30.0,47.0,62.0,50.0,38.0,7.0,156.0,3.0,,0.0,,0.0,0.0,51.0,51.0,3.0,10.0,1.0,SERIOUS,1
347009812.0,1.0,317651312.0,0.0,11.0,0.0,-11.0,96.0,,6.0,4.0,152.0,7.0,10.0,14.0,4.0,1.0,0.0,,0.0,2.0,2.0,1.0,2.0,32.0,64.0,,0.0,0.0,0.0,,,,,,,,,,,6.0,,0.0,,0.0,0.0,11.0,11.0,3.0,13.0,1.0,SERIOUS,1
347009813.0,1.0,317653580.0,6.0,,,,,,1.0,4.0,151.0,8.0,13.0,1.0,4.0,,4.0,25.0,1.0,2.0,,,2.0,,,,0.0,0.0,0.0,,,,,,,,,,,2.0,,,,0.0,,,,3.0,14.0,1.0,SERIOUS,1
347009852.0,1.0,317657902.0,0.0,41.0,7.0,-40.0,1281.0,,65.0,4.0,189.0,,62.0,14.0,1.0,1.0,0.0,,0.0,2.0,1.0,1.0,2.0,72.0,,,0.0,0.0,1.0,,,28.0,29.0,41.0,46.0,39.0,54.0,0.0,156.0,2.0,,350.0,,0.0,7.0,40.0,40.607881008493905,2.0,9.0,1.0,MINOR,0
347009853.0,1.0,317660065.0,0.0,13.0,10.0,-8.0,264.0,,89.0,4.0,152.0,9.0,66.0,1.0,1.0,1.0,0.0,,0.0,3.0,3.0,1.0,2.0,72.0,64.0,,2.0,1.0,0.0,,,0.0,5.0,8.0,21.0,18.0,0.0,138.0,203.0,2.0,1.0,310.0,,0.0,10.0,8.0,12.806248474865697,3.0,13.0,1.0,SERIOUS,1
347009867.0,1.0,317661331.0,0.0,46.0,-35.0,-30.0,1229.0,,68.0,4.0,144.0,1.0,15.0,11.0,1.0,1.0,0.0,,0.0,2.0,1.0,1.0,2.0,40.0,8.0,,2.0,0.0,0.0,,,0.0,10.0,17.0,36.0,33.0,5.0,159.0,240.0,2.0,2.0,50.0,0.0,0.0,35.0,30.0,46.09772228646444,5.0,38.0,1.0,CRITICAL,2
347009787.0,1.0,317664601.0,0.0,51.0,0.0,-51.0,1821.0,,14.0,4.0,162.0,1.0,14.0,14.0,4.0,1.0,0.0,,0.0,2.0,1.0,1.0,2.0,32.0,,,0.0,0.0,0.0,,,16.0,30.0,47.0,62.0,50.0,38.0,7.0,156.0,3.0,,0.0,,0.0,0.0,51.0,51.0,2.0,8.0,1.0,MINOR,0
347009890.0,1.0,317675346.0,0.0,15.0,-3.0,-15.0,150.0,,14.0,4.0,145.0,3.0,14.0,1.0,4.0,2.0,0.0,,0.0,3.0,1.0,1.0,2.0,72.0,121.0,,2.0,2.0,0.0,,,0.0,3.0,20.0,20.0,15.0,1.0,134.0,100.0,2.0,1.0,10.0,0.0,0.0,3.0,15.0,15.297058540778355,3.0,14.0,1.0,SERIOUS,1
347009898.0,1.0,317678093.0,0.0,62.0,0.0,-62.0,2047.0,,1.0,4.0,128.0,1.0,13.0,1.0,4.0,1.0,0.0,,0.0,3.0,3.0,1.0,2.0,113.0,113.0,,0.0,0.0,1.0,,,60.0,77.0,69.0,49.0,27.0,8.0,-8.0,150.0,4.0,,0.0,,0.0,0.0,62.0,62.0,3.0,22.0,1.0,SERIOUS,1
347009897.0,1.0,317679288.0,7.0,,,,,,14.0,4.0,126.0,3.0,14.0,2.0,4.0,2.0,0.0,,0.0,2.0,2.0,2.0,2.0,72.0,56.0,,2.0,2.0,0.0,,,17.0,14.0,13.0,12.0,7.0,0.0,0.0,156.0,1.0,1.0,,0.0,0.0,,,,3.0,13.0,1.0,SERIOUS,1
347009907.0,1.0,317680549.0,0.0,77.0,13.0,-75.0,2257.0,,51.0,4.0,153.0,1.0,60.0,14.0,1.0,1.0,0.0,,0.0,2.0,1.0,1.0,2.0,72.0,72.0,,0.0,0.0,0.0,,,66.0,49.0,41.0,27.0,14.0,6.0,-34.0,156.0,4.0,,350.0,,0.0,13.0,75.0,76.11832893594026,2.0,9.0,1.0,MINOR,0
347009912.0,1.0,317682165.0,0.0,28.0,-21.0,-18.0,1171.0,,2.0,4.0,142.0,6.0,6.0,14.0,4.0,4.0,0.0,,0.0,2.0,2.0,2.0,2.0,72.0,,,0.0,6.0,0.0,,,58.0,44.0,32.0,24.0,13.0,6.0,-54.0,156.0,3.0,2.0,50.0,40.0,0.0,21.0,18.0,27.65863337187866,3.0,17.0,1.0,SERIOUS,1
347009928.0,1.0,317685001.0,0.0,35.0,-6.0,-34.0,613.0,,2.0,4.0,124.0,9.0,6.0,14.0,4.0,1.0,0.0,,0.0,2.0,2.0,2.0,2.0,89.0,97.0,,0.0,0.0,0.0,,,5.0,19.0,35.0,23.0,16.0,24.0,58.0,150.0,5.0,2.0,10.0,10.0,0.0,6.0,34.0,34.52535300326414,4.0,36.0,1.0,SERIOUS,1
347009930.0,1.0,317685429.0,0.0,38.0,0.0,-38.0,1586.0,,6.0,31.0,241.0,3.0,10.0,14.0,4.0,2.0,0.0,,0.0,2.0,2.0,1.0,2.0,72.0,72.0,,0.0,0.0,0.0,,,64.0,28.0,22.0,14.0,1.0,2.0,-68.0,180.0,3.0,,0.0,,0.0,0.0,38.0,38.0,3.0,10.0,1.0,SERIOUS,1
347009935.0,1.0,317686732.0,0.0,42.0,-21.0,-37.0,1396.0,,64.0,4.0,149.0,8.0,13.0,1.0,2.0,2.0,0.0,,0.0,2.0,2.0,1.0,2.0,80.0,,,0.0,0.0,0.0,,,2.0,14.0,43.0,40.0,28.0,0.0,106.0,252.0,3.0,,30.0,,0.0,21.0,37.0,42.5440947723653,4.0,24.0,1.0,SERIOUS,1
347009938.0,1.0,317691524.0,7.0,,,,,,2.0,14.0,164.0,6.0,13.0,14.0,4.0,4.0,0.0,,0.0,2.0,1.0,1.0,2.0,89.0,89.0,,0.0,0.0,0.0,,,,,,,,,,,1.0,2.0,,,0.0,,,,3.0,10.0,1.0,SERIOUS,1
347009951.0,1.0,317693936.0,4.0,,,,,,48.0,14.0,160.0,8.0,13.0,14.0,6.0,2.0,2.0,5.0,1.0,2.0,1.0,2.0,2.0,89.0,,,0.0,0.0,1.0,,,40.0,43.0,48.0,30.0,17.0,6.0,-34.0,156.0,3.0,,0.0,320.0,0.0,,,,3.0,14.0,1.0,SERIOUS,1
347010032.0,1.0,317715603.0,0.0,123.0,21.0,-121.0,4028.0,,50.0,4.0,113.0,9.0,10.0,14.0,2.0,2.0,0.0,,0.0,2.0,1.0,1.0,2.0,64.0,,,0.0,0.0,0.0,,,39.0,72.0,69.0,69.0,67.0,79.0,0.0,152.0,4.0,,350.0,,0.0,21.0,121.0,122.8087944733601,3.0,17.0,1.0,SERIOUS,1
347010011.0,1.0,317717177.0,0.0,52.0,0.0,-52.0,1968.0,,28.0,4.0,161.0,6.0,53.0,1.0,1.0,1.0,0.0,,0.0,3.0,1.0,1.0,2.0,113.0,113.0,,0.0,0.0,1.0,,,33.0,46.0,59.0,63.0,53.0,41.0,0.0,157.0,3.0,,0.0,,0.0,0.0,52.0,52.0,3.0,27.0,1.0,SERIOUS,1
347010075.0,1.0,317722673.0,0.0,23.0,21.0,-8.0,404.0,,89.0,4.0,128.0,1.0,17.0,4.0,1.0,1.0,0.0,,0.0,2.0,1.0,1.0,2.0,40.0,16.0,,2.0,2.0,0.0,,,0.0,24.0,25.0,14.0,8.0,0.0,103.0,212.0,2.0,1.0,290.0,270.0,0.0,21.0,8.0,22.47220505424423,3.0,14.0,1.0,SERIOUS,1
347010133.0,1.0,317728827.0,8.0,,,,,,82.0,2.0,123.0,1.0,15.0,11.0,1.0,1.0,0.0,,0.0,2.0,1.0,1.0,2.0,64.0,16.0,,2.0,2.0,0.0,,,0.0,12.0,48.0,43.0,28.0,0.0,44.0,266.0,3.0,1.0,290.0,90.0,0.0,,,,4.0,26.0,1.0,SERIOUS,1
347010112.0,1.0,317731698.0,0.0,38.0,13.0,-36.0,577.0,,86.0,4.0,119.0,4.0,66.0,1.0,1.0,,0.0,,0.0,2.0,1.0,1.0,1.0,89.0,80.0,,2.0,0.0,0.0,,,37.0,26.0,21.0,15.0,14.0,7.0,-44.0,152.0,5.0,1.0,340.0,0.0,0.0,13.0,36.0,38.27531841800928,3.0,13.0,1.0,SERIOUS,1
347010151.0,1.0,317731921.0,7.0,,,,,,87.0,4.0,141.0,1.0,66.0,1.0,1.0,1.0,0.0,,0.0,3.0,1.0,1.0,2.0,56.0,32.0,,2.0,1.0,0.0,,,,,,,,,,,2.0,2.0,110.0,90.0,0.0,,,,4.0,16.0,1.0,SERIOUS,1
347010172.0,1.0,317735967.0,0.0,59.0,20.0,-55.0,854.0,,65.0,6.0,122.0,1.0,62.0,14.0,1.0,1.0,0.0,,0.0,2.0,1.0,2.0,2.0,40.0,40.0,,0.0,0.0,0.0,,,50.0,29.0,16.0,8.0,0.0,11.0,-38.0,156.0,3.0,1.0,340.0,270.0,0.0,20.0,55.0,58.52349955359813,3.0,14.0,1.0,SERIOUS,1
347010192.0,1.0,317738126.0,0.0,43.0,0.0,-43.0,1010.0,,24.0,4.0,161.0,9.0,52.0,1.0,1.0,2.0,0.0,,0.0,2.0,1.0,1.0,2.0,89.0,105.0,,3.0,0.0,0.0,,,15.0,29.0,44.0,41.0,30.0,20.0,0.0,156.0,2.0,,0.0,0.0,0.0,0.0,43.0,43.0,3.0,17.0,1.0,SERIOUS,1
347010191.0,1.0,317738128.0,0.0,59.0,10.0,-58.0,1611.0,,2.0,4.0,113.0,8.0,13.0,1.0,4.0,3.0,0.0,,0.0,2.0,1.0,1.0,2.0,89.0,89.0,,0.0,0.0,0.0,,,59.0,52.0,48.0,35.0,14.0,2.0,-38.0,150.0,3.0,,350.0,320.0,0.0,10.0,58.0,58.855755878248644,3.0,14.0,1.0,SERIOUS,1
347010212.0,1.0,317744278.0,0.0,32.0,32.0,-6.0,1088.0,,89.0,4.0,165.0,1.0,66.0,1.0,1.0,1.0,0.0,,0.0,2.0,1.0,1.0,2.0,56.0,,,2.0,1.0,1.0,,,0.0,4.0,13.0,35.0,55.0,27.0,134.0,235.0,4.0,1.0,280.0,270.0,0.0,32.0,6.0,32.55764119219941,6.0,75.0,2.0,CRITICAL,2
347010212.0,1.0,317744373.0,0.0,32.0,32.0,-6.0,1088.0,,89.0,4.0,165.0,1.0,66.0,1.0,1.0,1.0,0.0,,0.0,2.0,1.0,1.0,2.0,56.0,,,2.0,1.0,1.0,,,0.0,4.0,13.0,35.0,55.0,27.0,134.0,235.0,4.0,1.0,280.0,270.0,0.0,32.0,6.0,32.55764119219941,4.0,34.0,2.0,SERIOUS,1
347010231.0,1.0,317749645.0,0.0,19.0,0.0,-19.0,301.0,,1.0,14.0,193.0,1.0,13.0,1.0,4.0,1.0,0.0,,0.0,2.0,1.0,1.0,2.0,56.0,64.0,,0.0,0.0,0.0,,,13.0,11.0,8.0,5.0,3.0,1.0,24.0,160.0,1.0,1.0,,0.0,0.0,0.0,19.0,19.0,2.0,9.0,1.0,MINOR,0
347010254.0,1.0,317749799.0,7.0,,,,,,50.0,4.0,184.0,8.0,6.0,14.0,2.0,,1.0,6.0,1.0,2.0,1.0,1.0,2.0,72.0,129.0,,0.0,0.0,0.0,,,,,,,,,,,2.0,9.0,,20.0,0.0,,,,3.0,17.0,1.0,SERIOUS,1
347010274.0,1.0,317756996.0,0.0,52.0,-9.0,-51.0,2529.0,,2.0,31.0,230.0,8.0,6.0,14.0,4.0,2.0,1.0,6.0,2.0,2.0,2.0,1.0,2.0,56.0,72.0,,0.0,5.0,0.0,,,6.0,9.0,18.0,52.0,57.0,68.0,20.0,180.0,3.0,2.0,10.0,,0.0,9.0,51.0,51.78802950489621,3.0,22.0,1.0,SERIOUS,1
347010336.0,1.0,317762393.0,0.0,108.0,37.0,-102.0,5732.0,,65.0,2.0,152.0,1.0,62.0,1.0,1.0,1.0,0.0,,0.0,2.0,1.0,1.0,2.0,89.0,89.0,,0.0,0.0,1.0,,,85.0,83.0,82.0,78.0,69.0,11.0,-26.0,160.0,3.0,1.0,340.0,270.0,0.0,37.0,102.0,108.50345616615168,2.0,5.0,1.0,MINOR,0
347010336.0,1.0,317762483.0,0.0,108.0,37.0,-102.0,5732.0,,65.0,2.0,152.0,1.0,62.0,1.0,1.0,1.0,0.0,,0.0,2.0,1.0,1.0,2.0,89.0,89.0,,0.0,0.0,1.0,,,85.0,83.0,82.0,78.0,69.0,11.0,-26.0,160.0,3.0,1.0,340.0,270.0,0.0,37.0,102.0,108.50345616615168,2.0,9.0,1.0,MINOR,0
347010403.0,1.0,317777672.0,5.0,,,,,,2.0,3.0,104.0,8.0,6.0,14.0,4.0,,0.0,,0.0,2.0,1.0,1.0,2.0,40.0,64.0,,0.0,0.0,0.0,,,6.0,3.0,6.0,11.0,18.0,38.0,56.0,150.0,3.0,2.0,350.0,80.0,0.0,,,,4.0,29.0,1.0,SERIOUS,1
347010414.0,1.0,317780331.0,1.0,,,,,,1.0,4.0,182.0,4.0,13.0,14.0,4.0,,0.0,,0.0,2.0,1.0,1.0,2.0,80.0,80.0,,0.0,0.0,0.0,,,,,,,,,,,1.0,,,,0.0,,,,3.0,9.0,1.0,SERIOUS,1
347010454.0,1.0,317786544.0,7.0,,,,,,6.0,4.0,132.0,1.0,10.0,14.0,4.0,1.0,0.0,,0.0,2.0,1.0,1.0,2.0,56.0,121.0,,0.0,6.0,0.0,,,,,,,,,,,,2.0,,,0.0,,,,3.0,22.0,1.0,SERIOUS,1
347010457.0,1.0,317789550.0,5.0,,,,,,69.0,4.0,142.0,4.0,62.0,14.0,1.0,,0.0,,0.0,2.0,1.0,1.0,2.0,,,,2.0,0.0,0.0,,,22.0,30.0,44.0,58.0,69.0,63.0,26.0,156.0,3.0,,10.0,,0.0,,,,3.0,13.0,1.0,SERIOUS,1
347010415.0,1.0,317791120.0,0.0,86.0,0.0,-86.0,3555.0,,51.0,4.0,115.0,,62.0,1.0,1.0,1.0,0.0,,0.0,2.0,1.0,1.0,2.0,89.0,89.0,,0.0,0.0,0.0,,,98.0,90.0,95.0,80.0,60.0,19.0,0.0,140.0,6.0,3.0,0.0,250.0,0.0,0.0,86.0,86.0,6.0,75.0,2.0,CRITICAL,2
347010476.0,1.0,317794611.0,8.0,,,,,,6.0,4.0,149.0,3.0,12.0,1.0,4.0,2.0,0.0,,0.0,2.0,4.0,1.0,2.0,113.0,113.0,,0.0,0.0,1.0,,,33.0,35.0,38.0,41.0,41.0,46.0,0.0,156.0,2.0,,,0.0,0.0,,,,4.0,26.0,1.0,SERIOUS,1
347010494.0,1.0,317794771.0,0.0,21.0,20.0,-7.0,478.0,,89.0,4.0,144.0,1.0,17.0,1.0,1.0,1.0,0.0,,0.0,2.0,1.0,1.0,2.0,56.0,16.0,,2.0,2.0,0.0,,,0.0,25.0,22.0,14.0,12.0,0.0,-44.0,250.0,2.0,,290.0,,0.0,20.0,7.0,21.18962010041709,3.0,14.0,1.0,SERIOUS,1
347010618.0,1.0,317820174.0,5.0,,,,,,6.0,6.0,148.0,,12.0,14.0,4.0,1.0,2.0,9.0,1.0,5.0,1.0,1.0,2.0,64.0,,,0.0,0.0,0.0,,,23.0,76.0,83.0,79.0,44.0,31.0,17.0,164.0,4.0,2.0,0.0,,0.0,,,,4.0,29.0,1.0,SERIOUS,1
347010563.0,1.0,317831754.0,3.0,,,,,,1.0,14.0,187.0,1.0,13.0,14.0,4.0,1.0,4.0,21.0,5.0,2.0,1.0,1.0,2.0,56.0,,,0.0,0.0,0.0,,,9.0,8.0,8.0,8.0,6.0,7.0,0.0,168.0,1.0,3.0,,,0.0,,,,4.0,29.0,1.0,SERIOUS,1
347010574.0,1.0,317835037.0,0.0,70.0,-12.0,-69.0,3717.0,,45.0,2.0,170.0,1.0,60.0,14.0,1.0,1.0,2.0,5.0,1.0,1.0,2.0,1.0,2.0,80.0,,,0.0,0.0,3.0,,,47.0,50.0,53.0,54.0,60.0,57.0,0.0,160.0,3.0,,10.0,230.0,0.0,12.0,69.0,70.03570517957252,3.0,19.0,1.0,SERIOUS,1
347010614.0,1.0,317836376.0,5.0,,,,,,28.0,2.0,128.0,4.0,52.0,1.0,1.0,1.0,0.0,,0.0,4.0,3.0,1.0,2.0,97.0,80.0,,0.0,0.0,2.0,,,52.0,60.0,56.0,47.0,35.0,21.0,-11.0,162.0,3.0,,0.0,0.0,0.0,,,,2.0,4.0,1.0,MINOR,0
347010638.0,1.0,317837284.0,0.0,27.0,18.0,-21.0,945.0,,89.0,4.0,144.0,4.0,17.0,1.0,1.0,,0.0,,0.0,2.0,1.0,1.0,2.0,56.0,80.0,,2.0,2.0,0.0,,,0.0,18.0,31.0,38.0,13.0,0.0,-34.0,298.0,3.0,1.0,320.0,10.0,0.0,18.0,21.0,27.65863337187866,2.0,12.0,1.0,MINOR,0
347010695.0,1.0,317837456.0,7.0,,,,,,1.0,4.0,190.0,7.0,60.0,1.0,4.0,4.0,8.0,60.0,1.0,2.0,1.0,1.0,2.0,72.0,72.0,,0.0,0.0,0.0,,,,,,,,,,,3.0,3.0,20.0,,0.0,,,,3.0,14.0,1.0,SERIOUS,1
347010722.0,1.0,317845309.0,0.0,51.0,-9.0,-50.0,2089.0,,51.0,4.0,147.0,2.0,62.0,1.0,1.0,,0.0,,0.0,2.0,2.0,2.0,2.0,64.0,64.0,,0.0,0.0,0.0,,,24.0,38.0,53.0,63.0,66.0,71.0,0.0,160.0,3.0,1.0,10.0,100.0,0.0,9.0,50.0,50.80354318352215,3.0,10.0,1.0,SERIOUS,1
347010776.0,1.0,317849415.0,0.0,16.0,6.0,-15.0,160.0,,86.0,14.0,207.0,1.0,17.0,1.0,1.0,1.0,0.0,,0.0,4.0,1.0,1.0,2.0,89.0,97.0,,2.0,1.0,1.0,,,4.0,5.0,0.0,0.0,1.0,0.0,-60.0,160.0,5.0,2.0,340.0,270.0,0.0,6.0,15.0,16.15549442140351,2.0,12.0,1.0,MINOR,0
347010775.0,1.0,317850075.0,0.0,104.0,0.0,-104.0,7607.0,,50.0,4.0,135.0,1.0,10.0,1.0,2.0,1.0,0.0,,0.0,5.0,1.0,1.0,2.0,80.0,,,0.0,0.0,0.0,,,30.0,48.0,92.0,89.0,86.0,108.0,32.0,150.0,6.0,,0.0,,0.0,0.0,104.0,104.0,3.0,14.0,1.0,SERIOUS,1
347010724.0,1.0,317852091.0,0.0,15.0,0.0,-15.0,136.0,,28.0,14.0,159.0,8.0,52.0,14.0,1.0,,0.0,,0.0,2.0,1.0,2.0,2.0,56.0,,,0.0,0.0,0.0,,,0.0,0.0,1.0,2.0,3.0,10.0,48.0,160.0,1.0,1.0,0.0,350.0,0.0,0.0,15.0,15.0,2.0,8.0,1.0,MINOR,0
347010754.0,1.0,317854470.0,7.0,,,,,,1.0,20.0,204.0,2.0,13.0,14.0,4.0,1.0,3.0,5.0,1.0,2.0,1.0,1.0,2.0,64.0,,,1.0,0.0,3.0,,,,,,,,,,,8.0,3.0,0.0,,0.0,,,,3.0,10.0,1.0,SERIOUS,1
347010817.0,1.0,317854522.0,0.0,26.0,0.0,-26.0,407.0,,1.0,4.0,150.0,9.0,13.0,1.0,4.0,,0.0,,0.0,2.0,1.0,1.0,2.0,72.0,,,0.0,0.0,0.0,,,12.0,0.0,25.0,17.0,9.0,7.0,0.0,160.0,2.0,1.0,0.0,0.0,0.0,0.0,26.0,26.0,3.0,14.0,1.0,SERIOUS,1
347010796.0,1.0,317859119.0,0.0,46.0,0.0,-46.0,1291.0,,1.0,4.0,136.0,7.0,87.0,14.0,4.0,1.0,0.0,,0.0,2.0,1.0,1.0,2.0,,56.0,,0.0,0.0,0.0,,,36.0,57.0,47.0,30.0,17.0,9.0,-30.0,156.0,3.0,,0.0,0.0,0.0,0.0,46.0,46.0,3.0,14.0,1.0,SERIOUS,1
347010778.0,1.0,317879639.0,0.0,12.0,12.0,-2.0,200.0,,89.0,5.0,149.0,1.0,66.0,3.0,1.0,1.0,0.0,,0.0,5.0,1.0,1.0,2.0,72.0,,,2.0,1.0,1.0,,,1.0,14.0,15.0,15.0,8.0,0.0,-167.0,103.0,2.0,,280.0,,0.0,12.0,2.0,12.165525060596439,4.0,26.0,1.0,SERIOUS,1
347010798.0,1.0,317881719.0,0.0,51.0,-25.0,-44.0,1268.0,,30.0,4.0,129.0,1.0,53.0,2.0,1.0,1.0,0.0,,0.0,6.0,1.0,1.0,2.0,64.0,,,2.0,1.0,0.0,,,0.0,0.0,39.0,40.0,33.0,39.0,29.0,160.0,2.0,1.0,30.0,190.0,0.0,25.0,44.0,50.60632371551998,1.0,2.0,1.0,MINOR,0
347010859.0,1.0,317889712.0,0.0,83.0,14.0,-82.0,3229.0,,50.0,4.0,145.0,1.0,10.0,14.0,2.0,1.0,0.0,,0.0,5.0,1.0,1.0,2.0,89.0,,,0.0,0.0,0.0,,,76.0,65.0,55.0,39.0,27.0,21.0,-26.0,150.0,6.0,,350.0,,0.0,14.0,82.0,83.18653737234169,3.0,22.0,1.0,SERIOUS,1
347010894.0,1.0,317892177.0,0.0,45.0,39.0,-22.0,1686.0,,89.0,6.0,143.0,1.0,17.0,4.0,1.0,1.0,0.0,,0.0,1.0,1.0,2.0,2.0,72.0,8.0,,2.0,2.0,3.0,,,0.0,10.0,43.0,41.0,40.0,37.0,60.0,286.0,3.0,1.0,300.0,350.0,0.0,39.0,22.0,44.77722635447622,2.0,12.0,1.0,MINOR,0
347010954.0,1.0,317898883.0,0.0,83.0,0.0,-83.0,5382.0,,50.0,15.0,251.0,1.0,10.0,14.0,2.0,1.0,0.0,,0.0,2.0,1.0,2.0,2.0,72.0,,,0.0,0.0,0.0,,,58.0,72.0,73.0,71.0,57.0,53.0,0.0,186.0,3.0,,0.0,,0.0,0.0,83.0,83.0,4.0,25.0,1.0,SERIOUS,1
318009896.0,1.0,318689065.0,0.0,67.0,0.0,-67.0,2151.0,,65.0,14.0,171.0,9.0,62.0,14.0,1.0,1.0,0.0,,0.0,2.0,1.0,1.0,2.0,89.0,80.0,,0.0,6.0,0.0,,,25.0,48.0,56.0,60.0,57.0,26.0,0.0,150.0,3.0,2.0,0.0,340.0,0.0,0.0,67.0,67.0,3.0,17.0,1.0,SERIOUS,1
425010377.0,1.0,318777851.0,0.0,46.0,16.0,-43.0,2181.0,,69.0,4.0,187.0,9.0,62.0,1.0,1.0,1.0,0.0,,0.0,3.0,1.0,1.0,2.0,72.0,56.0,,2.0,0.0,0.0,,,34.0,62.0,62.0,61.0,55.0,56.0,0.0,150.0,3.0,,340.0,,0.0,16.0,43.0,45.880278987817846,2.0,12.0,1.0,MINOR,0
325006741.0,1.0,327100823.0,7.0,,,,,,1.0,6.0,194.0,1.0,13.0,1.0,4.0,2.0,1.0,6.0,2.0,2.0,1.0,1.0,2.0,105.0,80.0,,0.0,0.0,1.0,,,,,,,,,,,3.0,2.0,,30.0,0.0,,,,3.0,17.0,1.0,SERIOUS,1
325006761.0,1.0,327100825.0,8.0,,,,,,6.0,3.0,141.0,1.0,12.0,1.0,4.0,1.0,0.0,,0.0,2.0,1.0,1.0,2.0,40.0,,,0.0,0.0,0.0,,,35.0,0.0,0.0,0.0,0.0,0.0,0.0,100.0,7.0,,350.0,350.0,0.0,,,,3.0,27.0,1.0,SERIOUS,1
324006781.0,1.0,327100827.0,0.0,27.0,-25.0,-9.0,712.0,,87.0,4.0,180.0,1.0,17.0,1.0,1.0,1.0,0.0,,0.0,2.0,1.0,1.0,2.0,89.0,,,2.0,2.0,0.0,,,0.0,22.0,25.0,22.0,29.0,10.0,157.0,242.0,3.0,1.0,70.0,90.0,0.0,25.0,9.0,26.570660511172846,4.0,21.0,1.0,SERIOUS,1
325006801.0,1.0,327100829.0,0.0,46.0,-23.0,-40.0,1233.0,,68.0,4.0,120.0,1.0,15.0,11.0,2.0,1.0,0.0,,0.0,2.0,1.0,1.0,1.0,89.0,,,2.0,0.0,0.0,,,7.0,20.0,31.0,38.0,37.0,41.0,31.0,160.0,2.0,2.0,30.0,90.0,0.0,23.0,40.0,46.14108798023731,3.0,10.0,1.0,SERIOUS,1
324006821.0,1.0,327102281.0,0.0,,,,,,89.0,4.0,141.0,1.0,17.0,1.0,1.0,1.0,0.0,,0.0,2.0,1.0,1.0,2.0,72.0,,,2.0,2.0,0.0,,,0.0,10.0,42.0,30.0,18.0,0.0,-33.0,262.0,4.0,,300.0,,0.0,,,,4.0,29.0,1.0,SERIOUS,1
325006861.0,1.0,327102283.0,0.0,20.0,0.0,-20.0,322.0,,14.0,4.0,149.0,1.0,14.0,1.0,4.0,1.0,0.0,,0.0,2.0,3.0,1.0,2.0,48.0,,,2.0,1.0,0.0,,,22.0,17.0,15.0,11.0,5.0,0.0,-66.0,155.0,9.0,2.0,0.0,90.0,0.0,0.0,20.0,20.0,3.0,10.0,1.0,SERIOUS,1
325006862.0,1.0,327102285.0,0.0,19.0,3.0,-19.0,264.0,,1.0,4.0,159.0,6.0,13.0,97.0,4.0,1.0,2.0,,6.0,4.0,3.0,1.0,1.0,89.0,,,1.0,0.0,2.0,,,18.0,10.0,8.0,8.0,6.0,1.0,-67.0,155.0,4.0,2.0,350.0,,0.0,3.0,19.0,19.235384061671343,3.0,17.0,1.0,SERIOUS,1
324006841.0,1.0,327105339.0,5.0,,,,,,12.0,1.0,146.0,1.0,8.0,1.0,4.0,1.0,0.0,,0.0,2.0,3.0,1.0,1.0,56.0,,,0.0,0.0,1.0,,,23.0,92.0,98.0,96.0,79.0,40.0,3.0,160.0,4.0,,0.0,,0.0,,,,3.0,10.0,1.0,SERIOUS,1
325006882.0,1.0,327105353.0,7.0,,,,,,24.0,14.0,148.0,9.0,50.0,1.0,1.0,1.0,1.0,15.0,7.0,2.0,1.0,1.0,2.0,64.0,,,2.0,0.0,0.0,,,,,,,,,,,6.0,2.0,340.0,,0.0,,,,3.0,19.0,1.0,SERIOUS,1
324006921.0,1.0,327105367.0,0.0,,,,,,45.0,4.0,151.0,1.0,60.0,1.0,1.0,1.0,0.0,,0.0,2.0,3.0,1.0,1.0,48.0,,,0.0,0.0,2.0,,,0.0,18.0,27.0,29.0,9.0,0.0,-18.0,238.0,3.0,1.0,200.0,90.0,0.0,,,,3.0,10.0,1.0,SERIOUS,1
325006881.0,1.0,327105375.0,0.0,50.0,32.0,-38.0,2062.0,,65.0,14.0,175.0,1.0,62.0,1.0,1.0,1.0,0.0,,0.0,2.0,3.0,1.0,2.0,72.0,,,0.0,8.0,0.0,,,0.0,14.0,24.0,35.0,42.0,34.0,93.0,286.0,2.0,,320.0,,0.0,32.0,38.0,49.678969393496885,3.0,17.0,1.0,SERIOUS,1
325006881.0,1.0,327105390.0,0.0,50.0,32.0,-38.0,2062.0,,65.0,14.0,175.0,1.0,62.0,1.0,1.0,1.0,0.0,,0.0,2.0,3.0,1.0,2.0,72.0,,,0.0,8.0,0.0,,,0.0,14.0,24.0,35.0,42.0,34.0,93.0,286.0,2.0,,320.0,,0.0,32.0,38.0,49.678969393496885,2.0,5.0,1.0,MINOR,0
325006881.0,1.0,327105404.0,0.0,50.0,32.0,-38.0,2062.0,,65.0,14.0,175.0,1.0,62.0,1.0,1.0,1.0,0.0,,0.0,2.0,3.0,1.0,2.0,72.0,,,0.0,8.0,0.0,,,0.0,14.0,24.0,35.0,42.0,34.0,93.0,286.0,2.0,,320.0,,0.0,32.0,38.0,49.678969393496885,3.0,10.0,1.0,SERIOUS,1
325006901.0,1.0,327110526.0,0.0,44.0,0.0,-44.0,1409.0,,1.0,4.0,166.0,1.0,13.0,1.0,4.0,1.0,0.0,,0.0,3.0,3.0,3.0,1.0,48.0,56.0,,2.0,1.0,0.0,,,13.0,23.0,54.0,43.0,5.0,6.0,-28.0,150.0,3.0,,0.0,,0.0,0.0,44.0,44.0,3.0,10.0,1.0,SERIOUS,1
325006901.0,1.0,327110528.0,0.0,44.0,0.0,-44.0,1409.0,,1.0,4.0,166.0,1.0,13.0,1.0,4.0,1.0,0.0,,0.0,3.0,3.0,3.0,1.0,48.0,56.0,,2.0,1.0,0.0,,,13.0,23.0,54.0,43.0,5.0,6.0,-28.0,150.0,3.0,,0.0,,0.0,0.0,44.0,44.0,2.0,5.0,1.0,MINOR,0
325006942.0,1.0,327110530.0,0.0,27.0,0.0,-27.0,420.0,,20.0,4.0,125.0,1.0,50.0,1.0,1.0,1.0,0.0,,0.0,5.0,1.0,1.0,2.0,40.0,,,2.0,1.0,0.0,,,6.0,18.0,27.0,24.0,11.0,0.0,-42.0,150.0,2.0,,0.0,,0.0,0.0,27.0,27.0,3.0,19.0,1.0,SERIOUS,1
325006961.0,1.0,327110532.0,0.0,65.0,-11.0,-64.0,4611.0,,51.0,15.0,261.0,9.0,62.0,1.0,1.0,1.0,0.0,,0.0,2.0,2.0,1.0,2.0,89.0,27.0,,0.0,0.0,0.0,,,54.0,56.0,63.0,68.0,67.0,71.0,0.0,170.0,5.0,,10.0,,0.0,11.0,64.0,64.93843238021688,4.0,26.0,1.0,SERIOUS,1
325006981.0,1.0,327110534.0,0.0,40.0,-7.0,-39.0,703.0,,83.0,4.0,120.0,1.0,66.0,1.0,1.0,1.0,0.0,,0.0,4.0,1.0,1.0,1.0,89.0,,,2.0,0.0,1.0,,,18.0,23.0,27.0,29.0,29.0,29.0,0.0,140.0,2.0,,10.0,,0.0,7.0,39.0,39.6232255123179,2.0,5.0,2.0,MINOR,0
325007001.0,1.0,327110536.0,4.0,,,,,,20.0,4.0,146.0,1.0,50.0,1.0,2.0,1.0,0.0,,0.0,4.0,1.0,1.0,1.0,56.0,,,2.0,1.0,1.0,,,11.0,35.0,50.0,56.0,61.0,44.0,31.0,140.0,3.0,,0.0,,0.0,,,,5.0,33.0,1.0,CRITICAL,2
325007021.0,1.0,327110538.0,6.0,,,,,,2.0,4.0,138.0,1.0,6.0,1.0,4.0,2.0,0.0,,0.0,2.0,2.0,3.0,2.0,89.0,,,0.0,0.0,0.0,,,,,,,,,,,,,,30.0,0.0,,,,3.0,14.0,1.0,SERIOUS,1
325007041.0,1.0,327110540.0,8.0,,,,,,68.0,4.0,145.0,1.0,15.0,11.0,2.0,1.0,0.0,,0.0,4.0,1.0,1.0,1.0,48.0,,,2.0,1.0,1.0,,,4.0,36.0,88.0,42.0,10.0,0.0,-60.0,308.0,5.0,2.0,280.0,90.0,0.0,,,,2.0,9.0,1.0,MINOR,0
325007041.0,1.0,327110542.0,8.0,,,,,,68.0,4.0,145.0,1.0,15.0,11.0,2.0,1.0,0.0,,0.0,4.0,1.0,1.0,1.0,48.0,,,2.0,1.0,1.0,,,4.0,36.0,88.0,42.0,10.0,0.0,-60.0,308.0,5.0,2.0,280.0,90.0,0.0,,,,2.0,5.0,1.0,MINOR,0
325007061.0,1.0,327110544.0,0.0,37.0,35.0,-13.0,1326.0,,82.0,4.0,152.0,1.0,17.0,11.0,2.0,1.0,0.0,,0.0,5.0,1.0,1.0,1.0,64.0,,,2.0,1.0,1.0,,,0.0,0.0,52.0,45.0,20.0,0.0,17.0,285.0,3.0,,290.0,,0.0,35.0,13.0,37.33630940518894,2.0,9.0,1.0,MINOR,0
325007062.0,1.0,327114284.0,0.0,33.0,33.0,6.0,907.0,,78.0,4.0,114.0,1.0,16.0,10.0,7.0,1.0,0.0,,0.0,2.0,1.0,1.0,1.0,56.0,,,3.0,0.0,0.0,,,5.0,32.0,45.0,35.0,5.0,0.0,-93.0,210.0,3.0,2.0,260.0,150.0,0.0,33.0,6.0,33.54101966249684,4.0,21.0,1.0,SERIOUS,1
325007081.0,1.0,327114290.0,,,,,,,6.0,14.0,188.0,9.0,12.0,1.0,4.0,2.0,0.0,,0.0,2.0,2.0,1.0,2.0,72.0,53.0,,0.0,0.0,0.0,,,,,,,,,,,3.0,,340.0,,0.0,,,,3.0,11.0,1.0,SERIOUS,1
325007082.0,1.0,327114293.0,0.0,65.0,-65.0,0.0,4236.0,,98.0,4.0,150.0,1.0,98.0,10.0,1.0,1.0,0.0,,0.0,4.0,1.0,1.0,2.0,64.0,,,2.0,0.0,1.0,,,0.0,33.0,87.0,80.0,58.0,0.0,-45.0,280.0,5.0,,90.0,280.0,0.0,65.0,0.0,65.0,2.0,9.0,1.0,MINOR,0
325007083.0,1.0,327114296.0,3.0,,,,,,98.0,4.0,110.0,1.0,8.0,3.0,2.0,1.0,0.0,,0.0,2.0,1.0,1.0,2.0,16.0,,,4.0,0.0,0.0,,,0.0,0.0,10.0,18.0,23.0,12.0,49.0,150.0,2.0,,10.0,,0.0,,,,3.0,17.0,1.0,SERIOUS,1
325007083.0,1.0,327114298.0,3.0,,,,,,98.0,4.0,110.0,1.0,8.0,3.0,2.0,1.0,0.0,,0.0,2.0,1.0,1.0,2.0,16.0,,,4.0,0.0,0.0,,,0.0,0.0,10.0,18.0,23.0,12.0,49.0,150.0,2.0,,10.0,,0.0,,,,3.0,14.0,1.0,SERIOUS,1
325007085.0,1.0,327114300.0,0.0,35.0,0.0,-35.0,978.0,,12.0,4.0,180.0,1.0,9.0,10.0,2.0,1.0,0.0,,0.0,5.0,1.0,1.0,1.0,56.0,,,2.0,1.0,1.0,,,24.0,43.0,36.0,27.0,11.0,4.0,-40.0,170.0,2.0,,0.0,0.0,0.0,0.0,35.0,35.0,2.0,9.0,1.0,MINOR,0
325007084.0,1.0,327114303.0,0.0,36.0,-28.0,-23.0,1320.0,,68.0,14.0,156.0,1.0,15.0,11.0,2.0,1.0,0.0,,0.0,4.0,3.0,1.0,2.0,72.0,,,2.0,1.0,1.0,,,0.0,21.0,40.0,24.0,9.0,2.0,80.0,315.0,3.0,,50.0,,0.0,28.0,23.0,36.235341863986875,3.0,10.0,1.0,SERIOUS,1
325007086.0,1.0,327115422.0,4.0,,,,,,2.0,4.0,131.0,1.0,13.0,1.0,4.0,3.0,0.0,,0.0,2.0,3.0,2.0,1.0,40.0,,,0.0,0.0,0.0,,,0.0,12.0,26.0,39.0,58.0,47.0,-60.0,115.0,4.0,,230.0,,0.0,,,,4.0,29.0,1.0,SERIOUS,1
325007086.0,1.0,327115424.0,4.0,,,,,,2.0,4.0,131.0,1.0,13.0,1.0,4.0,3.0,0.0,,0.0,2.0,3.0,2.0,1.0,40.0,,,0.0,0.0,0.0,,,0.0,12.0,26.0,39.0,58.0,47.0,-60.0,115.0,4.0,,230.0,,0.0,,,,3.0,27.0,1.0,SERIOUS,1
325007101.0,1.0,327115426.0,0.0,42.0,32.0,-27.0,1812.0,,89.0,14.0,152.0,1.0,66.0,1.0,1.0,1.0,0.0,,0.0,2.0,2.0,1.0,2.0,89.0,,,2.0,0.0,0.0,,,0.0,38.0,42.0,22.0,4.0,0.0,-72.0,285.0,3.0,2.0,310.0,70.0,0.0,32.0,27.0,41.86884283091664,3.0,14.0,1.0,SERIOUS,1
325007101.0,1.0,327115428.0,0.0,42.0,32.0,-27.0,1812.0,,89.0,14.0,152.0,1.0,66.0,1.0,1.0,1.0,0.0,,0.0,2.0,2.0,1.0,2.0,89.0,,,2.0,0.0,0.0,,,0.0,38.0,42.0,22.0,4.0,0.0,-72.0,285.0,3.0,2.0,310.0,70.0,0.0,32.0,27.0,41.86884283091664,1.0,2.0,1.0,MINOR,0
325007121.0,1.0,327120076.0,0.0,38.0,0.0,-38.0,1115.0,,1.0,4.0,162.0,1.0,13.0,1.0,4.0,1.0,0.0,,0.0,2.0,1.0,2.0,2.0,40.0,,,0.0,0.0,0.0,,,61.0,60.0,38.0,22.0,5.0,0.0,-56.0,160.0,3.0,,0.0,,0.0,0.0,38.0,38.0,2.0,9.0,1.0,MINOR,0
325007181.0,1.0,327120078.0,0.0,15.0,-10.0,-12.0,248.0,,87.0,6.0,141.0,1.0,17.0,1.0,7.0,1.0,0.0,,0.0,2.0,1.0,1.0,1.0,40.0,,,2.0,2.0,0.0,,,27.0,16.0,6.0,4.0,0.0,1.0,-29.0,145.0,2.0,1.0,40.0,50.0,0.0,10.0,12.0,15.620499351813308,4.0,17.0,1.0,SERIOUS,1
325007221.0,1.0,327120080.0,2.0,,,,,,20.0,4.0,115.0,1.0,50.0,1.0,1.0,1.0,0.0,,0.0,4.0,1.0,1.0,2.0,56.0,,,2.0,1.0,1.0,,,11.0,11.0,10.0,9.0,8.0,9.0,2.0,150.0,1.0,,0.0,,0.0,,,,3.0,9.0,1.0,SERIOUS,1
325007261.0,1.0,327120082.0,0.0,26.0,-24.0,-9.0,681.0,,87.0,4.0,152.0,1.0,66.0,1.0,1.0,1.0,0.0,,0.0,2.0,3.0,2.0,2.0,56.0,,,2.0,1.0,1.0,,,0.0,17.0,28.0,30.0,10.0,0.0,5.0,275.0,3.0,,70.0,,0.0,24.0,9.0,25.632011235952593,2.0,9.0,1.0,MINOR,0
325007261.0,1.0,327120084.0,0.0,26.0,-24.0,-9.0,681.0,,87.0,4.0,152.0,1.0,66.0,1.0,1.0,1.0,0.0,,0.0,2.0,3.0,2.0,2.0,56.0,,,2.0,1.0,1.0,,,0.0,17.0,28.0,30.0,10.0,0.0,5.0,275.0,3.0,,70.0,,0.0,24.0,9.0,25.632011235952593,3.0,17.0,1.0,SERIOUS,1
325007141.0,1.0,327120086.0,8.0,,,,,,20.0,4.0,162.0,1.0,11.0,1.0,2.0,1.0,0.0,,0.0,2.0,1.0,1.0,2.0,64.0,,,0.0,0.0,1.0,,,,,,,,,,,9.0,,10.0,,0.0,,,,3.0,10.0,1.0,SERIOUS,1
328003704.0,1.0,328076789.0,4.0,,,,,,6.0,31.0,205.0,1.0,8.0,1.0,4.0,1.0,0.0,,0.0,2.0,1.0,1.0,2.0,56.0,56.0,,0.0,0.0,0.0,,,72.0,27.0,18.0,10.0,0.0,0.0,-76.0,180.0,5.0,3.0,350.0,350.0,0.0,,,,3.0,19.0,1.0,SERIOUS,1
328003725.0,1.0,328077495.0,0.0,25.0,23.0,-9.0,260.0,,89.0,5.0,143.0,9.0,66.0,1.0,1.0,1.0,0.0,,0.0,2.0,3.0,1.0,2.0,89.0,89.0,,2.0,1.0,0.0,,,0.0,13.0,14.0,11.0,3.0,0.0,74.0,271.0,2.0,,290.0,,0.0,23.0,9.0,24.698178070456937,3.0,17.0,1.0,SERIOUS,1
328003745.0,1.0,328077619.0,4.0,,,,,,1.0,4.0,146.0,1.0,13.0,14.0,4.0,1.0,4.0,35.0,1.0,2.0,2.0,1.0,2.0,64.0,,,0.0,0.0,0.0,,,24.0,23.0,23.0,22.0,15.0,6.0,0.0,392.0,3.0,5.0,70.0,,0.0,,,,6.0,75.0,2.0,CRITICAL,2
328003746.0,1.0,328077621.0,7.0,,,,,,65.0,4.0,125.0,9.0,62.0,1.0,1.0,1.0,0.0,,0.0,2.0,1.0,1.0,2.0,89.0,89.0,,0.0,0.0,0.0,,,9.0,14.0,15.0,7.0,4.0,0.0,-44.0,302.0,2.0,1.0,350.0,160.0,0.0,,,,4.0,21.0,1.0,SERIOUS,1
328003744.0,1.0,328077623.0,0.0,,,,,,68.0,4.0,161.0,1.0,15.0,11.0,1.0,1.0,0.0,,0.0,7.0,1.0,1.0,2.0,72.0,,,2.0,1.0,0.0,,,4.0,30.0,66.0,81.0,61.0,5.0,59.0,333.0,5.0,,50.0,,0.0,,,,4.0,34.0,2.0,SERIOUS,1
328003747.0,1.0,328077625.0,0.0,42.0,-14.0,-39.0,1436.0,,88.0,4.0,107.0,3.0,66.0,1.0,2.0,2.0,0.0,,0.0,2.0,1.0,1.0,2.0,89.0,80.0,,2.0,0.0,2.0,,,36.0,33.0,35.0,37.0,34.0,0.0,0.0,146.0,2.0,1.0,20.0,90.0,0.0,14.0,39.0,41.43669871020132,3.0,14.0,1.0,SERIOUS,1
328003747.0,1.0,328077657.0,0.0,42.0,-14.0,-39.0,1436.0,,88.0,4.0,107.0,3.0,66.0,1.0,2.0,2.0,0.0,,0.0,2.0,1.0,1.0,2.0,89.0,80.0,,2.0,0.0,2.0,,,36.0,33.0,35.0,37.0,34.0,0.0,0.0,146.0,2.0,1.0,20.0,90.0,0.0,14.0,39.0,41.43669871020132,3.0,14.0,1.0,SERIOUS,1
328003705.0,1.0,334076942.0,0.0,31.0,29.0,-11.0,1323.0,,89.0,20.0,179.0,10.0,17.0,1.0,1.0,1.0,0.0,,0.0,2.0,1.0,1.0,2.0,40.0,,,2.0,2.0,0.0,,,1.0,11.0,44.0,43.0,22.0,0.0,25.0,274.0,4.0,,280.0,,0.0,29.0,11.0,31.016124838541646,3.0,14.0,1.0,SERIOUS,1
328003724.0,1.0,334077012.0,7.0,,,,,,1.0,31.0,237.0,8.0,13.0,1.0,4.0,,3.0,6.0,1.0,2.0,1.0,1.0,2.0,89.0,89.0,,0.0,0.0,0.0,,,,,,,,,,,3.0,,,,0.0,,,,2.0,9.0,1.0,MINOR,0
337007297.0,1.0,337164126.0,0.0,56.0,-28.0,-48.0,2150.0,,98.0,4.0,113.0,1.0,62.0,1.0,1.0,1.0,0.0,,0.0,2.0,1.0,1.0,1.0,72.0,72.0,,0.0,0.0,0.0,,,11.0,50.0,55.0,61.0,63.0,66.0,11.0,152.0,3.0,,30.0,,0.0,28.0,48.0,55.569775957799216,5.0,38.0,1.0,CRITICAL,2
337007297.0,1.0,337164271.0,0.0,56.0,-28.0,-48.0,2150.0,,98.0,4.0,113.0,1.0,62.0,1.0,1.0,1.0,0.0,,0.0,2.0,1.0,1.0,1.0,72.0,72.0,,0.0,0.0,0.0,,,11.0,50.0,55.0,61.0,63.0,66.0,11.0,152.0,3.0,,30.0,,0.0,28.0,48.0,55.569775957799216,4.0,29.0,1.0,SERIOUS,1
314000620.0,1.0,338050004.0,0.0,34.0,0.0,-34.0,598.0,,6.0,5.0,134.0,1.0,12.0,14.0,4.0,1.0,4.0,11.0,6.0,2.0,1.0,1.0,2.0,89.0,80.0,,0.0,0.0,0.0,,,0.0,17.0,44.0,24.0,9.0,0.0,-9.0,142.0,3.0,3.0,0.0,0.0,0.0,0.0,34.0,34.0,2.0,9.0,1.0,MINOR,0
314000621.0,1.0,338050032.0,0.0,,,,,,6.0,14.0,178.0,1.0,12.0,14.0,4.0,1.0,0.0,,0.0,2.0,1.0,1.0,2.0,89.0,89.0,,0.0,6.0,0.0,,,22.0,0.0,0.0,0.0,0.0,0.0,-58.0,158.0,4.0,,0.0,,0.0,,,,3.0,14.0,1.0,SERIOUS,1
314000619.0,1.0,338050068.0,0.0,40.0,39.0,-7.0,1257.0,,82.0,14.0,135.0,1.0,15.0,11.0,1.0,1.0,0.0,,0.0,2.0,1.0,1.0,2.0,89.0,24.0,,2.0,2.0,0.0,,,0.0,19.0,34.0,35.0,19.0,0.0,28.0,261.0,3.0,,280.0,,0.0,39.0,7.0,39.6232255123179,4.0,36.0,1.0,SERIOUS,1
897000560.0,2.0,338050691.0,0.0,45.0,8.0,-44.0,1593.0,,50.0,31.0,217.0,9.0,5.0,14.0,2.0,2.0,0.0,,0.0,2.0,1.0,5.0,2.0,89.0,64.0,,0.0,0.0,0.0,,,35.0,32.0,46.0,38.0,17.0,0.0,-40.0,181.0,2.0,,350.0,,0.0,8.0,44.0,44.721359549995796,3.0,14.0,1.0,SERIOUS,1
314000637.0,1.0,338050907.0,0.0,36.0,12.0,-34.0,1553.0,,65.0,15.0,242.0,1.0,62.0,1.0,1.0,1.0,0.0,,0.0,2.0,2.0,1.0,2.0,89.0,80.0,,0.0,0.0,0.0,,,34.0,47.0,61.0,54.0,34.0,8.0,0.0,181.0,3.0,2.0,340.0,270.0,0.0,12.0,34.0,36.05551275463989,3.0,14.0,1.0,SERIOUS,1
314000637.0,1.0,338050948.0,0.0,36.0,12.0,-34.0,1553.0,,65.0,15.0,242.0,1.0,62.0,1.0,1.0,1.0,0.0,,0.0,2.0,2.0,1.0,2.0,89.0,80.0,,0.0,0.0,0.0,,,34.0,47.0,61.0,54.0,34.0,8.0,0.0,181.0,3.0,2.0,340.0,270.0,0.0,12.0,34.0,36.05551275463989,2.0,9.0,1.0,MINOR,0
314000637.0,1.0,338050995.0,0.0,36.0,12.0,-34.0,1553.0,,65.0,15.0,242.0,1.0,62.0,1.0,1.0,1.0,0.0,,0.0,2.0,2.0,1.0,2.0,89.0,80.0,,0.0,0.0,0.0,,,34.0,47.0,61.0,54.0,34.0,8.0,0.0,181.0,3.0,2.0,340.0,270.0,0.0,12.0,34.0,36.05551275463989,2.0,5.0,1.0,MINOR,0
314000637.0,1.0,338051024.0,0.0,36.0,12.0,-34.0,1553.0,,65.0,15.0,242.0,1.0,62.0,1.0,1.0,1.0,0.0,,0.0,2.0,2.0,1.0,2.0,89.0,80.0,,0.0,0.0,0.0,,,34.0,47.0,61.0,54.0,34.0,8.0,0.0,181.0,3.0,2.0,340.0,270.0,0.0,12.0,34.0,36.05551275463989,2.0,9.0,1.0,MINOR,0
314000637.0,2.0,338051046.0,0.0,42.0,-36.0,-21.0,1753.0,,64.0,14.0,202.0,8.0,13.0,14.0,6.0,4.0,0.0,,0.0,2.0,2.0,1.0,2.0,89.0,80.0,,0.0,0.0,0.0,,,0.0,28.0,33.0,42.0,28.0,29.0,94.0,222.0,3.0,2.0,60.0,90.0,0.0,36.0,21.0,41.677331968349414,3.0,10.0,1.0,SERIOUS,1
314000638.0,1.0,338051801.0,0.0,42.0,-41.0,-7.0,1031.0,,87.0,4.0,119.0,1.0,17.0,1.0,1.0,1.0,0.0,,0.0,2.0,1.0,1.0,2.0,89.0,16.0,,2.0,2.0,0.0,,,0.0,31.0,40.0,34.0,17.0,0.0,13.0,248.0,3.0,2.0,80.0,290.0,0.0,41.0,7.0,41.593268686170845,4.0,26.0,1.0,SERIOUS,1
314000638.0,1.0,338051883.0,0.0,42.0,-41.0,-7.0,1031.0,,87.0,4.0,119.0,1.0,17.0,1.0,1.0,1.0,0.0,,0.0,2.0,1.0,1.0,2.0,89.0,16.0,,2.0,2.0,0.0,,,0.0,31.0,40.0,34.0,17.0,0.0,13.0,248.0,3.0,2.0,80.0,290.0,0.0,41.0,7.0,41.593268686170845,2.0,9.0,1.0,MINOR,0
314000639.0,1.0,338052018.0,0.0,70.0,12.0,-69.0,4064.0,,51.0,3.0,132.0,9.0,62.0,14.0,1.0,2.0,0.0,,0.0,2.0,1.0,1.0,2.0,80.0,80.0,,0.0,0.0,0.0,,,54.0,76.0,85.0,100.0,107.0,108.0,0.0,143.0,4.0,1.0,350.0,190.0,0.0,12.0,69.0,70.03570517957252,3.0,27.0,1.0,SERIOUS,1
314000640.0,1.0,338054039.0,0.0,64.0,11.0,-63.0,4172.0,,51.0,14.0,166.0,1.0,62.0,1.0,1.0,1.0,0.0,,0.0,2.0,2.0,1.0,2.0,72.0,72.0,,0.0,0.0,0.0,,,58.0,70.0,67.0,68.0,63.0,39.0,0.0,152.0,3.0,1.0,350.0,340.0,0.0,11.0,63.0,63.953107821277925,3.0,14.0,1.0,SERIOUS,1
344000657.0,1.0,338054109.0,0.0,25.0,0.0,-25.0,746.0,,28.0,21.0,,4.0,52.0,1.0,1.0,1.0,0.0,,0.0,2.0,1.0,1.0,2.0,105.0,105.0,,1.0,8.0,2.0,,,8.0,24.0,22.0,20.0,1.0,5.0,0.0,183.0,3.0,,0.0,,0.0,0.0,25.0,25.0,3.0,10.0,1.0,SERIOUS,1
344000658.0,1.0,338054270.0,0.0,46.0,8.0,-45.0,2680.0,,51.0,31.0,215.0,2.0,62.0,14.0,1.0,1.0,0.0,,0.0,2.0,1.0,1.0,2.0,72.0,72.0,,0.0,0.0,0.0,,,111.0,76.0,57.0,28.0,8.0,0.0,-43.0,181.0,5.0,,350.0,,0.0,8.0,45.0,45.70557952810576,4.0,26.0,1.0,SERIOUS,1
344000659.0,1.0,338055651.0,0.0,29.0,29.0,0.0,417.0,,2.0,4.0,122.0,1.0,13.0,1.0,4.0,3.0,0.0,,0.0,3.0,1.0,2.0,2.0,113.0,113.0,,0.0,0.0,2.0,,,3.0,12.0,43.0,42.0,4.0,0.0,13.0,76.0,3.0,1.0,270.0,30.0,0.0,29.0,0.0,29.0,3.0,14.0,1.0,SERIOUS,1
344000660.0,1.0,338055907.0,7.0,,,,,,3.0,15.0,269.0,1.0,13.0,14.0,4.0,1.0,0.0,,0.0,2.0,1.0,1.0,2.0,80.0,80.0,,2.0,0.0,0.0,,,0.0,0.0,0.0,1.0,3.0,5.0,62.0,178.0,1.0,,0.0,,0.0,,,,3.0,14.0,1.0,SERIOUS,1
344000661.0,1.0,338055948.0,0.0,53.0,9.0,-52.0,1024.0,,50.0,4.0,154.0,1.0,10.0,14.0,2.0,1.0,0.0,,0.0,2.0,1.0,1.0,2.0,72.0,72.0,,0.0,0.0,0.0,,,54.0,49.0,35.0,21.0,10.0,0.0,-46.0,157.0,3.0,,350.0,,0.0,9.0,52.0,52.773099207835045,2.0,9.0,1.0,MINOR,0
344000661.0,1.0,338056052.0,0.0,53.0,9.0,-52.0,1024.0,,50.0,4.0,154.0,1.0,10.0,14.0,2.0,1.0,0.0,,0.0,2.0,1.0,1.0,2.0,72.0,72.0,,0.0,0.0,0.0,,,54.0,49.0,35.0,21.0,10.0,0.0,-46.0,157.0,3.0,,350.0,,0.0,9.0,52.0,52.773099207835045,4.0,29.0,1.0,SERIOUS,1
344000664.0,1.0,338057917.0,0.0,50.0,9.0,-49.0,1480.0,,50.0,4.0,163.0,1.0,10.0,14.0,2.0,1.0,0.0,,0.0,2.0,1.0,1.0,2.0,89.0,89.0,,0.0,0.0,0.0,,,60.0,42.0,33.0,22.0,13.0,0.0,-57.0,152.0,6.0,,350.0,,0.0,9.0,49.0,49.8196748283246,3.0,10.0,1.0,SERIOUS,1
344000663.0,1.0,338057923.0,8.0,,,,,,50.0,4.0,175.0,7.0,13.0,1.0,6.0,1.0,0.0,,0.0,5.0,1.0,1.0,2.0,89.0,113.0,,0.0,0.0,0.0,,,2.0,1.0,0.0,0.0,0.0,0.0,-69.0,154.0,9.0,,350.0,,0.0,,,,3.0,17.0,1.0,SERIOUS,1
344000679.0,1.0,338057928.0,0.0,65.0,22.0,-61.0,3816.0,,8.0,15.0,199.0,7.0,12.0,14.0,4.0,3.0,0.0,,0.0,2.0,2.0,1.0,2.0,113.0,137.0,,0.0,0.0,1.0,,,99.0,83.0,53.0,41.0,31.0,9.0,-40.0,171.0,5.0,2.0,340.0,,0.0,22.0,61.0,64.8459713474939,3.0,14.0,1.0,SERIOUS,1
344000679.0,1.0,338057930.0,0.0,65.0,22.0,-61.0,3816.0,,8.0,15.0,199.0,7.0,12.0,14.0,4.0,3.0,0.0,,0.0,2.0,2.0,1.0,2.0,113.0,137.0,,0.0,0.0,1.0,,,99.0,83.0,53.0,41.0,31.0,9.0,-40.0,171.0,5.0,2.0,340.0,,0.0,22.0,61.0,64.8459713474939,2.0,5.0,1.0,MINOR,0
344000662.0,1.0,338062533.0,8.0,,,,,,6.0,4.0,110.0,1.0,12.0,14.0,4.0,1.0,6.0,40.0,2.0,2.0,1.0,1.0,2.0,105.0,105.0,,0.0,0.0,1.0,,,,,,,,,,,4.0,2.0,,0.0,0.0,,,,3.0,14.0,1.0,SERIOUS,1
344000680.0,1.0,338062776.0,3.0,,,,,,65.0,30.0,198.0,2.0,62.0,14.0,1.0,1.0,0.0,,0.0,2.0,1.0,1.0,2.0,89.0,89.0,,2.0,6.0,0.0,,,36.0,43.0,48.0,32.0,24.0,10.0,-25.0,154.0,3.0,1.0,0.0,250.0,0.0,,,,3.0,22.0,1.0,SERIOUS,1
344000681.0,1.0,338062824.0,0.0,32.0,0.0,-32.0,878.0,,2.0,30.0,203.0,8.0,13.0,14.0,4.0,2.0,0.0,,0.0,2.0,1.0,1.0,2.0,89.0,89.0,,0.0,0.0,0.0,,,0.0,0.0,24.0,51.0,50.0,0.0,10.0,158.0,3.0,,0.0,,0.0,0.0,32.0,32.0,2.0,9.0,1.0,MINOR,0
344000683.0,1.0,338062830.0,0.0,27.0,23.0,-14.0,719.0,,64.0,2.0,152.0,1.0,10.0,14.0,2.0,3.0,0.0,,0.0,2.0,5.0,3.0,2.0,89.0,64.0,,0.0,0.0,0.0,,,0.0,33.0,27.0,20.0,9.0,0.0,4.0,274.0,3.0,,300.0,,0.0,23.0,14.0,26.92582403567252,3.0,17.0,1.0,SERIOUS,1
344000684.0,1.0,338067562.0,0.0,43.0,-42.0,-7.0,1082.0,,64.0,3.0,115.0,1.0,13.0,14.0,2.0,4.0,0.0,,0.0,2.0,2.0,2.0,2.0,89.0,72.0,,0.0,0.0,0.0,,,0.0,13.0,59.0,30.0,15.0,0.0,64.0,262.0,4.0,,80.0,,0.0,42.0,7.0,42.579337712087536,3.0,17.0,1.0,SERIOUS,1
344000685.0,1.0,338068381.0,8.0,,,,,,28.0,4.0,121.0,6.0,10.0,1.0,2.0,1.0,4.0,22.0,7.0,3.0,3.0,1.0,2.0,56.0,72.0,,1.0,1.0,1.0,,,,,,,,,,,4.0,5.0,,0.0,0.0,,,,3.0,22.0,1.0,SERIOUS,1
344000686.0,1.0,338068404.0,7.0,,,,,,6.0,3.0,133.0,1.0,12.0,1.0,4.0,1.0,1.0,6.0,6.0,2.0,2.0,1.0,2.0,105.0,129.0,,0.0,0.0,2.0,,,9.0,49.0,47.0,49.0,39.0,8.0,7.0,144.0,3.0,,0.0,0.0,0.0,,,,3.0,14.0,1.0,SERIOUS,1
344000697.0,1.0,338068406.0,8.0,,,,,,7.0,30.0,177.0,8.0,5.0,1.0,4.0,4.0,0.0,,0.0,2.0,1.0,5.0,2.0,56.0,56.0,,0.0,0.0,0.0,,,0.0,0.0,24.0,46.0,0.0,0.0,-18.0,237.0,6.0,,,,0.0,,,,3.0,22.0,1.0,SERIOUS,1
344000698.0,1.0,338071202.0,0.0,42.0,7.0,-41.0,1627.0,,50.0,14.0,166.0,1.0,5.0,14.0,2.0,1.0,0.0,,0.0,2.0,2.0,5.0,2.0,72.0,56.0,,0.0,0.0,0.0,,,33.0,50.0,49.0,45.0,38.0,20.0,0.0,152.0,3.0,,350.0,,0.0,7.0,41.0,41.593268686170845,3.0,17.0,1.0,SERIOUS,1
344000700.0,1.0,338071354.0,0.0,25.0,25.0,-4.0,901.0,,82.0,4.0,163.0,1.0,15.0,11.0,1.0,1.0,0.0,,0.0,2.0,3.0,1.0,2.0,72.0,24.0,,2.0,2.0,1.0,,,0.0,12.0,37.0,37.0,20.0,0.0,24.0,261.0,3.0,,280.0,,0.0,25.0,4.0,25.317977802344327,4.0,34.0,1.0,SERIOUS,1
344000700.0,1.0,338071711.0,0.0,25.0,25.0,-4.0,901.0,,82.0,4.0,163.0,1.0,15.0,11.0,1.0,1.0,0.0,,0.0,2.0,3.0,1.0,2.0,72.0,24.0,,2.0,2.0,1.0,,,0.0,12.0,37.0,37.0,20.0,0.0,24.0,261.0,3.0,,280.0,,0.0,25.0,4.0,25.317977802344327,4.0,25.0,1.0,SERIOUS,1
344000700.0,1.0,338071752.0,0.0,25.0,25.0,-4.0,901.0,,82.0,4.0,163.0,1.0,15.0,11.0,1.0,1.0,0.0,,0.0,2.0,3.0,1.0,2.0,72.0,24.0,,2.0,2.0,1.0,,,0.0,12.0,37.0,37.0,20.0,0.0,24.0,261.0,3.0,,280.0,,0.0,25.0,4.0,25.317977802344327,4.0,29.0,1.0,SERIOUS,1
344000699.0,1.0,338074703.0,0.0,,,,,,1.0,14.0,166.0,1.0,13.0,14.0,4.0,1.0,0.0,,0.0,4.0,1.0,1.0,2.0,72.0,72.0,,0.0,0.0,1.0,,,44.0,122.0,113.0,88.0,,,17.0,154.0,6.0,,0.0,,0.0,,,,4.0,29.0,1.0,SERIOUS,1
344000701.0,1.0,338074788.0,0.0,,,,,,1.0,5.0,106.0,1.0,13.0,14.0,4.0,1.0,6.0,21.0,6.0,2.0,1.0,1.0,2.0,89.0,89.0,,0.0,0.0,0.0,,,8.0,5.0,1.0,0.0,0.0,0.0,-46.0,141.0,1.0,4.0,0.0,,0.0,,,,3.0,14.0,1.0,SERIOUS,1
344000702.0,1.0,338074837.0,7.0,,,,,,1.0,4.0,105.0,1.0,13.0,14.0,4.0,1.0,4.0,23.0,2.0,2.0,1.0,1.0,2.0,89.0,89.0,,0.0,6.0,0.0,,,,,,,,,,,5.0,3.0,0.0,0.0,0.0,,,,3.0,10.0,1.0,SERIOUS,1
344000703.0,1.0,338075134.0,0.0,46.0,8.0,-45.0,478.0,,69.0,6.0,141.0,9.0,62.0,1.0,1.0,2.0,0.0,,0.0,2.0,1.0,1.0,2.0,89.0,80.0,,2.0,0.0,0.0,,,25.0,23.0,30.0,19.0,7.0,5.0,-33.0,138.0,2.0,,350.0,,0.0,8.0,45.0,45.70557952810576,3.0,10.0,1.0,SERIOUS,1
344000704.0,1.0,338080980.0,0.0,,,,,,6.0,14.0,147.0,1.0,12.0,1.0,4.0,1.0,5.0,32.0,6.0,2.0,1.0,1.0,2.0,89.0,72.0,,0.0,0.0,0.0,,,12.0,8.0,1.0,0.0,0.0,0.0,-46.0,161.0,1.0,4.0,0.0,,0.0,,,,3.0,10.0,1.0,SERIOUS,1
344000705.0,1.0,338081024.0,0.0,19.0,19.0,-3.0,455.0,,89.0,31.0,188.0,1.0,66.0,1.0,1.0,1.0,0.0,,0.0,2.0,1.0,1.0,2.0,89.0,89.0,,2.0,0.0,0.0,,,0.0,12.0,19.0,16.0,19.0,0.0,-23.0,300.0,2.0,,280.0,,0.0,19.0,3.0,19.235384061671343,5.0,26.0,1.0,CRITICAL,2
344000737.0,1.0,338081059.0,0.0,31.0,5.0,-31.0,1454.0,,98.0,15.0,239.0,4.0,62.0,1.0,1.0,1.0,0.0,,0.0,5.0,1.0,1.0,1.0,72.0,72.0,,0.0,0.0,0.0,,,22.0,30.0,32.0,32.0,39.0,33.0,0.0,170.0,2.0,,350.0,,0.0,5.0,31.0,31.400636936215164,3.0,17.0,1.0,SERIOUS,1
344000737.0,1.0,338081305.0,0.0,31.0,5.0,-31.0,1454.0,,98.0,15.0,239.0,4.0,62.0,1.0,1.0,1.0,0.0,,0.0,5.0,1.0,1.0,1.0,72.0,72.0,,0.0,0.0,0.0,,,22.0,30.0,32.0,32.0,39.0,33.0,0.0,170.0,2.0,,350.0,,0.0,5.0,31.0,31.400636936215164,3.0,14.0,1.0,SERIOUS,1
344000738.0,1.0,338084131.0,0.0,38.0,0.0,-38.0,747.0,,6.0,4.0,119.0,1.0,12.0,14.0,4.0,1.0,0.0,,0.0,2.0,1.0,1.0,2.0,89.0,72.0,,0.0,0.0,0.0,,,31.0,42.0,32.0,22.0,11.0,0.0,-27.0,148.0,3.0,2.0,0.0,270.0,0.0,0.0,38.0,38.0,4.0,24.0,1.0,SERIOUS,1
344000757.0,1.0,338084135.0,3.0,,,,,,1.0,31.0,235.0,1.0,13.0,14.0,4.0,1.0,0.0,,0.0,2.0,1.0,1.0,2.0,89.0,89.0,,0.0,0.0,0.0,,,58.0,17.0,9.0,2.0,2.0,4.0,-70.0,181.0,7.0,1.0,0.0,0.0,0.0,,,,3.0,14.0,1.0,SERIOUS,1
344000758.0,1.0,338084137.0,8.0,,,,,,1.0,4.0,126.0,,13.0,14.0,4.0,1.0,5.0,10.0,6.0,2.0,3.0,1.0,2.0,56.0,97.0,,0.0,0.0,0.0,,,,,,,,,,,4.0,3.0,,0.0,0.0,,,,4.0,24.0,1.0,SERIOUS,1
344000758.0,1.0,338084153.0,8.0,,,,,,1.0,4.0,126.0,,13.0,14.0,4.0,1.0,5.0,10.0,6.0,2.0,3.0,1.0,2.0,56.0,97.0,,0.0,0.0,0.0,,,,,,,,,,,4.0,3.0,,0.0,0.0,,,,2.0,5.0,1.0,MINOR,0
344000759.0,1.0,338085536.0,0.0,25.0,-22.0,-12.0,864.0,,68.0,4.0,184.0,1.0,15.0,11.0,2.0,1.0,0.0,,0.0,2.0,1.0,1.0,2.0,80.0,48.0,,2.0,0.0,0.0,,,0.0,22.0,35.0,23.0,9.0,0.0,-5.0,327.0,2.0,2.0,60.0,,0.0,22.0,12.0,25.059928172283335,4.0,24.0,1.0,SERIOUS,1
344000759.0,1.0,338085565.0,0.0,25.0,-22.0,-12.0,864.0,,68.0,4.0,184.0,1.0,15.0,11.0,2.0,1.0,0.0,,0.0,2.0,1.0,1.0,2.0,80.0,48.0,,2.0,0.0,0.0,,,0.0,22.0,35.0,23.0,9.0,0.0,-5.0,327.0,2.0,2.0,60.0,,0.0,22.0,12.0,25.059928172283335,2.0,5.0,1.0,MINOR,0
344000759.0,1.0,338085589.0,0.0,25.0,-22.0,-12.0,864.0,,68.0,4.0,184.0,1.0,15.0,11.0,2.0,1.0,0.0,,0.0,2.0,1.0,1.0,2.0,80.0,48.0,,2.0,0.0,0.0,,,0.0,22.0,35.0,23.0,9.0,0.0,-5.0,327.0,2.0,2.0,60.0,,0.0,22.0,12.0,25.059928172283335,4.0,20.0,1.0,SERIOUS,1
344000797.0,1.0,338085611.0,0.0,38.0,-13.0,-36.0,1011.0,,83.0,4.0,123.0,2.0,67.0,14.0,1.0,1.0,0.0,,0.0,2.0,1.0,1.0,2.0,89.0,72.0,,2.0,0.0,0.0,,,2.0,29.0,33.0,31.0,32.0,16.0,0.0,147.0,2.0,,20.0,,0.0,13.0,36.0,38.27531841800928,2.0,12.0,1.0,MINOR,0
344000777.0,1.0,338088986.0,0.0,89.0,15.0,-88.0,3863.0,,50.0,2.0,118.0,1.0,10.0,14.0,2.0,1.0,0.0,,0.0,2.0,1.0,1.0,2.0,89.0,80.0,,0.0,0.0,0.0,,,84.0,84.0,74.0,53.0,27.0,5.0,-21.0,155.0,5.0,,350.0,,0.0,15.0,88.0,89.26925562588724,4.0,34.0,1.0,SERIOUS,1
344000817.0,1.0,338089042.0,0.0,,,,,,1.0,30.0,201.0,1.0,13.0,1.0,4.0,1.0,0.0,,0.0,2.0,2.0,1.0,2.0,72.0,,,0.0,0.0,0.0,,,0.0,0.0,8.0,22.0,40.0,44.0,70.0,173.0,2.0,,0.0,,0.0,,,,3.0,14.0,1.0,SERIOUS,1
344000818.0,1.0,338089110.0,7.0,,,,,,1.0,4.0,162.0,1.0,13.0,1.0,4.0,1.0,0.0,,0.0,2.0,2.0,1.0,2.0,105.0,97.0,,1.0,0.0,2.0,,,8.0,8.0,7.0,6.0,7.0,7.0,-56.0,150.0,9.0,9.0,0.0,0.0,0.0,,,,3.0,17.0,1.0,SERIOUS,1
344000819.0,1.0,338090813.0,0.0,45.0,8.0,-44.0,1494.0,,51.0,30.0,139.0,1.0,62.0,1.0,1.0,1.0,0.0,,0.0,2.0,1.0,1.0,2.0,89.0,89.0,,0.0,0.0,0.0,,,84.0,49.0,44.0,23.0,12.0,6.0,-16.0,155.0,4.0,,350.0,180.0,0.0,8.0,44.0,44.721359549995796,2.0,12.0,1.0,MINOR,0
344000820.0,1.0,338090847.0,0.0,26.0,26.0,5.0,475.0,,2.0,1.0,157.0,9.0,6.0,14.0,4.0,3.0,0.0,,0.0,2.0,3.0,2.0,2.0,56.0,80.0,,0.0,0.0,0.0,,,0.0,23.0,44.0,36.0,18.0,0.0,-38.0,113.0,3.0,1.0,260.0,,0.0,26.0,5.0,26.476404589747453,4.0,29.0,1.0,SERIOUS,1
344000821.0,1.0,338091130.0,0.0,17.0,-16.0,6.0,388.0,,7.0,5.0,125.0,,5.0,1.0,4.0,3.0,0.0,,0.0,4.0,1.0,2.0,1.0,105.0,80.0,,1.0,0.0,2.0,,,0.0,2.0,25.0,37.0,14.0,0.0,21.0,170.0,4.0,2.0,110.0,250.0,0.0,16.0,6.0,17.08800749063506,3.0,17.0,1.0,SERIOUS,1
344000822.0,1.0,338093646.0,0.0,73.0,0.0,-73.0,4768.0,,6.0,31.0,216.0,9.0,12.0,14.0,4.0,1.0,0.0,,0.0,2.0,2.0,1.0,2.0,89.0,97.0,,2.0,0.0,0.0,,,64.0,78.0,82.0,95.0,21.0,0.0,-32.0,178.0,4.0,2.0,0.0,270.0,0.0,0.0,73.0,73.0,3.0,10.0,1.0,SERIOUS,1
344000823.0,1.0,338093733.0,3.0,,,,,,1.0,2.0,119.0,1.0,13.0,1.0,4.0,1.0,0.0,,0.0,2.0,1.0,1.0,2.0,89.0,80.0,,3.0,0.0,0.0,,,28.0,27.0,21.0,16.0,9.0,0.0,-50.0,138.0,5.0,5.0,0.0,0.0,0.0,,,,3.0,17.0,1.0,SERIOUS,1
344000824.0,1.0,338093876.0,8.0,,,,,,89.0,14.0,154.0,2.0,17.0,1.0,1.0,1.0,0.0,,0.0,2.0,1.0,1.0,2.0,89.0,89.0,,2.0,2.0,0.0,,,,,,,,,,,4.0,2.0,300.0,270.0,0.0,,,,4.0,24.0,1.0,SERIOUS,1
344000824.0,1.0,338093968.0,8.0,,,,,,89.0,14.0,154.0,2.0,17.0,1.0,1.0,1.0,0.0,,0.0,2.0,1.0,1.0,2.0,89.0,89.0,,2.0,2.0,0.0,,,,,,,,,,,4.0,2.0,300.0,270.0,0.0,,,,3.0,10.0,1.0,SERIOUS,1
344000825.0,1.0,338095989.0,0.0,19.0,10.0,-16.0,219.0,,86.0,4.0,154.0,1.0,66.0,1.0,1.0,1.0,0.0,,0.0,4.0,2.0,1.0,2.0,72.0,72.0,,2.0,0.0,0.0,,,21.0,13.0,8.0,1.0,0.0,3.0,-47.0,161.0,2.0,2.0,330.0,270.0,0.0,10.0,16.0,18.867962264113206,4.0,17.0,1.0,SERIOUS,1
344000826.0,1.0,338096113.0,0.0,57.0,-10.0,-56.0,1695.0,,51.0,14.0,140.0,6.0,62.0,1.0,1.0,1.0,0.0,,0.0,2.0,3.0,1.0,2.0,72.0,72.0,,0.0,0.0,0.0,,,0.0,10.0,24.0,37.0,55.0,41.0,49.0,162.0,3.0,,10.0,,0.0,10.0,56.0,56.88585061331157,3.0,17.0,1.0,SERIOUS,1
344000827.0,1.0,338097993.0,0.0,31.0,0.0,-31.0,516.0,,20.0,4.0,120.0,4.0,50.0,1.0,1.0,1.0,0.0,,0.0,2.0,1.0,1.0,2.0,105.0,97.0,,1.0,0.0,2.0,,,11.0,25.0,20.0,23.0,19.0,11.0,-10.0,148.0,3.0,,0.0,,0.0,0.0,31.0,31.0,2.0,9.0,1.0,MINOR,0
344000828.0,1.0,338098009.0,0.0,44.0,-15.0,-41.0,1004.0,,68.0,14.0,148.0,1.0,15.0,11.0,1.0,1.0,0.0,,0.0,4.0,1.0,1.0,2.0,56.0,,,1.0,1.0,1.0,,,2.0,6.0,14.0,28.0,39.0,51.0,39.0,155.0,3.0,,20.0,,0.0,15.0,41.0,43.657759905886145,3.0,10.0,1.0,SERIOUS,1
344000829.0,1.0,338098921.0,0.0,45.0,8.0,-44.0,977.0,,69.0,4.0,127.0,1.0,62.0,1.0,1.0,1.0,0.0,,0.0,2.0,1.0,2.0,2.0,72.0,64.0,,2.0,0.0,0.0,,,35.0,39.0,34.0,27.0,21.0,12.0,0.0,150.0,3.0,,350.0,,0.0,8.0,44.0,44.721359549995796,3.0,14.0,1.0,SERIOUS,1
344000829.0,2.0,338098978.0,0.0,41.0,-7.0,-40.0,1255.0,,68.0,4.0,151.0,1.0,15.0,11.0,2.0,1.0,0.0,,0.0,2.0,1.0,2.0,2.0,72.0,72.0,,2.0,0.0,0.0,,,24.0,33.0,34.0,36.0,39.0,34.0,18.0,146.0,2.0,,10.0,,0.0,7.0,40.0,40.607881008493905,3.0,19.0,1.0,SERIOUS,1
344000837.0,1.0,338101562.0,0.0,67.0,12.0,-66.0,1648.0,,65.0,5.0,110.0,7.0,62.0,1.0,1.0,1.0,0.0,,0.0,2.0,1.0,2.0,2.0,89.0,89.0,,0.0,5.0,0.0,,,53.0,61.0,56.0,46.0,41.0,0.0,-40.0,160.0,4.0,,350.0,,0.0,12.0,66.0,67.08203932499369,3.0,17.0,1.0,SERIOUS,1
344000857.0,1.0,338103473.0,0.0,20.0,0.0,-20.0,274.0,,28.0,5.0,134.0,1.0,10.0,15.0,2.0,1.0,0.0,,0.0,6.0,1.0,1.0,2.0,72.0,64.0,,2.0,1.0,0.0,,,36.0,15.0,5.0,4.0,3.0,0.0,-53.0,147.0,5.0,,0.0,,0.0,0.0,20.0,20.0,3.0,22.0,1.0,SERIOUS,1
344000858.0,1.0,338103538.0,0.0,58.0,-10.0,-57.0,2559.0,,50.0,4.0,150.0,1.0,10.0,1.0,2.0,1.0,0.0,,0.0,2.0,1.0,1.0,2.0,89.0,89.0,,0.0,0.0,0.0,,,32.0,53.0,57.0,60.0,62.0,36.0,0.0,151.0,3.0,,10.0,,0.0,10.0,57.0,57.87054518492115,3.0,14.0,1.0,SERIOUS,1
344000859.0,1.0,338103682.0,7.0,,,,,,79.0,14.0,150.0,1.0,70.0,1.0,1.0,1.0,4.0,35.0,1.0,2.0,1.0,1.0,2.0,89.0,89.0,,3.0,0.0,1.0,,,,,,,,,,,3.0,1.0,,110.0,0.0,,,,2.0,9.0,1.0,MINOR,0
344000860.0,1.0,338103733.0,7.0,,,,,,8.0,4.0,143.0,7.0,62.0,14.0,4.0,1.0,0.0,,0.0,2.0,1.0,1.0,2.0,72.0,72.0,,0.0,0.0,0.0,,,15.0,5.0,4.0,4.0,4.0,5.0,-57.0,147.0,9.0,,0.0,0.0,0.0,,,,3.0,9.0,1.0,SERIOUS,1
344000862.0,1.0,338108854.0,0.0,79.0,27.0,-74.0,2375.0,,65.0,4.0,130.0,1.0,62.0,1.0,1.0,1.0,0.0,,0.0,2.0,1.0,1.0,2.0,72.0,72.0,,0.0,0.0,0.0,,,21.0,38.0,50.0,70.0,70.0,60.0,0.0,150.0,4.0,,340.0,,0.0,27.0,74.0,78.77182237323191,3.0,19.0,1.0,SERIOUS,1
344000863.0,1.0,338108894.0,0.0,17.0,17.0,-3.0,308.0,,89.0,2.0,139.0,1.0,66.0,1.0,1.0,1.0,0.0,,0.0,2.0,1.0,2.0,2.0,56.0,24.0,,2.0,1.0,0.0,,,0.0,13.0,16.0,16.0,6.0,0.0,-55.0,253.0,2.0,,280.0,,0.0,17.0,3.0,17.26267650163207,3.0,10.0,1.0,SERIOUS,1
344000864.0,1.0,338108966.0,2.0,,,,,,68.0,5.0,135.0,1.0,15.0,11.0,2.0,1.0,0.0,,0.0,2.0,1.0,1.0,2.0,80.0,56.0,,2.0,0.0,0.0,,,0.0,0.0,0.0,0.0,1.0,8.0,58.0,153.0,6.0,,10.0,,0.0,,,,3.0,13.0,1.0,SERIOUS,1
344000865.0,1.0,338110423.0,0.0,51.0,9.0,-50.0,1255.0,,50.0,2.0,153.0,1.0,10.0,1.0,2.0,1.0,0.0,,0.0,2.0,2.0,1.0,2.0,89.0,137.0,,0.0,0.0,0.0,,,56.0,52.0,38.0,25.0,10.0,0.0,-57.0,157.0,8.0,,350.0,,0.0,9.0,50.0,50.80354318352215,3.0,22.0,1.0,SERIOUS,1
344000867.0,1.0,338110571.0,3.0,,,,,,6.0,4.0,150.0,1.0,12.0,14.0,4.0,1.0,4.0,63.0,1.0,5.0,3.0,1.0,2.0,56.0,89.0,,0.0,0.0,0.0,,,51.0,33.0,24.0,14.0,6.0,0.0,-58.0,150.0,4.0,4.0,0.0,,0.0,,,,2.0,5.0,1.0,MINOR,0
344000868.0,1.0,338110628.0,0.0,32.0,6.0,-32.0,606.0,,51.0,4.0,120.0,1.0,62.0,1.0,1.0,1.0,0.0,,0.0,2.0,1.0,2.0,2.0,80.0,72.0,,0.0,0.0,0.0,,,35.0,36.0,27.0,16.0,5.0,0.0,-39.0,153.0,2.0,,350.0,,0.0,6.0,32.0,32.55764119219941,3.0,10.0,1.0,SERIOUS,1
344000869.0,1.0,338111273.0,0.0,11.0,11.0,-2.0,128.0,,89.0,5.0,143.0,1.0,66.0,1.0,1.0,1.0,0.0,,0.0,3.0,1.0,1.0,2.0,56.0,40.0,,2.0,1.0,0.0,,,0.0,0.0,4.0,9.0,11.0,0.0,132.0,216.0,2.0,,280.0,,0.0,11.0,2.0,11.180339887498949,2.0,9.0,1.0,MINOR,0
344000869.0,1.0,338111346.0,0.0,11.0,11.0,-2.0,128.0,,89.0,5.0,143.0,1.0,66.0,1.0,1.0,1.0,0.0,,0.0,3.0,1.0,1.0,2.0,56.0,40.0,,2.0,1.0,0.0,,,0.0,0.0,4.0,9.0,11.0,0.0,132.0,216.0,2.0,,280.0,,0.0,11.0,2.0,11.180339887498949,3.0,10.0,1.0,SERIOUS,1
339000878.0,1.0,338111398.0,0.0,18.0,3.0,-18.0,137.0,,51.0,4.0,128.0,,62.0,14.0,1.0,1.0,0.0,,0.0,2.0,1.0,1.0,2.0,72.0,72.0,,0.0,4.0,0.0,,,10.0,6.0,6.0,5.0,2.0,1.0,-68.0,150.0,8.0,,350.0,,0.0,3.0,18.0,18.24828759089466,4.0,34.0,1.0,SERIOUS,1
339000897.0,1.0,338111499.0,0.0,74.0,13.0,-73.0,3606.0,,7.0,3.0,132.0,,13.0,14.0,4.0,2.0,0.0,,0.0,2.0,1.0,1.0,2.0,89.0,89.0,,0.0,0.0,0.0,,,0.0,33.0,66.0,76.0,68.0,42.0,35.0,154.0,4.0,,350.0,,0.0,13.0,73.0,74.14849964766651,3.0,22.0,1.0,SERIOUS,1
339000898.0,1.0,338111911.0,7.0,,,,,,14.0,15.0,266.0,,8.0,4.0,4.0,1.0,0.0,,0.0,2.0,1.0,1.0,1.0,16.0,40.0,,0.0,0.0,0.0,,,58.0,61.0,62.0,62.0,61.0,58.0,0.0,180.0,3.0,1.0,0.0,10.0,0.0,,,,5.0,38.0,1.0,CRITICAL,2
339000899.0,1.0,338112840.0,0.0,116.0,20.0,-114.0,7531.0,,7.0,3.0,131.0,3.0,6.0,14.0,4.0,2.0,0.0,,0.0,2.0,2.0,1.0,2.0,56.0,89.0,,0.0,6.0,0.0,,,104.0,94.0,90.0,37.0,7.0,0.0,-35.0,150.0,7.0,3.0,350.0,350.0,0.0,20.0,114.0,115.7410903698423,3.0,10.0,1.0,SERIOUS,1
339000900.0,1.0,338112885.0,0.0,61.0,11.0,-60.0,5117.0,74.0,51.0,15.0,271.0,6.0,62.0,1.0,1.0,1.0,0.0,,0.0,2.0,1.0,1.0,2.0,89.0,89.0,,0.0,0.0,0.0,,,56.0,54.0,51.0,43.0,36.0,27.0,0.0,196.0,3.0,,350.0,,0.0,11.0,60.0,61.0,2.0,9.0,1.0,MINOR,0
339000901.0,1.0,338114608.0,0.0,76.0,-13.0,-75.0,3430.0,,7.0,3.0,135.0,3.0,6.0,14.0,4.0,2.0,0.0,,0.0,2.0,2.0,1.0,2.0,89.0,97.0,,0.0,0.0,0.0,,,16.0,32.0,47.0,66.0,71.0,79.0,-16.0,150.0,4.0,,10.0,,0.0,13.0,75.0,76.11832893594026,3.0,14.0,1.0,SERIOUS,1
339000901.0,1.0,338114643.0,0.0,76.0,-13.0,-75.0,3430.0,,7.0,3.0,135.0,3.0,6.0,14.0,4.0,2.0,0.0,,0.0,2.0,2.0,1.0,2.0,89.0,97.0,,0.0,0.0,0.0,,,16.0,32.0,47.0,66.0,71.0,79.0,-16.0,150.0,4.0,,10.0,,0.0,13.0,75.0,76.11832893594026,3.0,14.0,1.0,SERIOUS,1
339000917.0,1.0,338114835.0,0.0,46.0,-23.0,-40.0,3331.0,,50.0,14.0,172.0,6.0,9.0,14.0,6.0,1.0,0.0,,0.0,2.0,1.0,1.0,2.0,72.0,72.0,,1.0,0.0,1.0,,,29.0,46.0,63.0,43.0,28.0,23.0,0.0,168.0,3.0,,30.0,,0.0,23.0,40.0,46.14108798023731,2.0,12.0,1.0,MINOR,0
339000917.0,2.0,338114937.0,0.0,43.0,22.0,-37.0,284.0,,51.0,4.0,173.0,1.0,62.0,1.0,1.0,1.0,0.0,,0.0,2.0,1.0,1.0,2.0,72.0,72.0,,1.0,0.0,1.0,,,24.0,13.0,6.0,4.0,7.0,10.0,-63.0,160.0,9.0,,330.0,,0.0,22.0,37.0,43.04648650006177,4.0,29.0,1.0,SERIOUS,1
339000938.0,1.0,338115944.0,0.0,41.0,41.0,-7.0,1023.0,,89.0,2.0,123.0,1.0,17.0,4.0,1.0,1.0,0.0,,0.0,3.0,1.0,1.0,2.0,89.0,24.0,,2.0,1.0,0.0,,,0.0,27.0,28.0,25.0,18.0,2.0,26.0,178.0,3.0,,280.0,,0.0,41.0,7.0,41.593268686170845,3.0,10.0,1.0,SERIOUS,1
339000938.0,1.0,338116001.0,0.0,41.0,41.0,-7.0,1023.0,,89.0,2.0,123.0,1.0,17.0,4.0,1.0,1.0,0.0,,0.0,3.0,1.0,1.0,2.0,89.0,24.0,,2.0,1.0,0.0,,,0.0,27.0,28.0,25.0,18.0,2.0,26.0,178.0,3.0,,280.0,,0.0,41.0,7.0,41.593268686170845,3.0,14.0,1.0,SERIOUS,1
339000938.0,1.0,338116049.0,0.0,41.0,41.0,-7.0,1023.0,,89.0,2.0,123.0,1.0,17.0,4.0,1.0,1.0,0.0,,0.0,3.0,1.0,1.0,2.0,89.0,24.0,,2.0,1.0,0.0,,,0.0,27.0,28.0,25.0,18.0,2.0,26.0,178.0,3.0,,280.0,,0.0,41.0,7.0,41.593268686170845,4.0,41.0,1.0,SERIOUS,1
339000977.0,1.0,338117518.0,7.0,,,,,,82.0,4.0,128.0,1.0,15.0,11.0,7.0,1.0,0.0,,0.0,2.0,1.0,1.0,2.0,56.0,16.0,,2.0,2.0,0.0,,,,,,,,,,,2.0,2.0,290.0,270.0,0.0,,,,3.0,17.0,1.0,SERIOUS,1
339000997.0,1.0,338117581.0,4.0,,,,,,20.0,20.0,206.0,1.0,50.0,1.0,1.0,1.0,0.0,,0.0,2.0,1.0,1.0,2.0,72.0,72.0,,0.0,4.0,0.0,,,27.0,37.0,41.0,33.0,22.0,3.0,0.0,178.0,6.0,,0.0,,0.0,,,,3.0,17.0,1.0,SERIOUS,1
339001017.0,1.0,338117661.0,7.0,,,,,,50.0,30.0,157.0,1.0,10.0,14.0,2.0,1.0,0.0,,0.0,3.0,1.0,2.0,2.0,89.0,80.0,,0.0,0.0,0.0,,,133.0,98.0,89.0,47.0,25.0,6.0,-35.0,160.0,6.0,3.0,350.0,280.0,0.0,,,,4.0,34.0,1.0,SERIOUS,1
339001017.0,2.0,338117732.0,0.0,106.0,18.0,-104.0,4971.0,,51.0,14.0,131.0,9.0,54.0,14.0,2.0,2.0,0.0,,0.0,3.0,1.0,2.0,2.0,89.0,89.0,,0.0,0.0,0.0,,,82.0,92.0,84.0,63.0,60.0,12.0,0.0,152.0,5.0,,350.0,,0.0,18.0,104.0,105.54619841567009,3.0,22.0,1.0,SERIOUS,1
339008070.0,1.0,338309577.0,0.0,63.0,60.0,-22.0,1345.0,,89.0,4.0,154.0,1.0,17.0,4.0,1.0,1.0,0.0,,0.0,2.0,5.0,1.0,2.0,72.0,64.0,,2.0,2.0,0.0,,,0.0,8.0,35.0,42.0,61.0,62.0,135.0,148.0,4.0,2.0,290.0,270.0,0.0,60.0,22.0,63.90618123468183,3.0,22.0,1.0,SERIOUS,1
339008072.0,1.0,338309794.0,0.0,51.0,9.0,-51.0,2593.0,,50.0,4.0,180.0,1.0,10.0,1.0,2.0,1.0,0.0,,0.0,2.0,2.0,1.0,2.0,89.0,72.0,,0.0,0.0,0.0,,,56.0,52.0,56.0,58.0,46.0,36.0,0.0,155.0,4.0,,350.0,,0.0,9.0,51.0,51.78802950489621,3.0,17.0,1.0,SERIOUS,1
339008072.0,1.0,338314859.0,0.0,51.0,9.0,-51.0,2593.0,,50.0,4.0,180.0,1.0,10.0,1.0,2.0,1.0,0.0,,0.0,2.0,2.0,1.0,2.0,89.0,72.0,,0.0,0.0,0.0,,,56.0,52.0,56.0,58.0,46.0,36.0,0.0,155.0,4.0,,350.0,,0.0,9.0,51.0,51.78802950489621,3.0,22.0,1.0,SERIOUS,1
339008123.0,1.0,338327685.0,0.0,37.0,37.0,-6.0,1156.0,,82.0,31.0,242.0,1.0,66.0,11.0,1.0,1.0,1.0,,1.0,5.0,1.0,1.0,2.0,56.0,32.0,,2.0,1.0,0.0,,,0.0,28.0,34.0,22.0,32.0,15.0,89.0,259.0,3.0,3.0,280.0,,0.0,37.0,6.0,37.48332962798263,3.0,22.0,1.0,SERIOUS,1
339008140.0,1.0,338327826.0,7.0,,,,,,1.0,4.0,168.0,1.0,13.0,14.0,4.0,1.0,0.0,,0.0,2.0,1.0,2.0,2.0,72.0,56.0,,0.0,6.0,0.0,,,9.0,5.0,2.0,2.0,4.0,20.0,0.0,159.0,1.0,1.0,0.0,0.0,0.0,,,,2.0,5.0,1.0,MINOR,0
339008141.0,1.0,338328035.0,0.0,56.0,0.0,-56.0,4208.0,,51.0,20.0,195.0,7.0,62.0,1.0,1.0,1.0,0.0,,0.0,2.0,2.0,2.0,2.0,72.0,72.0,,0.0,0.0,0.0,,,80.0,80.0,79.0,80.0,50.0,24.0,20.0,160.0,5.0,,0.0,,0.0,0.0,56.0,56.0,2.0,5.0,1.0,MINOR,0
339008142.0,1.0,338330249.0,7.0,,,,,,2.0,14.0,200.0,,5.0,14.0,4.0,2.0,0.0,,0.0,2.0,2.0,5.0,2.0,89.0,64.0,,0.0,6.0,0.0,,,,,,,,,,,2.0,1.0,30.0,0.0,0.0,,,,3.0,10.0,1.0,SERIOUS,1
338008220.0,1.0,338344752.0,0.0,63.0,-11.0,-62.0,1969.0,,50.0,14.0,133.0,,5.0,1.0,2.0,2.0,0.0,,0.0,4.0,1.0,5.0,2.0,56.0,56.0,,0.0,0.0,0.0,,,21.0,30.0,43.0,48.0,50.0,39.0,0.0,148.0,3.0,,10.0,,0.0,11.0,62.0,62.96824596572466,2.0,9.0,1.0,MINOR,0
338008220.0,1.0,338344966.0,0.0,63.0,-11.0,-62.0,1969.0,,50.0,14.0,133.0,,5.0,1.0,2.0,2.0,0.0,,0.0,4.0,1.0,5.0,2.0,56.0,56.0,,0.0,0.0,0.0,,,21.0,30.0,43.0,48.0,50.0,39.0,0.0,148.0,3.0,,10.0,,0.0,11.0,62.0,62.96824596572466,3.0,17.0,1.0,SERIOUS,1
339008221.0,1.0,338345853.0,7.0,,,,,,1.0,4.0,162.0,4.0,13.0,1.0,4.0,1.0,0.0,,0.0,2.0,1.0,2.0,2.0,72.0,80.0,,0.0,0.0,0.0,,,,,,,,,,,2.0,2.0,,0.0,0.0,,,,3.0,17.0,1.0,SERIOUS,1
339008222.0,1.0,338345975.0,0.0,88.0,0.0,-88.0,4238.0,,51.0,4.0,155.0,2.0,54.0,14.0,1.0,1.0,0.0,,0.0,2.0,2.0,1.0,2.0,89.0,97.0,,0.0,6.0,0.0,,,29.0,62.0,68.0,85.0,69.0,65.0,0.0,166.0,6.0,,0.0,,0.0,0.0,88.0,88.0,3.0,19.0,1.0,SERIOUS,1
339008281.0,1.0,338354978.0,0.0,55.0,0.0,-55.0,3359.0,59.0,51.0,15.0,201.0,3.0,62.0,1.0,1.0,2.0,0.0,,0.0,3.0,1.0,1.0,2.0,72.0,72.0,,0.0,6.0,0.0,,,38.0,48.0,60.0,63.0,63.0,54.0,0.0,196.0,3.0,,0.0,,0.0,0.0,55.0,55.0,3.0,22.0,1.0,SERIOUS,1
318008284.0,1.0,338355359.0,0.0,18.0,0.0,-18.0,382.0,,6.0,14.0,219.0,1.0,12.0,14.0,4.0,1.0,0.0,,0.0,2.0,4.0,2.0,2.0,80.0,97.0,,0.0,6.0,0.0,,,24.0,10.0,3.0,6.0,0.0,0.0,-70.0,176.0,9.0,,0.0,,0.0,0.0,18.0,18.0,5.0,57.0,1.0,CRITICAL,2
318008284.0,1.0,338356026.0,0.0,18.0,0.0,-18.0,382.0,,6.0,14.0,219.0,1.0,12.0,14.0,4.0,1.0,0.0,,0.0,2.0,4.0,2.0,2.0,80.0,97.0,,0.0,6.0,0.0,,,24.0,10.0,3.0,6.0,0.0,0.0,-70.0,176.0,9.0,,0.0,,0.0,0.0,18.0,18.0,2.0,5.0,1.0,MINOR,0
318008284.0,1.0,338356189.0,0.0,18.0,0.0,-18.0,382.0,,6.0,14.0,219.0,1.0,12.0,14.0,4.0,1.0,0.0,,0.0,2.0,4.0,2.0,2.0,80.0,97.0,,0.0,6.0,0.0,,,24.0,10.0,3.0,6.0,0.0,0.0,-70.0,176.0,9.0,,0.0,,0.0,0.0,18.0,18.0,2.0,5.0,1.0,MINOR,0
339008340.0,1.0,338371336.0,0.0,29.0,0.0,-29.0,593.0,,1.0,4.0,155.0,1.0,13.0,14.0,4.0,1.0,3.0,17.0,2.0,3.0,1.0,1.0,2.0,105.0,97.0,,0.0,6.0,2.0,,,0.0,7.0,16.0,22.0,26.0,19.0,0.0,166.0,2.0,3.0,0.0,,0.0,0.0,29.0,29.0,2.0,9.0,1.0,MINOR,0
339008340.0,1.0,338371530.0,0.0,29.0,0.0,-29.0,593.0,,1.0,4.0,155.0,1.0,13.0,14.0,4.0,1.0,3.0,17.0,2.0,3.0,1.0,1.0,2.0,105.0,97.0,,0.0,6.0,2.0,,,0.0,7.0,16.0,22.0,26.0,19.0,0.0,166.0,2.0,3.0,0.0,,0.0,0.0,29.0,29.0,5.0,45.0,2.0,CRITICAL,2
339008342.0,1.0,338372000.0,0.0,67.0,0.0,-67.0,2249.0,,50.0,4.0,149.0,1.0,10.0,1.0,2.0,1.0,0.0,,0.0,3.0,1.0,1.0,2.0,89.0,89.0,,0.0,0.0,0.0,,,34.0,40.0,49.0,29.0,8.0,0.0,-33.0,170.0,3.0,5.0,0.0,350.0,0.0,0.0,67.0,67.0,2.0,12.0,1.0,MINOR,0
339008344.0,1.0,338372327.0,2.0,,,,,,2.0,4.0,145.0,8.0,6.0,14.0,4.0,4.0,8.0,20.0,1.0,2.0,2.0,1.0,2.0,80.0,105.0,,0.0,0.0,0.0,,,0.0,0.0,17.0,5.0,1.0,0.0,13.0,184.0,2.0,3.0,120.0,100.0,0.0,,,,4.0,24.0,1.0,SERIOUS,1
339008400.0,1.0,338383720.0,0.0,44.0,0.0,-44.0,1529.0,,51.0,20.0,205.0,7.0,62.0,1.0,1.0,1.0,0.0,,0.0,2.0,5.0,1.0,2.0,89.0,72.0,,0.0,6.0,0.0,,,58.0,54.0,24.0,17.0,14.0,11.0,-35.0,186.0,4.0,3.0,0.0,0.0,1.0,0.0,44.0,44.0,3.0,14.0,1.0,SERIOUS,1
339008400.0,1.0,338385095.0,0.0,44.0,0.0,-44.0,1529.0,,51.0,20.0,205.0,7.0,62.0,1.0,1.0,1.0,0.0,,0.0,2.0,5.0,1.0,2.0,89.0,72.0,,0.0,6.0,0.0,,,58.0,54.0,24.0,17.0,14.0,11.0,-35.0,186.0,4.0,3.0,0.0,0.0,1.0,0.0,44.0,44.0,3.0,22.0,1.0,SERIOUS,1
339008445.0,1.0,338396147.0,0.0,100.0,34.0,-94.0,6782.0,,69.0,14.0,190.0,1.0,62.0,14.0,1.0,1.0,0.0,,0.0,2.0,1.0,1.0,2.0,72.0,,,2.0,0.0,0.0,,,84.0,87.0,81.0,63.0,35.0,11.0,0.0,190.0,7.0,,340.0,,0.0,34.0,94.0,99.9599919967984,3.0,22.0,1.0,SERIOUS,1
339008441.0,1.0,338401900.0,0.0,47.0,8.0,-47.0,2105.0,,51.0,4.0,163.0,9.0,62.0,1.0,1.0,1.0,0.0,,0.0,2.0,1.0,1.0,2.0,89.0,89.0,,0.0,0.0,0.0,,,65.0,61.0,67.0,62.0,39.0,26.0,0.0,150.0,3.0,2.0,350.0,,0.0,8.0,47.0,47.67598976424087,3.0,22.0,1.0,SERIOUS,1
339008467.0,1.0,338402007.0,8.0,,,,,,2.0,4.0,163.0,9.0,6.0,14.0,4.0,3.0,10.0,47.0,6.0,2.0,1.0,1.0,2.0,89.0,89.0,,0.0,0.0,0.0,,,,,,,,,,,4.0,1.0,,340.0,0.0,,,,3.0,17.0,1.0,SERIOUS,1
339008529.0,1.0,338404387.0,0.0,22.0,21.0,-4.0,362.0,,82.0,4.0,115.0,1.0,15.0,11.0,1.0,1.0,0.0,,0.0,3.0,1.0,1.0,2.0,56.0,24.0,,2.0,2.0,0.0,,,7.0,18.0,23.0,12.0,18.0,2.0,-29.0,202.0,2.0,,280.0,,0.0,21.0,4.0,21.37755832643195,3.0,14.0,1.0,SERIOUS,1
796008730.0,1.0,338452530.0,0.0,36.0,0.0,-36.0,602.0,,98.0,14.0,147.0,2.0,98.0,1.0,1.0,1.0,0.0,,0.0,3.0,1.0,1.0,2.0,89.0,72.0,,0.0,0.0,2.0,,,5.0,19.0,23.0,28.0,22.0,11.0,0.0,156.0,2.0,,0.0,,0.0,0.0,36.0,36.0,3.0,11.0,1.0,SERIOUS,1
796008909.0,1.0,338491290.0,0.0,92.0,0.0,-92.0,5645.0,,1.0,4.0,161.0,1.0,13.0,14.0,4.0,1.0,0.0,,0.0,3.0,5.0,1.0,2.0,72.0,72.0,,0.0,0.0,0.0,,,22.0,61.0,71.0,70.0,60.0,23.0,-16.0,174.0,3.0,,0.0,,0.0,0.0,92.0,92.0,4.0,24.0,1.0,SERIOUS,1
897000577.0,1.0,339050695.0,0.0,44.0,0.0,-44.0,1069.0,,6.0,4.0,120.0,1.0,12.0,14.0,4.0,1.0,0.0,,0.0,5.0,2.0,1.0,2.0,72.0,97.0,,0.0,0.0,0.0,,,74.0,52.0,36.0,25.0,7.0,0.0,-35.0,150.0,5.0,,0.0,,0.0,0.0,44.0,44.0,3.0,22.0,1.0,SERIOUS,1
795008947.0,1.0,340497732.0,0.0,46.0,0.0,-46.0,1372.0,,1.0,4.0,156.0,1.0,13.0,1.0,4.0,1.0,0.0,,0.0,4.0,3.0,1.0,1.0,40.0,,,0.0,0.0,1.0,,,0.0,3.0,49.0,69.0,15.0,0.0,16.0,160.0,3.0,,0.0,,0.0,0.0,46.0,46.0,3.0,10.0,1.0,SERIOUS,1
795009108.0,1.0,340534350.0,3.0,,,,,,87.0,30.0,208.0,1.0,66.0,1.0,1.0,1.0,0.0,,0.0,4.0,1.0,1.0,2.0,72.0,,,2.0,1.0,0.0,,,18.0,26.0,33.0,28.0,15.0,13.0,11.0,117.0,3.0,2.0,0.0,30.0,0.0,,,,2.0,5.0,1.0,MINOR,0
795009234.0,1.0,340549824.0,0.0,58.0,10.0,-58.0,2769.0,,51.0,6.0,194.0,7.0,62.0,1.0,1.0,1.0,0.0,,0.0,2.0,1.0,2.0,2.0,89.0,,,0.0,0.0,0.0,,,37.0,67.0,65.0,60.0,54.0,46.0,-10.0,170.0,3.0,,350.0,,0.0,10.0,58.0,58.855755878248644,3.0,17.0,1.0,SERIOUS,1
795009548.0,1.0,340600810.0,2.0,,,,,,1.0,4.0,180.0,1.0,13.0,1.0,4.0,1.0,2.0,26.0,6.0,1.0,1.0,1.0,2.0,40.0,,,0.0,0.0,1.0,,,9.0,5.0,6.0,10.0,9.0,35.0,65.0,160.0,8.0,4.0,0.0,,0.0,,,,2.0,5.0,1.0,MINOR,0
795009234.0,2.0,340600821.0,0.0,72.0,-13.0,-71.0,3469.0,,50.0,14.0,157.0,,10.0,,,,0.0,,0.0,2.0,1.0,1.0,2.0,89.0,,,0.0,0.0,0.0,,,57.0,64.0,61.0,58.0,56.0,29.0,0.0,160.0,3.0,,10.0,,0.0,13.0,71.0,72.18032973047436,3.0,14.0,1.0,SERIOUS,1
795009695.0,1.0,340629794.0,2.0,,,,,,69.0,4.0,169.0,1.0,62.0,1.0,1.0,1.0,0.0,,0.0,4.0,1.0,1.0,2.0,72.0,,,1.0,0.0,1.0,,,0.0,2.0,19.0,11.0,1.0,0.0,6.0,295.0,2.0,,290.0,,0.0,,,,3.0,19.0,1.0,SERIOUS,1
795009789.0,1.0,340644983.0,0.0,30.0,15.0,-26.0,949.0,,47.0,4.0,201.0,1.0,10.0,6.0,2.0,,0.0,,0.0,2.0,1.0,1.0,1.0,56.0,,,0.0,0.0,0.0,,,0.0,12.0,31.0,29.0,20.0,16.0,10.0,325.0,3.0,,330.0,340.0,0.0,15.0,26.0,30.01666203960727,4.0,34.0,1.0,SERIOUS,1
795009870.0,1.0,340658608.0,8.0,,,,,,1.0,4.0,114.0,1.0,13.0,1.0,4.0,1.0,4.0,18.0,6.0,2.0,1.0,1.0,2.0,40.0,,,0.0,0.0,0.0,,,,,,,,,,,4.0,6.0,,0.0,0.0,,,,3.0,17.0,1.0,SERIOUS,1
795009911.0,1.0,340682130.0,0.0,81.0,14.0,-79.0,4065.0,,50.0,4.0,161.0,1.0,10.0,14.0,2.0,1.0,0.0,,0.0,2.0,1.0,1.0,2.0,89.0,,,0.0,0.0,0.0,,,95.0,108.0,97.0,87.0,56.0,14.0,-27.0,150.0,5.0,,350.0,,0.0,14.0,79.0,80.23091673413684,4.0,34.0,2.0,SERIOUS,1
795009971.0,1.0,340699520.0,0.0,43.0,7.0,-42.0,1443.0,,50.0,4.0,146.0,1.0,10.0,1.0,2.0,1.0,0.0,,0.0,4.0,3.0,2.0,1.0,48.0,,,2.0,0.0,0.0,,,41.0,55.0,57.0,39.0,44.0,16.0,0.0,140.0,4.0,,350.0,,0.0,7.0,42.0,42.579337712087536,5.0,26.0,2.0,CRITICAL,2
795010031.0,1.0,340714681.0,0.0,21.0,-4.0,-21.0,405.0,,68.0,20.0,204.0,1.0,15.0,11.0,2.0,1.0,0.0,,0.0,4.0,3.0,1.0,2.0,56.0,,,2.0,1.0,0.0,,,1.0,7.0,13.0,18.0,9.0,0.0,-11.0,160.0,1.0,,10.0,,0.0,4.0,21.0,21.37755832643195,3.0,14.0,1.0,SERIOUS,1
795010033.0,1.0,340715277.0,0.0,22.0,0.0,-22.0,307.0,,11.0,4.0,149.0,1.0,10.0,1.0,4.0,1.0,0.0,,0.0,2.0,3.0,1.0,2.0,48.0,,,0.0,0.0,0.0,,,9.0,13.0,13.0,11.0,11.0,3.0,-34.0,150.0,1.0,,0.0,,0.0,0.0,22.0,22.0,3.0,19.0,1.0,SERIOUS,1
795010051.0,1.0,340715579.0,3.0,,,,,,87.0,4.0,156.0,1.0,66.0,1.0,1.0,1.0,0.0,,0.0,3.0,1.0,1.0,1.0,48.0,,,2.0,1.0,1.0,,,0.0,7.0,43.0,25.0,8.0,0.0,-15.0,329.0,3.0,2.0,70.0,90.0,0.0,,,,3.0,14.0,1.0,SERIOUS,1
795010111.0,1.0,340725232.0,0.0,78.0,39.0,-68.0,2228.0,,51.0,4.0,130.0,2.0,62.0,1.0,1.0,1.0,0.0,,0.0,2.0,1.0,1.0,2.0,64.0,,,0.0,0.0,0.0,,,24.0,48.0,60.0,37.0,23.0,0.0,-51.0,150.0,4.0,,330.0,,0.0,39.0,68.0,78.39005038906404,3.0,10.0,1.0,SERIOUS,1
795010113.0,1.0,340728907.0,0.0,57.0,0.0,-57.0,2091.0,,6.0,4.0,143.0,1.0,12.0,1.0,4.0,1.0,0.0,,0.0,2.0,3.0,1.0,1.0,72.0,,,0.0,0.0,0.0,,,43.0,77.0,71.0,46.0,16.0,0.0,-50.0,150.0,3.0,3.0,0.0,0.0,0.0,0.0,57.0,57.0,4.0,21.0,2.0,SERIOUS,1
795010211.0,1.0,340742468.0,0.0,73.0,0.0,-73.0,3760.0,,1.0,4.0,150.0,1.0,13.0,1.0,4.0,1.0,0.0,,0.0,2.0,3.0,1.0,2.0,64.0,,,0.0,0.0,1.0,,,0.0,46.0,79.0,82.0,63.0,35.0,43.0,150.0,4.0,,0.0,,0.0,0.0,73.0,73.0,4.0,24.0,1.0,SERIOUS,1
795009911.0,2.0,340763862.0,0.0,87.0,30.0,-82.0,5153.0,,51.0,4.0,150.0,1.0,54.0,14.0,1.0,1.0,0.0,,0.0,2.0,1.0,1.0,2.0,89.0,,,0.0,0.0,0.0,,,102.0,88.0,83.0,75.0,44.0,18.0,-35.0,150.0,5.0,,340.0,,0.0,30.0,82.0,87.31551981177229,3.0,14.0,1.0,SERIOUS,1
795010334.0,1.0,340768613.0,4.0,,,,,,28.0,5.0,113.0,1.0,52.0,1.0,1.0,1.0,0.0,,0.0,3.0,1.0,1.0,2.0,64.0,,,2.0,0.0,1.0,,,31.0,31.0,32.0,33.0,35.0,33.0,0.0,145.0,3.0,,0.0,,0.0,,,,4.0,17.0,1.0,SERIOUS,1
795010404.0,1.0,340780433.0,0.0,12.0,0.0,-12.0,210.0,,14.0,6.0,133.0,1.0,14.0,1.0,4.0,1.0,0.0,,0.0,2.0,5.0,1.0,2.0,72.0,,,2.0,2.0,0.0,,,9.0,8.0,7.0,7.0,6.0,0.0,-54.0,160.0,5.0,2.0,0.0,0.0,0.0,0.0,12.0,12.0,2.0,5.0,1.0,MINOR,0
795010379.0,1.0,340781468.0,0.0,40.0,-26.0,-31.0,1031.0,,68.0,4.0,149.0,1.0,15.0,11.0,1.0,1.0,0.0,,0.0,4.0,1.0,2.0,2.0,80.0,,,2.0,1.0,0.0,,,4.0,4.0,22.0,24.0,28.0,47.0,29.0,165.0,3.0,2.0,40.0,90.0,0.0,26.0,31.0,40.45985664828782,4.0,26.0,1.0,SERIOUS,1
795010477.0,1.0,340793172.0,0.0,49.0,-9.0,-49.0,1543.0,,50.0,4.0,146.0,1.0,10.0,1.0,2.0,1.0,0.0,,0.0,2.0,1.0,1.0,2.0,40.0,,,0.0,0.0,0.0,,,0.0,14.0,41.0,60.0,43.0,31.0,46.0,160.0,3.0,,10.0,,0.0,9.0,49.0,49.8196748283246,3.0,22.0,1.0,SERIOUS,1
795010555.0,1.0,340815848.0,4.0,,,,,,69.0,4.0,178.0,4.0,62.0,1.0,1.0,1.0,0.0,,0.0,4.0,1.0,1.0,2.0,56.0,,,2.0,1.0,1.0,,,50.0,49.0,45.0,32.0,36.0,29.0,0.0,165.0,6.0,,350.0,,0.0,,,,2.0,5.0,1.0,MINOR,0
795010554.0,1.0,340816421.0,3.0,,,,,,89.0,4.0,154.0,1.0,17.0,1.0,1.0,1.0,0.0,,0.0,2.0,1.0,1.0,2.0,56.0,,,2.0,2.0,3.0,,,0.0,0.0,0.0,0.0,31.0,38.0,161.0,213.0,3.0,,310.0,,0.0,,,,2.0,12.0,1.0,MINOR,0
795010635.0,1.0,340828633.0,0.0,29.0,22.0,-18.0,763.0,,89.0,4.0,121.0,1.0,17.0,1.0,1.0,1.0,0.0,,0.0,2.0,1.0,1.0,1.0,48.0,,,2.0,1.0,0.0,,,0.0,18.0,18.0,27.0,61.0,80.0,160.0,110.0,6.0,,310.0,,0.0,22.0,18.0,28.42534080710379,3.0,14.0,1.0,SERIOUS,1
795010636.0,1.0,340830268.0,8.0,,,,,,1.0,15.0,205.0,1.0,13.0,1.0,4.0,1.0,98.0,,98.0,2.0,1.0,1.0,2.0,89.0,,,0.0,0.0,0.0,,,,,,,,,,,4.0,2.0,,,0.0,,,,3.0,10.0,1.0,SERIOUS,1
795010637.0,1.0,340833280.0,0.0,67.0,0.0,-67.0,3413.0,,6.0,4.0,180.0,1.0,12.0,1.0,4.0,1.0,0.0,,0.0,2.0,1.0,2.0,2.0,72.0,,,0.0,0.0,0.0,,,77.0,81.0,83.0,74.0,37.0,11.0,-30.0,160.0,4.0,,0.0,,0.0,0.0,67.0,67.0,2.0,9.0,1.0,MINOR,0
795010719.0,1.0,340838994.0,0.0,30.0,19.0,-23.0,982.0,,7.0,4.0,150.0,,6.0,14.0,4.0,3.0,0.0,,0.0,5.0,1.0,1.0,1.0,80.0,,,0.0,0.0,2.0,,,4.0,19.0,26.0,32.0,36.0,30.0,0.0,160.0,2.0,1.0,320.0,0.0,0.0,19.0,23.0,29.832867780352597,3.0,14.0,1.0,SERIOUS,1
795010720.0,1.0,340841959.0,0.0,46.0,16.0,-43.0,1097.0,,69.0,4.0,121.0,4.0,62.0,1.0,1.0,1.0,0.0,,0.0,3.0,1.0,1.0,1.0,48.0,,,2.0,1.0,1.0,,,17.0,32.0,46.0,30.0,10.0,0.0,-32.0,165.0,3.0,1.0,340.0,270.0,0.0,16.0,43.0,45.880278987817846,2.0,9.0,1.0,MINOR,0
795010720.0,1.0,340841964.0,0.0,46.0,16.0,-43.0,1097.0,,69.0,4.0,121.0,4.0,62.0,1.0,1.0,1.0,0.0,,0.0,3.0,1.0,1.0,1.0,48.0,,,2.0,1.0,1.0,,,17.0,32.0,46.0,30.0,10.0,0.0,-32.0,165.0,3.0,1.0,340.0,270.0,0.0,16.0,43.0,45.880278987817846,2.0,9.0,1.0,MINOR,0
795010780.0,1.0,340861760.0,3.0,,,,,,24.0,14.0,201.0,4.0,50.0,1.0,1.0,1.0,0.0,,0.0,2.0,1.0,1.0,2.0,56.0,,,0.0,0.0,1.0,,,22.0,24.0,26.0,27.0,24.0,21.0,0.0,175.0,3.0,,0.0,,0.0,,,,3.0,10.0,1.0,SERIOUS,1
795010781.0,1.0,340862403.0,6.0,,,,,,87.0,15.0,206.0,2.0,17.0,1.0,1.0,1.0,1.0,12.0,7.0,2.0,1.0,1.0,1.0,40.0,,,2.0,1.0,3.0,,,,,,,,,,,2.0,1.0,,40.0,0.0,,,,3.0,13.0,1.0,SERIOUS,1
795010774.0,1.0,340863218.0,2.0,,,,,,6.0,4.0,162.0,1.0,10.0,1.0,4.0,1.0,0.0,,0.0,3.0,1.0,1.0,2.0,113.0,,,0.0,0.0,2.0,,,5.0,2.0,1.0,0.0,0.0,0.0,-63.0,165.0,3.0,1.0,350.0,0.0,0.0,,,,2.0,5.0,1.0,MINOR,0
795010794.0,1.0,340863470.0,3.0,,,,,,6.0,3.0,112.0,1.0,10.0,1.0,4.0,1.0,0.0,,0.0,2.0,1.0,1.0,2.0,72.0,,,0.0,0.0,0.0,,,5.0,21.0,4.0,4.0,0.0,0.0,-41.0,150.0,2.0,,0.0,,0.0,,,,3.0,9.0,1.0,SERIOUS,1
795010854.0,1.0,340876421.0,3.0,,,,,,89.0,4.0,154.0,1.0,17.0,1.0,1.0,1.0,0.0,,0.0,4.0,3.0,1.0,2.0,48.0,,,2.0,1.0,1.0,,,4.0,7.0,27.0,28.0,7.0,2.0,24.0,253.0,3.0,,300.0,,0.0,,,,3.0,13.0,1.0,SERIOUS,1
795010855.0,1.0,340876654.0,0.0,53.0,50.0,18.0,1995.0,,72.0,4.0,163.0,1.0,53.0,11.0,1.0,1.0,0.0,,0.0,3.0,1.0,1.0,1.0,48.0,,,0.0,0.0,0.0,,,0.0,17.0,36.0,54.0,40.0,0.0,-1.0,345.0,4.0,1.0,250.0,90.0,0.0,50.0,18.0,53.14132102234569,3.0,17.0,1.0,SERIOUS,1
795010914.0,1.0,340885759.0,0.0,46.0,0.0,-46.0,1438.0,,3.0,4.0,132.0,7.0,65.0,17.0,4.0,1.0,0.0,,0.0,2.0,1.0,1.0,2.0,80.0,,,2.0,0.0,0.0,,,0.0,5.0,34.0,53.0,45.0,9.0,55.0,160.0,3.0,3.0,0.0,0.0,0.0,0.0,46.0,46.0,3.0,9.0,1.0,SERIOUS,1
795010915.0,1.0,340888014.0,0.0,14.0,-12.0,-7.0,174.0,,68.0,4.0,127.0,1.0,15.0,11.0,1.0,1.0,0.0,,0.0,2.0,1.0,1.0,2.0,48.0,,,2.0,0.0,1.0,,,0.0,6.0,14.0,10.0,3.0,0.0,-51.0,225.0,3.0,,60.0,,0.0,12.0,7.0,13.892443989449804,3.0,10.0,1.0,SERIOUS,1
795010898.0,1.0,340902138.0,0.0,65.0,-11.0,-64.0,2840.0,,50.0,5.0,130.0,1.0,10.0,1.0,2.0,1.0,0.0,,0.0,2.0,1.0,1.0,2.0,56.0,,,0.0,0.0,0.0,,,59.0,67.0,73.0,59.0,47.0,36.0,0.0,160.0,4.0,,10.0,,0.0,11.0,64.0,64.93843238021688,3.0,22.0,1.0,SERIOUS,1
341007338.0,1.0,341165732.0,0.0,38.0,7.0,-37.0,708.0,,6.0,4.0,116.0,6.0,12.0,6.0,4.0,1.0,0.0,,0.0,2.0,1.0,1.0,2.0,72.0,89.0,,0.0,6.0,0.0,,,48.0,34.0,18.0,8.0,5.0,0.0,-47.0,152.0,3.0,,350.0,,0.0,7.0,37.0,37.656340767525464,2.0,12.0,1.0,MINOR,0
341007357.0,1.0,341206308.0,0.0,71.0,12.0,-70.0,2554.0,,1.0,3.0,132.0,7.0,10.0,14.0,4.0,2.0,0.0,,0.0,3.0,5.0,1.0,1.0,80.0,80.0,,1.0,0.0,2.0,,,79.0,85.0,73.0,46.0,13.0,11.0,-20.0,154.0,3.0,,350.0,350.0,0.0,12.0,70.0,71.02112361825881,3.0,17.0,1.0,SERIOUS,1
341005314.0,1.0,341206418.0,3.0,,,,,,20.0,20.0,181.0,2.0,50.0,1.0,1.0,1.0,0.0,,0.0,4.0,3.0,1.0,2.0,89.0,72.0,,2.0,1.0,1.0,,,21.0,22.0,24.0,21.0,17.0,5.0,-5.0,154.0,3.0,,0.0,,0.0,,,,2.0,9.0,1.0,MINOR,0
341005474.0,1.0,341206478.0,5.0,,,,,,7.0,4.0,112.0,,10.0,14.0,4.0,,0.0,,0.0,1.0,3.0,1.0,1.0,56.0,,,1.0,6.0,3.0,,,20.0,28.0,41.0,49.0,50.0,55.0,0.0,156.0,3.0,,340.0,,0.0,,,,5.0,26.0,1.0,CRITICAL,2
349002836.0,1.0,352168794.0,2.0,,,,,,1.0,31.0,236.0,,13.0,1.0,4.0,1.0,0.0,,0.0,2.0,1.0,2.0,2.0,56.0,,,0.0,0.0,0.0,,,14.0,8.0,6.0,5.0,4.0,10.0,-50.0,162.0,1.0,1.0,0.0,10.0,0.0,,,,2.0,5.0,1.0,MINOR,0
349002815.0,1.0,352168834.0,0.0,28.0,0.0,-28.0,639.0,,1.0,20.0,196.0,,13.0,14.0,4.0,,0.0,,0.0,2.0,1.0,2.0,2.0,80.0,,,0.0,0.0,0.0,,,5.0,11.0,25.0,21.0,8.0,0.0,-5.0,146.0,2.0,,0.0,,0.0,0.0,28.0,28.0,2.0,12.0,1.0,MINOR,0
349002855.0,1.0,352168886.0,0.0,41.0,0.0,-41.0,807.0,,6.0,4.0,116.0,1.0,12.0,1.0,4.0,1.0,0.0,,0.0,4.0,1.0,1.0,2.0,40.0,,,2.0,1.0,0.0,,,0.0,10.0,25.0,41.0,46.0,0.0,19.0,140.0,3.0,2.0,0.0,170.0,0.0,0.0,41.0,41.0,3.0,14.0,1.0,SERIOUS,1
349002816.0,1.0,352168965.0,0.0,,,,,,28.0,4.0,130.0,1.0,52.0,1.0,1.0,1.0,0.0,,0.0,4.0,1.0,1.0,2.0,72.0,,,0.0,0.0,1.0,,,9.0,29.0,32.0,33.0,32.0,29.0,5.0,140.0,6.0,,0.0,,0.0,,,,3.0,10.0,1.0,SERIOUS,1
349002856.0,1.0,352169096.0,0.0,60.0,0.0,-60.0,3132.0,,6.0,14.0,202.0,2.0,12.0,14.0,4.0,1.0,0.0,,0.0,2.0,4.0,2.0,2.0,72.0,,,0.0,0.0,0.0,,,69.0,75.0,47.0,22.0,0.0,0.0,-30.0,150.0,3.0,1.0,0.0,0.0,0.0,0.0,60.0,60.0,3.0,10.0,1.0,SERIOUS,1
349002857.0,1.0,352169196.0,0.0,45.0,39.0,-22.0,1147.0,,7.0,4.0,135.0,98.0,6.0,14.0,4.0,2.0,0.0,,0.0,2.0,2.0,1.0,2.0,56.0,,,0.0,0.0,0.0,,,0.0,16.0,34.0,31.0,17.0,11.0,50.0,197.0,3.0,,300.0,,0.0,39.0,22.0,44.77722635447622,4.0,26.0,1.0,SERIOUS,1
349002854.0,1.0,352169779.0,0.0,28.0,-28.0,-5.0,572.0,,87.0,2.0,124.0,1.0,17.0,1.0,1.0,1.0,0.0,,0.0,2.0,1.0,1.0,2.0,64.0,,,3.0,0.0,0.0,,,1.0,8.0,29.0,23.0,24.0,1.0,-8.0,237.0,3.0,1.0,80.0,270.0,0.0,28.0,5.0,28.442925306655784,4.0,34.0,2.0,SERIOUS,1
349002873.0,1.0,352169891.0,7.0,,,,,,51.0,5.0,116.0,,62.0,14.0,1.0,,0.0,,0.0,2.0,1.0,,2.0,48.0,,,0.0,0.0,0.0,,,13.0,4.0,2.0,1.0,0.0,0.0,-64.0,140.0,6.0,,350.0,,0.0,,,,3.0,19.0,1.0,SERIOUS,1
349002874.0,1.0,352170076.0,0.0,48.0,-16.0,-45.0,2069.0,,50.0,4.0,114.0,,9.0,14.0,2.0,,0.0,,0.0,4.0,5.0,1.0,2.0,56.0,,,0.0,0.0,0.0,,,65.0,63.0,61.0,58.0,50.0,27.0,0.0,140.0,3.0,2.0,20.0,100.0,0.0,16.0,45.0,47.75981574503821,2.0,9.0,1.0,MINOR,0
349002875.0,1.0,352170156.0,0.0,46.0,8.0,-45.0,1263.0,,69.0,21.0,210.0,4.0,62.0,1.0,1.0,,0.0,,0.0,3.0,5.0,2.0,2.0,64.0,,,3.0,0.0,0.0,,,45.0,43.0,36.0,23.0,6.0,2.0,-49.0,180.0,4.0,,350.0,,0.0,8.0,45.0,45.70557952810576,3.0,10.0,1.0,SERIOUS,1
349002893.0,1.0,352173194.0,0.0,33.0,-16.0,-29.0,718.0,,68.0,14.0,173.0,1.0,15.0,11.0,2.0,1.0,0.0,,0.0,2.0,2.0,1.0,2.0,89.0,,,3.0,0.0,0.0,,,0.0,4.0,11.0,19.0,25.0,50.0,51.0,150.0,3.0,,30.0,,0.0,16.0,29.0,33.12099032335839,3.0,14.0,1.0,SERIOUS,1
349002913.0,1.0,352173925.0,0.0,37.0,-13.0,-35.0,739.0,,6.0,2.0,123.0,1.0,12.0,14.0,4.0,1.0,0.0,,0.0,4.0,5.0,2.0,2.0,105.0,,,0.0,0.0,2.0,,,0.0,12.0,23.0,27.0,32.0,29.0,28.0,140.0,2.0,2.0,20.0,0.0,0.0,13.0,35.0,37.33630940518894,3.0,22.0,1.0,SERIOUS,1
349002914.0,1.0,352173968.0,0.0,65.0,-61.0,-22.0,2273.0,,68.0,4.0,110.0,1.0,15.0,11.0,1.0,1.0,0.0,,0.0,4.0,4.0,1.0,2.0,80.0,,,2.0,1.0,0.0,,,4.0,46.0,70.0,43.0,25.0,4.0,-11.0,287.0,5.0,,70.0,,0.0,61.0,22.0,64.8459713474939,2.0,9.0,1.0,MINOR,0
349002915.0,1.0,352174126.0,0.0,34.0,-17.0,-29.0,698.0,,88.0,14.0,175.0,1.0,66.0,1.0,1.0,1.0,0.0,,0.0,3.0,1.0,1.0,2.0,48.0,,,2.0,1.0,3.0,,,9.0,6.0,8.0,25.0,29.0,28.0,48.0,160.0,2.0,2.0,30.0,80.0,0.0,17.0,29.0,33.61547262794322,2.0,4.0,1.0,MINOR,0
349002916.0,1.0,352174784.0,0.0,25.0,12.0,-22.0,198.0,,69.0,6.0,131.0,,62.0,14.0,1.0,,0.0,,0.0,3.0,3.0,1.0,2.0,48.0,,,2.0,1.0,1.0,,,47.0,3.0,3.0,3.0,3.0,4.0,-50.0,140.0,3.0,1.0,330.0,0.0,0.0,12.0,22.0,25.059928172283335,3.0,14.0,1.0,SERIOUS,1
349002894.0,1.0,352174830.0,0.0,58.0,0.0,-58.0,1824.0,,50.0,4.0,144.0,1.0,10.0,1.0,2.0,1.0,0.0,,0.0,3.0,2.0,1.0,2.0,56.0,,,0.0,0.0,0.0,,,44.0,61.0,57.0,51.0,29.0,5.0,-26.0,140.0,3.0,,0.0,,0.0,0.0,58.0,58.0,2.0,8.0,1.0,MINOR,0
349002933.0,1.0,352175446.0,0.0,51.0,33.0,-39.0,1826.0,,82.0,4.0,114.0,1.0,15.0,11.0,1.0,1.0,0.0,,0.0,2.0,3.0,1.0,2.0,40.0,,,2.0,2.0,0.0,,,2.0,17.0,49.0,43.0,27.0,8.0,48.0,247.0,4.0,,320.0,,0.0,33.0,39.0,51.088159097779204,5.0,57.0,1.0,CRITICAL,2
349002953.0,1.0,352177367.0,0.0,52.0,0.0,-52.0,2208.0,,50.0,14.0,205.0,4.0,12.0,1.0,6.0,,0.0,,0.0,2.0,1.0,1.0,2.0,80.0,,,0.0,0.0,1.0,,,13.0,45.0,42.0,37.0,16.0,11.0,0.0,160.0,3.0,,0.0,,0.0,0.0,52.0,52.0,2.0,5.0,1.0,MINOR,0
349002934.0,1.0,352177421.0,8.0,,,,,,89.0,4.0,116.0,1.0,17.0,1.0,1.0,1.0,0.0,,0.0,2.0,1.0,1.0,2.0,80.0,,,2.0,1.0,0.0,,,3.0,22.0,21.0,13.0,8.0,0.0,-24.0,273.0,3.0,1.0,280.0,190.0,0.0,,,,4.0,29.0,2.0,SERIOUS,1
349002895.0,1.0,352177444.0,0.0,,,,,,98.0,14.0,157.0,,62.0,1.0,1.0,,0.0,,0.0,2.0,1.0,1.0,2.0,72.0,,,0.0,0.0,0.0,,,72.0,72.0,55.0,39.0,21.0,4.0,-49.0,160.0,4.0,,350.0,,0.0,,,,3.0,14.0,1.0,SERIOUS,1
349002935.0,1.0,352178641.0,0.0,26.0,9.0,-24.0,333.0,,2.0,4.0,114.0,8.0,13.0,1.0,4.0,2.0,0.0,,0.0,3.0,4.0,1.0,2.0,89.0,,,0.0,0.0,2.0,,,34.0,22.0,16.0,10.0,4.0,0.0,-41.0,140.0,2.0,9.0,340.0,10.0,0.0,9.0,24.0,25.632011235952593,3.0,17.0,1.0,SERIOUS,1
349002973.0,1.0,352178751.0,0.0,28.0,-18.0,-21.0,445.0,,88.0,4.0,150.0,1.0,66.0,1.0,1.0,1.0,0.0,,0.0,4.0,1.0,1.0,2.0,72.0,,,2.0,1.0,0.0,,,2.0,10.0,20.0,21.0,20.0,16.0,62.0,150.0,2.0,2.0,40.0,80.0,0.0,18.0,21.0,27.65863337187866,2.0,5.0,1.0,MINOR,0
349002896.0,1.0,352179094.0,0.0,,,,,,1.0,4.0,162.0,,13.0,15.0,4.0,,0.0,,0.0,5.0,1.0,1.0,2.0,105.0,,,1.0,0.0,2.0,,,61.0,60.0,58.0,58.0,31.0,5.0,-45.0,150.0,3.0,3.0,0.0,260.0,0.0,,,,3.0,14.0,1.0,SERIOUS,1
349002936.0,1.0,352179139.0,7.0,,,,,,50.0,4.0,150.0,1.0,10.0,14.0,2.0,1.0,0.0,,0.0,3.0,1.0,1.0,2.0,56.0,,,0.0,0.0,0.0,,,10.0,2.0,2.0,1.0,0.0,0.0,-63.0,160.0,8.0,,0.0,,0.0,,,,3.0,10.0,1.0,SERIOUS,1
349002937.0,1.0,352179204.0,8.0,,,,,,98.0,30.0,179.0,7.0,12.0,1.0,6.0,3.0,8.0,32.0,1.0,2.0,1.0,1.0,2.0,89.0,,,0.0,0.0,1.0,,,,,,,,,,,4.0,,,,0.0,,,,5.0,30.0,1.0,CRITICAL,2
349002974.0,1.0,352179227.0,0.0,20.0,7.0,-19.0,201.0,,65.0,14.0,147.0,7.0,62.0,14.0,1.0,1.0,0.0,,0.0,2.0,1.0,1.0,2.0,56.0,,,0.0,0.0,0.0,,,34.0,9.0,6.0,0.0,0.0,0.0,-38.0,136.0,2.0,,340.0,,0.0,7.0,19.0,20.248456731316587,2.0,4.0,1.0,MINOR,0
349002993.0,1.0,352179264.0,0.0,30.0,0.0,-30.0,847.0,,20.0,30.0,193.0,,50.0,1.0,1.0,,0.0,,0.0,2.0,2.0,2.0,2.0,72.0,,,3.0,0.0,0.0,,,0.0,16.0,22.0,24.0,27.0,21.0,26.0,150.0,3.0,,0.0,,0.0,0.0,30.0,30.0,3.0,10.0,1.0,SERIOUS,1
349003013.0,1.0,352179525.0,8.0,,,,,,7.0,5.0,124.0,,9.0,14.0,4.0,4.0,0.0,,0.0,2.0,3.0,2.0,2.0,64.0,,,0.0,0.0,0.0,,,1.0,6.0,25.0,32.0,19.0,1.0,49.0,244.0,4.0,,70.0,,0.0,,,,5.0,66.0,2.0,CRITICAL,2
349002975.0,1.0,352179656.0,0.0,37.0,6.0,-36.0,594.0,,20.0,3.0,110.0,9.0,50.0,1.0,1.0,,0.0,,0.0,2.0,1.0,1.0,2.0,72.0,,,2.0,0.0,0.0,,,41.0,43.0,29.0,18.0,6.0,0.0,-36.0,130.0,4.0,,350.0,,0.0,6.0,36.0,36.49657518178932,3.0,10.0,1.0,SERIOUS,1
349002994.0,1.0,352179776.0,6.0,,,,,,45.0,4.0,168.0,1.0,60.0,1.0,1.0,1.0,4.0,,1.0,3.0,2.0,1.0,2.0,89.0,,,0.0,0.0,2.0,,,,,,,,,,,3.0,2.0,,210.0,0.0,,,,3.0,14.0,1.0,SERIOUS,1
349003014.0,1.0,352180022.0,8.0,,,,,,2.0,4.0,125.0,,9.0,14.0,4.0,3.0,2.0,4.0,1.0,3.0,3.0,1.0,2.0,80.0,,,0.0,0.0,1.0,,,,,,,,,,,6.0,,,,0.0,,,,4.0,16.0,1.0,SERIOUS,1
349002976.0,1.0,352180069.0,0.0,17.0,-3.0,-17.0,342.0,,51.0,4.0,199.0,8.0,62.0,14.0,2.0,,0.0,,0.0,2.0,1.0,2.0,2.0,56.0,,,0.0,0.0,0.0,,,0.0,2.0,10.0,23.0,26.0,18.0,36.0,150.0,1.0,,10.0,,0.0,3.0,17.0,17.26267650163207,2.0,5.0,1.0,MINOR,0
349003053.0,1.0,352180112.0,0.0,57.0,0.0,-57.0,2327.0,,33.0,5.0,158.0,9.0,52.0,1.0,3.0,1.0,0.0,,0.0,5.0,1.0,1.0,2.0,56.0,,,0.0,0.0,0.0,,,6.0,28.0,47.0,68.0,66.0,47.0,37.0,145.0,3.0,3.0,0.0,340.0,0.0,0.0,57.0,57.0,3.0,17.0,1.0,SERIOUS,1
349003033.0,1.0,352180209.0,7.0,,,,,,1.0,4.0,163.0,1.0,13.0,14.0,4.0,1.0,0.0,,0.0,4.0,3.0,2.0,1.0,56.0,,,0.0,0.0,0.0,,,0.0,7.0,13.0,16.0,15.0,17.0,-65.0,150.0,4.0,5.0,10.0,0.0,0.0,,,,3.0,19.0,1.0,SERIOUS,1
349002995.0,1.0,352181659.0,0.0,37.0,-6.0,-36.0,743.0,,83.0,4.0,120.0,,67.0,1.0,1.0,,4.0,,1.0,2.0,1.0,1.0,2.0,80.0,,,2.0,0.0,0.0,,,0.0,16.0,26.0,34.0,34.0,4.0,105.0,209.0,2.0,2.0,10.0,,0.0,6.0,36.0,36.49657518178932,3.0,11.0,1.0,SERIOUS,1
349002996.0,1.0,352181723.0,0.0,47.0,0.0,-47.0,1074.0,,20.0,4.0,114.0,,50.0,1.0,1.0,,0.0,,0.0,2.0,1.0,1.0,2.0,80.0,,,3.0,0.0,0.0,,,0.0,17.0,36.0,51.0,44.0,36.0,34.0,150.0,3.0,,0.0,,0.0,0.0,47.0,47.0,5.0,35.0,2.0,CRITICAL,2
349003034.0,1.0,352183093.0,0.0,43.0,28.0,-33.0,1357.0,,7.0,2.0,176.0,9.0,9.0,14.0,4.0,3.0,0.0,,0.0,2.0,1.0,1.0,2.0,56.0,,,0.0,0.0,0.0,,,0.0,11.0,36.0,66.0,24.0,0.0,102.0,241.0,4.0,,320.0,,0.0,28.0,33.0,43.278170016764804,4.0,34.0,2.0,SERIOUS,1
349003034.0,1.0,352183290.0,0.0,43.0,28.0,-33.0,1357.0,,7.0,2.0,176.0,9.0,9.0,14.0,4.0,3.0,0.0,,0.0,2.0,1.0,1.0,2.0,56.0,,,0.0,0.0,0.0,,,0.0,11.0,36.0,66.0,24.0,0.0,102.0,241.0,4.0,,320.0,,0.0,28.0,33.0,43.278170016764804,4.0,29.0,1.0,SERIOUS,1
349003054.0,1.0,352183427.0,0.0,12.0,0.0,-12.0,81.0,,98.0,4.0,139.0,1.0,14.0,8.0,4.0,1.0,0.0,,0.0,2.0,1.0,1.0,2.0,0.0,,,0.0,0.0,0.0,,,,,,,,,,,1.0,,0.0,,0.0,0.0,12.0,12.0,3.0,13.0,1.0,SERIOUS,1
349003055.0,1.0,352183509.0,0.0,,,,,,1.0,5.0,143.0,,13.0,1.0,4.0,,0.0,,0.0,4.0,1.0,2.0,2.0,56.0,,,0.0,0.0,0.0,,,9.0,13.0,24.0,34.0,45.0,5.0,21.0,140.0,2.0,,0.0,,0.0,,,,2.0,5.0,1.0,MINOR,0
349003056.0,1.0,352183568.0,0.0,17.0,11.0,-13.0,228.0,,69.0,14.0,139.0,,62.0,1.0,1.0,,0.0,,0.0,5.0,3.0,2.0,2.0,56.0,,,2.0,1.0,0.0,,,0.0,5.0,12.0,10.0,0.0,1.0,56.0,275.0,2.0,,320.0,,0.0,11.0,13.0,17.029386365926403,3.0,9.0,1.0,SERIOUS,1
349002997.0,1.0,352184052.0,0.0,40.0,-26.0,-31.0,1006.0,,7.0,4.0,149.0,6.0,6.0,14.0,4.0,4.0,0.0,,0.0,2.0,1.0,1.0,2.0,48.0,,,0.0,5.0,0.0,,,0.0,5.0,40.0,41.0,30.0,10.0,171.0,113.0,3.0,1.0,40.0,40.0,0.0,26.0,31.0,40.45985664828782,5.0,33.0,1.0,CRITICAL,2
349003057.0,1.0,352184128.0,0.0,36.0,6.0,-35.0,938.0,,51.0,4.0,149.0,4.0,62.0,14.0,1.0,,0.0,,0.0,2.0,1.0,1.0,2.0,64.0,,,0.0,0.0,0.0,,,48.0,44.0,30.0,17.0,10.0,0.0,-43.0,150.0,2.0,,350.0,,0.0,6.0,35.0,35.510561809129406,2.0,5.0,1.0,MINOR,0
349003058.0,1.0,352184354.0,0.0,57.0,0.0,-57.0,1640.0,,20.0,4.0,147.0,4.0,50.0,1.0,1.0,2.0,0.0,,0.0,4.0,2.0,1.0,2.0,105.0,,,0.0,0.0,2.0,,,30.0,46.0,48.0,43.0,32.0,7.0,0.0,140.0,3.0,,0.0,,0.0,0.0,57.0,57.0,2.0,5.0,1.0,MINOR,0
349003059.0,1.0,352184464.0,0.0,44.0,38.0,-22.0,1420.0,,82.0,6.0,150.0,1.0,15.0,11.0,1.0,1.0,0.0,,0.0,2.0,1.0,1.0,2.0,40.0,,,2.0,2.0,0.0,,,4.0,21.0,30.0,52.0,26.0,0.0,68.0,302.0,4.0,,300.0,,0.0,38.0,22.0,43.9089968002003,3.0,14.0,1.0,SERIOUS,1
349003060.0,1.0,352185085.0,0.0,75.0,13.0,-74.0,2879.0,,69.0,14.0,141.0,2.0,62.0,1.0,1.0,1.0,0.0,,0.0,2.0,1.0,1.0,2.0,80.0,,,2.0,0.0,0.0,,,26.0,43.0,56.0,58.0,51.0,39.0,0.0,150.0,3.0,,350.0,,0.0,13.0,74.0,75.13321502504735,2.0,5.0,1.0,MINOR,0
349003073.0,1.0,352185357.0,0.0,45.0,15.0,-42.0,1016.0,,2.0,4.0,124.0,,6.0,1.0,4.0,,0.0,,0.0,2.0,2.0,1.0,2.0,40.0,,,0.0,0.0,0.0,,,48.0,39.0,28.0,21.0,20.0,13.0,-47.0,140.0,3.0,2.0,340.0,10.0,0.0,15.0,42.0,44.598206241955516,2.0,12.0,1.0,MINOR,0
349003074.0,1.0,352185507.0,0.0,23.0,0.0,-23.0,436.0,,14.0,30.0,200.0,1.0,14.0,1.0,4.0,1.0,0.0,,0.0,2.0,2.0,1.0,2.0,56.0,,,2.0,2.0,0.0,,,13.0,11.0,10.0,10.0,11.0,11.0,0.0,160.0,1.0,,0.0,,0.0,0.0,23.0,23.0,2.0,5.0,1.0,MINOR,0
349003093.0,1.0,352185726.0,0.0,63.0,0.0,-63.0,2266.0,,1.0,5.0,135.0,1.0,13.0,1.0,4.0,1.0,0.0,,0.0,2.0,1.0,1.0,2.0,72.0,,,0.0,0.0,0.0,,,29.0,50.0,59.0,50.0,25.0,2.0,-28.0,140.0,3.0,,0.0,,0.0,0.0,63.0,63.0,3.0,10.0,1.0,SERIOUS,1
349003094.0,1.0,352186047.0,0.0,29.0,-5.0,-29.0,906.0,,1.0,15.0,275.0,1.0,13.0,1.0,4.0,1.0,0.0,,0.0,3.0,1.0,1.0,2.0,56.0,,,0.0,1.0,0.0,,,4.0,7.0,16.0,26.0,34.0,19.0,50.0,180.0,3.0,,10.0,,0.0,5.0,29.0,29.427877939124322,2.0,5.0,1.0,MINOR,0
349003095.0,1.0,352188083.0,0.0,90.0,16.0,-89.0,4405.0,,52.0,4.0,123.0,,54.0,1.0,3.0,,0.0,,0.0,3.0,3.0,1.0,2.0,89.0,,,1.0,0.0,2.0,,,119.0,108.0,100.0,75.0,41.0,18.0,-18.0,140.0,6.0,,350.0,,0.0,16.0,89.0,90.4267659490264,4.0,21.0,1.0,SERIOUS,1
349003096.0,1.0,352188133.0,0.0,39.0,-13.0,-37.0,501.0,,68.0,4.0,113.0,,15.0,11.0,1.0,,0.0,,0.0,3.0,1.0,1.0,2.0,89.0,,,2.0,0.0,2.0,,,0.0,6.0,13.0,18.0,23.0,27.0,46.0,140.0,2.0,1.0,20.0,10.0,0.0,13.0,37.0,39.21734310225516,3.0,14.0,1.0,SERIOUS,1
349003113.0,1.0,352188210.0,0.0,30.0,-15.0,-26.0,1186.0,,68.0,6.0,214.0,1.0,63.0,11.0,1.0,1.0,0.0,,0.0,5.0,1.0,1.0,2.0,56.0,,,2.0,1.0,0.0,,,4.0,17.0,38.0,37.0,22.0,18.0,99.0,313.0,3.0,1.0,30.0,190.0,0.0,15.0,26.0,30.01666203960727,3.0,14.0,1.0,SERIOUS,1
349003133.0,1.0,352190512.0,7.0,,,,,,47.0,1.0,158.0,1.0,10.0,15.0,2.0,1.0,0.0,,0.0,4.0,1.0,2.0,2.0,105.0,,,0.0,0.0,2.0,,,6.0,9.0,8.0,3.0,1.0,0.0,-27.0,266.0,3.0,1.0,230.0,270.0,0.0,,,,2.0,8.0,1.0,MINOR,0
349003134.0,1.0,352190584.0,0.0,34.0,33.0,-6.0,1006.0,,89.0,4.0,145.0,1.0,17.0,1.0,1.0,1.0,0.0,,0.0,3.0,1.0,1.0,2.0,72.0,,,2.0,2.0,0.0,,,8.0,32.0,45.0,35.0,19.0,0.0,71.0,210.0,3.0,2.0,280.0,190.0,0.0,33.0,6.0,33.54101966249684,2.0,4.0,1.0,MINOR,0
349003153.0,1.0,352191878.0,8.0,,,,,,2.0,4.0,175.0,6.0,9.0,1.0,4.0,4.0,10.0,70.0,1.0,3.0,1.0,1.0,2.0,89.0,,,1.0,0.0,2.0,,,,,,,,,,,4.0,,,,0.0,,,,4.0,36.0,1.0,SERIOUS,1
349003154.0,1.0,352191965.0,0.0,29.0,-19.0,-22.0,788.0,,68.0,4.0,144.0,1.0,15.0,11.0,1.0,1.0,0.0,,0.0,3.0,1.0,1.0,2.0,64.0,,,2.0,1.0,1.0,,,4.0,10.0,25.0,38.0,29.0,14.0,124.0,224.0,3.0,,40.0,,0.0,19.0,22.0,29.068883707497267,3.0,10.0,1.0,SERIOUS,1
349003154.0,1.0,352192018.0,0.0,29.0,-19.0,-22.0,788.0,,68.0,4.0,144.0,1.0,15.0,11.0,1.0,1.0,0.0,,0.0,3.0,1.0,1.0,2.0,64.0,,,2.0,1.0,1.0,,,4.0,10.0,25.0,38.0,29.0,14.0,124.0,224.0,3.0,,40.0,,0.0,19.0,22.0,29.068883707497267,2.0,9.0,1.0,MINOR,0
349003173.0,1.0,352192171.0,7.0,,,,,,14.0,15.0,231.0,1.0,14.0,14.0,4.0,1.0,0.0,,0.0,2.0,1.0,1.0,2.0,64.0,,,2.0,2.0,0.0,,,53.0,47.0,42.0,35.0,22.0,13.0,-10.0,150.0,3.0,,350.0,,0.0,,,,2.0,5.0,1.0,MINOR,0
349003174.0,1.0,352193584.0,0.0,29.0,22.0,-19.0,588.0,,98.0,14.0,158.0,9.0,62.0,14.0,1.0,,0.0,,0.0,2.0,1.0,1.0,2.0,64.0,,,0.0,0.0,1.0,,,0.0,0.0,11.0,24.0,16.0,0.0,42.0,324.0,3.0,,310.0,,0.0,22.0,19.0,29.068883707497267,4.0,34.0,1.0,SERIOUS,1
349003193.0,1.0,352193720.0,0.0,42.0,7.0,-41.0,1097.0,,14.0,4.0,150.0,1.0,14.0,1.0,4.0,1.0,0.0,,0.0,3.0,1.0,1.0,2.0,48.0,,,2.0,2.0,0.0,,,46.0,39.0,37.0,31.0,24.0,17.0,-16.0,150.0,3.0,4.0,350.0,0.0,0.0,7.0,41.0,41.593268686170845,5.0,30.0,1.0,CRITICAL,2
349003194.0,1.0,352195033.0,0.0,61.0,57.0,-21.0,3817.0,,89.0,15.0,206.0,,17.0,1.0,1.0,,0.0,,0.0,3.0,3.0,2.0,2.0,72.0,,,2.0,2.0,0.0,,,8.0,31.0,43.0,71.0,34.0,0.0,73.0,295.0,4.0,2.0,290.0,270.0,0.0,57.0,21.0,60.74537019394976,3.0,17.0,1.0,SERIOUS,1
349003213.0,1.0,352195454.0,0.0,28.0,26.0,-10.0,429.0,,89.0,4.0,150.0,1.0,17.0,1.0,1.0,1.0,0.0,,0.0,2.0,1.0,1.0,2.0,72.0,,,3.0,0.0,0.0,,,1.0,9.0,16.0,14.0,11.0,16.0,96.0,206.0,2.0,3.0,290.0,350.0,0.0,26.0,10.0,27.85677655436824,4.0,18.0,1.0,SERIOUS,1
349003233.0,1.0,352195515.0,0.0,43.0,0.0,-43.0,1459.0,,6.0,4.0,182.0,1.0,12.0,14.0,4.0,1.0,0.0,,0.0,1.0,3.0,1.0,2.0,40.0,,,0.0,0.0,3.0,,,0.0,9.0,35.0,56.0,57.0,52.0,43.0,150.0,3.0,,0.0,,0.0,0.0,43.0,43.0,4.0,26.0,1.0,SERIOUS,1
349003293.0,1.0,352195840.0,0.0,27.0,25.0,-9.0,789.0,,82.0,4.0,146.0,1.0,15.0,11.0,1.0,1.0,0.0,,0.0,2.0,1.0,1.0,2.0,,,,3.0,0.0,0.0,,,2.0,16.0,45.0,11.0,2.0,2.0,-58.0,245.0,3.0,,290.0,,0.0,25.0,9.0,26.570660511172846,5.0,35.0,1.0,CRITICAL,2
349003294.0,1.0,352196663.0,0.0,32.0,6.0,-32.0,844.0,,98.0,20.0,179.0,1.0,62.0,1.0,1.0,1.0,0.0,,0.0,4.0,1.0,1.0,2.0,80.0,,,2.0,0.0,0.0,,,60.0,37.0,24.0,14.0,6.0,0.0,-50.0,150.0,4.0,,350.0,,0.0,6.0,32.0,32.55764119219941,2.0,12.0,1.0,MINOR,0
349003313.0,1.0,352196807.0,0.0,29.0,0.0,-29.0,456.0,,20.0,4.0,138.0,,60.0,1.0,1.0,,0.0,,0.0,6.0,1.0,2.0,2.0,80.0,,,2.0,1.0,1.0,,,24.0,15.0,18.0,13.0,9.0,3.0,-25.0,150.0,2.0,,0.0,,0.0,0.0,29.0,29.0,2.0,4.0,1.0,MINOR,0
349003295.0,1.0,352196899.0,7.0,,,,,,7.0,14.0,227.0,7.0,9.0,14.0,4.0,4.0,,,,2.0,1.0,2.0,2.0,89.0,,,0.0,0.0,2.0,,,,,,,,,,,3.0,2.0,,,0.0,,,,3.0,17.0,1.0,SERIOUS,1
349003393.0,1.0,352197079.0,8.0,,,,,,51.0,4.0,168.0,4.0,62.0,1.0,1.0,,0.0,,0.0,2.0,1.0,1.0,2.0,80.0,,,0.0,0.0,0.0,,,16.0,11.0,7.0,6.0,3.0,1.0,-66.0,140.0,6.0,3.0,340.0,90.0,0.0,,,,4.0,21.0,1.0,SERIOUS,1
349003394.0,1.0,352199037.0,8.0,,,,,,1.0,14.0,137.0,1.0,13.0,14.0,4.0,1.0,98.0,,98.0,3.0,1.0,1.0,2.0,89.0,,,0.0,0.0,2.0,,,,,,,,,,,4.0,4.0,0.0,,0.0,,,,3.0,17.0,1.0,SERIOUS,1
349003395.0,1.0,352199988.0,2.0,,,,,,14.0,3.0,133.0,4.0,5.0,10.0,4.0,2.0,0.0,,0.0,3.0,3.0,2.0,1.0,48.0,,,2.0,1.0,1.0,,,4.0,4.0,3.0,3.0,4.0,4.0,0.0,140.0,,,,,0.0,,,,2.0,8.0,1.0,MINOR,0
349003314.0,1.0,352200038.0,0.0,22.0,-8.0,-21.0,512.0,,83.0,14.0,171.0,4.0,67.0,1.0,1.0,,0.0,,0.0,4.0,1.0,1.0,2.0,56.0,,,2.0,0.0,0.0,,,2.0,11.0,14.0,19.0,25.0,23.0,41.0,150.0,2.0,,20.0,,0.0,8.0,21.0,22.47220505424423,2.0,5.0,1.0,MINOR,0
349003396.0,1.0,352201508.0,0.0,62.0,11.0,-61.0,3054.0,,98.0,20.0,175.0,3.0,62.0,1.0,1.0,2.0,0.0,,0.0,2.0,2.0,1.0,2.0,80.0,,,0.0,0.0,0.0,,,47.0,51.0,59.0,55.0,42.0,36.0,0.0,160.0,4.0,,350.0,,0.0,11.0,61.0,61.98386886924694,3.0,10.0,1.0,SERIOUS,1
349003397.0,1.0,352201667.0,0.0,45.0,8.0,-44.0,1535.0,,1.0,14.0,187.0,9.0,10.0,14.0,4.0,2.0,0.0,,0.0,2.0,1.0,1.0,2.0,56.0,,,0.0,0.0,0.0,,,15.0,45.0,43.0,30.0,3.0,3.0,-39.0,145.0,2.0,,350.0,,0.0,8.0,44.0,44.721359549995796,3.0,14.0,1.0,SERIOUS,1
349003413.0,1.0,352203457.0,0.0,22.0,19.0,-11.0,285.0,,82.0,4.0,115.0,1.0,15.0,11.0,1.0,1.0,0.0,,0.0,2.0,3.0,1.0,2.0,80.0,,,2.0,2.0,1.0,,,0.0,9.0,18.0,27.0,12.0,0.0,8.0,173.0,3.0,1.0,300.0,350.0,0.0,19.0,11.0,21.95449840010015,3.0,14.0,1.0,SERIOUS,1
349003253.0,1.0,352203509.0,7.0,,,,,,1.0,5.0,134.0,,13.0,15.0,4.0,,0.0,,0.0,2.0,1.0,1.0,2.0,89.0,,,1.0,0.0,2.0,,,57.0,40.0,26.0,15.0,7.0,0.0,-58.0,140.0,7.0,1.0,350.0,0.0,0.0,,,,2.0,9.0,1.0,MINOR,0
349003253.0,1.0,352203647.0,7.0,,,,,,1.0,5.0,134.0,,13.0,15.0,4.0,,0.0,,0.0,2.0,1.0,1.0,2.0,89.0,,,1.0,0.0,2.0,,,57.0,40.0,26.0,15.0,7.0,0.0,-58.0,140.0,7.0,1.0,350.0,0.0,0.0,,,,3.0,10.0,1.0,SERIOUS,1
349003453.0,1.0,352203706.0,8.0,,,,,,24.0,4.0,147.0,7.0,51.0,1.0,1.0,1.0,0.0,,0.0,2.0,2.0,1.0,2.0,105.0,,,0.0,0.0,1.0,,,14.0,55.0,53.0,38.0,31.0,9.0,178.0,83.0,3.0,2.0,20.0,80.0,0.0,,,,5.0,50.0,1.0,CRITICAL,2
349003433.0,1.0,352203868.0,0.0,35.0,33.0,-12.0,1397.0,,89.0,4.0,168.0,,66.0,1.0,1.0,,0.0,,0.0,4.0,3.0,1.0,2.0,56.0,,,2.0,1.0,0.0,,,0.0,19.0,49.0,45.0,36.0,9.0,25.0,238.0,4.0,1.0,290.0,90.0,0.0,33.0,12.0,35.11409973215888,3.0,19.0,1.0,SERIOUS,1
349003473.0,1.0,352203957.0,0.0,51.0,9.0,-50.0,1623.0,,6.0,6.0,150.0,1.0,12.0,14.0,4.0,1.0,0.0,,0.0,4.0,2.0,1.0,2.0,64.0,,,0.0,0.0,0.0,,,38.0,57.0,51.0,32.0,18.0,9.0,-23.0,150.0,3.0,,350.0,0.0,0.0,9.0,50.0,50.80354318352215,3.0,17.0,1.0,SERIOUS,1
349003434.0,1.0,352204069.0,0.0,19.0,-15.0,-12.0,387.0,,68.0,4.0,116.0,,15.0,11.0,1.0,,0.0,,0.0,3.0,3.0,1.0,2.0,89.0,,,2.0,1.0,1.0,,,0.0,6.0,30.0,28.0,14.0,0.0,-109.0,170.0,2.0,,50.0,,0.0,15.0,12.0,19.209372712298546,3.0,14.0,1.0,SERIOUS,1
349003434.0,1.0,352204138.0,0.0,19.0,-15.0,-12.0,387.0,,68.0,4.0,116.0,,15.0,11.0,1.0,,0.0,,0.0,3.0,3.0,1.0,2.0,89.0,,,2.0,1.0,1.0,,,0.0,6.0,30.0,28.0,14.0,0.0,-109.0,170.0,2.0,,50.0,,0.0,15.0,12.0,19.209372712298546,2.0,9.0,1.0,MINOR,0
349003474.0,1.0,352205195.0,0.0,48.0,-16.0,-45.0,2126.0,,51.0,4.0,163.0,,62.0,14.0,1.0,,0.0,,0.0,2.0,2.0,1.0,2.0,80.0,,,0.0,0.0,0.0,,,5.0,23.0,44.0,63.0,74.0,81.0,34.0,155.0,4.0,,20.0,,0.0,16.0,45.0,47.75981574503821,3.0,19.0,1.0,SERIOUS,1
349003436.0,1.0,352205388.0,0.0,22.0,0.0,-22.0,260.0,,6.0,3.0,135.0,6.0,13.0,1.0,4.0,,0.0,,0.0,1.0,1.0,1.0,1.0,80.0,,,0.0,1.0,3.0,,,11.0,11.0,11.0,9.0,6.0,3.0,-14.0,140.0,1.0,1.0,0.0,350.0,0.0,0.0,22.0,22.0,2.0,5.0,1.0,MINOR,0
349003475.0,1.0,352205442.0,0.0,23.0,8.0,-22.0,418.0,,69.0,4.0,138.0,4.0,17.0,1.0,1.0,,0.0,,0.0,5.0,1.0,1.0,2.0,89.0,,,2.0,1.0,2.0,,,15.0,18.0,16.0,12.0,8.0,4.0,-63.0,150.0,6.0,,340.0,,0.0,8.0,22.0,23.40939982143925,2.0,9.0,1.0,MINOR,0
349003476.0,1.0,352205537.0,0.0,31.0,16.0,-27.0,802.0,,98.0,14.0,160.0,9.0,62.0,1.0,1.0,,0.0,,0.0,4.0,1.0,1.0,2.0,89.0,,,1.0,0.0,1.0,,,27.0,40.0,37.0,21.0,11.0,0.0,-58.0,150.0,4.0,,330.0,,0.0,16.0,27.0,31.38470965295043,2.0,9.0,1.0,MINOR,0
349003437.0,1.0,352205593.0,0.0,35.0,-12.0,-33.0,985.0,,93.0,14.0,214.0,1.0,71.0,1.0,1.0,1.0,0.0,,0.0,2.0,1.0,1.0,2.0,48.0,,,3.0,0.0,0.0,,,31.0,24.0,19.0,21.0,26.0,22.0,0.0,160.0,2.0,1.0,20.0,280.0,0.0,12.0,33.0,35.11409973215888,2.0,9.0,1.0,MINOR,0
349003333.0,1.0,352205712.0,0.0,49.0,-9.0,-48.0,1117.0,,11.0,4.0,123.0,,10.0,14.0,4.0,,0.0,,0.0,2.0,3.0,1.0,2.0,40.0,,,0.0,0.0,0.0,,,7.0,20.0,35.0,41.0,42.0,49.0,26.0,146.0,3.0,1.0,10.0,350.0,0.0,9.0,48.0,48.83646178829912,2.0,5.0,1.0,MINOR,0
349003254.0,1.0,352205781.0,0.0,44.0,-43.0,-8.0,4093.0,,68.0,31.0,271.0,1.0,15.0,11.0,1.0,1.0,0.0,,0.0,4.0,3.0,1.0,2.0,89.0,,,2.0,0.0,1.0,,,7.0,65.0,89.0,75.0,19.0,7.0,45.0,303.0,5.0,1.0,80.0,350.0,0.0,43.0,8.0,43.73785545725808,4.0,16.0,1.0,SERIOUS,1
349003435.0,1.0,352205827.0,8.0,,,,,,24.0,14.0,197.0,1.0,51.0,1.0,1.0,1.0,0.0,,0.0,4.0,2.0,1.0,2.0,80.0,,,0.0,0.0,1.0,,,21.0,31.0,31.0,31.0,33.0,20.0,0.0,160.0,3.0,1.0,0.0,10.0,0.0,,,,3.0,10.0,1.0,SERIOUS,1
349003353.0,1.0,352205881.0,0.0,36.0,-28.0,-23.0,1116.0,,68.0,4.0,123.0,1.0,15.0,11.0,1.0,1.0,1.0,7.0,7.0,3.0,1.0,1.0,2.0,64.0,,,2.0,1.0,1.0,,,0.0,14.0,36.0,40.0,24.0,0.0,18.0,290.0,3.0,2.0,50.0,,0.0,28.0,23.0,36.235341863986875,3.0,10.0,1.0,SERIOUS,1
349003353.0,1.0,352205927.0,0.0,36.0,-28.0,-23.0,1116.0,,68.0,4.0,123.0,1.0,15.0,11.0,1.0,1.0,1.0,7.0,7.0,3.0,1.0,1.0,2.0,64.0,,,2.0,1.0,1.0,,,0.0,14.0,36.0,40.0,24.0,0.0,18.0,290.0,3.0,2.0,50.0,,0.0,28.0,23.0,36.235341863986875,3.0,14.0,1.0,SERIOUS,1
349003513.0,1.0,352206011.0,0.0,28.0,-14.0,-24.0,370.0,,58.0,4.0,155.0,8.0,50.0,1.0,2.0,2.0,0.0,,0.0,2.0,1.0,2.0,2.0,56.0,,,0.0,0.0,0.0,,,0.0,6.0,9.0,12.0,13.0,15.0,64.0,155.0,6.0,,30.0,,0.0,14.0,24.0,27.784887978899608,3.0,14.0,1.0,SERIOUS,1
349003514.0,1.0,352206058.0,0.0,55.0,0.0,-55.0,2672.0,,1.0,31.0,215.0,1.0,13.0,14.0,4.0,2.0,0.0,,0.0,2.0,1.0,1.0,2.0,56.0,,,0.0,6.0,0.0,,,20.0,37.0,86.0,88.0,35.0,16.0,-12.0,170.0,4.0,2.0,0.0,10.0,0.0,0.0,55.0,55.0,3.0,14.0,1.0,SERIOUS,1
349003515.0,1.0,352207473.0,8.0,,,,,,64.0,14.0,187.0,1.0,10.0,1.0,2.0,1.0,0.0,,0.0,2.0,1.0,1.0,2.0,80.0,,,0.0,0.0,0.0,,,53.0,38.0,27.0,17.0,5.0,0.0,-49.0,155.0,3.0,,350.0,,0.0,,,,3.0,14.0,1.0,SERIOUS,1
349003493.0,1.0,352208117.0,7.0,,,,,,1.0,4.0,148.0,1.0,13.0,14.0,4.0,1.0,0.0,,0.0,6.0,3.0,1.0,2.0,80.0,,,0.0,0.0,0.0,,,3.0,10.0,19.0,24.0,33.0,16.0,0.0,150.0,2.0,,0.0,350.0,0.0,,,,4.0,41.0,1.0,SERIOUS,1
349003533.0,1.0,352208283.0,0.0,46.0,-16.0,-43.0,1864.0,,68.0,14.0,195.0,,15.0,11.0,3.0,,0.0,,0.0,4.0,1.0,1.0,2.0,72.0,,,2.0,1.0,0.0,,,0.0,13.0,28.0,42.0,52.0,48.0,40.0,160.0,2.0,1.0,20.0,350.0,0.0,16.0,43.0,45.880278987817846,3.0,14.0,1.0,SERIOUS,1
349003274.0,1.0,352209899.0,7.0,,,,,,6.0,31.0,296.0,1.0,12.0,1.0,4.0,1.0,0.0,,0.0,3.0,1.0,1.0,2.0,48.0,,,0.0,5.0,1.0,,,0.0,3.0,10.0,15.0,23.0,21.0,54.0,170.0,1.0,3.0,0.0,,0.0,,,,3.0,14.0,1.0,SERIOUS,1
349003373.0,1.0,352210180.0,8.0,,,,,,68.0,14.0,160.0,1.0,15.0,11.0,1.0,1.0,0.0,,0.0,4.0,1.0,1.0,2.0,72.0,,,2.0,1.0,1.0,,,4.0,23.0,49.0,46.0,20.0,0.0,1.0,310.0,4.0,,70.0,,0.0,,,,4.0,17.0,1.0,SERIOUS,1
349003373.0,1.0,352210407.0,8.0,,,,,,68.0,14.0,160.0,1.0,15.0,11.0,1.0,1.0,0.0,,0.0,4.0,1.0,1.0,2.0,72.0,,,2.0,1.0,1.0,,,4.0,23.0,49.0,46.0,20.0,0.0,1.0,310.0,4.0,,70.0,,0.0,,,,3.0,22.0,1.0,SERIOUS,1
349003373.0,1.0,352210508.0,8.0,,,,,,68.0,14.0,160.0,1.0,15.0,11.0,1.0,1.0,0.0,,0.0,4.0,1.0,1.0,2.0,72.0,,,2.0,1.0,1.0,,,4.0,23.0,49.0,46.0,20.0,0.0,1.0,310.0,4.0,,70.0,,0.0,,,,5.0,30.0,1.0,CRITICAL,2
349003553.0,1.0,352213898.0,0.0,45.0,-29.0,-34.0,1788.0,,68.0,4.0,150.0,1.0,15.0,11.0,1.0,1.0,0.0,,0.0,6.0,3.0,1.0,2.0,80.0,,,2.0,1.0,1.0,,,13.0,50.0,55.0,40.0,34.0,20.0,98.0,219.0,4.0,,40.0,,0.0,29.0,34.0,44.68780594300866,2.0,12.0,1.0,MINOR,0
349003573.0,1.0,352214100.0,7.0,,,,,,1.0,5.0,135.0,1.0,13.0,14.0,4.0,1.0,,,,2.0,1.0,1.0,2.0,80.0,,,0.0,0.0,0.0,,,0.0,0.0,0.0,0.0,0.0,1.0,0.0,140.0,1.0,2.0,,,0.0,,,,3.0,10.0,1.0,SERIOUS,1
349003593.0,1.0,352215271.0,0.0,36.0,-23.0,-28.0,587.0,,68.0,4.0,138.0,1.0,63.0,11.0,1.0,1.0,0.0,,0.0,4.0,1.0,1.0,2.0,80.0,,,2.0,1.0,1.0,,,2.0,14.0,24.0,30.0,34.0,18.0,53.0,130.0,4.0,2.0,40.0,340.0,0.0,23.0,28.0,36.235341863986875,2.0,5.0,1.0,MINOR,0
349003594.0,1.0,352215386.0,8.0,,,,,,25.0,4.0,120.0,1.0,53.0,1.0,1.0,1.0,0.0,,0.0,3.0,3.0,1.0,2.0,105.0,,,0.0,0.0,2.0,,,68.0,65.0,50.0,33.0,14.0,1.0,-40.0,140.0,4.0,1.0,350.0,190.0,0.0,,,,2.0,9.0,1.0,MINOR,0
349003595.0,1.0,352215740.0,0.0,37.0,0.0,-37.0,1091.0,,25.0,6.0,174.0,1.0,53.0,14.0,1.0,1.0,0.0,,0.0,2.0,3.0,1.0,2.0,56.0,,,0.0,0.0,1.0,,,12.0,19.0,26.0,30.0,37.0,45.0,25.0,150.0,2.0,1.0,0.0,180.0,0.0,0.0,37.0,37.0,2.0,6.0,1.0,MINOR,0
349003597.0,1.0,352216057.0,8.0,,,,,,11.0,5.0,127.0,1.0,13.0,1.0,4.0,1.0,0.0,,0.0,3.0,3.0,1.0,2.0,64.0,,,0.0,0.0,0.0,,,65.0,83.0,90.0,89.0,89.0,88.0,0.0,150.0,6.0,,0.0,,0.0,,,,4.0,29.0,1.0,SERIOUS,1
349003613.0,1.0,352217171.0,0.0,50.0,-9.0,-49.0,4167.0,,51.0,15.0,261.0,,62.0,1.0,1.0,,0.0,,0.0,2.0,1.0,1.0,2.0,89.0,,,0.0,0.0,0.0,,,53.0,63.0,83.0,81.0,76.0,52.0,10.0,180.0,4.0,,10.0,,0.0,9.0,49.0,49.8196748283246,3.0,22.0,1.0,SERIOUS,1
349003613.0,1.0,352217329.0,0.0,50.0,-9.0,-49.0,4167.0,,51.0,15.0,261.0,,62.0,1.0,1.0,,0.0,,0.0,2.0,1.0,1.0,2.0,89.0,,,0.0,0.0,0.0,,,53.0,63.0,83.0,81.0,76.0,52.0,10.0,180.0,4.0,,10.0,,0.0,9.0,49.0,49.8196748283246,3.0,22.0,1.0,SERIOUS,1
349003614.0,1.0,352217379.0,0.0,44.0,0.0,-44.0,1320.0,,20.0,4.0,165.0,8.0,50.0,1.0,1.0,,0.0,,0.0,3.0,1.0,1.0,2.0,56.0,,,0.0,0.0,1.0,,,20.0,44.0,46.0,29.0,15.0,2.0,-25.0,160.0,2.0,3.0,0.0,10.0,0.0,0.0,44.0,44.0,3.0,10.0,1.0,SERIOUS,1
349003615.0,1.0,352221317.0,0.0,78.0,0.0,-78.0,3353.0,,1.0,4.0,123.0,1.0,13.0,1.0,4.0,1.0,0.0,,0.0,4.0,2.0,1.0,2.0,80.0,,,0.0,0.0,0.0,,,0.0,14.0,39.0,66.0,73.0,73.0,38.0,150.0,4.0,9.0,0.0,10.0,0.0,0.0,78.0,78.0,3.0,14.0,1.0,SERIOUS,1
349003616.0,1.0,352221461.0,0.0,44.0,43.0,-8.0,1784.0,,82.0,4.0,166.0,1.0,66.0,11.0,1.0,1.0,0.0,,0.0,3.0,1.0,1.0,2.0,72.0,,,2.0,1.0,1.0,,,1.0,24.0,38.0,38.0,26.0,2.0,12.0,250.0,3.0,1.0,280.0,110.0,0.0,43.0,8.0,43.73785545725808,4.0,20.0,1.0,SERIOUS,1
349003617.0,1.0,352221653.0,0.0,49.0,9.0,-48.0,1446.0,,51.0,4.0,150.0,1.0,62.0,1.0,1.0,1.0,0.0,,0.0,2.0,1.0,1.0,2.0,56.0,,,0.0,0.0,0.0,,,46.0,43.0,41.0,39.0,26.0,4.0,-20.0,150.0,2.0,,350.0,,0.0,9.0,48.0,48.83646178829912,3.0,19.0,1.0,SERIOUS,1
349003633.0,1.0,352222234.0,0.0,49.0,17.0,-46.0,355.0,,86.0,3.0,82.0,,66.0,14.0,1.0,,0.0,,0.0,2.0,1.0,1.0,2.0,72.0,,,2.0,0.0,0.0,,,14.0,12.0,12.0,11.0,7.0,2.0,0.0,130.0,4.0,1.0,340.0,190.0,0.0,17.0,46.0,49.040799340956916,2.0,5.0,1.0,MINOR,0
349003634.0,1.0,352229204.0,0.0,30.0,15.0,-26.0,758.0,,1.0,5.0,127.0,,13.0,14.0,4.0,,0.0,,0.0,2.0,2.0,1.0,2.0,80.0,,,0.0,0.0,0.0,,,17.0,37.0,28.0,20.0,10.0,5.0,-64.0,233.0,3.0,3.0,330.0,100.0,0.0,15.0,26.0,30.01666203960727,3.0,10.0,1.0,SERIOUS,1
349003635.0,1.0,352229395.0,0.0,38.0,13.0,-36.0,1427.0,,98.0,6.0,196.0,,62.0,14.0,1.0,,0.0,,0.0,4.0,1.0,2.0,2.0,64.0,,,0.0,0.0,0.0,,,19.0,29.0,39.0,49.0,50.0,21.0,0.0,160.0,3.0,,340.0,40.0,0.0,13.0,36.0,38.27531841800928,3.0,10.0,1.0,SERIOUS,1
349003653.0,1.0,352229464.0,0.0,39.0,0.0,-39.0,886.0,,11.0,4.0,150.0,,13.0,14.0,4.0,,0.0,,0.0,2.0,3.0,1.0,2.0,56.0,,,0.0,0.0,0.0,,,28.0,34.0,34.0,22.0,22.0,10.0,-8.0,150.0,3.0,,0.0,,0.0,0.0,39.0,39.0,3.0,10.0,1.0,SERIOUS,1
349003654.0,1.0,352229593.0,0.0,134.0,-23.0,-132.0,1088.0,,7.0,4.0,143.0,6.0,13.0,14.0,4.0,,0.0,,0.0,2.0,2.0,1.0,2.0,40.0,,,0.0,0.0,0.0,,,66.0,96.0,118.0,113.0,83.0,37.0,-2.0,150.0,6.0,,10.0,,0.0,23.0,132.0,133.98880550254935,3.0,17.0,1.0,SERIOUS,1
349003693.0,1.0,352229975.0,7.0,,,,,,8.0,4.0,147.0,8.0,87.0,14.0,4.0,,0.0,,0.0,2.0,2.0,1.0,2.0,64.0,,,0.0,0.0,0.0,,,7.0,31.0,23.0,11.0,0.0,0.0,-32.0,150.0,2.0,3.0,0.0,350.0,0.0,,,,2.0,12.0,1.0,MINOR,0
349003713.0,1.0,352230301.0,0.0,66.0,-33.0,-57.0,4455.0,,64.0,2.0,158.0,6.0,9.0,14.0,2.0,4.0,0.0,,0.0,2.0,1.0,1.0,2.0,89.0,,,0.0,0.0,0.0,,,0.0,48.0,72.0,90.0,67.0,43.0,85.0,250.0,5.0,1.0,30.0,70.0,0.0,33.0,57.0,65.86349520030045,3.0,10.0,1.0,SERIOUS,1
349003714.0,1.0,352230424.0,0.0,30.0,30.0,5.0,977.0,,98.0,4.0,159.0,1.0,15.0,12.0,2.0,1.0,0.0,,0.0,2.0,3.0,1.0,2.0,40.0,,,2.0,1.0,1.0,,,6.0,16.0,34.0,38.0,20.0,0.0,-3.0,273.0,3.0,,260.0,,0.0,30.0,5.0,30.4138126514911,2.0,5.0,1.0,MINOR,0
349003716.0,1.0,352230536.0,0.0,57.0,54.0,-19.0,2730.0,,89.0,5.0,135.0,1.0,66.0,1.0,1.0,1.0,0.0,,0.0,3.0,3.0,1.0,2.0,40.0,,,2.0,1.0,3.0,,,0.0,16.0,57.0,83.0,40.0,11.0,26.0,265.0,5.0,1.0,290.0,160.0,0.0,54.0,19.0,57.245087125446844,4.0,29.0,1.0,SERIOUS,1
349008042.0,1.0,352232617.0,0.0,53.0,9.0,-52.0,1123.0,,51.0,3.0,135.0,,62.0,14.0,1.0,,2.0,4.0,1.0,2.0,2.0,1.0,2.0,64.0,,,0.0,0.0,0.0,,,41.0,40.0,41.0,22.0,11.0,0.0,-42.0,150.0,6.0,,350.0,,0.0,9.0,52.0,52.773099207835045,3.0,27.0,1.0,SERIOUS,1
349008043.0,1.0,352233229.0,0.0,51.0,17.0,-48.0,1621.0,,86.0,4.0,150.0,4.0,66.0,1.0,1.0,2.0,0.0,,0.0,4.0,2.0,1.0,2.0,89.0,,,2.0,0.0,0.0,,,32.0,35.0,43.0,50.0,47.0,50.0,0.0,150.0,3.0,,340.0,,0.0,17.0,48.0,50.92150822589606,3.0,14.0,1.0,SERIOUS,1
349008043.0,1.0,352233424.0,0.0,51.0,17.0,-48.0,1621.0,,86.0,4.0,150.0,4.0,66.0,1.0,1.0,2.0,0.0,,0.0,4.0,2.0,1.0,2.0,89.0,,,2.0,0.0,0.0,,,32.0,35.0,43.0,50.0,47.0,50.0,0.0,150.0,3.0,,340.0,,0.0,17.0,48.0,50.92150822589606,5.0,50.0,2.0,CRITICAL,2
349008045.0,1.0,352234394.0,0.0,70.0,0.0,-70.0,2829.0,,1.0,5.0,138.0,,13.0,1.0,4.0,,0.0,,0.0,3.0,1.0,1.0,2.0,56.0,,,0.0,0.0,0.0,,,48.0,72.0,77.0,58.0,33.0,11.0,-27.0,150.0,4.0,,0.0,,0.0,0.0,70.0,70.0,4.0,34.0,1.0,SERIOUS,1
349008046.0,1.0,352234408.0,0.0,41.0,7.0,-40.0,646.0,,65.0,5.0,112.0,4.0,62.0,14.0,1.0,,0.0,,0.0,2.0,1.0,2.0,2.0,72.0,,,0.0,0.0,0.0,,,12.0,17.0,26.0,35.0,36.0,13.0,0.0,150.0,3.0,,350.0,,0.0,7.0,40.0,40.607881008493905,2.0,9.0,1.0,MINOR,0
349008048.0,1.0,352235193.0,0.0,42.0,0.0,-42.0,766.0,,1.0,3.0,107.0,,13.0,14.0,4.0,,0.0,,0.0,2.0,2.0,1.0,2.0,48.0,,,0.0,6.0,0.0,,,1.0,12.0,22.0,24.0,15.0,0.0,-11.0,148.0,2.0,,0.0,,0.0,0.0,42.0,42.0,3.0,10.0,1.0,SERIOUS,1
349008049.0,1.0,352235288.0,7.0,,,,,,1.0,5.0,112.0,1.0,13.0,14.0,4.0,1.0,0.0,,0.0,2.0,1.0,1.0,2.0,80.0,,,0.0,0.0,0.0,,,14.0,29.0,35.0,36.0,21.0,12.0,13.0,150.0,3.0,3.0,0.0,350.0,0.0,,,,6.0,75.0,2.0,CRITICAL,2
349008050.0,1.0,352235496.0,7.0,,,,,,1.0,2.0,122.0,,13.0,1.0,4.0,,0.0,,0.0,2.0,1.0,1.0,2.0,64.0,,,0.0,0.0,0.0,,,0.0,30.0,42.0,29.0,15.0,0.0,-15.0,150.0,3.0,1.0,0.0,140.0,0.0,,,,2.0,4.0,1.0,MINOR,0
349008081.0,1.0,352235799.0,0.0,39.0,37.0,13.0,1060.0,,2.0,4.0,143.0,7.0,6.0,14.0,4.0,3.0,0.0,,0.0,3.0,1.0,2.0,2.0,48.0,,,0.0,0.0,0.0,,,0.0,5.0,18.0,38.0,44.0,10.0,-73.0,174.0,3.0,1.0,250.0,260.0,0.0,37.0,13.0,39.21734310225516,4.0,36.0,1.0,SERIOUS,1
349008082.0,1.0,352240587.0,7.0,,,,,,1.0,4.0,145.0,7.0,87.0,1.0,4.0,1.0,4.0,13.0,1.0,2.0,2.0,1.0,2.0,48.0,,,0.0,0.0,0.0,,,9.0,3.0,0.0,0.0,0.0,0.0,-65.0,150.0,3.0,2.0,350.0,,0.0,,,,6.0,75.0,1.0,CRITICAL,2
349008085.0,1.0,352240615.0,0.0,63.0,-11.0,-62.0,2387.0,,98.0,4.0,162.0,8.0,54.0,1.0,2.0,,0.0,,0.0,3.0,5.0,1.0,2.0,72.0,,,4.0,0.0,1.0,,,12.0,56.0,55.0,53.0,50.0,45.0,10.0,160.0,3.0,,10.0,,0.0,11.0,62.0,62.96824596572466,3.0,14.0,1.0,SERIOUS,1
349008083.0,1.0,352240629.0,0.0,30.0,5.0,-30.0,900.0,,50.0,14.0,150.0,,10.0,14.0,2.0,1.0,,,,2.0,1.0,2.0,2.0,72.0,,,0.0,0.0,0.0,,,41.0,36.0,24.0,16.0,6.0,3.0,-57.0,160.0,2.0,2.0,350.0,,0.0,5.0,30.0,30.4138126514911,3.0,22.0,1.0,SERIOUS,1
349008083.0,2.0,352240643.0,0.0,29.0,5.0,-29.0,257.0,,51.0,6.0,157.0,4.0,62.0,14.0,1.0,1.0,0.0,,0.0,2.0,1.0,2.0,2.0,72.0,,,0.0,0.0,0.0,,,20.0,14.0,12.0,8.0,4.0,0.0,-64.0,140.0,7.0,1.0,350.0,220.0,0.0,5.0,29.0,29.427877939124322,3.0,14.0,1.0,SERIOUS,1
433008161.0,1.0,352240657.0,8.0,,,,,,1.0,4.0,145.0,1.0,13.0,1.0,4.0,1.0,0.0,,0.0,4.0,1.0,1.0,2.0,89.0,,,0.0,0.0,2.0,,,7.0,1.0,0.0,0.0,0.0,0.0,-63.0,150.0,9.0,1.0,0.0,270.0,0.0,,,,3.0,14.0,1.0,SERIOUS,1
433008120.0,1.0,352240671.0,0.0,15.0,14.0,-5.0,174.0,,89.0,4.0,120.0,1.0,71.0,1.0,1.0,1.0,0.0,,0.0,4.0,5.0,1.0,2.0,72.0,,,2.0,0.0,0.0,,,0.0,1.0,4.0,10.0,13.0,0.0,75.0,258.0,2.0,5.0,290.0,10.0,0.0,14.0,5.0,14.866068747318506,3.0,9.0,1.0,SERIOUS,1
433008165.0,1.0,352241082.0,0.0,36.0,6.0,-35.0,663.0,,6.0,4.0,123.0,1.0,12.0,1.0,4.0,1.0,1.0,5.0,1.0,2.0,1.0,1.0,2.0,64.0,,,0.0,0.0,0.0,,,30.0,37.0,29.0,15.0,9.0,3.0,-49.0,150.0,4.0,2.0,350.0,,0.0,6.0,35.0,35.510561809129406,4.0,17.0,1.0,SERIOUS,1
433008166.0,1.0,352241099.0,0.0,71.0,12.0,-70.0,3746.0,,50.0,4.0,120.0,1.0,10.0,14.0,2.0,1.0,0.0,,0.0,2.0,2.0,1.0,2.0,80.0,,,0.0,0.0,0.0,,,73.0,79.0,79.0,75.0,60.0,24.0,-27.0,150.0,5.0,,350.0,,0.0,12.0,70.0,71.02112361825881,2.0,12.0,1.0,MINOR,0
433008166.0,1.0,352241113.0,0.0,71.0,12.0,-70.0,3746.0,,50.0,4.0,120.0,1.0,10.0,14.0,2.0,1.0,0.0,,0.0,2.0,2.0,1.0,2.0,80.0,,,0.0,0.0,0.0,,,73.0,79.0,79.0,75.0,60.0,24.0,-27.0,150.0,5.0,,350.0,,0.0,12.0,70.0,71.02112361825881,3.0,14.0,1.0,SERIOUS,1
433008166.0,2.0,352241140.0,0.0,65.0,11.0,-64.0,1329.0,,51.0,4.0,145.0,,62.0,1.0,1.0,,0.0,,0.0,2.0,2.0,1.0,2.0,80.0,,,0.0,0.0,0.0,,,38.0,43.0,48.0,49.0,22.0,0.0,-16.0,150.0,3.0,,350.0,,0.0,11.0,64.0,64.93843238021688,3.0,14.0,1.0,SERIOUS,1
433008268.0,1.0,352300365.0,0.0,78.0,0.0,-78.0,3153.0,,50.0,4.0,141.0,1.0,10.0,14.0,2.0,1.0,0.0,,0.0,2.0,1.0,1.0,2.0,80.0,,,0.0,0.0,0.0,,,7.0,41.0,62.0,85.0,77.0,77.0,26.0,155.0,4.0,1.0,0.0,260.0,0.0,0.0,78.0,78.0,3.0,18.0,1.0,SERIOUS,1
433008283.0,1.0,352305298.0,7.0,,,,,,98.0,4.0,162.0,,62.0,14.0,1.0,,0.0,,0.0,3.0,1.0,1.0,2.0,80.0,,,0.0,6.0,1.0,,,,,,,,,,,6.0,1.0,350.0,200.0,0.0,,,,2.0,5.0,1.0,MINOR,0
433008261.0,1.0,352305312.0,0.0,34.0,-6.0,-33.0,852.0,,1.0,4.0,171.0,1.0,13.0,1.0,4.0,1.0,0.0,,0.0,5.0,1.0,1.0,2.0,89.0,,,1.0,0.0,2.0,,,3.0,11.0,18.0,25.0,33.0,50.0,50.0,150.0,2.0,,10.0,,0.0,6.0,33.0,33.54101966249684,3.0,19.0,1.0,SERIOUS,1
433008280.0,1.0,352313004.0,7.0,,,,,,1.0,5.0,135.0,,13.0,14.0,4.0,,10.0,40.0,2.0,3.0,1.0,1.0,2.0,64.0,,,2.0,1.0,0.0,,,,,,,,,,,3.0,1.0,,,0.0,,,,2.0,12.0,1.0,MINOR,0
433008321.0,1.0,352316831.0,0.0,35.0,12.0,-33.0,616.0,,69.0,4.0,151.0,6.0,17.0,1.0,1.0,1.0,0.0,,0.0,4.0,3.0,1.0,1.0,64.0,,,2.0,1.0,1.0,,,31.0,25.0,20.0,15.0,10.0,3.0,-29.0,143.0,2.0,,340.0,,0.0,12.0,33.0,35.11409973215888,3.0,10.0,1.0,SERIOUS,1
349008430.0,1.0,352325533.0,0.0,47.0,-24.0,-41.0,771.0,,88.0,14.0,141.0,4.0,66.0,1.0,1.0,,0.0,,0.0,4.0,1.0,2.0,2.0,64.0,,,2.0,1.0,1.0,,,9.0,17.0,25.0,31.0,25.0,12.0,22.0,150.0,2.0,1.0,30.0,80.0,0.0,24.0,41.0,47.50789408087881,2.0,5.0,1.0,MINOR,0
433008263.0,1.0,352325560.0,0.0,23.0,8.0,-22.0,435.0,,98.0,4.0,147.0,,62.0,2.0,1.0,,0.0,,0.0,2.0,1.0,2.0,2.0,72.0,,,2.0,1.0,0.0,,,11.0,30.0,25.0,16.0,7.0,0.0,-27.0,150.0,2.0,2.0,340.0,280.0,0.0,8.0,22.0,23.40939982143925,3.0,14.0,1.0,SERIOUS,1
433008267.0,1.0,352325591.0,8.0,,,,,,68.0,6.0,153.0,,15.0,11.0,1.0,,0.0,,0.0,3.0,1.0,1.0,2.0,80.0,,,2.0,0.0,2.0,,,3.0,54.0,67.0,60.0,23.0,1.0,1.0,254.0,4.0,1.0,90.0,170.0,0.0,,,,3.0,10.0,1.0,SERIOUS,1
433008361.0,1.0,352326978.0,0.0,43.0,0.0,-43.0,1434.0,,2.0,4.0,189.0,,5.0,14.0,4.0,,0.0,,0.0,2.0,1.0,2.0,2.0,80.0,,,0.0,0.0,0.0,,,0.0,15.0,40.0,47.0,39.0,0.0,13.0,155.0,2.0,1.0,0.0,0.0,0.0,0.0,43.0,43.0,3.0,14.0,1.0,SERIOUS,1
433008323.0,1.0,352329037.0,7.0,,,,,,6.0,5.0,112.0,1.0,12.0,14.0,4.0,1.0,0.0,,0.0,2.0,3.0,1.0,2.0,64.0,,,0.0,0.0,0.0,,,5.0,4.0,3.0,3.0,3.0,2.0,-63.0,150.0,5.0,,350.0,,0.0,,,,3.0,9.0,1.0,SERIOUS,1
433008362.0,1.0,352333589.0,0.0,28.0,-10.0,-26.0,462.0,,83.0,4.0,105.0,4.0,17.0,14.0,1.0,,0.0,,0.0,3.0,1.0,2.0,2.0,56.0,,,2.0,1.0,1.0,,,3.0,9.0,14.0,16.0,30.0,35.0,45.0,140.0,2.0,1.0,20.0,10.0,0.0,10.0,26.0,27.85677655436824,2.0,5.0,1.0,MINOR,0
433008363.0,1.0,352334774.0,0.0,22.0,21.0,-8.0,299.0,,82.0,5.0,114.0,1.0,15.0,11.0,1.0,1.0,0.0,,0.0,1.0,1.0,1.0,2.0,40.0,,,2.0,2.0,3.0,,,0.0,5.0,17.0,22.0,6.0,3.0,69.0,244.0,2.0,,290.0,0.0,0.0,21.0,8.0,22.47220505424423,3.0,10.0,1.0,SERIOUS,1
433008365.0,1.0,352334799.0,0.0,58.0,0.0,-58.0,2098.0,,1.0,6.0,150.0,7.0,60.0,14.0,4.0,,0.0,,0.0,5.0,3.0,1.0,2.0,56.0,,,2.0,1.0,0.0,,,20.0,48.0,67.0,60.0,34.0,20.0,0.0,150.0,3.0,5.0,0.0,0.0,0.0,0.0,58.0,58.0,2.0,5.0,1.0,MINOR,0
433008367.0,1.0,352343583.0,0.0,40.0,7.0,39.0,1418.0,,22.0,20.0,197.0,1.0,53.0,5.0,1.0,1.0,0.0,,0.0,2.0,1.0,1.0,2.0,80.0,0.0,,3.0,0.0,0.0,,,0.0,3.0,19.0,37.0,53.0,72.0,47.0,160.0,3.0,3.0,190.0,50.0,0.0,7.0,39.0,39.6232255123179,3.0,14.0,1.0,SERIOUS,1
433008369.0,1.0,352343597.0,0.0,43.0,-15.0,-40.0,1249.0,,51.0,20.0,175.0,6.0,62.0,14.0,2.0,,1.0,6.0,1.0,4.0,3.0,1.0,2.0,40.0,,,0.0,0.0,0.0,,,3.0,4.0,22.0,41.0,39.0,33.0,30.0,160.0,3.0,3.0,20.0,,0.0,15.0,40.0,42.720018726587654,3.0,10.0,1.0,SERIOUS,1
433008324.0,1.0,352343615.0,0.0,17.0,16.0,-6.0,213.0,,98.0,4.0,122.0,1.0,10.0,12.0,2.0,1.0,0.0,,0.0,2.0,1.0,1.0,2.0,80.0,,,0.0,0.0,0.0,,,4.0,15.0,21.0,8.0,3.0,0.0,-17.0,176.0,3.0,,290.0,,0.0,16.0,6.0,17.08800749063506,3.0,14.0,1.0,SERIOUS,1
349008370.0,1.0,352343629.0,0.0,68.0,0.0,-68.0,2354.0,,6.0,2.0,124.0,1.0,12.0,14.0,4.0,1.0,0.0,,0.0,2.0,1.0,1.0,2.0,64.0,,,0.0,0.0,0.0,,,25.0,60.0,77.0,72.0,42.0,30.0,14.0,140.0,4.0,1.0,0.0,350.0,0.0,0.0,68.0,68.0,3.0,14.0,1.0,SERIOUS,1
433008422.0,1.0,352343643.0,0.0,22.0,4.0,-22.0,518.0,,69.0,20.0,204.0,4.0,62.0,1.0,1.0,,0.0,,0.0,5.0,1.0,2.0,2.0,56.0,,,3.0,0.0,0.0,,,29.0,23.0,16.0,8.0,2.0,0.0,-45.0,160.0,2.0,,350.0,,0.0,4.0,22.0,22.360679774997898,2.0,5.0,1.0,MINOR,0
433008423.0,1.0,352347780.0,0.0,47.0,8.0,-46.0,1053.0,,65.0,4.0,150.0,9.0,62.0,1.0,4.0,2.0,0.0,,0.0,2.0,1.0,1.0,2.0,80.0,,,0.0,0.0,0.0,,,30.0,31.0,33.0,36.0,30.0,35.0,0.0,150.0,2.0,,350.0,,0.0,8.0,46.0,46.69047011971501,2.0,8.0,1.0,MINOR,0
433008440.0,1.0,352348372.0,0.0,18.0,3.0,-17.0,140.0,,86.0,20.0,196.0,1.0,17.0,1.0,1.0,1.0,0.0,,0.0,2.0,1.0,1.0,2.0,56.0,,,2.0,2.0,0.0,,,9.0,2.0,0.0,0.0,0.0,0.0,-62.0,160.0,6.0,1.0,350.0,350.0,0.0,3.0,17.0,17.26267650163207,2.0,5.0,1.0,MINOR,0
433008443.0,1.0,352349360.0,8.0,,,,,,6.0,4.0,157.0,1.0,12.0,1.0,4.0,1.0,4.0,16.0,2.0,4.0,1.0,1.0,2.0,56.0,,,2.0,1.0,1.0,,,16.0,7.0,4.0,1.0,0.0,5.0,0.0,160.0,,2.0,0.0,,0.0,,,,2.0,9.0,1.0,MINOR,0
433008424.0,1.0,352349902.0,0.0,54.0,9.0,-53.0,1583.0,,65.0,5.0,164.0,9.0,62.0,1.0,1.0,2.0,0.0,,0.0,2.0,1.0,1.0,2.0,72.0,,,0.0,0.0,0.0,,,33.0,37.0,43.0,43.0,45.0,57.0,0.0,150.0,3.0,,350.0,,0.0,9.0,53.0,53.75872022286245,3.0,14.0,1.0,SERIOUS,1
433008447.0,1.0,352362600.0,0.0,78.0,0.0,-78.0,8043.0,,50.0,31.0,208.0,,10.0,14.0,2.0,1.0,0.0,,0.0,3.0,1.0,1.0,2.0,72.0,,,0.0,6.0,0.0,,,114.0,117.0,116.0,117.0,71.0,73.0,-2.0,160.0,5.0,,0.0,,0.0,0.0,78.0,78.0,5.0,59.0,2.0,CRITICAL,2
433008449.0,1.0,352362614.0,7.0,,,,,,28.0,2.0,142.0,,52.0,1.0,1.0,,0.0,,0.0,4.0,1.0,1.0,2.0,89.0,,,2.0,1.0,2.0,,,40.0,35.0,23.0,17.0,6.0,6.0,-25.0,150.0,3.0,,350.0,,0.0,,,,3.0,17.0,1.0,SERIOUS,1
433008450.0,1.0,352364553.0,0.0,71.0,-71.0,0.0,4449.0,,64.0,4.0,122.0,,9.0,14.0,6.0,4.0,0.0,,0.0,3.0,1.0,1.0,2.0,72.0,,,0.0,6.0,1.0,,,3.0,71.0,80.0,87.0,16.0,0.0,-98.0,288.0,5.0,2.0,90.0,260.0,0.0,71.0,0.0,71.0,5.0,43.0,2.0,CRITICAL,2
433008451.0,1.0,352364568.0,0.0,39.0,0.0,-39.0,938.0,,20.0,4.0,139.0,9.0,50.0,1.0,1.0,2.0,0.0,,0.0,2.0,1.0,1.0,2.0,64.0,,,3.0,0.0,0.0,,,9.0,47.0,40.0,26.0,8.0,1.0,-12.0,150.0,3.0,9.0,0.0,350.0,0.0,0.0,39.0,39.0,3.0,14.0,1.0,SERIOUS,1
433008453.0,1.0,352364582.0,8.0,,,,,,6.0,4.0,145.0,1.0,12.0,14.0,4.0,1.0,,,,2.0,2.0,1.0,2.0,80.0,89.0,,0.0,0.0,0.0,,,,,,,,,,,4.0,4.0,,,0.0,,,,3.0,22.0,1.0,SERIOUS,1
433008490.0,1.0,352364597.0,0.0,20.0,3.0,-20.0,302.0,,6.0,14.0,171.0,,12.0,14.0,4.0,,1.0,4.0,6.0,2.0,2.0,1.0,2.0,40.0,,,0.0,0.0,0.0,,,17.0,12.0,7.0,7.0,9.0,8.0,-63.0,150.0,5.0,3.0,350.0,,0.0,3.0,20.0,20.223748416156685,3.0,10.0,1.0,SERIOUS,1
433008490.0,1.0,352364611.0,0.0,20.0,3.0,-20.0,302.0,,6.0,14.0,171.0,,12.0,14.0,4.0,,1.0,4.0,6.0,2.0,2.0,1.0,2.0,40.0,,,0.0,0.0,0.0,,,17.0,12.0,7.0,7.0,9.0,8.0,-63.0,150.0,5.0,3.0,350.0,,0.0,3.0,20.0,20.223748416156685,3.0,27.0,1.0,SERIOUS,1
433008492.0,1.0,352371576.0,0.0,23.0,4.0,-23.0,392.0,,51.0,14.0,195.0,9.0,62.0,1.0,4.0,1.0,0.0,,0.0,2.0,1.0,1.0,2.0,80.0,,,0.0,0.0,0.0,,,28.0,13.0,9.0,6.0,3.0,0.0,-56.0,160.0,2.0,,350.0,,0.0,4.0,23.0,23.345235059857504,3.0,22.0,1.0,SERIOUS,1
433008555.0,1.0,352372535.0,0.0,13.0,2.0,-13.0,96.0,,50.0,5.0,138.0,1.0,10.0,14.0,2.0,1.0,0.0,,0.0,4.0,1.0,1.0,2.0,89.0,,,0.0,0.0,0.0,,,7.0,0.0,0.0,0.0,0.0,1.0,-62.0,140.0,6.0,,350.0,,0.0,2.0,13.0,13.152946437965905,3.0,19.0,1.0,SERIOUS,1
433008628.0,1.0,352404226.0,7.0,,,,,,20.0,14.0,196.0,6.0,50.0,6.0,1.0,,0.0,,0.0,2.0,1.0,1.0,2.0,64.0,,,0.0,0.0,0.0,,,0.0,0.0,11.0,16.0,29.0,41.0,50.0,160.0,3.0,2.0,10.0,350.0,0.0,,,,2.0,9.0,1.0,MINOR,0
433008554.0,1.0,352404228.0,7.0,,,,,,20.0,1.0,163.0,7.0,50.0,1.0,4.0,,0.0,,0.0,1.0,2.0,1.0,2.0,80.0,,,0.0,8.0,1.0,,,41.0,7.0,3.0,3.0,5.0,4.0,-65.0,160.0,6.0,,350.0,,0.0,,,,3.0,17.0,1.0,SERIOUS,1
433008556.0,1.0,352404230.0,8.0,,,,,,48.0,15.0,206.0,8.0,50.0,1.0,2.0,1.0,6.0,22.0,1.0,2.0,1.0,1.0,2.0,89.0,,,0.0,8.0,1.0,,,,,,,,,,,4.0,2.0,,20.0,0.0,,,,5.0,34.0,1.0,CRITICAL,2
433008634.0,1.0,352408982.0,0.0,29.0,5.0,-29.0,501.0,,20.0,4.0,126.0,7.0,50.0,1.0,1.0,,0.0,,0.0,3.0,1.0,1.0,2.0,80.0,,,2.0,0.0,0.0,,,21.0,24.0,25.0,22.0,16.0,2.0,-21.0,150.0,2.0,,350.0,,0.0,5.0,29.0,29.427877939124322,3.0,14.0,1.0,SERIOUS,1
433008635.0,1.0,352409044.0,8.0,,,,,,2.0,4.0,164.0,,5.0,1.0,4.0,,4.0,21.0,4.0,3.0,2.0,2.0,2.0,97.0,,,0.0,0.0,2.0,,,,,,,,,,,9.0,4.0,270.0,270.0,0.0,,,,3.0,10.0,1.0,SERIOUS,1
433008635.0,1.0,352409058.0,8.0,,,,,,2.0,4.0,164.0,,5.0,1.0,4.0,,4.0,21.0,4.0,3.0,2.0,2.0,2.0,97.0,,,0.0,0.0,2.0,,,,,,,,,,,9.0,4.0,270.0,270.0,0.0,,,,3.0,9.0,1.0,SERIOUS,1
433008698.0,1.0,352409076.0,0.0,52.0,51.0,-9.0,2453.0,,89.0,4.0,163.0,1.0,17.0,1.0,1.0,1.0,0.0,,0.0,2.0,4.0,1.0,2.0,48.0,,,2.0,2.0,0.0,,,6.0,36.0,60.0,62.0,37.0,7.0,47.0,266.0,4.0,,280.0,,0.0,51.0,9.0,51.78802950489621,4.0,34.0,1.0,SERIOUS,1
433008700.0,1.0,352409125.0,8.0,,,,,,82.0,4.0,147.0,1.0,15.0,11.0,1.0,1.0,0.0,,0.0,2.0,1.0,1.0,2.0,40.0,,,2.0,2.0,0.0,,,1.0,25.0,35.0,18.0,9.0,2.0,55.0,236.0,3.0,2.0,300.0,180.0,0.0,,,,4.0,48.0,1.0,SERIOUS,1
433008701.0,1.0,352419450.0,0.0,55.0,-10.0,-54.0,1285.0,,24.0,4.0,123.0,,51.0,6.0,2.0,1.0,0.0,,0.0,4.0,1.0,1.0,2.0,105.0,,,0.0,0.0,2.0,,,3.0,17.0,40.0,53.0,57.0,63.0,29.0,150.0,3.0,,10.0,,0.0,10.0,54.0,54.91812087098393,3.0,10.0,1.0,SERIOUS,1
433008833.0,1.0,352430744.0,0.0,28.0,5.0,-28.0,1182.0,,7.0,31.0,256.0,9.0,9.0,1.0,4.0,2.0,0.0,,0.0,3.0,1.0,1.0,2.0,89.0,,,0.0,0.0,1.0,,,55.0,47.0,32.0,8.0,3.0,0.0,-40.0,160.0,3.0,,350.0,20.0,0.0,5.0,28.0,28.442925306655784,3.0,10.0,1.0,SERIOUS,1
433008836.0,1.0,352437160.0,0.0,41.0,7.0,-41.0,672.0,,51.0,4.0,128.0,,62.0,14.0,1.0,,0.0,,0.0,2.0,2.0,2.0,2.0,56.0,,,0.0,6.0,0.0,,,63.0,34.0,23.0,14.0,7.0,2.0,-53.0,150.0,6.0,,350.0,,0.0,7.0,41.0,41.593268686170845,3.0,10.0,1.0,SERIOUS,1
433008838.0,1.0,352440667.0,0.0,46.0,-16.0,-43.0,920.0,,50.0,30.0,163.0,,10.0,14.0,2.0,,0.0,,0.0,4.0,1.0,2.0,2.0,72.0,,,0.0,0.0,0.0,,,35.0,32.0,32.0,24.0,23.0,23.0,18.0,150.0,2.0,,20.0,,0.0,16.0,43.0,45.880278987817846,3.0,22.0,1.0,SERIOUS,1
433008838.0,2.0,352441412.0,0.0,61.0,21.0,-57.0,2568.0,,51.0,4.0,125.0,,62.0,14.0,1.0,,0.0,,0.0,4.0,1.0,2.0,2.0,72.0,,,0.0,6.0,0.0,,,74.0,70.0,52.0,41.0,25.0,16.0,-48.0,150.0,5.0,,340.0,,0.0,21.0,57.0,60.74537019394976,4.0,34.0,1.0,SERIOUS,1
877008842.0,1.0,352442353.0,0.0,17.0,3.0,-17.0,117.0,,51.0,4.0,120.0,,62.0,14.0,1.0,,0.0,,0.0,2.0,4.0,1.0,2.0,64.0,,,0.0,0.0,0.0,,,11.0,2.0,2.0,1.0,0.0,0.0,-61.0,150.0,6.0,,350.0,,0.0,3.0,17.0,17.26267650163207,3.0,10.0,1.0,SERIOUS,1
324007321.0,1.0,357127297.0,0.0,54.0,0.0,-54.0,2269.0,,6.0,30.0,180.0,1.0,12.0,1.0,4.0,1.0,0.0,,0.0,4.0,1.0,1.0,2.0,64.0,,,2.0,1.0,0.0,,,0.0,8.0,36.0,72.0,57.0,38.0,32.0,150.0,3.0,,0.0,,0.0,0.0,54.0,54.0,4.0,36.0,2.0,SERIOUS,1
325007161.0,1.0,357134303.0,6.0,,,,,,1.0,14.0,197.0,6.0,11.0,14.0,4.0,1.0,12.0,35.0,1.0,2.0,1.0,1.0,2.0,89.0,,,0.0,0.0,0.0,,,,,,,,,,,2.0,,,,0.0,,,,3.0,14.0,1.0,SERIOUS,1
325007241.0,1.0,357135731.0,3.0,,,,,,7.0,5.0,141.0,8.0,12.0,1.0,4.0,4.0,6.0,21.0,1.0,2.0,2.0,1.0,2.0,72.0,,,0.0,0.0,0.0,,,,,,,,,,,4.0,5.0,,80.0,0.0,,,,2.0,9.0,1.0,MINOR,0
325007361.0,1.0,357135746.0,0.0,41.0,21.0,-36.0,655.0,,51.0,4.0,125.0,1.0,54.0,14.0,1.0,1.0,0.0,,0.0,2.0,1.0,1.0,1.0,89.0,,,0.0,0.0,0.0,,,34.0,32.0,23.0,19.0,9.0,9.0,-45.0,150.0,3.0,,330.0,,0.0,21.0,36.0,41.677331968349414,3.0,10.0,1.0,SERIOUS,1
325007501.0,1.0,357136999.0,0.0,72.0,-72.0,0.0,4120.0,,64.0,4.0,146.0,6.0,10.0,14.0,2.0,4.0,0.0,,0.0,2.0,2.0,2.0,2.0,89.0,,,0.0,0.0,0.0,,,0.0,8.0,80.0,69.0,61.0,2.0,12.0,340.0,6.0,,90.0,,0.0,72.0,0.0,72.0,5.0,43.0,2.0,CRITICAL,2
325007341.0,1.0,357137325.0,0.0,60.0,0.0,-60.0,3407.0,,6.0,31.0,229.0,1.0,6.0,1.0,4.0,1.0,0.0,,0.0,2.0,2.0,1.0,2.0,40.0,72.0,,0.0,0.0,0.0,,,59.0,80.0,98.0,31.0,13.0,14.0,-33.0,180.0,4.0,,0.0,,0.0,0.0,60.0,60.0,3.0,10.0,1.0,SERIOUS,1
325007301.0,1.0,357137329.0,8.0,,,,,,7.0,2.0,136.0,1.0,12.0,1.0,4.0,2.0,2.0,18.0,1.0,2.0,2.0,1.0,2.0,72.0,,,0.0,0.0,0.0,,,,,,,,,,,6.0,2.0,,,0.0,,,,2.0,9.0,1.0,MINOR,0
325007381.0,1.0,357137332.0,0.0,12.0,-10.0,-6.0,255.0,,87.0,4.0,141.0,1.0,66.0,1.0,1.0,1.0,0.0,,0.0,3.0,3.0,1.0,1.0,48.0,35.0,,2.0,1.0,1.0,,,9.0,13.0,9.0,19.0,4.0,0.0,-138.0,220.0,2.0,,60.0,,0.0,10.0,6.0,11.661903789690601,3.0,17.0,1.0,SERIOUS,1
325007382.0,1.0,357137334.0,0.0,,,,,,24.0,5.0,124.0,7.0,51.0,1.0,1.0,1.0,0.0,,0.0,3.0,1.0,1.0,2.0,48.0,,,2.0,0.0,1.0,,,19.0,13.0,13.0,9.0,8.0,16.0,0.0,150.0,2.0,,0.0,,0.0,,,,2.0,5.0,1.0,MINOR,0
325007401.0,1.0,357137336.0,8.0,,,,,,83.0,20.0,187.0,1.0,67.0,1.0,1.0,1.0,0.0,,0.0,5.0,4.0,1.0,1.0,64.0,,,3.0,0.0,0.0,,,42.0,20.0,19.0,17.0,6.0,0.0,0.0,170.0,9.0,,0.0,,0.0,,,,3.0,14.0,1.0,SERIOUS,1
325007421.0,1.0,357137338.0,7.0,,,,,,64.0,4.0,151.0,9.0,8.0,1.0,4.0,1.0,0.0,,0.0,2.0,2.0,1.0,2.0,56.0,,,0.0,0.0,0.0,,,,,,,,,,,4.0,2.0,10.0,350.0,0.0,,,,3.0,14.0,1.0,SERIOUS,1
325007482.0,1.0,357137340.0,8.0,,,,,,7.0,4.0,133.0,8.0,6.0,1.0,4.0,4.0,1.0,5.0,1.0,2.0,2.0,1.0,2.0,40.0,,,2.0,2.0,0.0,,,,,,,,,,,9.0,5.0,,340.0,0.0,,,,4.0,29.0,2.0,SERIOUS,1
325007482.0,1.0,357137342.0,8.0,,,,,,7.0,4.0,133.0,8.0,6.0,1.0,4.0,4.0,1.0,5.0,1.0,2.0,2.0,1.0,2.0,40.0,,,2.0,2.0,0.0,,,,,,,,,,,9.0,5.0,,340.0,0.0,,,,6.0,75.0,2.0,CRITICAL,2
325007581.0,1.0,357137496.0,0.0,25.0,-23.0,-9.0,637.0,,7.0,21.0,256.0,8.0,12.0,1.0,4.0,4.0,0.0,,0.0,2.0,4.0,3.0,2.0,56.0,,,0.0,0.0,0.0,,,0.0,0.0,0.0,20.0,43.0,0.0,97.0,270.0,4.0,,70.0,,0.0,23.0,9.0,24.698178070456937,3.0,22.0,1.0,SERIOUS,1
325007601.0,1.0,357137498.0,0.0,39.0,-13.0,-37.0,537.0,,50.0,14.0,194.0,1.0,10.0,1.0,2.0,1.0,0.0,,0.0,2.0,2.0,1.0,2.0,72.0,74.0,,0.0,0.0,0.0,,,0.0,28.0,12.0,2.0,0.0,1.0,-47.0,150.0,2.0,,20.0,,0.0,13.0,37.0,39.21734310225516,3.0,10.0,1.0,SERIOUS,1
325007601.0,2.0,357137500.0,0.0,49.0,0.0,-49.0,3255.0,,51.0,4.0,153.0,9.0,62.0,1.0,1.0,1.0,0.0,,0.0,2.0,2.0,1.0,2.0,72.0,,,0.0,0.0,0.0,,,105.0,90.0,65.0,49.0,27.0,4.0,-73.0,160.0,9.0,,0.0,,0.0,0.0,49.0,49.0,5.0,50.0,2.0,CRITICAL,2
325007621.0,1.0,357137502.0,8.0,,,,,,66.0,4.0,200.0,6.0,5.0,1.0,4.0,4.0,0.0,,0.0,2.0,1.0,5.0,1.0,105.0,,,1.0,0.0,1.0,,,97.0,65.0,67.0,61.0,38.0,34.0,-18.0,165.0,4.0,,40.0,,0.0,,,,5.0,43.0,2.0,CRITICAL,2
325007621.0,1.0,357137504.0,8.0,,,,,,66.0,4.0,200.0,6.0,5.0,1.0,4.0,4.0,0.0,,0.0,2.0,1.0,5.0,1.0,105.0,,,1.0,0.0,1.0,,,97.0,65.0,67.0,61.0,38.0,34.0,-18.0,165.0,4.0,,40.0,,0.0,,,,3.0,10.0,1.0,SERIOUS,1
325007621.0,1.0,357137506.0,8.0,,,,,,66.0,4.0,200.0,6.0,5.0,1.0,4.0,4.0,0.0,,0.0,2.0,1.0,5.0,1.0,105.0,,,1.0,0.0,1.0,,,97.0,65.0,67.0,61.0,38.0,34.0,-18.0,165.0,4.0,,40.0,,0.0,,,,4.0,26.0,1.0,SERIOUS,1
325007441.0,1.0,357137508.0,8.0,,,,,,87.0,30.0,220.0,1.0,66.0,1.0,1.0,1.0,8.0,67.0,1.0,3.0,3.0,1.0,2.0,72.0,,,2.0,1.0,1.0,,,,,,,,,,,4.0,3.0,,30.0,0.0,,,,3.0,14.0,1.0,SERIOUS,1
325007461.0,1.0,357137510.0,0.0,36.0,34.0,-12.0,1336.0,,82.0,4.0,169.0,1.0,15.0,11.0,2.0,1.0,0.0,,0.0,2.0,5.0,1.0,1.0,40.0,24.0,,2.0,2.0,0.0,,,16.0,50.0,50.0,44.0,24.0,0.0,20.0,184.0,3.0,,290.0,,0.0,34.0,12.0,36.05551275463989,6.0,75.0,2.0,CRITICAL,2
325007661.0,1.0,357137512.0,0.0,46.0,35.0,-30.0,1312.0,,82.0,5.0,132.0,,15.0,11.0,1.0,1.0,0.0,,0.0,3.0,1.0,1.0,2.0,0.0,,,3.0,0.0,0.0,,,0.0,27.0,43.0,48.0,18.0,0.0,36.0,276.0,3.0,,310.0,,0.0,35.0,30.0,46.09772228646444,2.0,9.0,1.0,MINOR,0
325007481.0,1.0,357137514.0,0.0,79.0,14.0,-78.0,4408.0,,1.0,14.0,149.0,1.0,13.0,14.0,4.0,1.0,0.0,,0.0,2.0,5.0,1.0,2.0,40.0,,,0.0,0.0,0.0,,,15.0,50.0,101.0,100.0,35.0,25.0,25.0,150.0,5.0,,350.0,,0.0,14.0,78.0,79.2464510246358,5.0,43.0,2.0,CRITICAL,2
325007681.0,1.0,357137516.0,0.0,,,,,,51.0,14.0,190.0,1.0,62.0,1.0,1.0,1.0,1.0,2.0,1.0,2.0,1.0,1.0,2.0,89.0,,,0.0,0.0,0.0,,,34.0,31.0,25.0,15.0,1.0,0.0,-75.0,170.0,9.0,2.0,0.0,,0.0,,,,2.0,5.0,1.0,MINOR,0
325007721.0,1.0,357137518.0,0.0,41.0,-39.0,-14.0,1710.0,,87.0,6.0,143.0,1.0,17.0,1.0,7.0,1.0,0.0,,0.0,2.0,1.0,2.0,2.0,89.0,,,2.0,2.0,0.0,,,0.0,39.0,39.0,42.0,21.0,27.0,22.0,305.0,3.0,3.0,70.0,0.0,0.0,39.0,14.0,41.43669871020132,3.0,22.0,1.0,SERIOUS,1
325007681.0,2.0,357148218.0,4.0,,,,,,50.0,4.0,157.0,7.0,10.0,1.0,2.0,1.0,0.0,,0.0,2.0,1.0,1.0,2.0,89.0,122.0,,0.0,0.0,0.0,,,,,,,,,,,9.0,,350.0,,0.0,,,,6.0,75.0,2.0,CRITICAL,2
325007561.0,1.0,357148224.0,8.0,,,,,,98.0,4.0,163.0,1.0,66.0,5.0,1.0,1.0,0.0,,0.0,3.0,3.0,2.0,1.0,48.0,0.0,,2.0,1.0,0.0,,,,,,,,,,,5.0,2.0,,90.0,0.0,,,,6.0,75.0,2.0,CRITICAL,2
357007761.0,1.0,357148243.0,0.0,53.0,0.0,-53.0,2790.0,,6.0,14.0,217.0,1.0,10.0,1.0,4.0,1.0,0.0,,0.0,3.0,3.0,1.0,2.0,48.0,,,0.0,0.0,1.0,,,61.0,64.0,73.0,43.0,16.0,0.0,-56.0,152.0,3.0,1.0,0.0,170.0,0.0,0.0,53.0,53.0,2.0,9.0,1.0,MINOR,0
325007541.0,1.0,357148245.0,0.0,66.0,0.0,-66.0,2858.0,,6.0,4.0,161.0,1.0,12.0,1.0,4.0,1.0,0.0,,0.0,2.0,1.0,1.0,2.0,89.0,,,0.0,0.0,0.0,,,11.0,32.0,65.0,88.0,84.0,66.0,14.0,160.0,3.0,,0.0,,0.0,0.0,66.0,66.0,3.0,14.0,1.0,SERIOUS,1
357007521.0,1.0,357148247.0,4.0,,,,,,6.0,14.0,208.0,,12.0,1.0,4.0,1.0,0.0,,0.0,5.0,3.0,1.0,2.0,72.0,,,0.0,0.0,0.0,,,0.0,4.0,52.0,58.0,3.0,0.0,-5.0,160.0,3.0,,0.0,0.0,0.0,,,,3.0,27.0,1.0,SERIOUS,1
325007563.0,1.0,357148250.0,0.0,27.0,0.0,-27.0,343.0,,2.0,1.0,91.0,,13.0,1.0,4.0,,0.0,,0.0,2.0,3.0,2.0,1.0,48.0,,,0.0,0.0,0.0,,,0.0,9.0,10.0,20.0,25.0,38.0,67.0,150.0,3.0,3.0,0.0,0.0,0.0,0.0,27.0,27.0,2.0,5.0,1.0,MINOR,0
325007563.0,1.0,357148252.0,0.0,27.0,0.0,-27.0,343.0,,2.0,1.0,91.0,,13.0,1.0,4.0,,0.0,,0.0,2.0,3.0,2.0,1.0,48.0,,,0.0,0.0,0.0,,,0.0,9.0,10.0,20.0,25.0,38.0,67.0,150.0,3.0,3.0,0.0,0.0,0.0,0.0,27.0,27.0,4.0,26.0,1.0,SERIOUS,1
325007562.0,1.0,357148254.0,3.0,,,,,,87.0,5.0,161.0,1.0,17.0,1.0,1.0,1.0,0.0,,0.0,2.0,1.0,1.0,2.0,40.0,,,2.0,2.0,0.0,,,8.0,31.0,29.0,33.0,39.0,0.0,-87.0,197.0,3.0,,80.0,,0.0,,,,3.0,10.0,1.0,SERIOUS,1
325007562.0,1.0,357148257.0,3.0,,,,,,87.0,5.0,161.0,1.0,17.0,1.0,1.0,1.0,0.0,,0.0,2.0,1.0,1.0,2.0,40.0,,,2.0,2.0,0.0,,,8.0,31.0,29.0,33.0,39.0,0.0,-87.0,197.0,3.0,,80.0,,0.0,,,,3.0,19.0,1.0,SERIOUS,1
324008071.0,1.0,357148259.0,7.0,,,,,,1.0,4.0,159.0,1.0,13.0,1.0,4.0,1.0,0.0,,0.0,2.0,2.0,1.0,2.0,89.0,,,0.0,0.0,0.0,,,,,,,,,,,2.0,3.0,,0.0,0.0,,,,4.0,21.0,1.0,SERIOUS,1
357008087.0,1.0,357148261.0,4.0,,,,,,2.0,2.0,127.0,,6.0,14.0,4.0,4.0,0.0,,0.0,2.0,3.0,1.0,2.0,48.0,,,0.0,0.0,0.0,,,0.0,25.0,78.0,73.0,42.0,0.0,32.0,122.0,5.0,,50.0,,0.0,,,,5.0,33.0,2.0,CRITICAL,2
357008087.0,1.0,357148263.0,4.0,,,,,,2.0,2.0,127.0,,6.0,14.0,4.0,4.0,0.0,,0.0,2.0,3.0,1.0,2.0,48.0,,,0.0,0.0,0.0,,,0.0,25.0,78.0,73.0,42.0,0.0,32.0,122.0,5.0,,50.0,,0.0,,,,6.0,75.0,2.0,CRITICAL,2
357008087.0,1.0,357148265.0,4.0,,,,,,2.0,2.0,127.0,,6.0,14.0,4.0,4.0,0.0,,0.0,2.0,3.0,1.0,2.0,48.0,,,0.0,0.0,0.0,,,0.0,25.0,78.0,73.0,42.0,0.0,32.0,122.0,5.0,,50.0,,0.0,,,,4.0,29.0,2.0,SERIOUS,1
324008200.0,1.0,357334925.0,4.0,,,,,,86.0,4.0,165.0,4.0,17.0,1.0,1.0,1.0,0.0,,0.0,2.0,1.0,1.0,2.0,72.0,,,2.0,2.0,0.0,,,30.0,36.0,31.0,24.0,16.0,6.0,-26.0,160.0,2.0,4.0,350.0,220.0,0.0,,,,3.0,14.0,1.0,SERIOUS,1
357008164.0,1.0,357335217.0,3.0,,,,,,1.0,4.0,171.0,1.0,13.0,1.0,4.0,1.0,2.0,9.0,2.0,2.0,1.0,1.0,1.0,72.0,,,0.0,0.0,0.0,,,3.0,0.0,16.0,16.0,15.0,23.0,0.0,160.0,1.0,3.0,,,0.0,,,,2.0,5.0,1.0,MINOR,0
357008381.0,1.0,357380497.0,0.0,54.0,-27.0,-46.0,1601.0,,83.0,4.0,130.0,,17.0,1.0,1.0,,0.0,,0.0,1.0,1.0,2.0,2.0,56.0,,,2.0,1.0,1.0,,,38.0,40.0,51.0,48.0,46.0,14.0,10.0,152.0,3.0,1.0,30.0,90.0,0.0,27.0,46.0,53.33854141237835,3.0,22.0,1.0,SERIOUS,1
324008380.0,1.0,357383217.0,0.0,73.0,-68.0,-25.0,3591.0,,88.0,4.0,127.0,1.0,17.0,1.0,1.0,1.0,0.0,,0.0,2.0,1.0,1.0,2.0,89.0,,,2.0,2.0,0.0,,,0.0,33.0,57.0,61.0,52.0,0.0,56.0,256.0,4.0,,70.0,10.0,0.0,68.0,25.0,72.44998274671983,6.0,75.0,2.0,CRITICAL,2
324008403.0,1.0,357385036.0,0.0,18.0,-18.0,-3.0,325.0,,87.0,14.0,160.0,1.0,17.0,1.0,1.0,1.0,0.0,,0.0,3.0,1.0,1.0,2.0,40.0,,,2.0,2.0,0.0,,,0.0,3.0,10.0,11.0,29.0,0.0,-104.0,175.0,3.0,,80.0,,0.0,18.0,3.0,18.24828759089466,3.0,22.0,1.0,SERIOUS,1
324008403.0,1.0,357385047.0,0.0,18.0,-18.0,-3.0,325.0,,87.0,14.0,160.0,1.0,17.0,1.0,1.0,1.0,0.0,,0.0,3.0,1.0,1.0,2.0,40.0,,,2.0,2.0,0.0,,,0.0,3.0,10.0,11.0,29.0,0.0,-104.0,175.0,3.0,,80.0,,0.0,18.0,3.0,18.24828759089466,3.0,14.0,1.0,SERIOUS,1
324008444.0,1.0,357397223.0,0.0,52.0,-18.0,-49.0,2052.0,,64.0,14.0,152.0,4.0,12.0,17.0,7.0,1.0,0.0,,0.0,2.0,1.0,1.0,2.0,48.0,,,0.0,0.0,1.0,,,0.0,27.0,45.0,31.0,17.0,0.0,62.0,290.0,4.0,2.0,20.0,90.0,0.0,18.0,49.0,52.20153254455275,2.0,9.0,1.0,MINOR,0
324008488.0,1.0,357397639.0,0.0,14.0,-9.0,-11.0,408.0,,87.0,4.0,166.0,,17.0,1.0,1.0,1.0,0.0,,0.0,2.0,2.0,1.0,2.0,89.0,,,2.0,2.0,0.0,,,0.0,0.0,7.0,19.0,49.0,50.0,188.0,110.0,4.0,,40.0,,0.0,9.0,11.0,14.212670403551895,3.0,14.0,1.0,SERIOUS,1
359008690.0,1.0,359443030.0,7.0,,,,,,82.0,1.0,131.0,1.0,15.0,11.0,1.0,1.0,0.0,,0.0,2.0,1.0,1.0,2.0,56.0,,,2.0,0.0,0.0,,,1.0,2.0,7.0,13.0,20.0,29.0,41.0,120.0,3.0,,10.0,,0.0,,,,2.0,9.0,1.0,MINOR,0
359008691.0,1.0,359443032.0,8.0,,,,,,2.0,30.0,168.0,1.0,6.0,14.0,4.0,4.0,6.0,16.0,4.0,2.0,1.0,2.0,2.0,80.0,,,1.0,5.0,3.0,,,,,,,,,,,5.0,1.0,,0.0,0.0,,,,2.0,5.0,1.0,MINOR,0
359008767.0,1.0,359458607.0,0.0,59.0,0.0,-59.0,2128.0,,1.0,4.0,143.0,1.0,13.0,1.0,4.0,1.0,0.0,,0.0,2.0,2.0,1.0,2.0,72.0,,,0.0,0.0,0.0,,,12.0,57.0,63.0,55.0,46.0,29.0,0.0,140.0,3.0,,0.0,0.0,0.0,0.0,59.0,59.0,4.0,26.0,1.0,SERIOUS,1
359008768.0,1.0,359458609.0,0.0,38.0,-7.0,-38.0,827.0,,2.0,4.0,125.0,1.0,5.0,14.0,4.0,7.0,0.0,,0.0,2.0,2.0,2.0,1.0,89.0,,,0.0,0.0,2.0,,,0.0,5.0,16.0,26.0,37.0,53.0,0.0,145.0,3.0,,10.0,,0.0,7.0,38.0,38.63935817272331,3.0,19.0,1.0,SERIOUS,1
359008828.0,1.0,359465385.0,7.0,,,,,,7.0,5.0,116.0,1.0,6.0,1.0,4.0,,2.0,,6.0,2.0,3.0,2.0,2.0,97.0,,,0.0,0.0,3.0,,,15.0,10.0,10.0,8.0,4.0,1.0,-56.0,140.0,4.0,3.0,350.0,,0.0,,,,2.0,5.0,1.0,MINOR,0
359008829.0,1.0,359465388.0,0.0,29.0,-27.0,-10.0,1073.0,,68.0,20.0,201.0,1.0,15.0,11.0,1.0,1.0,0.0,,0.0,6.0,1.0,2.0,2.0,64.0,,,2.0,1.0,1.0,,,0.0,24.0,35.0,46.0,23.0,0.0,-8.0,215.0,3.0,,70.0,,0.0,27.0,10.0,28.792360097775937,4.0,17.0,1.0,SERIOUS,1
359008830.0,1.0,359465390.0,0.0,32.0,0.0,-32.0,2804.0,,51.0,31.0,301.0,1.0,62.0,14.0,1.0,1.0,1.0,3.0,4.0,2.0,1.0,1.0,2.0,97.0,,,0.0,0.0,0.0,,,84.0,73.0,53.0,9.0,0.0,0.0,-27.0,170.0,4.0,2.0,0.0,,1.0,0.0,32.0,32.0,3.0,22.0,1.0,SERIOUS,1
359008830.0,1.0,359465397.0,0.0,32.0,0.0,-32.0,2804.0,,51.0,31.0,301.0,1.0,62.0,14.0,1.0,1.0,1.0,3.0,4.0,2.0,1.0,1.0,2.0,97.0,,,0.0,0.0,0.0,,,84.0,73.0,53.0,9.0,0.0,0.0,-27.0,170.0,4.0,2.0,0.0,,1.0,0.0,32.0,32.0,3.0,19.0,1.0,SERIOUS,1
359008888.0,1.0,359481758.0,8.0,,,,,,83.0,4.0,149.0,7.0,72.0,14.0,4.0,1.0,0.0,,0.0,2.0,4.0,1.0,2.0,72.0,,,3.0,0.0,0.0,,,0.0,21.0,41.0,35.0,31.0,27.0,-28.0,140.0,9.0,,0.0,,0.0,,,,4.0,34.0,1.0,SERIOUS,1
359008889.0,1.0,359481764.0,0.0,17.0,0.0,-17.0,151.0,,24.0,5.0,139.0,6.0,51.0,15.0,1.0,,8.0,,3.0,4.0,3.0,1.0,1.0,97.0,,,0.0,0.0,3.0,,,0.0,1.0,3.0,6.0,8.0,9.0,40.0,140.0,1.0,2.0,0.0,,0.0,0.0,17.0,17.0,5.0,33.0,1.0,CRITICAL,2
359008929.0,1.0,359490846.0,7.0,,,,,,65.0,4.0,173.0,7.0,62.0,1.0,1.0,1.0,0.0,,0.0,3.0,1.0,2.0,2.0,56.0,,,0.0,0.0,0.0,,,,,,,,,,,3.0,1.0,340.0,90.0,0.0,,,,5.0,45.0,1.0,CRITICAL,2
359008930.0,1.0,359490849.0,0.0,49.0,0.0,-49.0,1266.0,,51.0,14.0,171.0,1.0,54.0,1.0,1.0,1.0,0.0,,0.0,2.0,1.0,2.0,2.0,80.0,,,0.0,0.0,0.0,,,24.0,41.0,43.0,45.0,43.0,50.0,0.0,150.0,3.0,,0.0,,0.0,0.0,49.0,49.0,3.0,17.0,1.0,SERIOUS,1
359008988.0,1.0,359501964.0,0.0,39.0,0.0,-39.0,807.0,,6.0,4.0,130.0,1.0,12.0,14.0,4.0,1.0,0.0,,0.0,2.0,2.0,2.0,2.0,56.0,,,0.0,0.0,0.0,,,0.0,18.0,33.0,34.0,33.0,26.0,0.0,150.0,2.0,6.0,0.0,0.0,0.0,0.0,39.0,39.0,3.0,14.0,1.0,SERIOUS,1
359008989.0,1.0,359501967.0,7.0,,,,,,1.0,4.0,149.0,1.0,13.0,14.0,4.0,1.0,0.0,,0.0,2.0,1.0,1.0,2.0,113.0,,,0.0,0.0,1.0,,,,,,,,,,,2.0,3.0,340.0,0.0,0.0,,,,3.0,10.0,1.0,SERIOUS,1
359009047.0,1.0,359510226.0,7.0,,,,,,98.0,3.0,120.0,1.0,60.0,1.0,1.0,1.0,0.0,,0.0,5.0,1.0,1.0,1.0,97.0,,,0.0,0.0,3.0,,,,,,,,,,,7.0,,0.0,,0.0,,,,2.0,9.0,1.0,MINOR,0
359009048.0,1.0,359510235.0,7.0,,,,,,7.0,30.0,188.0,1.0,6.0,6.0,4.0,3.0,7.0,20.0,1.0,2.0,2.0,2.0,2.0,89.0,,,0.0,0.0,0.0,,,,,,,,,,,2.0,3.0,,,0.0,,,,3.0,10.0,1.0,SERIOUS,1
359009089.0,1.0,359520054.0,7.0,,,,,,7.0,20.0,212.0,1.0,13.0,1.0,4.0,1.0,0.0,,0.0,2.0,5.0,1.0,2.0,80.0,,,0.0,0.0,0.0,,,,,,,,,,,5.0,6.0,,0.0,0.0,,,,3.0,17.0,1.0,SERIOUS,1
359009090.0,1.0,359521128.0,7.0,,,,,,1.0,14.0,189.0,1.0,13.0,14.0,4.0,1.0,3.0,5.0,2.0,2.0,2.0,2.0,2.0,56.0,,,0.0,0.0,0.0,,,6.0,6.0,6.0,6.0,6.0,6.0,-34.0,140.0,1.0,3.0,,,0.0,,,,3.0,17.0,1.0,SERIOUS,1
359009091.0,1.0,359521155.0,0.0,77.0,0.0,-77.0,3686.0,,14.0,5.0,128.0,1.0,14.0,1.0,4.0,1.0,0.0,,0.0,2.0,3.0,2.0,2.0,40.0,,,2.0,2.0,0.0,,,74.0,84.0,87.0,75.0,56.0,30.0,0.0,150.0,5.0,3.0,0.0,0.0,0.0,0.0,77.0,77.0,4.0,26.0,1.0,SERIOUS,1
359009091.0,1.0,359521165.0,0.0,77.0,0.0,-77.0,3686.0,,14.0,5.0,128.0,1.0,14.0,1.0,4.0,1.0,0.0,,0.0,2.0,3.0,2.0,2.0,40.0,,,2.0,2.0,0.0,,,74.0,84.0,87.0,75.0,56.0,30.0,0.0,150.0,5.0,3.0,0.0,0.0,0.0,0.0,77.0,77.0,3.0,27.0,1.0,SERIOUS,1
359009127.0,1.0,359532120.0,0.0,39.0,0.0,-39.0,625.0,,-2.0,5.0,143.0,1.0,11.0,1.0,2.0,1.0,0.0,,0.0,5.0,1.0,1.0,1.0,97.0,,,0.0,0.0,3.0,,,0.0,15.0,28.0,31.0,15.0,0.0,21.0,140.0,2.0,,0.0,,0.0,0.0,39.0,39.0,3.0,10.0,1.0,SERIOUS,1
359009208.0,1.0,359544180.0,0.0,52.0,0.0,-52.0,1082.0,,28.0,14.0,161.0,4.0,52.0,1.0,1.0,,0.0,,0.0,6.0,1.0,1.0,1.0,97.0,,,0.0,0.0,2.0,,,21.0,28.0,39.0,26.0,25.0,20.0,0.0,150.0,2.0,1.0,0.0,180.0,0.0,0.0,52.0,52.0,3.0,17.0,1.0,SERIOUS,1
359009209.0,1.0,359544182.0,7.0,,,,,,7.0,4.0,132.0,1.0,6.0,14.0,4.0,,0.0,,0.0,2.0,2.0,1.0,2.0,80.0,,,0.0,0.0,0.0,,,0.0,0.0,0.0,0.0,0.0,1.0,0.0,150.0,1.0,2.0,20.0,,0.0,,,,3.0,14.0,1.0,SERIOUS,1
359009237.0,1.0,359551213.0,0.0,37.0,12.0,-34.0,735.0,,98.0,4.0,160.0,9.0,62.0,14.0,1.0,1.0,0.0,,0.0,2.0,2.0,1.0,2.0,80.0,,,0.0,0.0,0.0,,,34.0,26.0,21.0,15.0,7.0,0.0,-46.0,150.0,2.0,,340.0,,0.0,12.0,34.0,36.05551275463989,2.0,5.0,1.0,MINOR,0
359009237.0,1.0,359551218.0,0.0,37.0,12.0,-34.0,735.0,,98.0,4.0,160.0,9.0,62.0,14.0,1.0,1.0,0.0,,0.0,2.0,2.0,1.0,2.0,80.0,,,0.0,0.0,0.0,,,34.0,26.0,21.0,15.0,7.0,0.0,-46.0,150.0,2.0,,340.0,,0.0,12.0,34.0,36.05551275463989,3.0,10.0,1.0,SERIOUS,1
359009238.0,1.0,359551220.0,0.0,44.0,8.0,-43.0,1576.0,,51.0,4.0,152.0,2.0,62.0,14.0,1.0,1.0,0.0,,0.0,2.0,5.0,1.0,2.0,64.0,,,0.0,0.0,0.0,,,40.0,37.0,38.0,38.0,38.0,37.0,0.0,140.0,2.0,,350.0,,0.0,8.0,43.0,43.73785545725808,3.0,27.0,1.0,SERIOUS,1
359009239.0,1.0,359551223.0,0.0,35.0,17.0,-30.0,503.0,,82.0,4.0,137.0,1.0,15.0,11.0,1.0,1.0,0.0,,0.0,2.0,5.0,1.0,2.0,72.0,,,3.0,0.0,0.0,,,23.0,17.0,12.0,7.0,6.0,5.0,-51.0,150.0,2.0,,330.0,,0.0,17.0,30.0,34.48187929913333,3.0,17.0,1.0,SERIOUS,1
359009287.0,1.0,359561442.0,0.0,61.0,-11.0,-60.0,2253.0,,50.0,30.0,145.0,1.0,10.0,1.0,2.0,1.0,0.0,,0.0,4.0,3.0,1.0,1.0,56.0,,,0.0,0.0,0.0,,,90.0,62.0,66.0,46.0,18.0,2.0,-17.0,150.0,4.0,,10.0,,0.0,11.0,60.0,61.0,3.0,19.0,1.0,SERIOUS,1
359009288.0,1.0,359561444.0,7.0,,,,,,6.0,5.0,141.0,1.0,12.0,1.0,4.0,1.0,0.0,,0.0,2.0,2.0,2.0,2.0,,,,0.0,0.0,0.0,,,,,,,,,,,2.0,,,,0.0,,,,3.0,10.0,1.0,SERIOUS,1
359009289.0,1.0,359561447.0,2.0,,,,,,6.0,31.0,232.0,1.0,12.0,14.0,4.0,1.0,0.0,,0.0,3.0,2.0,1.0,2.0,89.0,,,0.0,0.0,0.0,,,14.0,7.0,2.0,10.0,14.0,18.0,0.0,170.0,2.0,5.0,0.0,0.0,0.0,,,,3.0,9.0,1.0,SERIOUS,1
359009290.0,1.0,359563226.0,3.0,,,,,,11.0,14.0,174.0,1.0,13.0,1.0,4.0,1.0,0.0,,0.0,3.0,1.0,2.0,2.0,48.0,,,0.0,0.0,0.0,,,2.0,11.0,20.0,20.0,18.0,8.0,0.0,150.0,2.0,2.0,0.0,0.0,0.0,,,,3.0,17.0,1.0,SERIOUS,1
359009307.0,1.0,359565766.0,0.0,37.0,13.0,-35.0,852.0,,65.0,4.0,156.0,9.0,62.0,14.0,1.0,1.0,0.0,,0.0,2.0,1.0,1.0,2.0,89.0,,,0.0,0.0,0.0,,,34.0,33.0,31.0,29.0,25.0,15.0,0.0,144.0,8.0,,340.0,,0.0,13.0,35.0,37.33630940518894,3.0,17.0,1.0,SERIOUS,1
359009307.0,1.0,359565772.0,0.0,37.0,13.0,-35.0,852.0,,65.0,4.0,156.0,9.0,62.0,14.0,1.0,1.0,0.0,,0.0,2.0,1.0,1.0,2.0,89.0,,,0.0,0.0,0.0,,,34.0,33.0,31.0,29.0,25.0,15.0,0.0,144.0,8.0,,340.0,,0.0,13.0,35.0,37.33630940518894,3.0,17.0,1.0,SERIOUS,1
359009308.0,1.0,359565774.0,0.0,39.0,-7.0,-39.0,830.0,,7.0,3.0,122.0,1.0,6.0,1.0,4.0,7.0,0.0,,0.0,4.0,1.0,2.0,1.0,113.0,,,1.0,0.0,3.0,,,26.0,33.0,34.0,33.0,34.0,26.0,0.0,140.0,2.0,2.0,10.0,160.0,0.0,7.0,39.0,39.6232255123179,3.0,14.0,1.0,SERIOUS,1
359009309.0,1.0,359565777.0,6.0,,,,,,6.0,14.0,162.0,1.0,10.0,14.0,4.0,1.0,0.0,,0.0,3.0,1.0,2.0,2.0,97.0,,,1.0,0.0,3.0,,,0.0,2.0,1.0,1.0,1.0,0.0,0.0,150.0,1.0,,,,0.0,,,,4.0,21.0,1.0,SERIOUS,1
359009487.0,1.0,359593322.0,0.0,47.0,16.0,-44.0,1001.0,,50.0,4.0,127.0,1.0,15.0,11.0,2.0,1.0,0.0,,0.0,2.0,1.0,1.0,2.0,56.0,,,2.0,2.0,0.0,,,24.0,23.0,32.0,46.0,16.0,5.0,-26.0,150.0,3.0,,340.0,,0.0,16.0,44.0,46.8187996428785,3.0,27.0,1.0,SERIOUS,1
359009488.0,1.0,359593325.0,0.0,28.0,28.0,-5.0,1653.0,,89.0,4.0,178.0,1.0,17.0,1.0,1.0,1.0,0.0,,0.0,2.0,2.0,1.0,2.0,80.0,,,2.0,2.0,0.0,,,9.0,33.0,62.0,45.0,21.0,10.0,2.0,255.0,4.0,2.0,280.0,290.0,0.0,28.0,5.0,28.442925306655784,5.0,45.0,1.0,CRITICAL,2
359009489.0,1.0,359593329.0,0.0,5.0,3.0,-4.0,51.0,,82.0,14.0,212.0,1.0,15.0,11.0,1.0,1.0,1.0,2.0,7.0,2.0,1.0,1.0,2.0,56.0,,,2.0,2.0,0.0,,,0.0,2.0,2.0,0.0,5.0,1.0,-118.0,143.0,1.0,2.0,320.0,,0.0,3.0,4.0,5.0,3.0,10.0,1.0,SERIOUS,1
359009490.0,1.0,359593332.0,0.0,33.0,33.0,-6.0,728.0,,89.0,4.0,129.0,1.0,17.0,1.0,1.0,1.0,0.0,,0.0,4.0,1.0,2.0,2.0,56.0,,,2.0,1.0,0.0,,,3.0,15.0,38.0,25.0,23.0,2.0,79.0,230.0,3.0,1.0,280.0,280.0,0.0,33.0,6.0,33.54101966249684,5.0,27.0,1.0,CRITICAL,2
359009569.0,1.0,359606056.0,7.0,,,,,,6.0,15.0,254.0,1.0,12.0,1.0,4.0,1.0,4.0,21.0,3.0,5.0,1.0,1.0,2.0,97.0,,,0.0,0.0,3.0,,,0.0,2.0,13.0,21.0,8.0,17.0,26.0,180.0,1.0,2.0,,,1.0,,,,3.0,14.0,1.0,SERIOUS,1
359009569.0,1.0,359606060.0,7.0,,,,,,6.0,15.0,254.0,1.0,12.0,1.0,4.0,1.0,4.0,21.0,3.0,5.0,1.0,1.0,2.0,97.0,,,0.0,0.0,3.0,,,0.0,2.0,13.0,21.0,8.0,17.0,26.0,180.0,1.0,2.0,,,1.0,,,,4.0,20.0,1.0,SERIOUS,1
359009570.0,1.0,359606063.0,0.0,43.0,8.0,-43.0,1478.0,,98.0,20.0,190.0,7.0,54.0,1.0,1.0,1.0,2.0,6.0,1.0,2.0,1.0,1.0,2.0,89.0,,,3.0,0.0,0.0,,,68.0,44.0,37.0,19.0,16.0,10.0,-53.0,150.0,4.0,2.0,350.0,,0.0,8.0,43.0,43.73785545725808,4.0,29.0,1.0,SERIOUS,1
359009571.0,1.0,359606065.0,4.0,,,,,,50.0,4.0,132.0,1.0,10.0,14.0,2.0,1.0,0.0,,0.0,2.0,1.0,1.0,2.0,97.0,,,0.0,0.0,0.0,,,67.0,48.0,39.0,30.0,25.0,15.0,-55.0,150.0,9.0,,0.0,70.0,0.0,,,,3.0,10.0,1.0,SERIOUS,1
359009712.0,1.0,359633620.0,0.0,14.0,9.0,-11.0,246.0,,82.0,14.0,163.0,2.0,15.0,11.0,1.0,1.0,0.0,,0.0,3.0,1.0,1.0,2.0,80.0,,,2.0,2.0,0.0,,,17.0,14.0,9.0,7.0,4.0,0.0,-53.0,150.0,1.0,,320.0,,0.0,9.0,11.0,14.212670403551895,4.0,21.0,1.0,SERIOUS,1
359009750.0,1.0,359639103.0,0.0,101.0,0.0,-101.0,6411.0,,50.0,4.0,138.0,1.0,6.0,14.0,2.0,1.0,0.0,,0.0,4.0,1.0,1.0,2.0,64.0,,,0.0,0.0,0.0,,,63.0,66.0,79.0,81.0,73.0,59.0,0.0,150.0,4.0,1.0,0.0,0.0,0.0,0.0,101.0,101.0,4.0,29.0,1.0,SERIOUS,1
359009768.0,1.0,359640716.0,0.0,20.0,0.0,-20.0,314.0,,20.0,2.0,157.0,1.0,11.0,14.0,2.0,1.0,0.0,,0.0,2.0,3.0,1.0,2.0,48.0,,,0.0,0.0,0.0,,,1.0,10.0,13.0,14.0,17.0,6.0,0.0,150.0,2.0,1.0,0.0,0.0,0.0,0.0,20.0,20.0,2.0,12.0,1.0,MINOR,0
361009847.0,1.0,359662025.0,0.0,37.0,0.0,-37.0,446.0,,28.0,5.0,143.0,4.0,51.0,1.0,1.0,,0.0,,0.0,5.0,1.0,1.0,1.0,97.0,,,0.0,0.0,3.0,,,0.0,13.0,22.0,20.0,9.0,0.0,0.0,150.0,2.0,,0.0,,0.0,0.0,37.0,37.0,2.0,9.0,1.0,MINOR,0
361009848.0,1.0,359662029.0,2.0,,,,,,29.0,15.0,265.0,1.0,53.0,2.0,1.0,1.0,0.0,,0.0,4.0,1.0,1.0,1.0,,0.0,,1.0,0.0,3.0,,,12.0,8.0,1.0,1.0,0.0,0.0,-54.0,180.0,1.0,1.0,180.0,0.0,0.0,,,,3.0,10.0,1.0,SERIOUS,1
361009849.0,1.0,359662033.0,0.0,13.0,0.0,-13.0,143.0,,51.0,14.0,198.0,1.0,62.0,1.0,1.0,1.0,0.0,,0.0,2.0,1.0,1.0,2.0,72.0,,,0.0,0.0,0.0,,,6.0,2.0,1.0,0.0,0.0,0.0,-62.0,150.0,8.0,6.0,0.0,,0.0,0.0,13.0,13.0,2.0,9.0,1.0,MINOR,0
359009876.0,1.0,359665396.0,0.0,55.0,-54.0,10.0,1316.0,,7.0,4.0,114.0,1.0,6.0,16.0,4.0,7.0,0.0,,0.0,1.0,1.0,2.0,2.0,97.0,,,1.0,0.0,3.0,,,13.0,30.0,40.0,47.0,49.0,22.0,-15.0,180.0,4.0,3.0,100.0,90.0,0.0,54.0,10.0,54.91812087098393,4.0,21.0,1.0,SERIOUS,1
359009892.0,1.0,359675664.0,0.0,21.0,16.0,-13.0,1086.0,,89.0,21.0,245.0,2.0,17.0,1.0,1.0,1.0,2.0,8.0,7.0,2.0,3.0,1.0,2.0,48.0,,,2.0,1.0,3.0,,,0.0,27.0,36.0,36.0,21.0,0.0,-19.0,252.0,3.0,2.0,310.0,,0.0,16.0,13.0,20.615528128088304,4.0,29.0,1.0,SERIOUS,1
359009893.0,1.0,359675666.0,0.0,30.0,26.0,-15.0,493.0,,42.0,4.0,131.0,7.0,50.0,14.0,1.0,1.0,0.0,,0.0,4.0,1.0,1.0,2.0,,,,1.0,1.0,3.0,,,3.0,23.0,29.0,15.0,5.0,1.0,43.0,198.0,3.0,,300.0,,0.0,26.0,15.0,30.01666203960727,3.0,10.0,1.0,SERIOUS,1
359009894.0,1.0,359675670.0,7.0,,,,,,2.0,4.0,147.0,1.0,6.0,14.0,4.0,,0.0,,0.0,2.0,3.0,1.0,2.0,48.0,,,0.0,0.0,0.0,,,,,,,,,,,3.0,1.0,100.0,80.0,0.0,,,,3.0,14.0,1.0,SERIOUS,1
359009895.0,1.0,359675672.0,7.0,,,,,,2.0,2.0,158.0,1.0,6.0,6.0,4.0,7.0,12.0,53.0,1.0,2.0,1.0,1.0,2.0,56.0,,,0.0,0.0,0.0,,,,,,,,,,,3.0,3.0,,,0.0,,,,4.0,21.0,1.0,SERIOUS,1
359009931.0,1.0,359687323.0,0.0,84.0,0.0,-84.0,5340.0,,50.0,6.0,155.0,2.0,12.0,14.0,4.0,1.0,0.0,,0.0,3.0,1.0,1.0,1.0,113.0,,,0.0,0.0,1.0,,,23.0,76.0,91.0,96.0,97.0,102.0,37.0,160.0,5.0,,0.0,,0.0,0.0,84.0,84.0,2.0,5.0,1.0,MINOR,0
359009933.0,1.0,359687328.0,0.0,31.0,-27.0,-15.0,1063.0,,68.0,30.0,173.0,1.0,15.0,11.0,1.0,1.0,4.0,7.0,1.0,2.0,1.0,1.0,2.0,97.0,,,2.0,0.0,0.0,,,17.0,25.0,44.0,31.0,21.0,11.0,88.0,258.0,4.0,3.0,60.0,,0.0,27.0,15.0,30.886890422961002,3.0,14.0,1.0,SERIOUS,1
359009932.0,1.0,359687396.0,0.0,54.0,9.0,-53.0,1526.0,,51.0,5.0,118.0,9.0,62.0,14.0,2.0,,0.0,,0.0,2.0,1.0,2.0,2.0,89.0,,,0.0,0.0,0.0,,,51.0,56.0,52.0,47.0,40.0,19.0,0.0,150.0,3.0,,350.0,,0.0,9.0,53.0,53.75872022286245,2.0,5.0,1.0,MINOR,0
359009932.0,1.0,359687409.0,0.0,54.0,9.0,-53.0,1526.0,,51.0,5.0,118.0,9.0,62.0,14.0,2.0,,0.0,,0.0,2.0,1.0,2.0,2.0,89.0,,,0.0,0.0,0.0,,,51.0,56.0,52.0,47.0,40.0,19.0,0.0,150.0,3.0,,350.0,,0.0,9.0,53.0,53.75872022286245,4.0,34.0,1.0,SERIOUS,1
359009932.0,1.0,359687418.0,0.0,54.0,9.0,-53.0,1526.0,,51.0,5.0,118.0,9.0,62.0,14.0,2.0,,0.0,,0.0,2.0,1.0,2.0,2.0,89.0,,,0.0,0.0,0.0,,,51.0,56.0,52.0,47.0,40.0,19.0,0.0,150.0,3.0,,350.0,,0.0,9.0,53.0,53.75872022286245,4.0,29.0,1.0,SERIOUS,1
359009934.0,1.0,359687421.0,0.0,33.0,11.0,-31.0,505.0,,65.0,5.0,148.0,1.0,62.0,14.0,1.0,1.0,0.0,,0.0,5.0,1.0,2.0,2.0,64.0,,,0.0,0.0,0.0,,,14.0,21.0,30.0,17.0,15.0,12.0,-8.0,140.0,2.0,2.0,340.0,280.0,0.0,11.0,31.0,32.89376840679705,4.0,34.0,1.0,SERIOUS,1
359009981.0,1.0,359700320.0,0.0,122.0,0.0,-122.0,9262.0,,6.0,4.0,149.0,1.0,12.0,14.0,4.0,1.0,0.0,,0.0,5.0,3.0,1.0,2.0,97.0,,,2.0,0.0,2.0,,,101.0,113.0,120.0,123.0,112.0,59.0,-26.0,145.0,6.0,,0.0,,0.0,0.0,122.0,122.0,3.0,18.0,1.0,SERIOUS,1
359009996.0,1.0,359706611.0,6.0,,,,,,68.0,5.0,112.0,1.0,15.0,11.0,1.0,1.0,0.0,,0.0,7.0,1.0,2.0,2.0,48.0,,,2.0,1.0,0.0,,,0.0,8.0,15.0,17.0,14.0,10.0,-46.0,217.0,2.0,2.0,80.0,170.0,0.0,,,,4.0,17.0,1.0,SERIOUS,1
359009997.0,1.0,359706668.0,0.0,77.0,13.0,-76.0,4256.0,,51.0,20.0,205.0,1.0,62.0,1.0,1.0,1.0,0.0,,0.0,2.0,3.0,2.0,2.0,72.0,,,0.0,0.0,0.0,,,90.0,71.0,66.0,36.0,4.0,0.0,-32.0,170.0,6.0,,350.0,,0.0,13.0,76.0,77.10382610480494,3.0,14.0,1.0,SERIOUS,1
359009997.0,1.0,359706682.0,0.0,77.0,13.0,-76.0,4256.0,,51.0,20.0,205.0,1.0,62.0,1.0,1.0,1.0,0.0,,0.0,2.0,3.0,2.0,2.0,72.0,,,0.0,0.0,0.0,,,90.0,71.0,66.0,36.0,4.0,0.0,-32.0,170.0,6.0,,350.0,,0.0,13.0,76.0,77.10382610480494,2.0,5.0,1.0,MINOR,0
359010071.0,1.0,359715711.0,0.0,37.0,35.0,-13.0,409.0,,82.0,5.0,121.0,1.0,15.0,11.0,1.0,1.0,0.0,,0.0,2.0,3.0,1.0,2.0,40.0,,,2.0,2.0,0.0,,,3.0,24.0,26.0,22.0,21.0,3.0,82.0,162.0,2.0,,290.0,,0.0,35.0,13.0,37.33630940518894,4.0,24.0,1.0,SERIOUS,1
359010072.0,1.0,359715769.0,7.0,,,,,,47.0,2.0,123.0,1.0,6.0,6.0,2.0,4.0,0.0,,0.0,3.0,1.0,2.0,1.0,113.0,,,0.0,0.0,1.0,,,2.0,11.0,28.0,26.0,6.0,0.0,26.0,191.0,3.0,,230.0,,0.0,,,,5.0,50.0,1.0,CRITICAL,2
359010091.0,1.0,359720715.0,0.0,57.0,-20.0,-54.0,1801.0,,50.0,6.0,154.0,1.0,10.0,1.0,2.0,1.0,0.0,,0.0,2.0,1.0,2.0,2.0,80.0,,,0.0,0.0,0.0,,,31.0,38.0,40.0,41.0,40.0,36.0,52.0,140.0,2.0,,20.0,,0.0,20.0,54.0,57.584720195551874,4.0,24.0,1.0,SERIOUS,1
359010092.0,1.0,359720724.0,7.0,,,,,,20.0,4.0,121.0,1.0,50.0,1.0,2.0,1.0,0.0,,0.0,2.0,3.0,1.0,2.0,40.0,,,0.0,0.0,1.0,,,5.0,4.0,7.0,11.0,13.0,15.0,25.0,140.0,5.0,,0.0,,0.0,,,,4.0,21.0,1.0,SERIOUS,1
359010134.0,1.0,359727904.0,0.0,35.0,30.0,18.0,974.0,,20.0,4.0,123.0,9.0,50.0,1.0,1.0,1.0,0.0,,0.0,5.0,3.0,1.0,1.0,97.0,,,0.0,0.0,2.0,,,44.0,46.0,42.0,36.0,27.0,2.0,-110.0,142.0,3.0,2.0,240.0,0.0,0.0,30.0,18.0,34.9857113690718,3.0,10.0,1.0,SERIOUS,1
359010135.0,1.0,359727914.0,0.0,15.0,-7.0,-13.0,175.0,,68.0,5.0,198.0,1.0,15.0,11.0,1.0,1.0,0.0,,0.0,3.0,1.0,1.0,2.0,64.0,,,2.0,0.0,0.0,,,0.0,1.0,4.0,5.0,6.0,2.0,45.0,140.0,1.0,,30.0,,0.0,7.0,13.0,14.7648230602334,2.0,6.0,1.0,MINOR,0
359010136.0,1.0,359727938.0,3.0,,,,,,6.0,14.0,174.0,1.0,12.0,1.0,4.0,1.0,0.0,,0.0,2.0,1.0,2.0,2.0,80.0,,,0.0,0.0,0.0,,,8.0,23.0,22.0,17.0,11.0,0.0,-17.0,160.0,2.0,3.0,0.0,0.0,0.0,,,,5.0,30.0,1.0,CRITICAL,2
359010137.0,1.0,359727951.0,7.0,,,,,,11.0,5.0,112.0,1.0,13.0,1.0,4.0,1.0,2.0,,7.0,2.0,1.0,1.0,1.0,48.0,,,0.0,0.0,0.0,,,,,,,,,,,3.0,2.0,,0.0,0.0,,,,2.0,9.0,1.0,MINOR,0
359010240.0,1.0,359751754.0,0.0,43.0,0.0,-43.0,1383.0,,52.0,14.0,153.0,1.0,10.0,1.0,2.0,1.0,0.0,,0.0,7.0,5.0,2.0,2.0,64.0,,,0.0,0.0,0.0,,,0.0,16.0,32.0,38.0,40.0,37.0,51.0,160.0,2.0,6.0,0.0,0.0,0.0,0.0,43.0,43.0,2.0,5.0,1.0,MINOR,0
359010241.0,1.0,359751771.0,7.0,,,,,,6.0,4.0,155.0,1.0,12.0,14.0,4.0,1.0,8.0,,5.0,4.0,2.0,1.0,2.0,89.0,,,0.0,0.0,1.0,,,,,,,,,,,3.0,,,,0.0,,,,5.0,50.0,1.0,CRITICAL,2
359010242.0,1.0,359751774.0,0.0,35.0,-12.0,-33.0,1173.0,,52.0,14.0,154.0,4.0,63.0,1.0,1.0,,0.0,,0.0,2.0,1.0,1.0,2.0,56.0,,,0.0,0.0,0.0,,,13.0,26.0,35.0,43.0,28.0,10.0,0.0,150.0,2.0,,20.0,,0.0,12.0,33.0,35.11409973215888,3.0,17.0,1.0,SERIOUS,1
359010243.0,1.0,359751778.0,0.0,36.0,-18.0,-32.0,363.0,,66.0,4.0,127.0,2.0,10.0,14.0,2.0,1.0,0.0,,0.0,2.0,2.0,1.0,2.0,97.0,,,1.0,0.0,1.0,,,4.0,6.0,10.0,16.0,21.0,30.0,49.0,140.0,2.0,5.0,30.0,80.0,0.0,18.0,32.0,36.71511950137164,2.0,12.0,1.0,MINOR,0
359010398.0,1.0,359776953.0,0.0,27.0,18.0,-21.0,562.0,,89.0,4.0,132.0,1.0,66.0,1.0,1.0,1.0,0.0,,0.0,2.0,3.0,1.0,2.0,48.0,,,2.0,0.0,0.0,,,0.0,1.0,10.0,24.0,21.0,5.0,145.0,189.0,2.0,2.0,320.0,250.0,0.0,18.0,21.0,27.65863337187866,4.0,24.0,1.0,SERIOUS,1
359010400.0,1.0,359776996.0,0.0,30.0,-26.0,-15.0,653.0,,68.0,4.0,129.0,1.0,15.0,11.0,2.0,1.0,0.0,,0.0,2.0,3.0,2.0,2.0,56.0,,,2.0,0.0,0.0,,,2.0,15.0,25.0,38.0,18.0,1.0,20.0,234.0,4.0,1.0,60.0,180.0,0.0,26.0,15.0,30.01666203960727,3.0,19.0,1.0,SERIOUS,1
359010434.0,1.0,359786124.0,0.0,65.0,0.0,-65.0,2683.0,,1.0,14.0,157.0,1.0,13.0,14.0,4.0,1.0,0.0,,0.0,2.0,3.0,1.0,2.0,64.0,,,0.0,0.0,0.0,,,4.0,61.0,78.0,80.0,70.0,56.0,19.0,130.0,4.0,2.0,0.0,0.0,0.0,0.0,65.0,65.0,3.0,27.0,1.0,SERIOUS,1
359010435.0,1.0,359786138.0,7.0,,,,,,6.0,31.0,238.0,1.0,12.0,14.0,4.0,1.0,0.0,,0.0,2.0,1.0,1.0,2.0,97.0,,,0.0,0.0,3.0,,,0.0,12.0,20.0,25.0,15.0,4.0,78.0,99.0,3.0,2.0,,,0.0,,,,4.0,26.0,1.0,SERIOUS,1
359010436.0,1.0,359786141.0,8.0,,,,,,50.0,30.0,188.0,1.0,10.0,14.0,2.0,1.0,0.0,,0.0,2.0,1.0,1.0,2.0,80.0,,,0.0,0.0,0.0,,,28.0,24.0,20.0,13.0,5.0,0.0,-63.0,164.0,9.0,1.0,0.0,170.0,0.0,,,,3.0,17.0,1.0,SERIOUS,1
359010437.0,1.0,359786144.0,0.0,64.0,0.0,-64.0,1799.0,,24.0,4.0,177.0,1.0,51.0,14.0,1.0,1.0,0.0,,0.0,7.0,1.0,1.0,1.0,56.0,,,0.0,0.0,0.0,,,26.0,40.0,52.0,63.0,62.0,60.0,0.0,140.0,3.0,,0.0,,1.0,0.0,64.0,64.0,3.0,11.0,1.0,SERIOUS,1
359010437.0,1.0,359786147.0,0.0,64.0,0.0,-64.0,1799.0,,24.0,4.0,177.0,1.0,51.0,14.0,1.0,1.0,0.0,,0.0,7.0,1.0,1.0,1.0,56.0,,,0.0,0.0,0.0,,,26.0,40.0,52.0,63.0,62.0,60.0,0.0,140.0,3.0,,0.0,,1.0,0.0,64.0,64.0,4.0,17.0,1.0,SERIOUS,1
359010559.0,1.0,359806990.0,7.0,,,,,,82.0,14.0,202.0,1.0,15.0,11.0,1.0,1.0,1.0,6.0,7.0,2.0,1.0,1.0,2.0,89.0,,,2.0,2.0,0.0,,,2.0,31.0,46.0,43.0,30.0,11.0,27.0,261.0,4.0,2.0,280.0,,0.0,,,,3.0,10.0,1.0,SERIOUS,1
359010615.0,1.0,359816758.0,7.0,,,,,,86.0,2.0,192.0,,10.0,1.0,2.0,1.0,0.0,,0.0,4.0,1.0,6.0,2.0,56.0,,,1.0,1.0,0.0,,,75.0,72.0,58.0,43.0,34.0,47.0,0.0,168.0,3.0,3.0,0.0,350.0,0.0,,,,3.0,14.0,1.0,SERIOUS,1
359010615.0,3.0,359816760.0,7.0,,,,,,98.0,4.0,146.0,1.0,66.0,11.0,1.0,1.0,0.0,,0.0,2.0,1.0,6.0,2.0,56.0,,,1.0,1.0,3.0,,,0.0,20.0,24.0,21.0,23.0,0.0,94.0,194.0,2.0,2.0,80.0,80.0,0.0,,,,5.0,26.0,1.0,CRITICAL,2
359010616.0,1.0,359816806.0,0.0,46.0,0.0,-46.0,1152.0,,7.0,4.0,123.0,1.0,6.0,14.0,4.0,7.0,0.0,,0.0,2.0,5.0,1.0,2.0,56.0,,,0.0,0.0,0.0,,,0.0,11.0,30.0,50.0,56.0,42.0,28.0,150.0,3.0,,0.0,,0.0,0.0,46.0,46.0,3.0,10.0,1.0,SERIOUS,1
359010617.0,1.0,359816821.0,0.0,31.0,0.0,-31.0,924.0,,6.0,31.0,206.0,1.0,12.0,1.0,4.0,1.0,0.0,,0.0,2.0,2.0,1.0,2.0,80.0,,,0.0,0.0,0.0,,,42.0,33.0,17.0,10.0,5.0,0.0,-62.0,180.0,2.0,1.0,0.0,0.0,0.0,0.0,31.0,31.0,3.0,14.0,1.0,SERIOUS,1
359010675.0,1.0,359831171.0,0.0,46.0,16.0,-43.0,1767.0,,98.0,14.0,190.0,1.0,62.0,14.0,1.0,1.0,0.0,,0.0,2.0,1.0,1.0,2.0,72.0,,,1.0,0.0,1.0,,,55.0,53.0,46.0,24.0,7.0,3.0,-44.0,160.0,3.0,2.0,340.0,280.0,0.0,16.0,43.0,45.880278987817846,4.0,21.0,1.0,SERIOUS,1
359010694.0,1.0,359834383.0,0.0,41.0,7.0,-41.0,952.0,,51.0,3.0,122.0,9.0,62.0,14.0,2.0,1.0,0.0,,0.0,2.0,4.0,2.0,2.0,72.0,,,0.0,0.0,0.0,,,11.0,24.0,34.0,39.0,44.0,43.0,0.0,144.0,3.0,2.0,350.0,80.0,0.0,7.0,41.0,41.593268686170845,3.0,19.0,1.0,SERIOUS,1
359010696.0,1.0,359834662.0,8.0,,,,,,2.0,4.0,155.0,1.0,8.0,14.0,4.0,4.0,8.0,,1.0,6.0,4.0,1.0,2.0,97.0,,,0.0,0.0,1.0,,,,,,,,,,,4.0,4.0,,,0.0,,,,2.0,5.0,1.0,MINOR,0
359010696.0,1.0,359834678.0,8.0,,,,,,2.0,4.0,155.0,1.0,8.0,14.0,4.0,4.0,8.0,,1.0,6.0,4.0,1.0,2.0,97.0,,,0.0,0.0,1.0,,,,,,,,,,,4.0,4.0,,,0.0,,,,2.0,5.0,1.0,MINOR,0
359010734.0,1.0,359849315.0,0.0,39.0,34.0,-19.0,1158.0,,89.0,14.0,156.0,1.0,17.0,1.0,1.0,1.0,0.0,,0.0,2.0,3.0,1.0,2.0,56.0,,,2.0,2.0,0.0,,,0.0,26.0,36.0,25.0,20.0,9.0,70.0,193.0,3.0,,300.0,,0.0,34.0,19.0,38.948684188300895,2.0,9.0,1.0,MINOR,0
359010735.0,1.0,359849329.0,0.0,73.0,0.0,-73.0,3408.0,,4.0,4.0,159.0,3.0,6.0,11.0,4.0,2.0,0.0,,0.0,3.0,3.0,1.0,2.0,40.0,,,2.0,1.0,0.0,,,12.0,49.0,79.0,107.0,101.0,47.0,30.0,150.0,5.0,3.0,0.0,0.0,0.0,0.0,73.0,73.0,2.0,5.0,1.0,MINOR,0
359010735.0,1.0,359849331.0,0.0,73.0,0.0,-73.0,3408.0,,4.0,4.0,159.0,3.0,6.0,11.0,4.0,2.0,0.0,,0.0,3.0,3.0,1.0,2.0,40.0,,,2.0,1.0,0.0,,,12.0,49.0,79.0,107.0,101.0,47.0,30.0,150.0,5.0,3.0,0.0,0.0,0.0,0.0,73.0,73.0,2.0,8.0,1.0,MINOR,0
359010795.0,1.0,359861818.0,0.0,33.0,-29.0,-17.0,619.0,,87.0,3.0,110.0,1.0,17.0,1.0,1.0,1.0,6.0,20.0,7.0,2.0,5.0,1.0,2.0,56.0,,,2.0,2.0,0.0,,,,,,,,,,,2.0,1.0,60.0,140.0,0.0,29.0,17.0,33.61547262794322,5.0,38.0,1.0,CRITICAL,2
359010795.0,2.0,359861833.0,0.0,23.0,12.0,-20.0,507.0,,86.0,4.0,161.0,1.0,66.0,1.0,1.0,1.0,2.0,3.0,5.0,2.0,5.0,1.0,2.0,72.0,,,2.0,0.0,0.0,,,24.0,29.0,25.0,18.0,10.0,1.0,-34.0,140.0,2.0,3.0,330.0,290.0,0.0,12.0,20.0,23.323807579381203,2.0,6.0,1.0,MINOR,0
359010795.0,2.0,359861836.0,0.0,23.0,12.0,-20.0,507.0,,86.0,4.0,161.0,1.0,66.0,1.0,1.0,1.0,2.0,3.0,5.0,2.0,5.0,1.0,2.0,72.0,,,2.0,0.0,0.0,,,24.0,29.0,25.0,18.0,10.0,1.0,-34.0,140.0,2.0,3.0,330.0,290.0,0.0,12.0,20.0,23.323807579381203,3.0,14.0,2.0,SERIOUS,1
359010814.0,1.0,359865845.0,0.0,76.0,0.0,-76.0,3976.0,,51.0,14.0,197.0,4.0,62.0,14.0,1.0,1.0,0.0,,0.0,2.0,1.0,1.0,2.0,89.0,,,0.0,0.0,0.0,,,84.0,74.0,56.0,38.0,23.0,2.0,-29.0,160.0,4.0,1.0,0.0,120.0,0.0,0.0,76.0,76.0,2.0,5.0,1.0,MINOR,0
359010814.0,1.0,359865876.0,0.0,76.0,0.0,-76.0,3976.0,,51.0,14.0,197.0,4.0,62.0,14.0,1.0,1.0,0.0,,0.0,2.0,1.0,1.0,2.0,89.0,,,0.0,0.0,0.0,,,84.0,74.0,56.0,38.0,23.0,2.0,-29.0,160.0,4.0,1.0,0.0,120.0,0.0,0.0,76.0,76.0,3.0,17.0,1.0,SERIOUS,1
359010895.0,1.0,359879963.0,0.0,37.0,6.0,-37.0,1243.0,,51.0,4.0,160.0,6.0,62.0,1.0,1.0,1.0,0.0,,0.0,6.0,2.0,1.0,2.0,56.0,,,1.0,0.0,1.0,,,56.0,45.0,40.0,26.0,8.0,0.0,-23.0,150.0,3.0,,350.0,,0.0,6.0,37.0,37.48332962798263,5.0,50.0,1.0,CRITICAL,2
359010899.0,1.0,359881799.0,8.0,,,,,,50.0,4.0,177.0,,6.0,14.0,2.0,2.0,0.0,,0.0,2.0,1.0,2.0,2.0,56.0,,,0.0,0.0,0.0,,,35.0,35.0,19.0,12.0,7.0,0.0,-42.0,160.0,8.0,,0.0,,0.0,,,,4.0,29.0,1.0,SERIOUS,1
359010920.0,1.0,359885479.0,0.0,31.0,31.0,-5.0,1027.0,,89.0,4.0,160.0,1.0,66.0,4.0,1.0,1.0,0.0,,0.0,4.0,3.0,1.0,2.0,64.0,,,2.0,1.0,0.0,,,4.0,34.0,31.0,33.0,33.0,0.0,-32.0,234.0,3.0,1.0,280.0,270.0,0.0,31.0,5.0,31.400636936215164,3.0,14.0,1.0,SERIOUS,1
359010976.0,1.0,359898593.0,0.0,66.0,0.0,-66.0,3129.0,,50.0,4.0,155.0,2.0,10.0,1.0,2.0,1.0,0.0,,0.0,2.0,1.0,1.0,2.0,64.0,,,0.0,0.0,0.0,,,80.0,89.0,73.0,53.0,34.0,9.0,-27.0,140.0,4.0,1.0,0.0,60.0,0.0,0.0,66.0,66.0,2.0,12.0,1.0,MINOR,0
359010976.0,2.0,359898611.0,0.0,80.0,0.0,-80.0,3098.0,,51.0,4.0,134.0,2.0,62.0,1.0,1.0,1.0,0.0,,0.0,2.0,1.0,1.0,2.0,64.0,,,0.0,0.0,0.0,,,74.0,74.0,56.0,39.0,24.0,4.0,-32.0,140.0,3.0,,0.0,,0.0,0.0,80.0,80.0,3.0,10.0,1.0,SERIOUS,1
359010994.0,1.0,359901039.0,6.0,,,,,,2.0,4.0,172.0,1.0,5.0,1.0,4.0,7.0,0.0,,0.0,2.0,1.0,5.0,1.0,113.0,,,0.0,0.0,2.0,,,,,,,,,,,2.0,,,,0.0,,,,3.0,22.0,1.0,SERIOUS,1
359010995.0,1.0,359901053.0,0.0,65.0,0.0,-65.0,2287.0,,7.0,4.0,135.0,3.0,6.0,10.0,2.0,2.0,0.0,,0.0,2.0,2.0,2.0,2.0,56.0,,,2.0,0.0,0.0,,,52.0,57.0,64.0,61.0,52.0,46.0,0.0,150.0,3.0,,0.0,,0.0,0.0,65.0,65.0,4.0,33.0,1.0,SERIOUS,1
360005254.0,1.0,360203685.0,0.0,74.0,73.0,13.0,5668.0,,6.0,4.0,151.0,1.0,12.0,14.0,4.0,1.0,4.0,,1.0,2.0,2.0,2.0,2.0,97.0,,,0.0,0.0,1.0,,,76.0,101.0,104.0,107.0,102.0,25.0,-104.0,165.0,7.0,2.0,260.0,280.0,0.0,73.0,13.0,74.14849964766651,4.0,48.0,1.0,SERIOUS,1
360005274.0,1.0,360204683.0,0.0,14.0,0.0,-14.0,141.0,,28.0,4.0,166.0,2.0,52.0,1.0,1.0,1.0,0.0,,0.0,3.0,3.0,1.0,2.0,97.0,,,0.0,0.0,2.0,,,1.0,3.0,5.0,8.0,2.0,0.0,-4.0,160.0,1.0,,0.0,,0.0,0.0,14.0,14.0,2.0,4.0,1.0,MINOR,0
360005275.0,1.0,360204697.0,0.0,61.0,0.0,-61.0,2232.0,,7.0,4.0,151.0,3.0,6.0,1.0,4.0,2.0,0.0,,0.0,1.0,3.0,1.0,2.0,56.0,,,1.0,0.0,3.0,,,4.0,25.0,59.0,65.0,45.0,25.0,5.0,150.0,3.0,2.0,0.0,,0.0,0.0,61.0,61.0,2.0,5.0,1.0,MINOR,0
360005294.0,1.0,360206102.0,0.0,61.0,0.0,-61.0,2040.0,,59.0,14.0,200.0,1.0,62.0,1.0,1.0,1.0,0.0,,0.0,2.0,1.0,1.0,2.0,80.0,,,0.0,0.0,0.0,,,0.0,43.0,45.0,43.0,39.0,45.0,10.0,160.0,2.0,,0.0,,0.0,0.0,61.0,61.0,4.0,41.0,1.0,SERIOUS,1
360005314.0,1.0,360206546.0,0.0,81.0,0.0,-81.0,3449.0,,51.0,4.0,167.0,2.0,62.0,1.0,1.0,1.0,0.0,,0.0,2.0,2.0,5.0,2.0,72.0,,,0.0,0.0,0.0,,,75.0,63.0,50.0,36.0,23.0,5.0,-36.0,150.0,3.0,,0.0,,0.0,0.0,81.0,81.0,4.0,41.0,2.0,SERIOUS,1
360005334.0,1.0,360207352.0,7.0,,,,,,14.0,5.0,150.0,1.0,14.0,1.0,4.0,1.0,0.0,,0.0,2.0,4.0,1.0,2.0,40.0,,,2.0,0.0,0.0,,,,,,,,,,,3.0,1.0,,0.0,0.0,,,,3.0,10.0,1.0,SERIOUS,1
360005335.0,1.0,360207355.0,0.0,79.0,0.0,-79.0,5182.0,,1.0,14.0,213.0,1.0,13.0,1.0,4.0,1.0,0.0,,0.0,3.0,2.0,1.0,2.0,40.0,79.0,,0.0,0.0,0.0,,,56.0,61.0,60.0,56.0,50.0,48.0,0.0,165.0,3.0,,0.0,,0.0,0.0,79.0,79.0,2.0,8.0,1.0,MINOR,0
360005354.0,1.0,360208682.0,0.0,33.0,11.0,-31.0,1281.0,,98.0,5.0,181.0,9.0,62.0,1.0,1.0,1.0,0.0,,0.0,2.0,1.0,1.0,2.0,80.0,,,2.0,0.0,0.0,,,40.0,41.0,43.0,52.0,36.0,16.0,0.0,150.0,3.0,1.0,340.0,260.0,0.0,11.0,31.0,32.89376840679705,4.0,34.0,1.0,SERIOUS,1
360005355.0,1.0,360208688.0,0.0,76.0,0.0,-76.0,4098.0,,1.0,14.0,181.0,4.0,13.0,14.0,4.0,,0.0,,0.0,2.0,2.0,,2.0,80.0,,,0.0,0.0,0.0,,,42.0,57.0,75.0,74.0,40.0,13.0,-14.0,160.0,4.0,,0.0,,0.0,0.0,76.0,76.0,3.0,22.0,1.0,SERIOUS,1
360005355.0,1.0,360208690.0,0.0,76.0,0.0,-76.0,4098.0,,1.0,14.0,181.0,4.0,13.0,14.0,4.0,,0.0,,0.0,2.0,2.0,,2.0,80.0,,,0.0,0.0,0.0,,,42.0,57.0,75.0,74.0,40.0,13.0,-14.0,160.0,4.0,,0.0,,0.0,0.0,76.0,76.0,4.0,29.0,2.0,SERIOUS,1
360005374.0,1.0,360210999.0,0.0,57.0,0.0,-57.0,2098.0,,1.0,30.0,148.0,1.0,13.0,1.0,4.0,1.0,0.0,,0.0,5.0,1.0,1.0,2.0,56.0,,,0.0,0.0,0.0,,,3.0,27.0,61.0,73.0,57.0,18.0,17.0,160.0,3.0,,0.0,,0.0,0.0,57.0,57.0,4.0,24.0,1.0,SERIOUS,1
360005375.0,1.0,360211016.0,0.0,54.0,-9.0,-53.0,1429.0,,46.0,6.0,160.0,1.0,11.0,15.0,2.0,1.0,4.0,,4.0,2.0,1.0,1.0,1.0,97.0,,,1.0,0.0,3.0,,,24.0,32.0,41.0,41.0,50.0,53.0,0.0,150.0,4.0,,10.0,0.0,0.0,9.0,53.0,53.75872022286245,3.0,14.0,1.0,SERIOUS,1
360005376.0,1.0,360211019.0,0.0,32.0,-6.0,-32.0,473.0,,2.0,3.0,116.0,4.0,9.0,1.0,4.0,,0.0,,0.0,4.0,3.0,1.0,2.0,97.0,,,0.0,0.0,3.0,,,0.0,6.0,17.0,29.0,33.0,36.0,13.0,140.0,2.0,,10.0,,0.0,6.0,32.0,32.55764119219941,2.0,5.0,1.0,MINOR,0
360005377.0,1.0,360211021.0,0.0,56.0,0.0,-56.0,1983.0,,7.0,3.0,136.0,2.0,6.0,10.0,4.0,1.0,0.0,,0.0,2.0,1.0,1.0,2.0,97.0,,,2.0,0.0,0.0,,,16.0,52.0,51.0,41.0,32.0,21.0,-5.0,150.0,3.0,2.0,0.0,350.0,0.0,0.0,56.0,56.0,5.0,30.0,1.0,CRITICAL,2
360005377.0,1.0,360211023.0,0.0,56.0,0.0,-56.0,1983.0,,7.0,3.0,136.0,2.0,6.0,10.0,4.0,1.0,0.0,,0.0,2.0,1.0,1.0,2.0,97.0,,,2.0,0.0,0.0,,,16.0,52.0,51.0,41.0,32.0,21.0,-5.0,150.0,3.0,2.0,0.0,350.0,0.0,0.0,56.0,56.0,3.0,10.0,1.0,SERIOUS,1
360005378.0,1.0,360211025.0,0.0,,,,,,68.0,4.0,157.0,2.0,10.0,11.0,2.0,1.0,0.0,,0.0,4.0,1.0,1.0,2.0,56.0,,,3.0,0.0,0.0,,,1.0,8.0,5.0,1.0,0.0,0.0,-33.0,160.0,1.0,,10.0,,0.0,,,,2.0,6.0,1.0,MINOR,0
360005379.0,1.0,360211027.0,0.0,,,,,,6.0,20.0,194.0,4.0,12.0,1.0,4.0,,0.0,,0.0,3.0,1.0,1.0,2.0,97.0,,,1.0,0.0,1.0,,,0.0,25.0,50.0,70.0,76.0,30.0,15.0,160.0,4.0,6.0,0.0,,0.0,,,,3.0,22.0,1.0,SERIOUS,1
360005394.0,1.0,360213908.0,0.0,,,,,,7.0,4.0,143.0,1.0,6.0,14.0,4.0,7.0,0.0,,0.0,3.0,1.0,1.0,2.0,97.0,,,0.0,0.0,0.0,,,8.0,13.0,14.0,14.0,16.0,7.0,-15.0,280.0,2.0,1.0,250.0,350.0,0.0,,,,4.0,29.0,1.0,SERIOUS,1
360005414.0,1.0,360214578.0,0.0,,,,,,7.0,4.0,154.0,1.0,6.0,1.0,4.0,4.0,0.0,,0.0,2.0,3.0,1.0,1.0,40.0,,,2.0,0.0,0.0,,,0.0,10.0,20.0,36.0,15.0,0.0,-2.0,208.0,3.0,3.0,80.0,40.0,0.0,,,,5.0,33.0,1.0,CRITICAL,2
360005415.0,1.0,360214580.0,7.0,,,,,,1.0,5.0,134.0,1.0,13.0,14.0,4.0,1.0,6.0,19.0,1.0,2.0,1.0,1.0,1.0,113.0,,,0.0,0.0,1.0,,,,,,,,,,,3.0,,,,0.0,,,,3.0,14.0,1.0,SERIOUS,1
360005434.0,1.0,360216752.0,0.0,24.0,21.0,-12.0,768.0,,82.0,20.0,174.0,1.0,15.0,11.0,1.0,1.0,0.0,,0.0,2.0,1.0,1.0,2.0,80.0,,,3.0,0.0,0.0,,,0.0,10.0,25.0,42.0,43.0,60.0,188.0,114.0,4.0,,300.0,,0.0,21.0,12.0,24.186773244895647,3.0,10.0,1.0,SERIOUS,1
360005435.0,1.0,360216761.0,0.0,,,,,,7.0,14.0,146.0,1.0,8.0,1.0,4.0,7.0,3.0,10.0,5.0,2.0,1.0,1.0,1.0,113.0,,,0.0,0.0,0.0,,,5.0,22.0,28.0,23.0,11.0,2.0,-25.0,140.0,2.0,,0.0,0.0,0.0,,,,2.0,5.0,1.0,MINOR,0
360005436.0,1.0,360216771.0,8.0,,,,,,50.0,14.0,185.0,1.0,10.0,1.0,2.0,1.0,0.0,,0.0,2.0,1.0,1.0,2.0,56.0,,,0.0,0.0,0.0,,,26.0,11.0,5.0,0.0,0.0,0.0,-64.0,160.0,6.0,,0.0,,0.0,,,,2.0,9.0,1.0,MINOR,0
360005437.0,1.0,360216790.0,0.0,26.0,0.0,-26.0,400.0,,14.0,5.0,149.0,1.0,14.0,1.0,4.0,1.0,2.0,4.0,6.0,2.0,3.0,1.0,2.0,48.0,,,2.0,2.0,0.0,,,2.0,6.0,17.0,21.0,22.0,17.0,0.0,150.0,2.0,3.0,0.0,,0.0,0.0,26.0,26.0,5.0,30.0,1.0,CRITICAL,2
360005454.0,1.0,360218754.0,7.0,,,,,,1.0,4.0,124.0,1.0,13.0,14.0,4.0,1.0,6.0,81.0,2.0,2.0,1.0,1.0,2.0,56.0,,,0.0,0.0,0.0,,,,,,,,,,,2.0,2.0,,,0.0,,,,3.0,13.0,1.0,SERIOUS,1
360005455.0,1.0,360218756.0,0.0,72.0,0.0,-72.0,3065.0,,1.0,4.0,124.0,1.0,13.0,14.0,4.0,1.0,0.0,,0.0,2.0,2.0,1.0,2.0,56.0,,,0.0,0.0,0.0,,,18.0,35.0,49.0,64.0,82.0,133.0,56.0,140.0,7.0,,0.0,0.0,0.0,0.0,72.0,72.0,4.0,34.0,1.0,SERIOUS,1
360005474.0,1.0,360219101.0,7.0,,,,,,98.0,4.0,158.0,9.0,62.0,1.0,1.0,2.0,0.0,,0.0,2.0,1.0,1.0,2.0,80.0,,,2.0,0.0,0.0,,,38.0,29.0,17.0,10.0,7.0,0.0,-56.0,140.0,6.0,,340.0,,0.0,,,,2.0,6.0,1.0,MINOR,0
360005494.0,1.0,360220942.0,0.0,15.0,-14.0,-3.0,266.0,,7.0,4.0,158.0,1.0,6.0,14.0,4.0,4.0,3.0,10.0,6.0,2.0,3.0,1.0,2.0,56.0,,,0.0,0.0,0.0,,,5.0,20.0,51.0,55.0,56.0,4.0,166.0,53.0,4.0,3.0,80.0,,0.0,14.0,3.0,14.317821063276353,4.0,24.0,1.0,SERIOUS,1
360005494.0,1.0,360220944.0,0.0,15.0,-14.0,-3.0,266.0,,7.0,4.0,158.0,1.0,6.0,14.0,4.0,4.0,3.0,10.0,6.0,2.0,3.0,1.0,2.0,56.0,,,0.0,0.0,0.0,,,5.0,20.0,51.0,55.0,56.0,4.0,166.0,53.0,4.0,3.0,80.0,,0.0,14.0,3.0,14.317821063276353,3.0,17.0,1.0,SERIOUS,1
360005495.0,1.0,360220946.0,0.0,20.0,-7.0,-19.0,346.0,,83.0,4.0,162.0,2.0,67.0,1.0,1.0,1.0,0.0,,0.0,3.0,1.0,1.0,2.0,64.0,,,2.0,1.0,2.0,,,14.0,24.0,26.0,10.0,2.0,1.0,-18.0,140.0,2.0,,20.0,,0.0,7.0,19.0,20.248456731316587,2.0,4.0,1.0,MINOR,0
360005496.0,1.0,360220948.0,8.0,,,,,,1.0,6.0,179.0,1.0,13.0,14.0,4.0,1.0,10.0,56.0,2.0,2.0,1.0,1.0,2.0,56.0,,,0.0,0.0,0.0,,,,,,,,,,,4.0,1.0,,0.0,0.0,,,,3.0,17.0,1.0,SERIOUS,1
360005514.0,1.0,360222741.0,0.0,,,,,,98.0,20.0,180.0,1.0,62.0,1.0,1.0,1.0,0.0,,0.0,2.0,1.0,1.0,2.0,89.0,,,2.0,0.0,0.0,,,38.0,62.0,65.0,70.0,74.0,31.0,0.0,170.0,6.0,,350.0,,0.0,,,,3.0,14.0,1.0,SERIOUS,1
360005514.0,1.0,360222743.0,0.0,,,,,,98.0,20.0,180.0,1.0,62.0,1.0,1.0,1.0,0.0,,0.0,2.0,1.0,1.0,2.0,89.0,,,2.0,0.0,0.0,,,38.0,62.0,65.0,70.0,74.0,31.0,0.0,170.0,6.0,,350.0,,0.0,,,,4.0,29.0,1.0,SERIOUS,1
360005515.0,1.0,360222745.0,6.0,,,,,,7.0,1.0,138.0,7.0,52.0,15.0,4.0,4.0,0.0,,0.0,5.0,1.0,1.0,1.0,97.0,,,0.0,0.0,3.0,,,1.0,0.0,0.0,0.0,0.0,0.0,-136.0,42.0,2.0,1.0,140.0,120.0,0.0,,,,4.0,17.0,1.0,SERIOUS,1
360005516.0,1.0,360222747.0,0.0,26.0,26.0,-5.0,467.0,,82.0,6.0,130.0,1.0,66.0,11.0,1.0,1.0,0.0,,0.0,2.0,1.0,1.0,2.0,64.0,,,2.0,1.0,0.0,,,0.0,22.0,25.0,24.0,16.0,3.0,-17.0,191.0,3.0,1.0,280.0,280.0,0.0,26.0,5.0,26.476404589747453,4.0,29.0,1.0,SERIOUS,1
360005517.0,1.0,360222775.0,8.0,,,,,,50.0,15.0,244.0,1.0,10.0,1.0,2.0,1.0,0.0,,0.0,2.0,1.0,1.0,2.0,89.0,,,0.0,0.0,0.0,,,110.0,105.0,95.0,77.0,63.0,53.0,-21.0,160.0,7.0,3.0,0.0,20.0,0.0,,,,3.0,14.0,1.0,SERIOUS,1
360005518.0,1.0,360222790.0,0.0,46.0,0.0,-46.0,1891.0,,2.0,20.0,181.0,1.0,6.0,14.0,4.0,7.0,0.0,,0.0,2.0,2.0,1.0,2.0,40.0,,,0.0,6.0,0.0,,,57.0,65.0,47.0,31.0,15.0,4.0,-49.0,150.0,4.0,2.0,0.0,120.0,0.0,0.0,46.0,46.0,2.0,8.0,1.0,MINOR,0
360005519.0,1.0,360222793.0,0.0,36.0,0.0,-36.0,776.0,,14.0,4.0,132.0,1.0,8.0,1.0,,1.0,0.0,,0.0,2.0,1.0,1.0,2.0,,,,0.0,0.0,0.0,,,43.0,37.0,29.0,15.0,0.0,0.0,-32.0,160.0,3.0,6.0,0.0,0.0,0.0,0.0,36.0,36.0,3.0,14.0,1.0,SERIOUS,1
360005520.0,1.0,360222795.0,0.0,32.0,-21.0,-25.0,600.0,,68.0,4.0,126.0,1.0,15.0,11.0,1.0,1.0,0.0,,0.0,5.0,1.0,2.0,2.0,56.0,,,2.0,1.0,0.0,,,11.0,21.0,27.0,28.0,19.0,20.0,31.0,140.0,2.0,,40.0,,0.0,21.0,25.0,32.64965543462902,2.0,12.0,1.0,MINOR,0
360005534.0,1.0,360225817.0,7.0,,,,,,7.0,4.0,136.0,1.0,6.0,14.0,4.0,4.0,9.0,48.0,1.0,2.0,1.0,1.0,2.0,56.0,,,0.0,0.0,0.0,,,,,,,,,,,3.0,2.0,,,0.0,,,,4.0,24.0,1.0,SERIOUS,1
360005554.0,1.0,360227928.0,0.0,40.0,20.0,-35.0,1480.0,,2.0,14.0,150.0,1.0,6.0,15.0,4.0,7.0,0.0,,0.0,2.0,1.0,2.0,2.0,72.0,,,1.0,0.0,3.0,,,24.0,32.0,34.0,35.0,35.0,37.0,0.0,156.0,2.0,,330.0,,0.0,20.0,35.0,40.311288741492746,3.0,14.0,1.0,SERIOUS,1
360005555.0,1.0,360227930.0,0.0,36.0,6.0,-35.0,1330.0,,14.0,31.0,255.0,9.0,14.0,10.0,4.0,1.0,0.0,,0.0,2.0,2.0,1.0,2.0,80.0,,,2.0,2.0,0.0,,,12.0,25.0,48.0,30.0,15.0,2.0,1.0,180.0,3.0,2.0,350.0,350.0,0.0,6.0,35.0,35.510561809129406,3.0,14.0,1.0,SERIOUS,1
360005556.0,1.0,360227933.0,7.0,,,,,,7.0,31.0,217.0,7.0,87.0,1.0,2.0,4.0,8.0,29.0,1.0,5.0,3.0,2.0,2.0,72.0,,,0.0,0.0,1.0,,,,,,,,,,,3.0,1.0,,40.0,0.0,,,,3.0,10.0,1.0,SERIOUS,1
360005557.0,1.0,360227935.0,0.0,74.0,0.0,-74.0,3605.0,,6.0,4.0,155.0,1.0,6.0,14.0,4.0,1.0,0.0,,0.0,2.0,3.0,2.0,2.0,56.0,,,0.0,0.0,0.0,,,25.0,44.0,63.0,44.0,18.0,5.0,-32.0,140.0,3.0,,0.0,0.0,2.0,0.0,74.0,74.0,2.0,9.0,1.0,MINOR,0
360005558.0,1.0,360227937.0,0.0,32.0,11.0,-30.0,645.0,,69.0,2.0,143.0,2.0,62.0,1.0,1.0,1.0,0.0,,0.0,7.0,3.0,2.0,2.0,56.0,,,2.0,1.0,0.0,,,57.0,45.0,30.0,13.0,7.0,1.0,-47.0,140.0,4.0,,340.0,,0.0,11.0,30.0,31.953090617340916,3.0,19.0,1.0,SERIOUS,1
360005559.0,1.0,360227939.0,7.0,,,,,,7.0,4.0,138.0,1.0,6.0,14.0,4.0,7.0,8.0,33.0,1.0,2.0,2.0,1.0,2.0,80.0,,,0.0,0.0,0.0,,,,,,,,,,,3.0,1.0,,320.0,0.0,,,,3.0,13.0,1.0,SERIOUS,1
360005574.0,1.0,360231004.0,0.0,32.0,-16.0,-28.0,512.0,,68.0,4.0,111.0,1.0,15.0,11.0,1.0,1.0,0.0,,0.0,5.0,3.0,1.0,2.0,56.0,,,2.0,1.0,0.0,,,17.0,19.0,29.0,38.0,20.0,2.0,-24.0,140.0,3.0,,30.0,,0.0,16.0,28.0,32.2490309931942,3.0,10.0,1.0,SERIOUS,1
360005575.0,1.0,360231006.0,0.0,81.0,0.0,-81.0,2252.0,,98.0,4.0,136.0,2.0,62.0,1.0,1.0,1.0,0.0,,0.0,1.0,3.0,2.0,2.0,89.0,,,0.0,0.0,1.0,,,45.0,47.0,47.0,52.0,49.0,37.0,0.0,140.0,3.0,,0.0,,0.0,0.0,81.0,81.0,2.0,9.0,1.0,MINOR,0
360005576.0,1.0,360231009.0,3.0,,,,,,66.0,4.0,180.0,1.0,5.0,14.0,2.0,7.0,0.0,,0.0,3.0,1.0,3.0,2.0,97.0,,,0.0,0.0,0.0,,,0.0,21.0,29.0,19.0,9.0,4.0,-65.0,255.0,2.0,6.0,250.0,190.0,0.0,,,,5.0,33.0,1.0,CRITICAL,2
360005577.0,1.0,360231011.0,0.0,15.0,11.0,-10.0,187.0,,82.0,4.0,124.0,2.0,15.0,11.0,1.0,1.0,0.0,,0.0,2.0,1.0,2.0,1.0,40.0,,,2.0,2.0,0.0,,,2.0,14.0,15.0,17.0,22.0,21.0,172.0,92.0,2.0,,310.0,,0.0,11.0,10.0,14.866068747318506,4.0,25.0,1.0,SERIOUS,1
360005578.0,1.0,360231013.0,5.0,,,,,,38.0,31.0,232.0,1.0,10.0,15.0,2.0,1.0,0.0,,0.0,5.0,1.0,1.0,1.0,97.0,,,0.0,0.0,3.0,,,84.0,94.0,99.0,95.0,104.0,90.0,0.0,180.0,4.0,,0.0,,0.0,,,,3.0,19.0,1.0,SERIOUS,1
360005579.0,1.0,360231015.0,0.0,41.0,0.0,-41.0,778.0,,48.0,4.0,124.0,3.0,61.0,1.0,1.0,2.0,0.0,,0.0,4.0,1.0,1.0,1.0,97.0,,,1.0,0.0,3.0,,,5.0,16.0,36.0,41.0,38.0,27.0,11.0,140.0,2.0,,0.0,,0.0,0.0,41.0,41.0,3.0,13.0,1.0,SERIOUS,1
360005594.0,1.0,360233643.0,0.0,19.0,-18.0,-6.0,398.0,,68.0,2.0,160.0,1.0,15.0,11.0,1.0,1.0,0.0,,0.0,6.0,3.0,2.0,2.0,48.0,,,2.0,1.0,0.0,,,0.0,28.0,22.0,19.0,7.0,0.0,-40.0,193.0,2.0,,70.0,,0.0,18.0,6.0,18.973665961010276,4.0,21.0,1.0,SERIOUS,1
360005595.0,1.0,360233653.0,5.0,,,,,,2.0,2.0,127.0,1.0,6.0,6.0,4.0,3.0,0.0,,0.0,7.0,1.0,2.0,2.0,56.0,,,0.0,0.0,0.0,,,0.0,11.0,89.0,87.0,70.0,39.0,32.0,113.0,6.0,,290.0,,0.0,,,,4.0,26.0,1.0,SERIOUS,1
360005596.0,1.0,360233656.0,0.0,71.0,0.0,-71.0,3696.0,,1.0,4.0,155.0,1.0,13.0,14.0,4.0,1.0,0.0,,0.0,3.0,3.0,2.0,2.0,64.0,,,0.0,6.0,2.0,,,9.0,22.0,44.0,60.0,88.0,107.0,55.0,150.0,5.0,1.0,0.0,0.0,0.0,0.0,71.0,71.0,2.0,4.0,1.0,MINOR,0
360005614.0,1.0,360235925.0,0.0,34.0,12.0,-32.0,705.0,,69.0,4.0,132.0,2.0,62.0,1.0,1.0,1.0,0.0,,0.0,4.0,2.0,2.0,2.0,56.0,,,2.0,1.0,0.0,,,33.0,31.0,29.0,24.0,8.0,0.0,-28.0,150.0,2.0,,340.0,,0.0,12.0,32.0,34.17601498127012,2.0,5.0,1.0,MINOR,0
360005615.0,1.0,360235933.0,0.0,68.0,12.0,-67.0,1846.0,,50.0,1.0,134.0,1.0,10.0,6.0,2.0,1.0,0.0,,0.0,3.0,3.0,1.0,2.0,48.0,,,0.0,0.0,0.0,,,28.0,39.0,50.0,38.0,17.0,0.0,-40.0,150.0,2.0,,350.0,,0.0,12.0,67.0,68.06614430096654,3.0,14.0,1.0,SERIOUS,1
360005616.0,1.0,360235936.0,8.0,,,,,,1.0,5.0,149.0,1.0,13.0,14.0,4.0,1.0,6.0,,6.0,2.0,1.0,1.0,1.0,113.0,,,0.0,0.0,2.0,,,,,,,,,,,4.0,5.0,,0.0,0.0,,,,3.0,10.0,1.0,SERIOUS,1
360005617.0,1.0,360235938.0,4.0,,,,,,50.0,31.0,248.0,1.0,6.0,14.0,2.0,7.0,0.0,,0.0,2.0,,3.0,2.0,48.0,,,0.0,6.0,0.0,,,6.0,22.0,41.0,42.0,55.0,54.0,28.0,160.0,4.0,1.0,20.0,80.0,0.0,,,,3.0,14.0,1.0,SERIOUS,1
360005634.0,1.0,360238124.0,0.0,21.0,-7.0,-20.0,375.0,,68.0,6.0,178.0,1.0,15.0,11.0,1.0,1.0,0.0,,0.0,5.0,3.0,2.0,2.0,48.0,,,2.0,1.0,0.0,,,1.0,4.0,14.0,20.0,24.0,8.0,46.0,150.0,2.0,,20.0,,0.0,7.0,20.0,21.18962010041709,2.0,5.0,1.0,MINOR,0
360005635.0,1.0,360238126.0,7.0,,,,,,2.0,4.0,145.0,1.0,6.0,14.0,4.0,4.0,0.0,,0.0,2.0,2.0,2.0,2.0,56.0,,,0.0,0.0,0.0,,,,,,,,,,,3.0,2.0,70.0,80.0,0.0,,,,3.0,17.0,1.0,SERIOUS,1
360005636.0,1.0,360238133.0,0.0,85.0,0.0,-85.0,5056.0,,51.0,4.0,180.0,2.0,62.0,14.0,1.0,1.0,0.0,,0.0,2.0,2.0,2.0,2.0,64.0,,,0.0,0.0,0.0,,,26.0,70.0,68.0,71.0,70.0,70.0,0.0,150.0,3.0,,0.0,,0.0,0.0,85.0,85.0,3.0,14.0,1.0,SERIOUS,1
360005654.0,1.0,360239426.0,0.0,22.0,22.0,0.0,267.0,,7.0,4.0,127.0,1.0,6.0,1.0,4.0,4.0,0.0,,0.0,3.0,3.0,2.0,2.0,48.0,,,0.0,0.0,0.0,,,2.0,14.0,30.0,18.0,5.0,2.0,-12.0,153.0,3.0,3.0,270.0,100.0,0.0,22.0,0.0,22.0,5.0,41.0,1.0,CRITICAL,2
360005655.0,1.0,360239432.0,0.0,78.0,-14.0,-77.0,3454.0,,58.0,4.0,122.0,8.0,51.0,1.0,2.0,1.0,0.0,,0.0,2.0,4.0,2.0,2.0,80.0,,,2.0,0.0,0.0,,,53.0,63.0,71.0,76.0,85.0,68.0,0.0,140.0,5.0,,10.0,,0.0,14.0,77.0,78.26237921249263,4.0,26.0,1.0,SERIOUS,1
360005674.0,1.0,360241814.0,0.0,21.0,-7.0,-19.0,338.0,,83.0,4.0,149.0,2.0,67.0,1.0,1.0,1.0,0.0,,0.0,5.0,3.0,2.0,2.0,56.0,,,2.0,0.0,0.0,,,3.0,3.0,7.0,21.0,19.0,17.0,41.0,140.0,2.0,,20.0,,0.0,7.0,19.0,20.248456731316587,2.0,5.0,1.0,MINOR,0
360005675.0,1.0,360241821.0,7.0,,,,,,89.0,2.0,127.0,1.0,66.0,1.0,1.0,1.0,0.0,,0.0,4.0,1.0,1.0,2.0,56.0,,,2.0,0.0,0.0,,,3.0,6.0,4.0,19.0,11.0,1.0,-23.0,243.0,2.0,,330.0,,0.0,,,,4.0,16.0,1.0,SERIOUS,1
360005676.0,1.0,360241823.0,0.0,30.0,0.0,-30.0,696.0,,64.0,14.0,200.0,2.0,10.0,14.0,2.0,1.0,0.0,,0.0,4.0,3.0,1.0,2.0,56.0,,,0.0,0.0,0.0,,,27.0,24.0,20.0,16.0,10.0,0.0,-37.0,160.0,6.0,,0.0,,0.0,0.0,30.0,30.0,3.0,10.0,1.0,SERIOUS,1
360005694.0,1.0,360242310.0,0.0,17.0,16.0,-6.0,216.0,,82.0,5.0,117.0,1.0,15.0,11.0,1.0,1.0,0.0,,0.0,2.0,1.0,2.0,2.0,56.0,,,2.0,2.0,0.0,,,2.0,10.0,13.0,13.0,14.0,9.0,-2.0,180.0,2.0,,290.0,,0.0,16.0,6.0,17.08800749063506,3.0,22.0,1.0,SERIOUS,1
360005695.0,1.0,360242317.0,0.0,30.0,5.0,-30.0,393.0,,69.0,4.0,124.0,1.0,62.0,1.0,1.0,1.0,0.0,,0.0,2.0,1.0,1.0,2.0,56.0,,,3.0,0.0,0.0,,,34.0,26.0,11.0,0.0,0.0,1.0,-51.0,144.0,2.0,1.0,350.0,320.0,0.0,5.0,30.0,30.4138126514911,3.0,9.0,1.0,SERIOUS,1
360005714.0,1.0,360244820.0,7.0,,,,,,2.0,1.0,158.0,1.0,6.0,14.0,4.0,3.0,0.0,,0.0,2.0,1.0,1.0,2.0,56.0,,,0.0,5.0,0.0,,,0.0,2.0,8.0,9.0,6.0,0.0,134.0,121.0,2.0,1.0,260.0,350.0,0.0,,,,3.0,10.0,1.0,SERIOUS,1
360005715.0,1.0,360244822.0,7.0,,,,,,1.0,6.0,157.0,1.0,13.0,1.0,4.0,1.0,2.0,4.0,6.0,2.0,1.0,1.0,2.0,89.0,,,0.0,0.0,0.0,,,0.0,0.0,0.0,0.0,1.0,5.0,62.0,140.0,5.0,1.0,0.0,0.0,0.0,,,,3.0,10.0,1.0,SERIOUS,1
360005716.0,1.0,360244825.0,0.0,37.0,37.0,0.0,866.0,,87.0,4.0,154.0,1.0,17.0,1.0,1.0,1.0,0.0,,0.0,3.0,1.0,2.0,2.0,56.0,,,2.0,1.0,0.0,,,34.0,47.0,69.0,71.0,50.0,28.0,23.0,65.0,5.0,2.0,270.0,40.0,0.0,37.0,0.0,37.0,3.0,14.0,1.0,SERIOUS,1
360005717.0,1.0,360244827.0,8.0,,,,,,1.0,30.0,209.0,1.0,13.0,1.0,4.0,1.0,0.0,,0.0,2.0,2.0,2.0,2.0,97.0,,,0.0,0.0,1.0,,,,,,,,,,,9.0,1.0,0.0,0.0,0.0,,,,2.0,12.0,1.0,MINOR,0
360005734.0,1.0,360247411.0,0.0,61.0,-21.0,-57.0,2728.0,,2.0,4.0,136.0,1.0,6.0,14.0,4.0,2.0,0.0,,0.0,2.0,4.0,1.0,2.0,40.0,,,0.0,6.0,0.0,,,1.0,34.0,67.0,79.0,90.0,91.0,0.0,140.0,5.0,3.0,20.0,300.0,0.0,21.0,57.0,60.74537019394976,3.0,19.0,1.0,SERIOUS,1
360005734.0,1.0,360247419.0,0.0,61.0,-21.0,-57.0,2728.0,,2.0,4.0,136.0,1.0,6.0,14.0,4.0,2.0,0.0,,0.0,2.0,4.0,1.0,2.0,40.0,,,0.0,6.0,0.0,,,1.0,34.0,67.0,79.0,90.0,91.0,0.0,140.0,5.0,3.0,20.0,300.0,0.0,21.0,57.0,60.74537019394976,4.0,29.0,1.0,SERIOUS,1
360005735.0,1.0,360247425.0,0.0,38.0,0.0,-38.0,806.0,,50.0,6.0,152.0,1.0,10.0,1.0,2.0,1.0,0.0,,0.0,2.0,1.0,1.0,2.0,80.0,,,0.0,0.0,0.0,,,57.0,44.0,34.0,25.0,15.0,9.0,-44.0,140.0,3.0,,0.0,,0.0,0.0,38.0,38.0,2.0,9.0,1.0,MINOR,0
360005736.0,1.0,360247427.0,8.0,,,,,,2.0,5.0,155.0,1.0,6.0,14.0,4.0,3.0,1.0,3.0,1.0,2.0,1.0,1.0,2.0,56.0,,,0.0,0.0,0.0,,,,,,,,,,,5.0,2.0,,,0.0,,,,3.0,9.0,1.0,SERIOUS,1
360005737.0,1.0,360247429.0,7.0,,,,,,7.0,20.0,201.0,1.0,6.0,14.0,4.0,4.0,4.0,9.0,5.0,2.0,1.0,1.0,5.0,48.0,,,0.0,0.0,0.0,,,,,,,,,,,2.0,2.0,,,0.0,,,,2.0,12.0,1.0,MINOR,0
360005738.0,1.0,360247448.0,8.0,,,,,,93.0,5.0,138.0,4.0,62.0,1.0,1.0,,0.0,,0.0,2.0,2.0,1.0,2.0,89.0,,,3.0,0.0,0.0,,,,,,,,,,,7.0,1.0,0.0,0.0,0.0,,,,3.0,14.0,1.0,SERIOUS,1
360005739.0,1.0,360247450.0,6.0,,,,,,87.0,14.0,208.0,1.0,17.0,1.0,1.0,1.0,2.0,5.0,7.0,3.0,1.0,1.0,2.0,40.0,,,2.0,1.0,0.0,,,,,,,,,,,2.0,1.0,,30.0,0.0,,,,2.0,8.0,1.0,MINOR,0
360005754.0,1.0,360250433.0,0.0,34.0,-6.0,-33.0,1784.0,,51.0,15.0,271.0,8.0,62.0,14.0,2.0,1.0,0.0,,0.0,2.0,1.0,1.0,2.0,89.0,,,0.0,0.0,0.0,,,36.0,39.0,41.0,31.0,25.0,16.0,6.0,180.0,2.0,,10.0,,0.0,6.0,33.0,33.54101966249684,3.0,11.0,1.0,SERIOUS,1
360005755.0,1.0,360250435.0,0.0,56.0,0.0,-56.0,985.0,,51.0,4.0,121.0,9.0,62.0,14.0,1.0,,0.0,,0.0,2.0,2.0,1.0,2.0,89.0,,,0.0,0.0,0.0,,,63.0,50.0,39.0,25.0,10.0,0.0,-45.0,160.0,6.0,,0.0,,0.0,0.0,56.0,56.0,2.0,12.0,1.0,MINOR,0
360005774.0,1.0,360252638.0,0.0,45.0,0.0,-45.0,2191.0,,12.0,31.0,258.0,9.0,90.0,1.0,4.0,2.0,0.0,,0.0,2.0,2.0,1.0,2.0,64.0,64.0,,0.0,0.0,0.0,,,27.0,14.0,50.0,53.0,59.0,0.0,-26.0,180.0,3.0,9.0,0.0,0.0,0.0,0.0,45.0,45.0,2.0,9.0,1.0,MINOR,0
360005775.0,1.0,360252640.0,0.0,38.0,0.0,-38.0,937.0,,51.0,5.0,136.0,2.0,62.0,14.0,1.0,1.0,0.0,,0.0,2.0,3.0,1.0,2.0,56.0,,,0.0,0.0,0.0,,,60.0,47.0,34.0,21.0,12.0,7.0,-55.0,140.0,5.0,,0.0,,0.0,0.0,38.0,38.0,4.0,34.0,1.0,SERIOUS,1
360005775.0,1.0,360252646.0,0.0,38.0,0.0,-38.0,937.0,,51.0,5.0,136.0,2.0,62.0,14.0,1.0,1.0,0.0,,0.0,2.0,3.0,1.0,2.0,56.0,,,0.0,0.0,0.0,,,60.0,47.0,34.0,21.0,12.0,7.0,-55.0,140.0,5.0,,0.0,,0.0,0.0,38.0,38.0,3.0,22.0,1.0,SERIOUS,1
360005776.0,1.0,360252648.0,5.0,,,,,,1.0,31.0,261.0,1.0,13.0,14.0,4.0,1.0,0.0,,0.0,2.0,1.0,1.0,2.0,97.0,,,0.0,0.0,0.0,,,0.0,22.0,53.0,105.0,106.0,116.0,58.0,160.0,6.0,,0.0,,0.0,,,,3.0,10.0,1.0,SERIOUS,1
360005777.0,1.0,360252650.0,8.0,,,,,,2.0,4.0,152.0,1.0,6.0,14.0,4.0,4.0,3.0,5.0,1.0,2.0,2.0,1.0,2.0,56.0,,,0.0,0.0,0.0,,,,,,,,,,,4.0,4.0,,,0.0,,,,3.0,14.0,1.0,SERIOUS,1
360005794.0,1.0,360255797.0,8.0,,,,,,24.0,14.0,206.0,9.0,51.0,1.0,1.0,1.0,8.0,31.0,1.0,2.0,1.0,1.0,2.0,56.0,,,0.0,0.0,0.0,,,,,,,,,,,3.0,3.0,,0.0,0.0,,,,4.0,24.0,1.0,SERIOUS,1
360005795.0,1.0,360255802.0,0.0,32.0,0.0,-32.0,877.0,,1.0,20.0,198.0,6.0,51.0,15.0,4.0,1.0,0.0,,0.0,6.0,1.0,1.0,2.0,64.0,,,2.0,1.0,0.0,,,11.0,42.0,30.0,20.0,9.0,1.0,-28.0,140.0,3.0,,0.0,,0.0,0.0,32.0,32.0,3.0,10.0,1.0,SERIOUS,1
360005796.0,1.0,360255804.0,0.0,29.0,0.0,-29.0,580.0,,6.0,4.0,165.0,1.0,11.0,14.0,2.0,1.0,0.0,,0.0,4.0,1.0,1.0,1.0,56.0,,,0.0,0.0,0.0,,,6.0,6.0,20.0,43.0,15.0,0.0,-1.0,160.0,2.0,1.0,0.0,0.0,0.0,0.0,29.0,29.0,3.0,22.0,1.0,SERIOUS,1
360005797.0,1.0,360255806.0,0.0,44.0,0.0,-44.0,1080.0,,47.0,20.0,179.0,1.0,60.0,15.0,1.0,1.0,0.0,,0.0,4.0,1.0,1.0,1.0,97.0,97.0,,0.0,0.0,3.0,,,1.0,14.0,24.0,33.0,38.0,39.0,50.0,160.0,3.0,1.0,0.0,270.0,0.0,0.0,44.0,44.0,3.0,9.0,1.0,SERIOUS,1
360005798.0,1.0,360255808.0,8.0,,,,,,7.0,15.0,234.0,4.0,6.0,14.0,4.0,4.0,8.0,27.0,1.0,2.0,2.0,1.0,4.0,80.0,,,0.0,0.0,0.0,,,,,,,,,,,4.0,1.0,,70.0,0.0,,,,3.0,22.0,1.0,SERIOUS,1
360005834.0,1.0,360258991.0,2.0,,,,,,3.0,14.0,155.0,8.0,87.0,1.0,4.0,3.0,1.0,4.0,3.0,2.0,2.0,1.0,2.0,89.0,,,0.0,0.0,0.0,,,13.0,8.0,4.0,0.0,0.0,0.0,-46.0,160.0,3.0,1.0,190.0,330.0,0.0,,,,3.0,14.0,1.0,SERIOUS,1
360005835.0,1.0,360258996.0,0.0,29.0,0.0,-29.0,545.0,,20.0,5.0,138.0,1.0,50.0,1.0,1.0,1.0,0.0,,0.0,3.0,1.0,1.0,2.0,40.0,,,2.0,1.0,0.0,,,32.0,28.0,24.0,18.0,11.0,5.0,-37.0,140.0,2.0,,0.0,0.0,0.0,0.0,29.0,29.0,3.0,19.0,2.0,SERIOUS,1
360005835.0,1.0,360259001.0,0.0,29.0,0.0,-29.0,545.0,,20.0,5.0,138.0,1.0,50.0,1.0,1.0,1.0,0.0,,0.0,3.0,1.0,1.0,2.0,40.0,,,2.0,1.0,0.0,,,32.0,28.0,24.0,18.0,11.0,5.0,-37.0,140.0,2.0,,0.0,0.0,0.0,0.0,29.0,29.0,4.0,24.0,2.0,SERIOUS,1
360005836.0,1.0,360259005.0,5.0,,,,,,8.0,4.0,158.0,6.0,6.0,1.0,4.0,2.0,0.0,,0.0,5.0,1.0,1.0,2.0,64.0,64.0,,0.0,0.0,0.0,,,33.0,97.0,96.0,87.0,81.0,70.0,14.0,150.0,5.0,2.0,0.0,,0.0,,,,3.0,22.0,1.0,SERIOUS,1
360005837.0,1.0,360259010.0,7.0,,,,,,2.0,4.0,123.0,1.0,9.0,1.0,4.0,3.0,0.0,,0.0,3.0,3.0,1.0,2.0,97.0,,,1.0,0.0,3.0,,,,,,,,,,,3.0,3.0,280.0,200.0,0.0,,,,3.0,10.0,1.0,SERIOUS,1
360008064.0,1.0,360308505.0,8.0,,,,,,83.0,4.0,163.0,1.0,17.0,1.0,1.0,1.0,0.0,,0.0,3.0,1.0,1.0,2.0,89.0,,,2.0,1.0,1.0,,,30.0,50.0,61.0,71.0,54.0,20.0,0.0,150.0,4.0,6.0,10.0,0.0,0.0,,,,4.0,34.0,1.0,SERIOUS,1
360008065.0,1.0,360308512.0,0.0,42.0,7.0,-41.0,214.0,,51.0,1.0,162.0,1.0,62.0,14.0,1.0,1.0,0.0,,0.0,3.0,5.0,2.0,2.0,56.0,,,0.0,0.0,0.0,,,19.0,11.0,4.0,0.0,0.0,0.0,-64.0,150.0,8.0,1.0,350.0,190.0,0.0,7.0,41.0,41.593268686170845,4.0,29.0,1.0,SERIOUS,1
360008066.0,1.0,360308515.0,0.0,30.0,23.0,-19.0,675.0,,2.0,6.0,148.0,1.0,13.0,1.0,4.0,3.0,1.0,8.0,6.0,5.0,3.0,2.0,2.0,56.0,,,0.0,0.0,0.0,,,5.0,55.0,55.0,51.0,,,157.0,30.0,4.0,9.0,310.0,,0.0,23.0,19.0,29.832867780352597,3.0,17.0,1.0,SERIOUS,1
360008067.0,1.0,360308517.0,0.0,26.0,23.0,-13.0,558.0,,82.0,14.0,165.0,1.0,15.0,11.0,1.0,1.0,0.0,,0.0,2.0,1.0,1.0,2.0,56.0,,,2.0,2.0,0.0,,,0.0,18.0,24.0,18.0,13.0,4.0,55.0,211.0,3.0,,300.0,,0.0,23.0,13.0,26.419689627245813,4.0,34.0,1.0,SERIOUS,1
360008100.0,1.0,360325065.0,7.0,,,,,,1.0,31.0,323.0,1.0,13.0,1.0,4.0,1.0,5.0,24.0,1.0,3.0,1.0,1.0,2.0,113.0,,,0.0,0.0,1.0,,,,,,,,,,,3.0,1.0,,0.0,0.0,,,,2.0,9.0,1.0,MINOR,0
360008102.0,1.0,360325067.0,0.0,121.0,0.0,-121.0,3663.0,,50.0,4.0,140.0,1.0,10.0,6.0,2.0,1.0,0.0,,0.0,4.0,2.0,1.0,2.0,89.0,,,0.0,0.0,0.0,,,123.0,90.0,85.0,64.0,44.0,15.0,0.0,140.0,5.0,,0.0,190.0,0.0,0.0,121.0,121.0,4.0,41.0,2.0,SERIOUS,1
360008102.0,2.0,360325069.0,0.0,62.0,11.0,-61.0,9473.0,,51.0,31.0,293.0,1.0,62.0,1.0,1.0,1.0,0.0,,0.0,4.0,2.0,1.0,2.0,89.0,,,0.0,0.0,0.0,,,178.0,143.0,127.0,74.0,42.0,19.0,-52.0,180.0,6.0,,350.0,,0.0,11.0,61.0,61.98386886924694,4.0,34.0,1.0,SERIOUS,1
360008160.0,1.0,360334098.0,8.0,,,,,,98.0,6.0,180.0,1.0,62.0,1.0,1.0,1.0,0.0,,0.0,3.0,1.0,3.0,2.0,97.0,,,0.0,0.0,0.0,,,3.0,1.0,0.0,0.0,0.0,0.0,-67.0,160.0,9.0,1.0,0.0,260.0,0.0,,,,4.0,36.0,1.0,SERIOUS,1
360008201.0,1.0,360341873.0,7.0,,,,,,89.0,5.0,199.0,1.0,66.0,1.0,1.0,1.0,0.0,,0.0,3.0,1.0,2.0,2.0,64.0,,,2.0,1.0,0.0,,,10.0,23.0,26.0,20.0,23.0,12.0,59.0,170.0,2.0,,300.0,,0.0,,,,2.0,5.0,1.0,MINOR,0
360008202.0,1.0,360341888.0,0.0,40.0,34.0,-20.0,512.0,,89.0,14.0,166.0,1.0,66.0,1.0,1.0,1.0,0.0,,0.0,3.0,1.0,1.0,2.0,48.0,,,2.0,1.0,0.0,,,2.0,23.0,24.0,5.0,2.0,6.0,120.0,212.0,2.0,,300.0,,0.0,34.0,20.0,39.44616584663204,4.0,26.0,1.0,SERIOUS,1
360008264.0,1.0,360350573.0,0.0,48.0,16.0,-45.0,1327.0,,51.0,4.0,145.0,2.0,62.0,14.0,1.0,1.0,0.0,,0.0,5.0,3.0,2.0,2.0,64.0,,,0.0,0.0,0.0,,,48.0,48.0,42.0,35.0,25.0,11.0,0.0,140.0,2.0,,340.0,,0.0,16.0,45.0,47.75981574503821,2.0,9.0,1.0,MINOR,0
360008265.0,1.0,360350588.0,0.0,29.0,-5.0,-28.0,536.0,,6.0,3.0,151.0,1.0,9.0,14.0,4.0,1.0,0.0,,0.0,5.0,2.0,1.0,2.0,97.0,,,0.0,0.0,3.0,,,3.0,13.0,20.0,28.0,37.0,38.0,0.0,130.0,2.0,,10.0,0.0,0.0,5.0,28.0,28.442925306655784,5.0,35.0,1.0,CRITICAL,2
360008266.0,1.0,360350595.0,7.0,,,,,,20.0,30.0,145.0,9.0,50.0,1.0,1.0,2.0,0.0,,0.0,3.0,3.0,1.0,2.0,89.0,,,1.0,0.0,0.0,,,29.0,2.0,0.0,0.0,0.0,0.0,-62.0,150.0,6.0,,350.0,,0.0,,,,3.0,10.0,1.0,SERIOUS,1
360008301.0,1.0,360358268.0,7.0,,,,,,45.0,14.0,194.0,4.0,61.0,1.0,1.0,,1.0,8.0,7.0,4.0,1.0,1.0,2.0,40.0,,,0.0,0.0,3.0,,,,,,,,,,,3.0,2.0,,,0.0,,,,2.0,12.0,1.0,MINOR,0
360008325.0,1.0,360363700.0,0.0,49.0,0.0,-49.0,2144.0,,1.0,14.0,191.0,1.0,13.0,14.0,4.0,1.0,0.0,,0.0,3.0,3.0,1.0,2.0,64.0,,,0.0,0.0,0.0,,,0.0,0.0,31.0,54.0,49.0,28.0,33.0,160.0,3.0,,0.0,,0.0,0.0,49.0,49.0,4.0,26.0,1.0,SERIOUS,1
360008326.0,1.0,360363707.0,0.0,16.0,-15.0,-5.0,245.0,,68.0,4.0,170.0,1.0,15.0,11.0,1.0,1.0,0.0,,0.0,7.0,1.0,1.0,2.0,56.0,,,2.0,0.0,0.0,,,0.0,11.0,16.0,11.0,7.0,0.0,51.0,235.0,2.0,,70.0,,0.0,15.0,5.0,15.811388300841896,3.0,10.0,1.0,SERIOUS,1
360008327.0,1.0,360363720.0,8.0,,,,,,6.0,4.0,154.0,1.0,12.0,14.0,4.0,1.0,2.0,21.0,1.0,2.0,2.0,1.0,2.0,56.0,,,0.0,5.0,0.0,,,,,,,,,,,4.0,,,0.0,0.0,,,,3.0,14.0,1.0,SERIOUS,1
360008328.0,1.0,360363727.0,0.0,18.0,9.0,15.0,213.0,,2.0,4.0,157.0,1.0,6.0,14.0,4.0,3.0,2.0,13.0,1.0,2.0,2.0,2.0,2.0,48.0,,,0.0,0.0,0.0,,,16.0,25.0,17.0,11.0,4.0,0.0,-181.0,108.0,3.0,2.0,210.0,220.0,0.0,9.0,15.0,17.4928556845359,2.0,8.0,1.0,MINOR,0
360008329.0,1.0,360363741.0,0.0,17.0,6.0,-16.0,172.0,,47.0,5.0,143.0,1.0,10.0,1.0,2.0,1.0,0.0,,0.0,5.0,1.0,1.0,1.0,97.0,,,0.0,0.0,3.0,,,12.0,7.0,3.0,1.0,4.0,5.0,-50.0,140.0,5.0,1.0,340.0,260.0,0.0,6.0,16.0,17.08800749063506,3.0,17.0,1.0,SERIOUS,1
360008404.0,1.0,360385377.0,7.0,,,,,,90.0,14.0,169.0,1.0,6.0,14.0,6.0,1.0,0.0,,0.0,2.0,1.0,1.0,2.0,56.0,,,1.0,0.0,3.0,,,0.0,26.0,29.0,26.0,26.0,12.0,45.0,245.0,3.0,,270.0,,0.0,,,,4.0,29.0,1.0,SERIOUS,1
360008405.0,1.0,360385379.0,0.0,70.0,12.0,-69.0,2519.0,,6.0,4.0,122.0,1.0,12.0,14.0,4.0,1.0,0.0,,0.0,2.0,1.0,2.0,2.0,80.0,,,0.0,0.0,0.0,,,36.0,86.0,83.0,60.0,49.0,37.0,-6.0,140.0,5.0,,350.0,,0.0,12.0,69.0,70.03570517957252,3.0,11.0,1.0,SERIOUS,1
360008406.0,1.0,360385382.0,0.0,59.0,0.0,-59.0,1678.0,,20.0,4.0,170.0,8.0,50.0,1.0,1.0,1.0,0.0,,0.0,6.0,3.0,1.0,2.0,97.0,,,1.0,0.0,3.0,,,23.0,42.0,44.0,36.0,26.0,9.0,-7.0,140.0,3.0,,0.0,,0.0,0.0,59.0,59.0,3.0,10.0,1.0,SERIOUS,1
360008426.0,1.0,360388179.0,0.0,46.0,-8.0,-45.0,1068.0,,51.0,5.0,143.0,9.0,62.0,1.0,1.0,2.0,0.0,,0.0,2.0,1.0,1.0,2.0,89.0,,,0.0,0.0,0.0,,,3.0,18.0,34.0,42.0,44.0,47.0,0.0,140.0,2.0,,10.0,,0.0,8.0,45.0,45.70557952810576,4.0,17.0,1.0,SERIOUS,1
360008427.0,1.0,360388182.0,0.0,34.0,0.0,-34.0,582.0,,51.0,4.0,169.0,4.0,62.0,14.0,1.0,,0.0,,0.0,2.0,1.0,2.0,2.0,24.0,,,0.0,6.0,0.0,,,6.0,18.0,23.0,17.0,11.0,5.0,20.0,140.0,1.0,,0.0,,0.0,0.0,34.0,34.0,2.0,5.0,1.0,MINOR,0
360008428.0,1.0,360388188.0,0.0,48.0,0.0,-48.0,1315.0,,12.0,5.0,142.0,1.0,98.0,14.0,1.0,1.0,0.0,,0.0,2.0,3.0,1.0,1.0,0.0,,,0.0,2.0,0.0,,,42.0,51.0,46.0,43.0,39.0,29.0,0.0,150.0,3.0,,0.0,0.0,0.0,0.0,48.0,48.0,3.0,10.0,1.0,SERIOUS,1
360008429.0,1.0,360388197.0,0.0,17.0,17.0,-3.0,214.0,,89.0,15.0,203.0,1.0,17.0,1.0,1.0,1.0,0.0,,0.0,2.0,1.0,1.0,2.0,48.0,,,2.0,2.0,0.0,,,0.0,6.0,16.0,11.0,6.0,2.0,-26.0,167.0,2.0,,280.0,,0.0,17.0,3.0,17.26267650163207,3.0,19.0,1.0,SERIOUS,1
360008547.0,1.0,360412465.0,0.0,48.0,-37.0,-31.0,1097.0,,87.0,4.0,154.0,1.0,17.0,1.0,1.0,1.0,1.0,2.0,8.0,2.0,3.0,1.0,2.0,56.0,,,2.0,1.0,3.0,,,0.0,12.0,39.0,44.0,27.0,13.0,6.0,258.0,3.0,2.0,50.0,,0.0,37.0,31.0,48.27007354458868,3.0,14.0,1.0,SERIOUS,1
360008548.0,1.0,360412468.0,7.0,,,,,,6.0,31.0,220.0,1.0,12.0,1.0,4.0,1.0,0.0,,0.0,7.0,3.0,1.0,2.0,64.0,,,2.0,1.0,0.0,,,64.0,36.0,31.0,16.0,0.0,0.0,-17.0,160.0,3.0,2.0,0.0,0.0,0.0,,,,3.0,10.0,1.0,SERIOUS,1
360008549.0,1.0,360412472.0,0.0,58.0,0.0,-58.0,2691.0,,52.0,4.0,156.0,4.0,98.0,1.0,1.0,,0.0,,0.0,3.0,4.0,2.0,2.0,113.0,,,0.0,0.0,1.0,,,51.0,60.0,71.0,64.0,61.0,60.0,12.0,140.0,3.0,,0.0,,0.0,0.0,58.0,58.0,3.0,14.0,1.0,SERIOUS,1
360008550.0,1.0,360412474.0,7.0,,,,,,2.0,3.0,149.0,1.0,6.0,1.0,4.0,1.0,,,4.0,3.0,2.0,1.0,2.0,97.0,,,0.0,0.0,3.0,,,54.0,60.0,53.0,41.0,29.0,7.0,0.0,140.0,3.0,3.0,0.0,0.0,0.0,,,,3.0,19.0,1.0,SERIOUS,1
341005294.0,1.0,363205352.0,0.0,40.0,7.0,-39.0,1105.0,,50.0,4.0,150.0,1.0,62.0,14.0,1.0,1.0,0.0,,0.0,1.0,3.0,5.0,1.0,56.0,56.0,,1.0,6.0,3.0,,,28.0,32.0,37.0,37.0,34.0,4.0,0.0,168.0,2.0,,350.0,,0.0,7.0,39.0,39.6232255123179,2.0,12.0,1.0,MINOR,0
341005335.0,1.0,363205495.0,0.0,22.0,-17.0,-14.0,428.0,,68.0,4.0,154.0,1.0,15.0,11.0,2.0,1.0,0.0,,0.0,5.0,1.0,1.0,2.0,64.0,24.0,,2.0,1.0,1.0,,,4.0,14.0,18.0,31.0,35.0,44.0,149.0,105.0,3.0,3.0,50.0,90.0,0.0,17.0,14.0,22.02271554554524,3.0,22.0,1.0,SERIOUS,1
341007319.0,1.0,363205589.0,2.0,,,,,,32.0,3.0,158.0,1.0,50.0,1.0,1.0,1.0,0.0,,0.0,3.0,3.0,1.0,2.0,97.0,113.0,,0.0,0.0,2.0,,,5.0,13.0,14.0,15.0,16.0,13.0,60.0,168.0,9.0,,10.0,,0.0,,,,3.0,10.0,1.0,SERIOUS,1
341005334.0,1.0,363205657.0,0.0,16.0,16.0,-3.0,380.0,,89.0,4.0,188.0,1.0,66.0,1.0,1.0,1.0,0.0,,0.0,3.0,1.0,2.0,2.0,40.0,16.0,,2.0,1.0,0.0,,,6.0,19.0,25.0,3.0,7.0,8.0,-73.0,263.0,2.0,,280.0,,0.0,16.0,3.0,16.278820596099706,2.0,5.0,1.0,MINOR,0
341005339.0,1.0,363205689.0,7.0,,,,,,1.0,14.0,158.0,1.0,13.0,1.0,4.0,1.0,0.0,,0.0,2.0,1.0,1.0,2.0,56.0,,,2.0,0.0,0.0,,,,,,,,,,,2.0,,,,0.0,,,,3.0,9.0,1.0,SERIOUS,1
341007377.0,1.0,363205775.0,0.0,45.0,-8.0,-44.0,1612.0,,51.0,2.0,162.0,2.0,62.0,14.0,1.0,1.0,0.0,,0.0,2.0,2.0,1.0,2.0,72.0,48.0,,0.0,0.0,0.0,,,26.0,34.0,37.0,44.0,53.0,32.0,0.0,160.0,3.0,,10.0,,0.0,8.0,44.0,44.721359549995796,3.0,19.0,1.0,SERIOUS,1
341005374.0,1.0,363206770.0,0.0,57.0,19.0,-54.0,2265.0,,51.0,6.0,126.0,1.0,62.0,1.0,1.0,1.0,0.0,,0.0,3.0,1.0,1.0,2.0,72.0,64.0,,0.0,0.0,0.0,,,23.0,40.0,63.0,61.0,65.0,53.0,12.0,147.0,4.0,,340.0,,0.0,19.0,54.0,57.245087125446844,3.0,14.0,1.0,SERIOUS,1
561001404.0,1.0,385107159.0,0.0,61.0,0.0,-61.0,2863.0,,6.0,4.0,172.0,1.0,12.0,1.0,4.0,1.0,0.0,,0.0,3.0,1.0,1.0,2.0,105.0,,,0.0,0.0,1.0,,,103.0,103.0,97.0,70.0,33.0,3.0,-40.0,160.0,4.0,1.0,0.0,80.0,0.0,0.0,61.0,61.0,5.0,50.0,2.0,CRITICAL,2
561001404.0,1.0,385107190.0,0.0,61.0,0.0,-61.0,2863.0,,6.0,4.0,172.0,1.0,12.0,1.0,4.0,1.0,0.0,,0.0,3.0,1.0,1.0,2.0,105.0,,,0.0,0.0,1.0,,,103.0,103.0,97.0,70.0,33.0,3.0,-40.0,160.0,4.0,1.0,0.0,80.0,0.0,0.0,61.0,61.0,4.0,34.0,1.0,SERIOUS,1
561001405.0,1.0,385107450.0,0.0,26.0,9.0,-24.0,428.0,,69.0,4.0,149.0,1.0,66.0,1.0,1.0,1.0,4.0,10.0,1.0,2.0,2.0,1.0,2.0,89.0,,,1.0,0.0,1.0,,,43.0,30.0,23.0,10.0,2.0,0.0,-32.0,140.0,2.0,6.0,340.0,,0.0,9.0,24.0,25.632011235952593,4.0,29.0,1.0,SERIOUS,1
561001507.0,1.0,385111689.0,0.0,37.0,36.0,-6.0,1067.0,,89.0,4.0,181.0,1.0,17.0,1.0,1.0,1.0,0.0,,0.0,2.0,1.0,1.0,2.0,48.0,,,2.0,2.0,0.0,,,1.0,17.0,26.0,41.0,28.0,0.0,-25.0,256.0,3.0,,280.0,,0.0,36.0,6.0,36.49657518178932,3.0,18.0,1.0,SERIOUS,1
561001524.0,1.0,385112182.0,0.0,34.0,-12.0,-32.0,714.0,,68.0,3.0,120.0,1.0,15.0,11.0,1.0,1.0,0.0,,0.0,3.0,1.0,2.0,2.0,64.0,,,2.0,0.0,0.0,,,18.0,25.0,38.0,51.0,37.0,13.0,0.0,120.0,3.0,,20.0,,0.0,12.0,32.0,34.17601498127012,3.0,9.0,1.0,SERIOUS,1
561001524.0,2.0,385112274.0,0.0,37.0,6.0,-36.0,637.0,,69.0,3.0,110.0,,62.0,14.0,1.0,,0.0,,0.0,3.0,1.0,2.0,2.0,64.0,,,2.0,0.0,0.0,,,43.0,37.0,29.0,22.0,11.0,1.0,-30.0,140.0,2.0,,350.0,,0.0,6.0,36.0,36.49657518178932,3.0,17.0,1.0,SERIOUS,1
561001544.0,1.0,385112903.0,0.0,62.0,0.0,-62.0,2188.0,,49.0,2.0,141.0,7.0,,1.0,3.0,,0.0,,0.0,5.0,1.0,1.0,2.0,89.0,,,0.0,0.0,2.0,,,33.0,48.0,56.0,62.0,62.0,56.0,0.0,145.0,3.0,2.0,0.0,280.0,0.0,0.0,62.0,62.0,2.0,12.0,1.0,MINOR,0
561001546.0,1.0,385113090.0,0.0,60.0,-60.0,0.0,4629.0,,68.0,4.0,144.0,1.0,15.0,11.0,1.0,1.0,0.0,,0.0,4.0,1.0,2.0,2.0,80.0,,,2.0,0.0,1.0,,,12.0,45.0,76.0,77.0,38.0,3.0,-76.0,279.0,5.0,1.0,90.0,0.0,0.0,60.0,0.0,60.0,4.0,24.0,1.0,SERIOUS,1
561001564.0,1.0,385114419.0,0.0,54.0,0.0,-54.0,1469.0,,44.0,4.0,120.0,6.0,61.0,14.0,1.0,,1.0,,2.0,4.0,1.0,1.0,2.0,89.0,,,1.0,0.0,1.0,,,38.0,35.0,33.0,34.0,34.0,38.0,0.0,140.0,2.0,2.0,0.0,,0.0,0.0,54.0,54.0,4.0,36.0,1.0,SERIOUS,1
561002653.0,1.0,385147523.0,0.0,29.0,0.0,-29.0,674.0,,98.0,6.0,175.0,4.0,62.0,1.0,1.0,1.0,0.0,,0.0,2.0,1.0,1.0,2.0,80.0,,,0.0,0.0,0.0,,,31.0,39.0,39.0,25.0,12.0,5.0,-38.0,150.0,2.0,5.0,0.0,170.0,0.0,0.0,29.0,29.0,3.0,10.0,1.0,SERIOUS,1
561002673.0,1.0,385164043.0,0.0,59.0,20.0,-55.0,3035.0,,55.0,14.0,148.0,9.0,62.0,1.0,1.0,1.0,0.0,,0.0,2.0,1.0,1.0,2.0,89.0,,,0.0,0.0,0.0,,,62.0,64.0,63.0,49.0,49.0,21.0,0.0,150.0,3.0,2.0,340.0,250.0,0.0,20.0,55.0,58.52349955359813,3.0,14.0,1.0,SERIOUS,1
561002693.0,1.0,385164101.0,0.0,34.0,0.0,-34.0,935.0,,1.0,30.0,187.0,1.0,13.0,1.0,4.0,1.0,0.0,,0.0,6.0,1.0,1.0,2.0,72.0,,,0.0,0.0,0.0,,,0.0,0.0,3.0,4.0,3.0,121.0,55.0,150.0,5.0,2.0,0.0,270.0,0.0,0.0,34.0,34.0,3.0,10.0,1.0,SERIOUS,1
561002713.0,1.0,385164219.0,0.0,79.0,0.0,-79.0,3685.0,,1.0,4.0,148.0,1.0,13.0,14.0,4.0,1.0,0.0,,0.0,2.0,4.0,1.0,2.0,64.0,,,0.0,0.0,0.0,,,40.0,67.0,70.0,77.0,52.0,16.0,7.0,145.0,4.0,,0.0,,0.0,0.0,79.0,79.0,4.0,21.0,1.0,SERIOUS,1
561002733.0,1.0,385164343.0,0.0,45.0,0.0,-45.0,1213.0,,8.0,5.0,135.0,6.0,88.0,1.0,4.0,1.0,0.0,,0.0,2.0,1.0,1.0,2.0,0.0,,,0.0,0.0,0.0,,,9.0,31.0,40.0,37.0,22.0,0.0,-10.0,140.0,2.0,,0.0,,0.0,0.0,45.0,45.0,2.0,5.0,1.0,MINOR,0
561002753.0,1.0,385165331.0,0.0,37.0,0.0,-37.0,706.0,,2.0,5.0,121.0,7.0,12.0,14.0,4.0,,0.0,,0.0,3.0,2.0,1.0,2.0,64.0,,,0.0,5.0,0.0,,,0.0,29.0,51.0,31.0,18.0,0.0,-20.0,140.0,3.0,,0.0,,0.0,0.0,37.0,37.0,4.0,36.0,1.0,SERIOUS,1
561002754.0,1.0,385165412.0,0.0,58.0,29.0,-50.0,1998.0,,65.0,2.0,152.0,9.0,62.0,1.0,4.0,1.0,0.0,,0.0,2.0,1.0,1.0,2.0,80.0,,,0.0,6.0,0.0,,,29.0,47.0,52.0,55.0,58.0,52.0,0.0,150.0,2.0,,330.0,,0.0,29.0,50.0,57.8013840664737,3.0,14.0,1.0,SERIOUS,1
561002793.0,1.0,385165500.0,0.0,89.0,0.0,-89.0,5398.0,,1.0,30.0,150.0,1.0,11.0,1.0,4.0,1.0,0.0,,0.0,7.0,1.0,1.0,1.0,89.0,,,0.0,6.0,2.0,,,121.0,131.0,129.0,46.0,19.0,0.0,-36.0,144.0,6.0,,0.0,350.0,0.0,0.0,89.0,89.0,4.0,34.0,2.0,SERIOUS,1
561002793.0,1.0,385165679.0,0.0,89.0,0.0,-89.0,5398.0,,1.0,30.0,150.0,1.0,11.0,1.0,4.0,1.0,0.0,,0.0,7.0,1.0,1.0,1.0,89.0,,,0.0,6.0,2.0,,,121.0,131.0,129.0,46.0,19.0,0.0,-36.0,144.0,6.0,,0.0,350.0,0.0,0.0,89.0,89.0,3.0,10.0,1.0,SERIOUS,1
561002755.0,1.0,385165721.0,0.0,68.0,-12.0,-67.0,2579.0,,51.0,5.0,137.0,8.0,62.0,1.0,1.0,1.0,0.0,,0.0,2.0,1.0,1.0,2.0,80.0,,,0.0,6.0,0.0,,,31.0,60.0,65.0,67.0,69.0,62.0,0.0,140.0,4.0,,10.0,,0.0,12.0,67.0,68.06614430096654,2.0,12.0,1.0,MINOR,0
561002773.0,1.0,385165808.0,0.0,16.0,5.0,-15.0,176.0,,69.0,1.0,174.0,1.0,62.0,1.0,1.0,1.0,0.0,,0.0,4.0,1.0,1.0,2.0,56.0,,,2.0,1.0,0.0,,,6.0,8.0,8.0,7.0,5.0,1.0,-51.0,150.0,1.0,,340.0,,0.0,5.0,15.0,15.811388300841896,2.0,9.0,1.0,MINOR,0
561002794.0,1.0,385165916.0,0.0,,,,,,82.0,4.0,112.0,1.0,15.0,11.0,1.0,1.0,0.0,,0.0,3.0,1.0,1.0,2.0,,,,1.0,1.0,3.0,,,38.0,36.0,29.0,17.0,6.0,0.0,-44.0,150.0,2.0,,330.0,,0.0,,,,3.0,10.0,1.0,SERIOUS,1
561002794.0,1.0,385165964.0,0.0,,,,,,82.0,4.0,112.0,1.0,15.0,11.0,1.0,1.0,0.0,,0.0,3.0,1.0,1.0,2.0,,,,1.0,1.0,3.0,,,38.0,36.0,29.0,17.0,6.0,0.0,-44.0,150.0,2.0,,330.0,,0.0,,,,3.0,10.0,1.0,SERIOUS,1
349002813.0,1.0,385166377.0,0.0,17.0,15.0,-8.0,266.0,,82.0,5.0,141.0,1.0,15.0,11.0,1.0,1.0,0.0,,0.0,2.0,1.0,1.0,2.0,72.0,,,3.0,0.0,0.0,,,0.0,10.0,21.0,12.0,12.0,2.0,22.0,198.0,2.0,,300.0,,0.0,15.0,8.0,17.0,2.0,8.0,1.0,MINOR,0
349002833.0,1.0,385166433.0,7.0,,,,,,6.0,6.0,168.0,1.0,12.0,1.0,4.0,,0.0,,0.0,2.0,2.0,1.0,2.0,89.0,,,0.0,0.0,0.0,,,0.0,11.0,27.0,41.0,48.0,43.0,50.0,150.0,3.0,,,,0.0,,,,4.0,34.0,1.0,SERIOUS,1
349002834.0,1.0,385168079.0,7.0,,,,,,89.0,31.0,232.0,1.0,17.0,1.0,1.0,1.0,6.0,13.0,1.0,2.0,2.0,1.0,2.0,56.0,,,2.0,2.0,0.0,,,,,,,,,,,3.0,2.0,,280.0,0.0,,,,3.0,14.0,1.0,SERIOUS,1
349002835.0,1.0,385168133.0,0.0,37.0,-18.0,-32.0,926.0,,68.0,4.0,166.0,2.0,15.0,11.0,1.0,1.0,0.0,,0.0,3.0,1.0,1.0,2.0,64.0,,,2.0,1.0,1.0,,,36.0,35.0,26.0,19.0,9.0,0.0,0.0,145.0,2.0,,30.0,,0.0,18.0,32.0,36.71511950137164,2.0,5.0,1.0,MINOR,0
349002853.0,1.0,385168176.0,0.0,42.0,41.0,-7.0,2691.0,,7.0,20.0,187.0,4.0,6.0,14.0,4.0,,2.0,,1.0,2.0,1.0,2.0,2.0,89.0,,,1.0,6.0,3.0,,,37.0,52.0,36.0,25.0,27.0,12.0,-62.0,214.0,3.0,3.0,280.0,,0.0,41.0,7.0,41.593268686170845,3.0,17.0,1.0,SERIOUS,1
349002814.0,1.0,385168282.0,0.0,,,,,,1.0,14.0,141.0,1.0,13.0,1.0,4.0,1.0,0.0,,0.0,2.0,3.0,1.0,2.0,80.0,,,0.0,0.0,0.0,,,2.0,38.0,41.0,29.0,15.0,0.0,-2.0,150.0,2.0,,0.0,0.0,0.0,,,,3.0,10.0,1.0,SERIOUS,1
339008567.0,1.0,425409495.0,0.0,45.0,8.0,-44.0,1158.0,,51.0,4.0,114.0,1.0,62.0,14.0,1.0,1.0,0.0,,0.0,2.0,2.0,1.0,2.0,89.0,48.0,,0.0,0.0,0.0,,,46.0,53.0,52.0,33.0,16.0,0.0,-44.0,164.0,3.0,,350.0,,0.0,8.0,44.0,44.721359549995796,2.0,6.0,1.0,MINOR,0
339008568.0,1.0,425415250.0,0.0,45.0,-15.0,-42.0,2767.0,,83.0,14.0,197.0,1.0,67.0,1.0,1.0,1.0,0.0,,0.0,3.0,1.0,1.0,2.0,89.0,89.0,,2.0,0.0,1.0,,,0.0,20.0,47.0,53.0,42.0,11.0,17.0,160.0,3.0,,20.0,,0.0,15.0,42.0,44.598206241955516,3.0,22.0,1.0,SERIOUS,1
339008627.0,1.0,425427855.0,0.0,26.0,22.0,-13.0,468.0,,82.0,4.0,124.0,1.0,15.0,11.0,1.0,1.0,0.0,,0.0,3.0,1.0,1.0,2.0,72.0,0.0,,2.0,1.0,0.0,,,0.0,13.0,17.0,23.0,43.0,45.0,149.0,85.0,4.0,1.0,300.0,240.0,0.0,22.0,13.0,25.553864678361276,4.0,21.0,1.0,SERIOUS,1
339008633.0,1.0,425428514.0,0.0,21.0,-21.0,-4.0,358.0,,51.0,4.0,155.0,1.0,62.0,1.0,1.0,1.0,0.0,,0.0,2.0,1.0,1.0,2.0,56.0,56.0,,0.0,0.0,0.0,,,0.0,16.0,22.0,18.0,11.0,0.0,0.0,210.0,3.0,8.0,80.0,330.0,0.0,21.0,4.0,21.37755832643195,3.0,17.0,1.0,SERIOUS,1
796008697.0,1.0,425438515.0,0.0,13.0,2.0,-13.0,150.0,,,4.0,162.0,9.0,15.0,11.0,2.0,1.0,0.0,,0.0,4.0,3.0,1.0,2.0,56.0,24.0,,2.0,2.0,0.0,,,6.0,3.0,2.0,1.0,1.0,0.0,-47.0,174.0,1.0,,350.0,,0.0,2.0,13.0,13.152946437965905,3.0,10.0,1.0,SERIOUS,1
796008748.0,1.0,425457094.0,0.0,48.0,0.0,-48.0,2145.0,,6.0,20.0,196.0,1.0,12.0,14.0,4.0,1.0,0.0,,0.0,2.0,2.0,2.0,2.0,89.0,48.0,,0.0,6.0,0.0,,,91.0,69.0,34.0,23.0,8.0,4.0,-68.0,169.0,6.0,,0.0,,0.0,0.0,48.0,48.0,3.0,17.0,1.0,SERIOUS,1
796008837.0,1.0,425467073.0,0.0,16.0,-6.0,-15.0,148.0,,68.0,4.0,123.0,1.0,15.0,11.0,1.0,1.0,0.0,,0.0,2.0,1.0,1.0,2.0,56.0,32.0,,2.0,0.0,0.0,,,0.0,0.0,0.0,1.0,8.0,14.0,51.0,138.0,6.0,,20.0,,0.0,6.0,15.0,16.15549442140351,3.0,14.0,1.0,SERIOUS,1
796008840.0,1.0,425469985.0,0.0,36.0,6.0,-36.0,783.0,,20.0,2.0,124.0,3.0,50.0,1.0,1.0,2.0,0.0,,0.0,2.0,1.0,1.0,2.0,72.0,89.0,,2.0,6.0,0.0,,,35.0,31.0,28.0,26.0,25.0,23.0,0.0,138.0,3.0,2.0,350.0,0.0,0.0,6.0,36.0,36.49657518178932,4.0,17.0,1.0,SERIOUS,1
796008841.0,1.0,425471068.0,0.0,40.0,-7.0,-39.0,774.0,,45.0,4.0,122.0,3.0,61.0,1.0,1.0,2.0,0.0,,0.0,2.0,2.0,5.0,1.0,113.0,80.0,,0.0,0.0,2.0,,,0.0,5.0,15.0,24.0,48.0,42.0,44.0,148.0,2.0,,10.0,,0.0,7.0,39.0,39.6232255123179,3.0,19.0,1.0,SERIOUS,1
796008907.0,1.0,425475286.0,8.0,,,,,,87.0,4.0,143.0,1.0,17.0,1.0,1.0,1.0,1.0,4.0,5.0,2.0,2.0,1.0,2.0,56.0,89.0,,2.0,2.0,0.0,,,,,,,,,,,3.0,2.0,70.0,,0.0,,,,1.0,3.0,1.0,MINOR,0
796008907.0,1.0,425476835.0,8.0,,,,,,87.0,4.0,143.0,1.0,17.0,1.0,1.0,1.0,1.0,4.0,5.0,2.0,2.0,1.0,2.0,56.0,89.0,,2.0,2.0,0.0,,,,,,,,,,,3.0,2.0,70.0,,0.0,,,,3.0,22.0,1.0,SERIOUS,1
425008993.0,1.0,425504920.0,0.0,47.0,0.0,-47.0,1256.0,,1.0,4.0,134.0,1.0,13.0,14.0,4.0,1.0,0.0,,0.0,2.0,1.0,1.0,2.0,89.0,56.0,,0.0,0.0,0.0,,,3.0,30.0,41.0,62.0,37.0,11.0,0.0,140.0,4.0,1.0,0.0,10.0,0.0,0.0,47.0,47.0,3.0,14.0,2.0,SERIOUS,1
425009387.0,1.0,425599254.0,0.0,53.0,-9.0,-52.0,1726.0,,51.0,5.0,134.0,1.0,62.0,1.0,1.0,1.0,0.0,,0.0,2.0,1.0,1.0,2.0,89.0,72.0,,0.0,0.0,0.0,,,42.0,48.0,54.0,53.0,45.0,40.0,0.0,138.0,4.0,,10.0,,0.0,9.0,52.0,52.773099207835045,3.0,22.0,1.0,SERIOUS,1
425009811.0,1.0,425647090.0,0.0,36.0,6.0,-35.0,616.0,,98.0,14.0,150.0,9.0,54.0,1.0,1.0,1.0,0.0,,0.0,2.0,1.0,1.0,2.0,89.0,89.0,,0.0,0.0,0.0,,,25.0,24.0,20.0,12.0,3.0,0.0,-53.0,174.0,4.0,3.0,350.0,80.0,0.0,6.0,35.0,35.510561809129406,3.0,22.0,1.0,SERIOUS,1
341005634.0,1.0,428206890.0,0.0,26.0,24.0,-9.0,660.0,,82.0,4.0,166.0,1.0,15.0,3.0,2.0,1.0,0.0,,0.0,1.0,1.0,2.0,2.0,48.0,16.0,,3.0,0.0,3.0,,,0.0,21.0,20.0,36.0,23.0,0.0,-20.0,220.0,3.0,1.0,290.0,90.0,0.0,24.0,9.0,25.632011235952593,2.0,4.0,1.0,MINOR,0
341005341.0,1.0,428206948.0,0.0,23.0,-4.0,-23.0,139.0,,83.0,4.0,124.0,2.0,67.0,1.0,1.0,1.0,0.0,,0.0,3.0,1.0,2.0,2.0,72.0,72.0,,2.0,1.0,1.0,,,2.0,7.0,5.0,4.0,3.0,1.0,0.0,152.0,1.0,,10.0,,0.0,4.0,23.0,23.345235059857504,3.0,10.0,1.0,SERIOUS,1
341005654.0,1.0,429207258.0,4.0,,,,,,2.0,30.0,183.0,6.0,13.0,14.0,4.0,,1.0,58.0,1.0,2.0,2.0,2.0,2.0,72.0,113.0,,0.0,0.0,0.0,,,28.0,24.0,18.0,19.0,16.0,14.0,-62.0,160.0,2.0,2.0,,,0.0,,,,4.0,17.0,1.0,SERIOUS,1
341005342.0,1.0,431207422.0,0.0,11.0,10.0,-4.0,123.0,,82.0,14.0,164.0,1.0,66.0,11.0,1.0,1.0,0.0,,0.0,1.0,3.0,2.0,2.0,72.0,16.0,,1.0,1.0,3.0,,,6.0,5.0,19.0,11.0,5.0,4.0,-47.0,85.0,2.0,,290.0,,0.0,10.0,4.0,10.770329614269007,3.0,9.0,1.0,SERIOUS,1
341005336.0,1.0,431208557.0,0.0,66.0,23.0,-62.0,2557.0,,65.0,5.0,138.0,2.0,62.0,1.0,1.0,1.0,0.0,,0.0,2.0,1.0,1.0,2.0,80.0,80.0,,0.0,0.0,0.0,,,65.0,69.0,57.0,42.0,17.0,0.0,-36.0,152.0,6.0,1.0,340.0,90.0,0.0,23.0,62.0,66.12866246946176,4.0,29.0,2.0,SERIOUS,1
341005336.0,1.0,431208606.0,0.0,66.0,23.0,-62.0,2557.0,,65.0,5.0,138.0,2.0,62.0,1.0,1.0,1.0,0.0,,0.0,2.0,1.0,1.0,2.0,80.0,80.0,,0.0,0.0,0.0,,,65.0,69.0,57.0,42.0,17.0,0.0,-36.0,152.0,6.0,1.0,340.0,90.0,0.0,23.0,62.0,66.12866246946176,3.0,27.0,2.0,SERIOUS,1
341005340.0,1.0,431211347.0,0.0,42.0,21.0,-36.0,1092.0,,69.0,4.0,114.0,1.0,62.0,1.0,1.0,1.0,0.0,,0.0,6.0,3.0,2.0,2.0,72.0,64.0,,2.0,1.0,0.0,,,44.0,53.0,55.0,36.0,14.0,0.0,-5.0,150.0,3.0,,330.0,,0.0,21.0,36.0,41.677331968349414,3.0,10.0,1.0,SERIOUS,1
341005338.0,1.0,431212128.0,0.0,14.0,5.0,-13.0,134.0,,6.0,14.0,156.0,2.0,10.0,1.0,4.0,1.0,4.0,,6.0,4.0,2.0,1.0,2.0,89.0,85.0,,1.0,6.0,2.0,,,9.0,1.0,1.0,1.0,1.0,0.0,-68.0,153.0,5.0,2.0,340.0,,0.0,5.0,13.0,13.92838827718412,3.0,17.0,1.0,SERIOUS,1
341005414.0,1.0,431213508.0,0.0,29.0,0.0,-29.0,702.0,,2.0,14.0,182.0,4.0,13.0,14.0,4.0,,0.0,,0.0,2.0,2.0,1.0,2.0,56.0,89.0,,0.0,6.0,0.0,,,0.0,0.0,15.0,46.0,8.0,1.0,41.0,154.0,2.0,,0.0,,0.0,0.0,29.0,29.0,4.0,20.0,1.0,SERIOUS,1
341005414.0,1.0,431213559.0,0.0,29.0,0.0,-29.0,702.0,,2.0,14.0,182.0,4.0,13.0,14.0,4.0,,0.0,,0.0,2.0,2.0,1.0,2.0,56.0,89.0,,0.0,6.0,0.0,,,0.0,0.0,15.0,46.0,8.0,1.0,41.0,154.0,2.0,,0.0,,0.0,0.0,29.0,29.0,3.0,19.0,1.0,SERIOUS,1
341005337.0,1.0,431213593.0,0.0,43.0,-7.0,-42.0,972.0,,1.0,4.0,122.0,6.0,13.0,1.0,4.0,1.0,0.0,,0.0,2.0,1.0,1.0,2.0,72.0,72.0,,0.0,6.0,0.0,,,0.0,13.0,20.0,26.0,32.0,53.0,59.0,146.0,6.0,1.0,10.0,10.0,0.0,7.0,42.0,42.579337712087536,3.0,17.0,1.0,SERIOUS,1
341005337.0,1.0,431213630.0,0.0,43.0,-7.0,-42.0,972.0,,1.0,4.0,122.0,6.0,13.0,1.0,4.0,1.0,0.0,,0.0,2.0,1.0,1.0,2.0,72.0,72.0,,0.0,6.0,0.0,,,0.0,13.0,20.0,26.0,32.0,53.0,59.0,146.0,6.0,1.0,10.0,10.0,0.0,7.0,42.0,42.579337712087536,3.0,19.0,1.0,SERIOUS,1
341005394.0,1.0,431213698.0,0.0,34.0,-32.0,-12.0,1190.0,,98.0,4.0,151.0,3.0,18.0,12.0,4.0,2.0,0.0,,0.0,3.0,1.0,2.0,2.0,89.0,89.0,,0.0,5.0,1.0,,,0.0,14.0,43.0,40.0,28.0,15.0,69.0,254.0,3.0,1.0,70.0,90.0,0.0,32.0,12.0,34.17601498127012,3.0,10.0,1.0,SERIOUS,1
341005394.0,1.0,431214648.0,0.0,34.0,-32.0,-12.0,1190.0,,98.0,4.0,151.0,3.0,18.0,12.0,4.0,2.0,0.0,,0.0,3.0,1.0,2.0,2.0,89.0,89.0,,0.0,5.0,1.0,,,0.0,14.0,43.0,40.0,28.0,15.0,69.0,254.0,3.0,1.0,70.0,90.0,0.0,32.0,12.0,34.17601498127012,3.0,10.0,1.0,SERIOUS,1
341005454.0,1.0,431215992.0,0.0,62.0,-21.0,-58.0,951.0,,83.0,4.0,121.0,1.0,17.0,1.0,1.0,1.0,0.0,,0.0,4.0,3.0,2.0,2.0,89.0,80.0,,2.0,1.0,1.0,,,53.0,35.0,23.0,20.0,19.0,18.0,0.0,156.0,3.0,1.0,20.0,90.0,0.0,21.0,58.0,61.68468205316454,3.0,14.0,1.0,SERIOUS,1
341005494.0,1.0,431216063.0,0.0,34.0,0.0,-34.0,705.0,,14.0,30.0,150.0,3.0,14.0,1.0,4.0,2.0,0.0,,0.0,2.0,3.0,1.0,2.0,56.0,56.0,,1.0,1.0,3.0,,,26.0,21.0,24.0,23.0,24.0,23.0,0.0,150.0,2.0,,0.0,,0.0,0.0,34.0,34.0,2.0,9.0,1.0,MINOR,0
341005343.0,1.0,431216222.0,3.0,,,,,,24.0,5.0,134.0,9.0,51.0,1.0,1.0,2.0,0.0,,0.0,2.0,1.0,1.0,2.0,89.0,72.0,,0.0,0.0,1.0,,,33.0,32.0,21.0,14.0,8.0,5.0,0.0,152.0,2.0,,350.0,,0.0,,,,3.0,10.0,1.0,SERIOUS,1
341005594.0,1.0,431219286.0,0.0,20.0,-3.0,-19.0,273.0,,52.0,4.0,144.0,2.0,54.0,14.0,1.0,1.0,0.0,,0.0,3.0,2.0,1.0,2.0,105.0,105.0,,0.0,0.0,1.0,,,11.0,7.0,5.0,5.0,7.0,13.0,68.0,154.0,9.0,,10.0,,0.0,3.0,19.0,19.235384061671343,2.0,9.0,1.0,MINOR,0
341005534.0,1.0,431219368.0,0.0,50.0,0.0,-50.0,1259.0,,28.0,4.0,159.0,1.0,52.0,1.0,1.0,1.0,0.0,,0.0,5.0,2.0,1.0,2.0,89.0,64.0,,2.0,1.0,1.0,,,8.0,10.0,31.0,29.0,31.0,33.0,18.0,156.0,2.0,,0.0,,0.0,0.0,50.0,50.0,3.0,14.0,1.0,SERIOUS,1
341005514.0,1.0,431219875.0,0.0,54.0,-9.0,-53.0,1328.0,,50.0,4.0,129.0,1.0,10.0,14.0,2.0,1.0,0.0,,0.0,2.0,1.0,1.0,2.0,56.0,56.0,,0.0,0.0,0.0,,,25.0,33.0,40.0,50.0,39.0,28.0,0.0,150.0,3.0,,10.0,,0.0,9.0,53.0,53.75872022286245,4.0,21.0,1.0,SERIOUS,1
341005574.0,1.0,431219997.0,0.0,32.0,-30.0,-11.0,1101.0,,87.0,14.0,178.0,2.0,17.0,1.0,1.0,1.0,0.0,,0.0,2.0,2.0,1.0,2.0,56.0,,,2.0,2.0,1.0,,,1.0,3.0,13.0,34.0,45.0,35.0,186.0,130.0,3.0,,70.0,,0.0,30.0,11.0,31.953090617340916,3.0,14.0,1.0,SERIOUS,1
341005554.0,1.0,431220110.0,0.0,14.0,2.0,-14.0,109.0,,50.0,5.0,134.0,1.0,10.0,1.0,2.0,1.0,0.0,,0.0,2.0,2.0,1.0,2.0,56.0,72.0,,0.0,0.0,0.0,,,11.0,1.0,0.0,0.0,0.0,0.0,-57.0,154.0,8.0,,350.0,,0.0,2.0,14.0,14.142135623730951,3.0,10.0,1.0,SERIOUS,1
341005614.0,1.0,431222896.0,0.0,43.0,0.0,-43.0,467.0,,20.0,4.0,165.0,1.0,50.0,1.0,1.0,1.0,0.0,,0.0,5.0,1.0,1.0,2.0,72.0,72.0,,2.0,1.0,1.0,,,0.0,9.0,13.0,15.0,15.0,13.0,18.0,157.0,2.0,,0.0,,0.0,0.0,43.0,43.0,2.0,12.0,1.0,MINOR,0
341005614.0,1.0,431223028.0,0.0,43.0,0.0,-43.0,467.0,,20.0,4.0,165.0,1.0,50.0,1.0,1.0,1.0,0.0,,0.0,5.0,1.0,1.0,2.0,72.0,72.0,,2.0,1.0,1.0,,,0.0,9.0,13.0,15.0,15.0,13.0,18.0,157.0,2.0,,0.0,,0.0,0.0,43.0,43.0,3.0,19.0,1.0,SERIOUS,1
341005794.0,1.0,431223203.0,0.0,37.0,28.0,-24.0,1391.0,,89.0,4.0,162.0,1.0,68.0,1.0,1.0,1.0,0.0,,0.0,4.0,3.0,1.0,2.0,80.0,80.0,,2.0,1.0,1.0,,,0.0,35.0,55.0,33.0,17.0,0.0,47.0,300.0,4.0,1.0,310.0,90.0,0.0,28.0,24.0,36.87817782917155,4.0,41.0,1.0,SERIOUS,1
341005694.0,1.0,431224970.0,0.0,65.0,-11.0,-64.0,3371.0,,6.0,20.0,198.0,1.0,10.0,14.0,4.0,1.0,0.0,,0.0,3.0,1.0,1.0,2.0,64.0,64.0,,0.0,6.0,0.0,,,31.0,52.0,73.0,77.0,61.0,43.0,20.0,160.0,4.0,,10.0,,0.0,11.0,64.0,64.93843238021688,3.0,17.0,1.0,SERIOUS,1
341005674.0,1.0,431225095.0,0.0,41.0,38.0,-14.0,1118.0,,82.0,4.0,110.0,1.0,66.0,11.0,1.0,1.0,0.0,,0.0,2.0,1.0,1.0,2.0,,24.0,,3.0,1.0,0.0,,,0.0,27.0,48.0,46.0,25.0,0.0,-13.0,214.0,3.0,,290.0,,0.0,38.0,14.0,40.496913462633174,4.0,41.0,1.0,SERIOUS,1
341005714.0,1.0,431225734.0,0.0,24.0,0.0,-24.0,356.0,,89.0,14.0,148.0,1.0,66.0,1.0,4.0,1.0,0.0,,0.0,4.0,1.0,1.0,2.0,56.0,48.0,,2.0,1.0,1.0,,,0.0,0.0,34.0,6.0,0.0,0.0,-4.0,153.0,2.0,2.0,0.0,290.0,0.0,0.0,24.0,24.0,3.0,10.0,1.0,SERIOUS,1
341005734.0,1.0,431226270.0,0.0,30.0,30.0,0.0,546.0,,82.0,4.0,174.0,1.0,15.0,11.0,1.0,1.0,0.0,,0.0,2.0,1.0,1.0,2.0,48.0,,,2.0,2.0,0.0,,,0.0,1.0,1.0,16.0,20.0,15.0,135.0,242.0,2.0,1.0,270.0,270.0,0.0,30.0,0.0,30.0,4.0,17.0,1.0,SERIOUS,1
341005774.0,1.0,431226448.0,0.0,55.0,-10.0,-54.0,3238.0,,50.0,4.0,163.0,3.0,10.0,1.0,2.0,2.0,0.0,,0.0,2.0,1.0,1.0,2.0,72.0,105.0,,0.0,6.0,0.0,,,69.0,80.0,82.0,74.0,62.0,46.0,0.0,148.0,4.0,,10.0,,0.0,10.0,54.0,54.91812087098393,2.0,12.0,1.0,MINOR,0
341005774.0,1.0,431226450.0,0.0,55.0,-10.0,-54.0,3238.0,,50.0,4.0,163.0,3.0,10.0,1.0,2.0,2.0,0.0,,0.0,2.0,1.0,1.0,2.0,72.0,105.0,,0.0,6.0,0.0,,,69.0,80.0,82.0,74.0,62.0,46.0,0.0,148.0,4.0,,10.0,,0.0,10.0,54.0,54.91812087098393,2.0,9.0,1.0,MINOR,0
341005814.0,1.0,431227723.0,0.0,78.0,-14.0,-77.0,3098.0,,50.0,3.0,135.0,1.0,10.0,1.0,2.0,1.0,0.0,,0.0,2.0,1.0,1.0,2.0,56.0,,,0.0,0.0,0.0,,,60.0,65.0,68.0,56.0,43.0,16.0,-6.0,154.0,4.0,,10.0,,0.0,14.0,77.0,78.26237921249263,4.0,21.0,1.0,SERIOUS,1
341005814.0,1.0,431227761.0,0.0,78.0,-14.0,-77.0,3098.0,,50.0,3.0,135.0,1.0,10.0,1.0,2.0,1.0,0.0,,0.0,2.0,1.0,1.0,2.0,56.0,,,0.0,0.0,0.0,,,60.0,65.0,68.0,56.0,43.0,16.0,-6.0,154.0,4.0,,10.0,,0.0,14.0,77.0,78.26237921249263,2.0,12.0,1.0,MINOR,0
341005834.0,1.0,431228829.0,8.0,,,,,,83.0,31.0,240.0,1.0,67.0,1.0,4.0,1.0,2.0,7.0,1.0,3.0,1.0,1.0,2.0,72.0,72.0,,2.0,0.0,1.0,,,,,,,,,,,6.0,1.0,,70.0,0.0,,,,4.0,26.0,2.0,SERIOUS,1
341005854.0,1.0,431228940.0,0.0,42.0,21.0,-36.0,393.0,,86.0,14.0,152.0,1.0,66.0,1.0,1.0,1.0,0.0,,0.0,4.0,3.0,2.0,2.0,89.0,80.0,,2.0,1.0,2.0,,,19.0,23.0,12.0,7.0,1.0,0.0,-40.0,152.0,2.0,,330.0,,0.0,21.0,36.0,41.677331968349414,2.0,9.0,1.0,MINOR,0
341005894.0,1.0,431229690.0,7.0,,,,,,51.0,6.0,148.0,1.0,62.0,1.0,4.0,1.0,0.0,,0.0,2.0,1.0,1.0,2.0,72.0,,,2.0,0.0,0.0,,,18.0,14.0,7.0,6.0,6.0,0.0,-54.0,147.0,9.0,,340.0,,0.0,,,,3.0,22.0,1.0,SERIOUS,1
341005874.0,1.0,431229888.0,0.0,20.0,-13.0,-15.0,298.0,,8.0,1.0,140.0,6.0,12.0,14.0,4.0,4.0,0.0,,0.0,2.0,2.0,1.0,2.0,72.0,72.0,,0.0,0.0,0.0,,,0.0,0.0,2.0,9.0,19.0,46.0,55.0,146.0,3.0,,40.0,,0.0,13.0,15.0,19.849433241279208,3.0,14.0,1.0,SERIOUS,1
341005974.0,1.0,431230119.0,0.0,52.0,51.0,-9.0,2069.0,,82.0,4.0,125.0,1.0,15.0,11.0,1.0,1.0,0.0,,0.0,4.0,3.0,1.0,2.0,56.0,16.0,,2.0,1.0,1.0,,,5.0,28.0,33.0,44.0,22.0,5.0,-100.0,304.0,3.0,,280.0,,0.0,51.0,9.0,51.78802950489621,4.0,24.0,1.0,SERIOUS,1
341005914.0,1.0,431230600.0,8.0,,,,,,7.0,3.0,122.0,4.0,12.0,14.0,4.0,,1.0,2.0,5.0,2.0,1.0,1.0,2.0,56.0,,,0.0,6.0,0.0,,,,,,,,,,,5.0,2.0,,,0.0,,,,3.0,19.0,1.0,SERIOUS,1
341005934.0,1.0,431230967.0,0.0,31.0,20.0,-24.0,836.0,,69.0,4.0,154.0,9.0,62.0,1.0,1.0,1.0,0.0,,0.0,2.0,3.0,1.0,2.0,56.0,64.0,,1.0,1.0,1.0,,,32.0,27.0,24.0,20.0,14.0,11.0,-8.0,156.0,2.0,,320.0,,0.0,20.0,24.0,31.240998703626616,3.0,10.0,1.0,SERIOUS,1
341005954.0,1.0,431232206.0,0.0,26.0,-13.0,-23.0,495.0,,68.0,4.0,146.0,1.0,15.0,11.0,1.0,1.0,0.0,,0.0,5.0,5.0,1.0,2.0,56.0,16.0,,2.0,1.0,1.0,,,1.0,4.0,5.0,15.0,29.0,16.0,120.0,230.0,2.0,1.0,30.0,90.0,0.0,13.0,23.0,26.419689627245813,3.0,10.0,1.0,SERIOUS,1
341005995.0,1.0,431233404.0,0.0,34.0,-12.0,-32.0,821.0,,6.0,4.0,146.0,9.0,12.0,1.0,4.0,1.0,0.0,,0.0,2.0,3.0,1.0,2.0,89.0,97.0,,0.0,0.0,2.0,,,0.0,7.0,14.0,27.0,41.0,53.0,0.0,156.0,3.0,9.0,20.0,0.0,0.0,12.0,32.0,34.17601498127012,3.0,10.0,1.0,SERIOUS,1
341006014.0,1.0,431233668.0,0.0,36.0,18.0,-31.0,2076.0,,65.0,15.0,239.0,2.0,62.0,1.0,1.0,1.0,0.0,,0.0,3.0,3.0,1.0,2.0,56.0,48.0,,0.0,0.0,0.0,,,38.0,42.0,51.0,39.0,21.0,6.0,45.0,163.0,2.0,2.0,330.0,260.0,0.0,18.0,31.0,35.84689665786984,2.0,6.0,1.0,MINOR,0
341006014.0,2.0,431233787.0,0.0,49.0,-38.0,-32.0,1925.0,,64.0,4.0,169.0,8.0,10.0,14.0,2.0,4.0,0.0,,0.0,2.0,3.0,1.0,2.0,56.0,97.0,,0.0,0.0,0.0,,,2.0,42.0,38.0,47.0,44.0,42.0,74.0,243.0,3.0,2.0,50.0,90.0,0.0,38.0,32.0,49.678969393496885,4.0,17.0,1.0,SERIOUS,1
341006014.0,2.0,431233841.0,0.0,49.0,-38.0,-32.0,1925.0,,64.0,4.0,169.0,8.0,10.0,14.0,2.0,4.0,0.0,,0.0,2.0,3.0,1.0,2.0,56.0,97.0,,0.0,0.0,0.0,,,2.0,42.0,38.0,47.0,44.0,42.0,74.0,243.0,3.0,2.0,50.0,90.0,0.0,38.0,32.0,49.678969393496885,3.0,10.0,1.0,SERIOUS,1
341006054.0,1.0,431234785.0,3.0,,,,,,7.0,31.0,254.0,,12.0,1.0,4.0,,0.0,,0.0,2.0,1.0,2.0,2.0,72.0,72.0,,0.0,0.0,0.0,,,75.0,44.0,34.0,28.0,24.0,19.0,-81.0,192.0,6.0,1.0,0.0,0.0,0.0,,,,3.0,19.0,1.0,SERIOUS,1
341006034.0,1.0,431234815.0,0.0,47.0,-44.0,-16.0,1815.0,,68.0,14.0,174.0,1.0,15.0,11.0,1.0,1.0,0.0,,0.0,1.0,1.0,1.0,2.0,80.0,24.0,,2.0,1.0,1.0,,,0.0,26.0,34.0,37.0,12.0,0.0,-24.0,280.0,3.0,,70.0,,0.0,44.0,16.0,46.8187996428785,3.0,14.0,1.0,SERIOUS,1
341006034.0,1.0,431234829.0,0.0,47.0,-44.0,-16.0,1815.0,,68.0,14.0,174.0,1.0,15.0,11.0,1.0,1.0,0.0,,0.0,1.0,1.0,1.0,2.0,80.0,24.0,,2.0,1.0,1.0,,,0.0,26.0,34.0,37.0,12.0,0.0,-24.0,280.0,3.0,,70.0,,0.0,44.0,16.0,46.8187996428785,2.0,9.0,1.0,MINOR,0
341006114.0,1.0,431235795.0,3.0,,,,,,1.0,4.0,151.0,1.0,13.0,1.0,4.0,1.0,0.0,,0.0,4.0,3.0,2.0,2.0,89.0,89.0,,0.0,0.0,2.0,,,10.0,13.0,23.0,24.0,2.0,10.0,2.0,152.0,2.0,2.0,0.0,340.0,0.0,,,,3.0,13.0,1.0,SERIOUS,1
341006076.0,1.0,431235920.0,0.0,70.0,0.0,-70.0,2657.0,,1.0,4.0,128.0,1.0,13.0,14.0,4.0,1.0,0.0,,0.0,2.0,2.0,1.0,2.0,56.0,56.0,,0.0,0.0,0.0,,,54.0,73.0,79.0,73.0,47.0,20.0,-22.0,152.0,4.0,2.0,0.0,90.0,0.0,0.0,70.0,70.0,3.0,14.0,1.0,SERIOUS,1
341006094.0,1.0,431236194.0,0.0,53.0,52.0,-9.0,1780.0,,2.0,4.0,122.0,,13.0,14.0,4.0,,0.0,,0.0,2.0,2.0,2.0,2.0,56.0,72.0,,0.0,0.0,0.0,,,0.0,40.0,59.0,36.0,12.0,0.0,-37.0,205.0,4.0,1.0,280.0,270.0,0.0,52.0,9.0,52.773099207835045,3.0,19.0,1.0,SERIOUS,1
341008053.0,1.0,431313806.0,0.0,38.0,-7.0,-38.0,1025.0,,7.0,14.0,171.0,9.0,12.0,1.0,4.0,2.0,0.0,,0.0,2.0,2.0,5.0,1.0,89.0,,,0.0,0.0,0.0,,,0.0,8.0,28.0,52.0,39.0,5.0,38.0,157.0,3.0,,10.0,,0.0,7.0,38.0,38.63935817272331,2.0,9.0,1.0,MINOR,0
341008063.0,1.0,431316083.0,0.0,80.0,14.0,-79.0,2923.0,,50.0,4.0,122.0,1.0,10.0,14.0,2.0,1.0,0.0,,0.0,2.0,1.0,1.0,2.0,89.0,,,0.0,6.0,0.0,,,92.0,86.0,67.0,53.0,35.0,17.0,-30.0,148.0,4.0,,350.0,,0.0,14.0,79.0,80.23091673413684,3.0,14.0,1.0,SERIOUS,1
341008060.0,1.0,431325954.0,0.0,51.0,-9.0,-50.0,1578.0,,7.0,3.0,139.0,9.0,10.0,14.0,4.0,2.0,0.0,,0.0,2.0,2.0,1.0,2.0,56.0,80.0,,0.0,0.0,0.0,,,0.0,24.0,61.0,65.0,73.0,13.0,28.0,144.0,4.0,3.0,10.0,340.0,0.0,9.0,50.0,50.80354318352215,4.0,24.0,1.0,SERIOUS,1
341008060.0,1.0,431327224.0,0.0,51.0,-9.0,-50.0,1578.0,,7.0,3.0,139.0,9.0,10.0,14.0,4.0,2.0,0.0,,0.0,2.0,2.0,1.0,2.0,56.0,80.0,,0.0,0.0,0.0,,,0.0,24.0,61.0,65.0,73.0,13.0,28.0,144.0,4.0,3.0,10.0,340.0,0.0,9.0,50.0,50.80354318352215,3.0,13.0,1.0,SERIOUS,1
341008040.0,1.0,431339010.0,0.0,43.0,41.0,-15.0,1518.0,,82.0,4.0,127.0,1.0,15.0,11.0,1.0,1.0,0.0,,0.0,2.0,1.0,1.0,2.0,40.0,32.0,,2.0,2.0,0.0,,,0.0,17.0,41.0,52.0,58.0,0.0,26.0,211.0,4.0,,290.0,,0.0,41.0,15.0,43.657759905886145,4.0,26.0,1.0,SERIOUS,1
341008180.0,1.0,431341515.0,4.0,,,,,,98.0,4.0,142.0,,9.0,14.0,4.0,1.0,0.0,,0.0,2.0,4.0,1.0,2.0,40.0,,,3.0,0.0,0.0,,,28.0,45.0,45.0,44.0,18.0,3.0,0.0,150.0,2.0,6.0,0.0,0.0,0.0,,,,2.0,5.0,1.0,MINOR,0
341008180.0,1.0,431341530.0,4.0,,,,,,98.0,4.0,142.0,,9.0,14.0,4.0,1.0,0.0,,0.0,2.0,4.0,1.0,2.0,40.0,,,3.0,0.0,0.0,,,28.0,45.0,45.0,44.0,18.0,3.0,0.0,150.0,2.0,6.0,0.0,0.0,0.0,,,,3.0,27.0,2.0,SERIOUS,1
341008223.0,1.0,431353716.0,0.0,43.0,-7.0,-42.0,940.0,,83.0,15.0,233.0,1.0,17.0,1.0,1.0,1.0,0.0,,0.0,3.0,1.0,1.0,2.0,89.0,89.0,,2.0,1.0,0.0,,,9.0,20.0,24.0,19.0,14.0,4.0,0.0,164.0,2.0,,10.0,,0.0,7.0,42.0,42.579337712087536,3.0,10.0,1.0,SERIOUS,1
341008062.0,1.0,431354202.0,0.0,38.0,7.0,-37.0,1299.0,,51.0,4.0,114.0,1.0,62.0,1.0,1.0,1.0,0.0,,0.0,2.0,1.0,2.0,2.0,56.0,56.0,,0.0,0.0,0.0,,,51.0,58.0,57.0,46.0,21.0,0.0,-28.0,148.0,3.0,,350.0,,0.0,7.0,37.0,37.656340767525464,4.0,17.0,1.0,SERIOUS,1
341008272.0,1.0,431354900.0,0.0,49.0,-8.0,-48.0,1851.0,,2.0,4.0,190.0,3.0,6.0,14.0,4.0,2.0,0.0,,0.0,2.0,1.0,2.0,1.0,89.0,113.0,,0.0,0.0,1.0,,,0.0,10.0,82.0,76.0,18.0,20.0,10.0,162.0,3.0,2.0,10.0,80.0,0.0,8.0,48.0,48.662100242385755,3.0,14.0,1.0,SERIOUS,1
341008062.0,1.0,431356391.0,0.0,38.0,7.0,-37.0,1299.0,,51.0,4.0,114.0,1.0,62.0,1.0,1.0,1.0,0.0,,0.0,2.0,1.0,2.0,2.0,56.0,56.0,,0.0,0.0,0.0,,,51.0,58.0,57.0,46.0,21.0,0.0,-28.0,148.0,3.0,,350.0,,0.0,7.0,37.0,37.656340767525464,4.0,33.0,1.0,SERIOUS,1
341008051.0,1.0,431367892.0,8.0,,,,,,10.0,4.0,123.0,4.0,10.0,1.0,4.0,,2.0,13.0,6.0,3.0,3.0,1.0,2.0,72.0,,,0.0,0.0,1.0,,,,,,,,,,,5.0,4.0,,,0.0,,,,3.0,17.0,1.0,SERIOUS,1
341008421.0,1.0,431377693.0,7.0,,,,,,24.0,6.0,165.0,,51.0,1.0,1.0,1.0,0.0,,0.0,3.0,1.0,1.0,2.0,56.0,72.0,,2.0,1.0,1.0,,,,,,,,,,,,,0.0,0.0,0.0,,,,5.0,29.0,1.0,CRITICAL,2
341008382.0,1.0,431382835.0,0.0,80.0,-14.0,-78.0,3580.0,,14.0,4.0,130.0,1.0,14.0,1.0,1.0,1.0,0.0,,0.0,2.0,3.0,1.0,2.0,40.0,89.0,,1.0,1.0,2.0,,,49.0,64.0,66.0,70.0,76.0,69.0,0.0,152.0,5.0,,10.0,,0.0,14.0,78.0,79.2464510246358,4.0,41.0,2.0,SERIOUS,1
341008454.0,1.0,431394613.0,0.0,22.0,22.0,-4.0,618.0,,82.0,4.0,138.0,1.0,66.0,11.0,1.0,1.0,0.0,,0.0,3.0,1.0,1.0,2.0,56.0,24.0,,2.0,1.0,0.0,,,2.0,14.0,24.0,14.0,17.0,1.0,50.0,274.0,3.0,1.0,280.0,350.0,0.0,22.0,4.0,22.360679774997898,2.0,6.0,1.0,MINOR,0
341008224.0,1.0,431398396.0,2.0,,,,,,69.0,5.0,198.0,4.0,62.0,1.0,1.0,1.0,0.0,,0.0,4.0,1.0,1.0,2.0,56.0,24.0,,3.0,0.0,1.0,,,2.0,1.0,0.0,0.0,1.0,3.0,-70.0,180.0,5.0,1.0,320.0,0.0,0.0,,,,2.0,9.0,1.0,MINOR,0
341008489.0,1.0,431406503.0,0.0,32.0,0.0,-32.0,665.0,,24.0,14.0,156.0,1.0,8.0,1.0,1.0,1.0,0.0,,0.0,3.0,1.0,1.0,2.0,64.0,48.0,,0.0,0.0,1.0,,,3.0,21.0,29.0,21.0,14.0,0.0,-17.0,152.0,2.0,,0.0,10.0,0.0,0.0,32.0,32.0,4.0,26.0,1.0,SERIOUS,1
341008528.0,1.0,431406944.0,0.0,31.0,15.0,-27.0,611.0,,98.0,5.0,134.0,2.0,62.0,1.0,1.0,1.0,0.0,,0.0,6.0,1.0,1.0,2.0,56.0,0.0,,2.0,1.0,1.0,,,4.0,21.0,37.0,28.0,19.0,13.0,-16.0,140.0,2.0,,330.0,,0.0,15.0,27.0,30.886890422961002,3.0,9.0,1.0,SERIOUS,1
341008491.0,1.0,431410110.0,0.0,26.0,5.0,-26.0,455.0,,28.0,4.0,165.0,9.0,52.0,1.0,1.0,1.0,0.0,,0.0,5.0,3.0,1.0,2.0,89.0,72.0,,0.0,6.0,2.0,,,20.0,19.0,16.0,11.0,10.0,8.0,-42.0,150.0,5.0,,350.0,,0.0,5.0,26.0,26.476404589747453,2.0,4.0,1.0,MINOR,0
531008569.0,1.0,431419289.0,0.0,68.0,0.0,-68.0,2403.0,,20.0,4.0,126.0,1.0,17.0,1.0,2.0,1.0,0.0,,0.0,4.0,3.0,1.0,2.0,64.0,80.0,,2.0,1.0,1.0,,,41.0,53.0,65.0,68.0,66.0,59.0,0.0,148.0,4.0,,0.0,,0.0,0.0,68.0,68.0,2.0,9.0,1.0,MINOR,0
341008588.0,1.0,431420820.0,0.0,13.0,12.0,-2.0,180.0,,89.0,3.0,132.0,1.0,66.0,1.0,1.0,1.0,0.0,,0.0,3.0,1.0,1.0,2.0,56.0,56.0,,2.0,1.0,1.0,,,0.0,8.0,11.0,17.0,17.0,0.0,-114.0,143.0,2.0,,280.0,,0.0,12.0,2.0,12.165525060596439,4.0,17.0,2.0,SERIOUS,1
791008689.0,1.0,431437130.0,0.0,19.0,6.0,-18.0,289.0,,51.0,6.0,160.0,4.0,62.0,1.0,1.0,1.0,0.0,,0.0,2.0,1.0,2.0,2.0,56.0,,,0.0,6.0,0.0,,,26.0,20.0,7.0,2.0,1.0,2.0,-54.0,155.0,2.0,,340.0,,0.0,6.0,18.0,18.973665961010276,4.0,18.0,1.0,SERIOUS,1
791008647.0,1.0,431438203.0,4.0,,,,,,20.0,4.0,117.0,8.0,50.0,1.0,1.0,1.0,0.0,,0.0,2.0,3.0,1.0,2.0,72.0,72.0,,0.0,0.0,1.0,,,17.0,31.0,33.0,35.0,37.0,39.0,8.0,147.0,3.0,,10.0,,0.0,,,,3.0,10.0,1.0,SERIOUS,1
791008693.0,1.0,431438444.0,0.0,18.0,3.0,-17.0,192.0,,7.0,2.0,152.0,8.0,12.0,14.0,4.0,,0.0,,0.0,2.0,1.0,1.0,1.0,89.0,,,1.0,0.0,3.0,,,18.0,5.0,0.0,0.0,0.0,8.0,-44.0,160.0,1.0,1.0,350.0,350.0,0.0,3.0,17.0,17.26267650163207,3.0,9.0,1.0,SERIOUS,1
791008708.0,1.0,431450967.0,7.0,,,,,,,4.0,197.0,1.0,51.0,1.0,1.0,1.0,1.0,17.0,2.0,2.0,1.0,1.0,2.0,105.0,105.0,,0.0,0.0,2.0,,,,,,,,,,,3.0,2.0,,,0.0,,,,3.0,9.0,1.0,SERIOUS,1
341008052.0,1.0,431455971.0,0.0,39.0,-7.0,-39.0,779.0,,50.0,20.0,175.0,9.0,10.0,14.0,2.0,2.0,0.0,,0.0,2.0,1.0,5.0,2.0,72.0,48.0,,0.0,6.0,0.0,,,0.0,0.0,10.0,21.0,32.0,42.0,41.0,161.0,3.0,,10.0,,0.0,7.0,39.0,39.6232255123179,3.0,14.0,1.0,SERIOUS,1
791008728.0,1.0,431464092.0,0.0,37.0,-13.0,-35.0,1408.0,,62.0,4.0,162.0,8.0,62.0,14.0,2.0,1.0,0.0,,0.0,2.0,2.0,2.0,2.0,72.0,72.0,,0.0,6.0,1.0,,,0.0,13.0,41.0,43.0,45.0,21.0,-9.0,150.0,2.0,1.0,20.0,90.0,0.0,13.0,35.0,37.33630940518894,3.0,10.0,1.0,SERIOUS,1
142008789.0,1.0,431464742.0,7.0,,,,,,1.0,4.0,175.0,1.0,13.0,14.0,4.0,1.0,6.0,45.0,5.0,3.0,1.0,1.0,2.0,105.0,97.0,,0.0,0.0,1.0,,,,,,,,,,,3.0,,,,0.0,,,,3.0,14.0,1.0,SERIOUS,1
142008789.0,1.0,431464920.0,7.0,,,,,,1.0,4.0,175.0,1.0,13.0,14.0,4.0,1.0,6.0,45.0,5.0,3.0,1.0,1.0,2.0,105.0,97.0,,0.0,0.0,1.0,,,,,,,,,,,3.0,,,,0.0,,,,3.0,10.0,1.0,SERIOUS,1
142008807.0,1.0,431466074.0,0.0,50.0,0.0,-50.0,3012.0,,52.0,31.0,239.0,1.0,12.0,1.0,4.0,1.0,0.0,,0.0,2.0,1.0,1.0,2.0,56.0,56.0,,0.0,0.0,1.0,,,51.0,51.0,50.0,70.0,54.0,53.0,0.0,172.0,3.0,,0.0,,0.0,0.0,50.0,50.0,3.0,17.0,1.0,SERIOUS,1
142008770.0,1.0,431470866.0,7.0,,,,,,6.0,4.0,125.0,1.0,12.0,14.0,4.0,1.0,0.0,,0.0,2.0,2.0,2.0,2.0,72.0,72.0,,0.0,0.0,0.0,,,5.0,4.0,0.0,0.0,0.0,0.0,-38.0,135.0,1.0,,0.0,,0.0,,,,2.0,5.0,1.0,MINOR,0
142008807.0,2.0,431476989.0,0.0,47.0,8.0,-47.0,1770.0,,52.0,31.0,248.0,3.0,62.0,1.0,1.0,2.0,0.0,,0.0,3.0,1.0,1.0,2.0,56.0,56.0,,0.0,0.0,1.0,,,33.0,37.0,27.0,31.0,12.0,6.0,0.0,176.0,2.0,1.0,350.0,180.0,0.0,8.0,47.0,47.67598976424087,1.0,1.0,1.0,MINOR,0
142008769.0,1.0,431480755.0,7.0,,,,,,20.0,5.0,133.0,6.0,50.0,1.0,1.0,1.0,0.0,,0.0,3.0,4.0,2.0,2.0,105.0,97.0,,1.0,0.0,2.0,,,17.0,15.0,20.0,28.0,10.0,0.0,0.0,142.0,2.0,4.0,0.0,190.0,0.0,,,,3.0,17.0,1.0,SERIOUS,1
142008787.0,1.0,431486764.0,0.0,33.0,17.0,-29.0,1472.0,,51.0,15.0,201.0,7.0,62.0,1.0,1.0,1.0,0.0,,0.0,2.0,2.0,3.0,2.0,56.0,40.0,,0.0,0.0,0.0,,,25.0,39.0,43.0,41.0,42.0,19.0,0.0,158.0,2.0,2.0,330.0,270.0,0.0,17.0,29.0,33.61547262794322,3.0,22.0,1.0,SERIOUS,1
142008867.0,1.0,431488150.0,0.0,53.0,-9.0,-52.0,2591.0,,52.0,4.0,146.0,4.0,54.0,1.0,1.0,2.0,0.0,,0.0,4.0,3.0,1.0,2.0,72.0,,,2.0,1.0,1.0,,,25.0,54.0,58.0,68.0,70.0,73.0,0.0,143.0,4.0,,10.0,,0.0,9.0,52.0,52.773099207835045,3.0,10.0,1.0,SERIOUS,1
142008887.0,1.0,431488472.0,0.0,34.0,-30.0,-17.0,789.0,,68.0,4.0,162.0,1.0,63.0,11.0,1.0,1.0,0.0,,0.0,4.0,3.0,1.0,2.0,72.0,,,2.0,1.0,1.0,,,0.0,11.0,18.0,21.0,27.0,8.0,78.0,261.0,2.0,,60.0,,0.0,30.0,17.0,34.48187929913333,5.0,33.0,2.0,CRITICAL,2
791008987.0,1.0,431500518.0,4.0,,,,,,64.0,4.0,130.0,,10.0,1.0,4.0,,0.0,,0.0,2.0,2.0,2.0,1.0,,,,0.0,0.0,1.0,,,0.0,29.0,46.0,35.0,37.0,13.0,91.0,266.0,3.0,,290.0,,0.0,,,,3.0,11.0,1.0,SERIOUS,1
142008994.0,1.0,431500563.0,0.0,26.0,13.0,-22.0,406.0,,98.0,4.0,170.0,1.0,62.0,14.0,1.0,1.0,0.0,,0.0,2.0,1.0,2.0,2.0,80.0,,,0.0,6.0,1.0,,,6.0,14.0,23.0,22.0,12.0,1.0,-10.0,146.0,2.0,,330.0,270.0,0.0,13.0,22.0,25.553864678361276,3.0,10.0,1.0,SERIOUS,1
341008225.0,1.0,431500808.0,7.0,,,,,,14.0,14.0,176.0,1.0,8.0,14.0,4.0,1.0,0.0,,0.0,2.0,3.0,1.0,2.0,56.0,64.0,,2.0,1.0,1.0,,,,,,,,,,,3.0,,,0.0,0.0,,,,2.0,8.0,1.0,MINOR,0
142008932.0,1.0,431501515.0,0.0,71.0,0.0,-71.0,3212.0,,1.0,14.0,148.0,1.0,13.0,14.0,4.0,1.0,0.0,,0.0,2.0,1.0,1.0,2.0,89.0,89.0,,0.0,0.0,0.0,,,0.0,20.0,61.0,77.0,67.0,56.0,29.0,158.0,4.0,,0.0,,0.0,0.0,71.0,71.0,2.0,12.0,1.0,MINOR,0
341008061.0,1.0,431515774.0,0.0,24.0,4.0,-24.0,353.0,,59.0,14.0,195.0,1.0,62.0,1.0,1.0,1.0,0.0,,0.0,2.0,2.0,5.0,2.0,72.0,48.0,,2.0,0.0,0.0,,,21.0,11.0,10.0,5.0,0.0,0.0,-56.0,158.0,6.0,1.0,350.0,90.0,0.0,4.0,24.0,24.331050121192877,2.0,9.0,1.0,MINOR,0
142009027.0,1.0,431520781.0,0.0,,,,,,2.0,2.0,159.0,1.0,13.0,14.0,4.0,4.0,0.0,,0.0,2.0,2.0,1.0,2.0,56.0,80.0,,0.0,6.0,0.0,,,0.0,11.0,44.0,34.0,13.0,0.0,-5.0,248.0,3.0,,60.0,,0.0,,,,3.0,22.0,1.0,SERIOUS,1
791009067.0,1.0,431521664.0,0.0,33.0,6.0,-32.0,1045.0,,44.0,14.0,209.0,1.0,11.0,1.0,2.0,1.0,0.0,,0.0,4.0,3.0,1.0,2.0,89.0,89.0,,0.0,0.0,2.0,,,33.0,26.0,25.0,17.0,7.0,10.0,0.0,163.0,2.0,3.0,350.0,80.0,0.0,6.0,32.0,32.55764119219941,3.0,9.0,1.0,SERIOUS,1
142009070.0,1.0,431522122.0,8.0,,,,,,1.0,4.0,105.0,1.0,13.0,14.0,4.0,1.0,0.0,,0.0,3.0,1.0,1.0,2.0,89.0,89.0,,1.0,0.0,2.0,,,2.0,17.0,29.0,45.0,65.0,44.0,42.0,142.0,4.0,,350.0,10.0,0.0,,,,3.0,10.0,1.0,SERIOUS,1
142009070.0,1.0,431522163.0,8.0,,,,,,1.0,4.0,105.0,1.0,13.0,14.0,4.0,1.0,0.0,,0.0,3.0,1.0,1.0,2.0,89.0,89.0,,1.0,0.0,2.0,,,2.0,17.0,29.0,45.0,65.0,44.0,42.0,142.0,4.0,,350.0,10.0,0.0,,,,2.0,12.0,1.0,MINOR,0
791009236.0,1.0,431540650.0,0.0,46.0,-30.0,-36.0,1016.0,,98.0,4.0,127.0,2.0,68.0,1.0,1.0,1.0,0.0,,0.0,4.0,3.0,1.0,2.0,56.0,56.0,,2.0,1.0,1.0,,,0.0,8.0,21.0,35.0,46.0,30.0,59.0,152.0,4.0,,40.0,,0.0,30.0,36.0,46.861498055439924,3.0,19.0,1.0,SERIOUS,1
142009194.0,1.0,431540695.0,0.0,33.0,-21.0,-25.0,596.0,,50.0,2.0,123.0,1.0,5.0,14.0,2.0,1.0,0.0,,0.0,2.0,1.0,3.0,2.0,72.0,48.0,,0.0,0.0,0.0,,,16.0,18.0,19.0,19.0,20.0,17.0,29.0,153.0,2.0,,40.0,,0.0,21.0,25.0,32.64965543462902,3.0,19.0,1.0,SERIOUS,1
142009050.0,1.0,431540868.0,0.0,50.0,9.0,-49.0,1321.0,,59.0,4.0,122.0,9.0,62.0,1.0,1.0,2.0,0.0,,0.0,2.0,1.0,5.0,2.0,72.0,64.0,,2.0,0.0,0.0,,,48.0,64.0,31.0,19.0,10.0,0.0,-46.0,149.0,3.0,,350.0,,0.0,9.0,49.0,49.8196748283246,3.0,10.0,1.0,SERIOUS,1
142008972.0,1.0,431541065.0,0.0,25.0,13.0,-22.0,293.0,,69.0,4.0,123.0,,62.0,1.0,1.0,1.0,0.0,,0.0,2.0,2.0,1.0,2.0,89.0,89.0,,2.0,1.0,1.0,,,21.0,20.0,13.0,7.0,0.0,0.0,-46.0,146.0,2.0,,330.0,,0.0,13.0,22.0,25.553864678361276,3.0,10.0,1.0,SERIOUS,1
142009147.0,1.0,431541956.0,0.0,16.0,-15.0,-3.0,374.0,,68.0,4.0,182.0,1.0,15.0,11.0,1.0,1.0,0.0,,0.0,4.0,2.0,2.0,2.0,72.0,16.0,,2.0,1.0,1.0,,,0.0,12.0,23.0,14.0,11.0,0.0,-81.0,254.0,2.0,,80.0,,0.0,15.0,3.0,15.297058540778355,3.0,14.0,1.0,SERIOUS,1
142009069.0,1.0,431543499.0,0.0,9.0,-2.0,-9.0,108.0,,4.0,5.0,135.0,8.0,5.0,2.0,4.0,2.0,0.0,,0.0,2.0,1.0,5.0,2.0,72.0,,,3.0,0.0,1.0,,,0.0,0.0,0.0,0.0,0.0,13.0,58.0,147.0,1.0,1.0,10.0,0.0,0.0,2.0,9.0,9.219544457292887,2.0,12.0,1.0,MINOR,0
791009254.0,1.0,431556136.0,4.0,,,,,,82.0,14.0,148.0,1.0,15.0,11.0,1.0,1.0,0.0,,0.0,4.0,1.0,1.0,1.0,56.0,56.0,,1.0,1.0,1.0,,,0.0,25.0,30.0,32.0,18.0,0.0,-21.0,275.0,3.0,,260.0,,0.0,,,,5.0,42.0,2.0,CRITICAL,2
791009254.0,1.0,431556191.0,4.0,,,,,,82.0,14.0,148.0,1.0,15.0,11.0,1.0,1.0,0.0,,0.0,4.0,1.0,1.0,1.0,56.0,56.0,,1.0,1.0,1.0,,,0.0,25.0,30.0,32.0,18.0,0.0,-21.0,275.0,3.0,,260.0,,0.0,,,,3.0,13.0,1.0,SERIOUS,1
142009211.0,1.0,431556220.0,0.0,56.0,0.0,-56.0,1860.0,,1.0,4.0,128.0,1.0,13.0,1.0,4.0,1.0,0.0,,0.0,2.0,1.0,1.0,2.0,72.0,72.0,,0.0,0.0,0.0,,,63.0,68.0,68.0,46.0,21.0,2.0,-41.0,152.0,4.0,,0.0,,0.0,0.0,56.0,56.0,3.0,17.0,1.0,SERIOUS,1
142009210.0,1.0,431556255.0,2.0,,,,,,6.0,14.0,165.0,1.0,12.0,1.0,4.0,1.0,0.0,,0.0,2.0,1.0,1.0,2.0,89.0,72.0,,1.0,0.0,2.0,,,2.0,11.0,8.0,5.0,2.0,0.0,-40.0,154.0,4.0,7.0,0.0,30.0,0.0,,,,3.0,18.0,1.0,SERIOUS,1
142009253.0,1.0,431572242.0,2.0,,,,,,87.0,4.0,150.0,1.0,66.0,1.0,1.0,1.0,0.0,,0.0,5.0,1.0,1.0,2.0,56.0,16.0,,2.0,1.0,1.0,,,0.0,3.0,7.0,17.0,30.0,30.0,188.0,118.0,3.0,1.0,50.0,180.0,0.0,,,,3.0,10.0,1.0,SERIOUS,1
142009212.0,1.0,431572418.0,3.0,,,,,,14.0,4.0,150.0,1.0,14.0,9.0,5.0,1.0,6.0,24.0,6.0,2.0,1.0,1.0,2.0,56.0,97.0,,0.0,0.0,1.0,,,0.0,1.0,7.0,13.0,18.0,15.0,62.0,152.0,6.0,3.0,20.0,,0.0,,,,3.0,14.0,1.0,SERIOUS,1
142009229.0,1.0,431575351.0,7.0,,,,,,24.0,4.0,125.0,1.0,51.0,14.0,1.0,1.0,0.0,,0.0,2.0,2.0,1.0,2.0,105.0,105.0,,0.0,0.0,1.0,,,0.0,9.0,14.0,23.0,32.0,15.0,0.0,138.0,6.0,,0.0,,0.0,,,,3.0,14.0,1.0,SERIOUS,1
142009227.0,1.0,431576439.0,0.0,37.0,-6.0,-36.0,483.0,,52.0,4.0,105.0,10.0,54.0,1.0,1.0,1.0,0.0,,0.0,2.0,1.0,1.0,2.0,72.0,48.0,,0.0,0.0,1.0,,,2.0,11.0,21.0,37.0,19.0,1.0,35.0,142.0,2.0,,10.0,,0.0,6.0,36.0,36.49657518178932,3.0,17.0,1.0,SERIOUS,1
791009427.0,1.0,431586689.0,0.0,20.0,19.0,-7.0,626.0,,89.0,30.0,193.0,1.0,66.0,1.0,1.0,1.0,0.0,,0.0,4.0,3.0,1.0,2.0,56.0,64.0,,2.0,1.0,1.0,,,0.0,14.0,22.0,30.0,8.0,0.0,95.0,330.0,3.0,,290.0,,0.0,19.0,7.0,20.248456731316587,4.0,17.0,1.0,SERIOUS,1
791009369.0,1.0,431587144.0,2.0,,,,,,1.0,30.0,163.0,1.0,13.0,1.0,4.0,1.0,0.0,,0.0,5.0,3.0,1.0,2.0,56.0,72.0,,2.0,0.0,0.0,,,4.0,2.0,4.0,7.0,4.0,13.0,65.0,155.0,6.0,,10.0,,0.0,,,,3.0,9.0,1.0,SERIOUS,1
142009189.0,1.0,431587449.0,0.0,21.0,-21.0,-4.0,466.0,,87.0,14.0,200.0,1.0,66.0,1.0,1.0,1.0,2.0,17.0,7.0,4.0,3.0,1.0,2.0,56.0,40.0,,2.0,1.0,0.0,,,0.0,6.0,16.0,21.0,14.0,0.0,12.0,228.0,2.0,4.0,80.0,,0.0,21.0,4.0,21.37755832643195,3.0,14.0,1.0,SERIOUS,1
142009170.0,1.0,431587536.0,0.0,23.0,8.0,-22.0,269.0,,6.0,4.0,119.0,1.0,12.0,1.0,4.0,1.0,0.0,,0.0,4.0,1.0,2.0,2.0,89.0,89.0,,1.0,0.0,2.0,,,17.0,16.0,16.0,13.0,4.0,0.0,-57.0,148.0,6.0,1.0,340.0,0.0,0.0,8.0,22.0,23.40939982143925,5.0,43.0,2.0,CRITICAL,2
142009267.0,1.0,431587997.0,3.0,,,,,,1.0,14.0,178.0,1.0,13.0,14.0,4.0,1.0,0.0,,0.0,1.0,1.0,1.0,2.0,40.0,40.0,,0.0,0.0,1.0,,,0.0,9.0,29.0,44.0,20.0,0.0,11.0,164.0,3.0,1.0,0.0,0.0,0.0,,,,5.0,35.0,2.0,CRITICAL,2
142009310.0,1.0,431600199.0,8.0,,,,,,7.0,14.0,182.0,,12.0,14.0,4.0,,0.0,,0.0,2.0,2.0,1.0,2.0,89.0,64.0,,0.0,0.0,0.0,,,,,,,,,,,5.0,3.0,,,0.0,,,,3.0,17.0,1.0,SERIOUS,1
791009547.0,1.0,431601341.0,0.0,46.0,-46.0,-8.0,1597.0,,87.0,4.0,136.0,1.0,17.0,1.0,1.0,1.0,0.0,,0.0,2.0,1.0,1.0,2.0,40.0,,,2.0,2.0,0.0,,,0.0,23.0,47.0,35.0,24.0,0.0,-32.0,241.0,3.0,1.0,80.0,270.0,0.0,46.0,8.0,46.69047011971501,4.0,29.0,1.0,SERIOUS,1
142009509.0,1.0,431601789.0,7.0,,,,,,2.0,8.0,132.0,9.0,12.0,14.0,4.0,3.0,8.0,37.0,1.0,2.0,2.0,1.0,2.0,89.0,,,0.0,0.0,0.0,,,,,,,,,,,3.0,2.0,,,0.0,,,,3.0,17.0,2.0,SERIOUS,1
142009513.0,1.0,431602018.0,0.0,84.0,0.0,-84.0,4148.0,,1.0,4.0,144.0,2.0,13.0,1.0,4.0,1.0,0.0,,0.0,5.0,2.0,1.0,2.0,56.0,,,0.0,0.0,0.0,,,35.0,74.0,110.0,69.0,50.0,28.0,6.0,160.0,5.0,,0.0,,0.0,0.0,84.0,84.0,4.0,29.0,1.0,SERIOUS,1
142009517.0,1.0,431604431.0,0.0,34.0,-32.0,-12.0,779.0,,68.0,5.0,134.0,1.0,15.0,11.0,1.0,1.0,0.0,,0.0,4.0,1.0,1.0,2.0,72.0,32.0,,2.0,1.0,1.0,,,0.0,29.0,16.0,9.0,22.0,0.0,104.0,210.0,3.0,,70.0,,0.0,32.0,12.0,34.17601498127012,2.0,12.0,1.0,MINOR,0
791009631.0,1.0,431615402.0,7.0,,,,,,2.0,4.0,133.0,,13.0,14.0,4.0,,0.0,,0.0,6.0,3.0,1.0,2.0,89.0,113.0,,1.0,0.0,2.0,,,32.0,38.0,44.0,43.0,48.0,42.0,-56.0,158.0,3.0,,30.0,,0.0,,,,4.0,17.0,1.0,SERIOUS,1
142009512.0,1.0,431616104.0,0.0,43.0,0.0,-43.0,797.0,,28.0,4.0,144.0,2.0,52.0,1.0,1.0,1.0,0.0,,0.0,2.0,1.0,1.0,1.0,89.0,,,0.0,1.0,2.0,,,0.0,13.0,25.0,39.0,34.0,16.0,39.0,158.0,2.0,,0.0,,0.0,0.0,43.0,43.0,3.0,18.0,1.0,SERIOUS,1
142009633.0,1.0,431618812.0,4.0,,,,,,8.0,14.0,211.0,6.0,87.0,14.0,4.0,1.0,0.0,,0.0,2.0,1.0,1.0,2.0,80.0,64.0,,0.0,0.0,0.0,,,6.0,52.0,55.0,29.0,10.0,0.0,-17.0,161.0,3.0,1.0,0.0,0.0,0.0,,,,3.0,10.0,1.0,SERIOUS,1
142009516.0,1.0,431623506.0,8.0,,,,,,6.0,14.0,253.0,1.0,12.0,14.0,4.0,1.0,0.0,,0.0,2.0,2.0,2.0,2.0,72.0,72.0,,0.0,6.0,0.0,,,,,,,,,,,6.0,3.0,0.0,310.0,0.0,,,,3.0,14.0,1.0,SERIOUS,1
142009691.0,1.0,431631535.0,3.0,,,,,,87.0,4.0,131.0,10.0,17.0,1.0,1.0,1.0,0.0,,0.0,3.0,1.0,1.0,2.0,56.0,,,2.0,2.0,0.0,,,0.0,35.0,34.0,18.0,18.0,2.0,75.0,210.0,3.0,2.0,70.0,90.0,0.0,,,,2.0,12.0,1.0,MINOR,0
142009694.0,1.0,431631537.0,0.0,56.0,0.0,-56.0,1911.0,,20.0,4.0,182.0,1.0,50.0,1.0,1.0,1.0,0.0,,0.0,5.0,1.0,1.0,2.0,80.0,,,2.0,1.0,1.0,,,17.0,39.0,53.0,49.0,33.0,9.0,0.0,152.0,2.0,1.0,0.0,,0.0,0.0,56.0,56.0,3.0,13.0,1.0,SERIOUS,1
791009713.0,1.0,431643639.0,0.0,68.0,12.0,-67.0,2379.0,,64.0,4.0,139.0,,10.0,14.0,2.0,,0.0,,0.0,3.0,1.0,1.0,2.0,56.0,56.0,,0.0,0.0,0.0,,,66.0,69.0,67.0,46.0,15.0,0.0,-30.0,160.0,4.0,,350.0,,0.0,12.0,67.0,68.06614430096654,3.0,14.0,1.0,SERIOUS,1
142009514.0,1.0,431644617.0,0.0,63.0,-11.0,-62.0,2526.0,,52.0,4.0,127.0,4.0,62.0,14.0,1.0,2.0,0.0,,0.0,4.0,2.0,1.0,2.0,89.0,,,0.0,0.0,1.0,,,43.0,42.0,65.0,72.0,77.0,71.0,0.0,144.0,4.0,,10.0,,0.0,11.0,62.0,62.96824596572466,3.0,14.0,1.0,SERIOUS,1
791009788.0,1.0,431646337.0,0.0,32.0,-16.0,-28.0,828.0,,68.0,4.0,158.0,1.0,15.0,11.0,3.0,1.0,0.0,,0.0,2.0,2.0,1.0,2.0,56.0,16.0,,2.0,0.0,0.0,,,0.0,11.0,29.0,39.0,32.0,19.0,46.0,160.0,2.0,,30.0,,0.0,16.0,28.0,32.2490309931942,3.0,9.0,1.0,SERIOUS,1
142009690.0,1.0,431646352.0,0.0,27.0,27.0,-5.0,653.0,,89.0,4.0,152.0,1.0,66.0,14.0,1.0,1.0,0.0,,0.0,3.0,1.0,1.0,2.0,72.0,24.0,,2.0,1.0,0.0,,,0.0,14.0,27.0,31.0,16.0,0.0,-6.0,255.0,3.0,,280.0,,0.0,27.0,5.0,27.459060435491963,2.0,9.0,1.0,MINOR,0
142009515.0,1.0,431653598.0,0.0,47.0,24.0,-41.0,948.0,,86.0,4.0,126.0,9.0,66.0,1.0,1.0,1.0,0.0,,0.0,2.0,1.0,1.0,2.0,72.0,72.0,,1.0,0.0,0.0,,,18.0,32.0,40.0,37.0,24.0,5.0,0.0,152.0,2.0,3.0,330.0,270.0,0.0,24.0,41.0,47.50789408087881,2.0,4.0,1.0,MINOR,0
791009854.0,1.0,431665197.0,0.0,33.0,-25.0,-21.0,1694.0,,3.0,6.0,196.0,8.0,8.0,14.0,4.0,,0.0,,0.0,3.0,1.0,2.0,2.0,80.0,89.0,,0.0,0.0,2.0,,,30.0,39.0,46.0,47.0,43.0,27.0,0.0,172.0,2.0,9.0,50.0,10.0,0.0,25.0,21.0,32.64965543462902,3.0,22.0,1.0,SERIOUS,1
791009875.0,1.0,431670362.0,0.0,56.0,36.0,-43.0,2118.0,,7.0,6.0,154.0,1.0,9.0,14.0,4.0,3.0,0.0,,0.0,2.0,1.0,1.0,2.0,72.0,,,0.0,0.0,0.0,,,47.0,52.0,50.0,39.0,32.0,12.0,112.0,123.0,4.0,,320.0,,0.0,36.0,43.0,56.08029957123981,4.0,34.0,2.0,SERIOUS,1
142009888.0,1.0,431682133.0,0.0,68.0,0.0,-68.0,4729.0,,1.0,20.0,210.0,1.0,13.0,14.0,4.0,1.0,0.0,,0.0,2.0,2.0,1.0,2.0,56.0,,,0.0,6.0,0.0,,,15.0,34.0,48.0,61.0,81.0,109.0,70.0,171.0,7.0,1.0,0.0,0.0,0.0,0.0,68.0,68.0,5.0,30.0,1.0,CRITICAL,2
791009910.0,1.0,431682993.0,8.0,,,,,,1.0,15.0,265.0,4.0,13.0,14.0,4.0,2.0,0.0,,0.0,2.0,1.0,1.0,2.0,89.0,80.0,,0.0,0.0,0.0,,,22.0,27.0,41.0,54.0,69.0,73.0,54.0,168.0,3.0,,0.0,0.0,0.0,,,,3.0,14.0,1.0,SERIOUS,1
791009972.0,1.0,431703278.0,8.0,,,,,,2.0,3.0,130.0,1.0,13.0,1.0,4.0,3.0,6.0,21.0,6.0,4.0,1.0,1.0,2.0,80.0,129.0,,0.0,0.0,0.0,,,,,,,,,,,6.0,3.0,,,0.0,,,,2.0,9.0,1.0,MINOR,0
142009889.0,1.0,431703542.0,0.0,43.0,43.0,-8.0,1262.0,,89.0,14.0,150.0,1.0,66.0,3.0,1.0,1.0,0.0,,0.0,4.0,1.0,1.0,2.0,56.0,32.0,,2.0,1.0,1.0,,,0.0,17.0,28.0,32.0,10.0,0.0,17.0,285.0,3.0,1.0,280.0,350.0,0.0,43.0,8.0,43.73785545725808,2.0,12.0,1.0,MINOR,0
142009936.0,1.0,431704056.0,4.0,,,,,,20.0,4.0,163.0,2.0,50.0,1.0,1.0,1.0,0.0,,0.0,2.0,1.0,1.0,2.0,72.0,72.0,,2.0,1.0,1.0,,,26.0,28.0,41.0,35.0,29.0,20.0,0.0,155.0,2.0,,0.0,,0.0,,,,3.0,10.0,1.0,SERIOUS,1
142009269.0,1.0,431713982.0,3.0,,,,,,89.0,4.0,156.0,1.0,66.0,14.0,1.0,1.0,2.0,10.0,7.0,2.0,1.0,1.0,2.0,72.0,,,2.0,0.0,0.0,,,0.0,13.0,12.0,12.0,19.0,1.0,132.0,176.0,3.0,2.0,300.0,270.0,0.0,,,,4.0,21.0,1.0,SERIOUS,1
142009268.0,1.0,431714778.0,8.0,,,,,,86.0,20.0,203.0,1.0,17.0,1.0,1.0,1.0,0.0,,0.0,2.0,1.0,1.0,2.0,40.0,,,2.0,0.0,0.0,,,2.0,6.0,23.0,32.0,20.0,0.0,-131.0,233.0,3.0,4.0,290.0,330.0,0.0,,,,3.0,10.0,1.0,SERIOUS,1
142009219.0,1.0,431716144.0,0.0,23.0,-23.0,-4.0,410.0,,87.0,6.0,154.0,1.0,17.0,1.0,1.0,1.0,0.0,,0.0,5.0,2.0,1.0,2.0,56.0,56.0,,2.0,1.0,1.0,,,0.0,10.0,13.0,24.0,7.0,0.0,14.0,305.0,3.0,1.0,80.0,0.0,0.0,23.0,4.0,23.345235059857504,2.0,5.0,1.0,MINOR,0
142009511.0,1.0,431717557.0,0.0,103.0,-66.0,-79.0,4416.0,,76.0,4.0,166.0,1.0,15.0,11.0,1.0,1.0,0.0,,0.0,2.0,3.0,1.0,2.0,72.0,48.0,,2.0,2.0,0.0,,,52.0,65.0,71.0,54.0,48.0,20.0,0.0,160.0,3.0,,40.0,,0.0,66.0,79.0,102.9417310909429,4.0,17.0,1.0,SERIOUS,1
142009891.0,1.0,431721389.0,7.0,,,,,,11.0,14.0,210.0,1.0,13.0,1.0,4.0,1.0,1.0,15.0,7.0,2.0,1.0,1.0,2.0,97.0,97.0,,0.0,0.0,1.0,,,22.0,6.0,7.0,7.0,5.0,32.0,68.0,164.0,4.0,,0.0,0.0,0.0,,,,3.0,10.0,1.0,SERIOUS,1
142009937.0,1.0,431721731.0,0.0,34.0,-17.0,-29.0,876.0,,68.0,4.0,158.0,1.0,15.0,11.0,2.0,1.0,0.0,,0.0,2.0,2.0,2.0,2.0,89.0,16.0,,3.0,0.0,0.0,,,1.0,21.0,29.0,44.0,49.0,29.0,39.0,145.0,2.0,,30.0,,0.0,17.0,29.0,33.61547262794322,3.0,13.0,1.0,SERIOUS,1
142009510.0,1.0,431728323.0,0.0,68.0,34.0,-59.0,2621.0,,65.0,4.0,181.0,2.0,62.0,14.0,1.0,1.0,0.0,,0.0,2.0,1.0,2.0,2.0,89.0,89.0,,0.0,0.0,1.0,,,91.0,78.0,54.0,32.0,12.0,0.0,-44.0,160.0,4.0,2.0,330.0,270.0,0.0,34.0,59.0,68.09552114493287,3.0,17.0,1.0,SERIOUS,1
142009510.0,1.0,431728326.0,0.0,68.0,34.0,-59.0,2621.0,,65.0,4.0,181.0,2.0,62.0,14.0,1.0,1.0,0.0,,0.0,2.0,1.0,2.0,2.0,89.0,89.0,,0.0,0.0,1.0,,,91.0,78.0,54.0,32.0,12.0,0.0,-44.0,160.0,4.0,2.0,330.0,270.0,0.0,34.0,59.0,68.09552114493287,3.0,14.0,1.0,SERIOUS,1
142009689.0,1.0,431736686.0,0.0,20.0,-10.0,-17.0,381.0,,68.0,14.0,158.0,8.0,15.0,11.0,1.0,2.0,2.0,10.0,7.0,5.0,3.0,1.0,2.0,72.0,8.0,,2.0,1.0,1.0,,,0.0,7.0,16.0,15.0,12.0,0.0,33.0,160.0,1.0,3.0,30.0,,0.0,10.0,17.0,19.72308292331602,3.0,9.0,1.0,SERIOUS,1
142009887.0,1.0,431736780.0,3.0,,,,,,20.0,4.0,160.0,,50.0,1.0,1.0,,0.0,,0.0,2.0,1.0,2.0,2.0,80.0,,,1.0,0.0,1.0,,,23.0,14.0,15.0,15.0,16.0,15.0,0.0,150.0,2.0,,0.0,,0.0,,,,3.0,10.0,1.0,SERIOUS,1
142010232.0,1.0,431747114.0,2.0,,,,,,82.0,1.0,162.0,1.0,66.0,11.0,1.0,1.0,0.0,,0.0,3.0,1.0,1.0,2.0,64.0,40.0,,2.0,1.0,0.0,,,0.0,11.0,16.0,20.0,9.0,0.0,-30.0,231.0,2.0,1.0,280.0,340.0,0.0,,,,3.0,14.0,1.0,SERIOUS,1
791010239.0,1.0,431748878.0,0.0,16.0,15.0,-6.0,333.0,,82.0,14.0,197.0,1.0,15.0,11.0,1.0,1.0,0.0,,0.0,3.0,1.0,1.0,2.0,48.0,16.0,,2.0,2.0,0.0,,,0.0,10.0,10.0,17.0,23.0,24.0,148.0,121.0,2.0,2.0,290.0,270.0,0.0,15.0,6.0,16.15549442140351,2.0,5.0,1.0,MINOR,0
142009979.0,1.0,431751209.0,3.0,,,,,,87.0,31.0,240.0,1.0,66.0,1.0,1.0,1.0,0.0,,0.0,4.0,1.0,1.0,2.0,97.0,101.0,,2.0,0.0,1.0,,,0.0,16.0,29.0,38.0,18.0,0.0,-38.0,315.0,3.0,,60.0,,0.0,,,,2.0,9.0,1.0,MINOR,0
142010335.0,1.0,431761273.0,7.0,,,,,,1.0,4.0,164.0,1.0,13.0,14.0,4.0,1.0,0.0,,0.0,4.0,1.0,1.0,2.0,72.0,,,0.0,0.0,1.0,,,41.0,47.0,43.0,40.0,35.0,11.0,-43.0,152.0,2.0,1.0,0.0,0.0,0.0,,,,3.0,13.0,1.0,SERIOUS,1
142010560.0,1.0,431767681.0,3.0,,,,,,89.0,14.0,164.0,1.0,17.0,1.0,1.0,1.0,0.0,,0.0,3.0,1.0,1.0,2.0,48.0,,,2.0,1.0,0.0,,,0.0,5.0,10.0,41.0,23.0,9.0,17.0,200.0,3.0,3.0,290.0,0.0,0.0,,,,2.0,8.0,1.0,MINOR,0
791010674.0,1.0,431767724.0,0.0,70.0,0.0,-70.0,3160.0,,1.0,4.0,134.0,1.0,13.0,1.0,4.0,1.0,0.0,,0.0,2.0,1.0,1.0,2.0,89.0,80.0,,0.0,0.0,0.0,,,3.0,17.0,37.0,59.0,79.0,99.0,53.0,150.0,7.0,,0.0,,0.0,0.0,70.0,70.0,3.0,17.0,1.0,SERIOUS,1
142010378.0,1.0,431767781.0,0.0,23.0,-12.0,-20.0,220.0,,68.0,4.0,127.0,1.0,15.0,11.0,1.0,1.0,0.0,,0.0,4.0,1.0,1.0,2.0,72.0,40.0,,2.0,0.0,1.0,,,9.0,2.0,3.0,6.0,8.0,10.0,49.0,148.0,1.0,2.0,30.0,90.0,0.0,12.0,20.0,23.323807579381203,3.0,10.0,1.0,SERIOUS,1
142010376.0,1.0,431779044.0,5.0,,,,,,28.0,6.0,223.0,1.0,52.0,1.0,1.0,1.0,0.0,,0.0,4.0,1.0,1.0,2.0,72.0,72.0,,2.0,1.0,1.0,,,72.0,68.0,57.0,45.0,30.0,16.0,0.0,158.0,4.0,,0.0,,0.0,,,,2.0,9.0,1.0,MINOR,0
142010376.0,1.0,431779058.0,5.0,,,,,,28.0,6.0,223.0,1.0,52.0,1.0,1.0,1.0,0.0,,0.0,4.0,1.0,1.0,2.0,72.0,72.0,,2.0,1.0,1.0,,,72.0,68.0,57.0,45.0,30.0,16.0,0.0,158.0,4.0,,0.0,,0.0,,,,3.0,10.0,1.0,SERIOUS,1
142010474.0,1.0,431793095.0,8.0,,,,,,1.0,14.0,163.0,7.0,13.0,14.0,4.0,2.0,0.0,,0.0,3.0,1.0,1.0,2.0,97.0,97.0,,2.0,0.0,1.0,,,11.0,21.0,19.0,7.0,3.0,0.0,60.0,76.0,3.0,,290.0,340.0,0.0,,,,3.0,14.0,1.0,SERIOUS,1
142010314.0,1.0,431793182.0,0.0,58.0,0.0,-58.0,2305.0,,1.0,6.0,149.0,1.0,13.0,14.0,4.0,1.0,0.0,,0.0,2.0,1.0,1.0,2.0,89.0,89.0,,0.0,0.0,0.0,,,7.0,12.0,39.0,63.0,73.0,79.0,50.0,161.0,3.0,2.0,0.0,,0.0,0.0,58.0,58.0,3.0,10.0,1.0,SERIOUS,1
791010402.0,1.0,431808783.0,0.0,43.0,-8.0,-43.0,1153.0,,7.0,4.0,138.0,2.0,6.0,14.0,4.0,1.0,0.0,,0.0,3.0,1.0,2.0,2.0,113.0,113.0,,0.0,0.0,1.0,,,0.0,6.0,50.0,43.0,13.0,0.0,12.0,148.0,3.0,1.0,10.0,0.0,0.0,8.0,43.0,43.73785545725808,3.0,10.0,1.0,SERIOUS,1
791010402.0,1.0,431809469.0,0.0,43.0,-8.0,-43.0,1153.0,,7.0,4.0,138.0,2.0,6.0,14.0,4.0,1.0,0.0,,0.0,3.0,1.0,2.0,2.0,113.0,113.0,,0.0,0.0,1.0,,,0.0,6.0,50.0,43.0,13.0,0.0,12.0,148.0,3.0,1.0,10.0,0.0,0.0,8.0,43.0,43.73785545725808,3.0,10.0,1.0,SERIOUS,1
791010375.0,1.0,431820951.0,3.0,,,,,,86.0,4.0,145.0,3.0,66.0,1.0,1.0,2.0,0.0,,0.0,3.0,1.0,1.0,1.0,97.0,,,2.0,0.0,1.0,,,27.0,20.0,18.0,18.0,21.0,22.0,0.0,156.0,3.0,,340.0,,0.0,,,,3.0,9.0,1.0,SERIOUS,1
142010634.0,1.0,431821280.0,0.0,28.0,10.0,-27.0,631.0,,51.0,3.0,138.0,8.0,62.0,1.0,1.0,2.0,0.0,,0.0,2.0,1.0,1.0,2.0,89.0,89.0,,0.0,6.0,0.0,,,0.0,8.0,21.0,31.0,32.0,28.0,41.0,145.0,2.0,,340.0,,0.0,10.0,27.0,28.792360097775937,2.0,5.0,1.0,MINOR,0
142010634.0,1.0,431821317.0,0.0,28.0,10.0,-27.0,631.0,,51.0,3.0,138.0,8.0,62.0,1.0,1.0,2.0,0.0,,0.0,2.0,1.0,1.0,2.0,89.0,89.0,,0.0,6.0,0.0,,,0.0,8.0,21.0,31.0,32.0,28.0,41.0,145.0,2.0,,340.0,,0.0,10.0,27.0,28.792360097775937,3.0,14.0,1.0,SERIOUS,1
142010234.0,1.0,431836435.0,8.0,,,,,,1.0,14.0,197.0,1.0,8.0,1.0,4.0,1.0,8.0,50.0,1.0,4.0,1.0,1.0,1.0,89.0,89.0,,1.0,0.0,2.0,,,,,,,,,,,4.0,3.0,,,0.0,,,,2.0,9.0,1.0,MINOR,0
142010235.0,1.0,431836499.0,0.0,47.0,-45.0,-16.0,1381.0,,68.0,4.0,152.0,1.0,63.0,11.0,1.0,1.0,0.0,,0.0,4.0,1.0,1.0,2.0,56.0,16.0,,2.0,1.0,1.0,,,0.0,21.0,33.0,28.0,18.0,0.0,-32.0,280.0,3.0,2.0,70.0,270.0,0.0,45.0,16.0,47.75981574503821,3.0,10.0,2.0,SERIOUS,1
791010439.0,1.0,431837189.0,0.0,13.0,0.0,-13.0,127.0,,1.0,14.0,158.0,6.0,13.0,14.0,4.0,1.0,0.0,,0.0,2.0,1.0,1.0,2.0,72.0,72.0,,0.0,6.0,2.0,,,0.0,0.0,0.0,1.0,5.0,9.0,37.0,150.0,1.0,,0.0,,0.0,0.0,13.0,13.0,3.0,14.0,1.0,SERIOUS,1
791010703.0,1.0,431842125.0,0.0,62.0,0.0,-62.0,2836.0,,6.0,4.0,183.0,1.0,12.0,14.0,4.0,1.0,0.0,,0.0,3.0,1.0,1.0,2.0,56.0,72.0,,0.0,0.0,1.0,,,0.0,62.0,68.0,64.0,25.0,0.0,1.0,160.0,3.0,,0.0,,0.0,0.0,62.0,62.0,4.0,21.0,1.0,SERIOUS,1
791010702.0,1.0,431844746.0,0.0,34.0,6.0,-34.0,511.0,,69.0,4.0,144.0,,62.0,1.0,1.0,,0.0,,0.0,4.0,3.0,1.0,2.0,72.0,72.0,,2.0,1.0,1.0,,,0.0,1.0,8.0,16.0,24.0,27.0,42.0,148.0,2.0,,350.0,,0.0,6.0,34.0,34.52535300326414,3.0,14.0,1.0,SERIOUS,1
791010697.0,1.0,431853265.0,0.0,9.0,7.0,-6.0,96.0,,69.0,6.0,189.0,2.0,62.0,1.0,1.0,1.0,0.0,,0.0,3.0,1.0,1.0,2.0,72.0,64.0,,2.0,0.0,1.0,,,0.0,4.0,10.0,13.0,0.0,6.0,143.0,138.0,2.0,2.0,310.0,270.0,0.0,7.0,6.0,9.219544457292887,3.0,10.0,1.0,SERIOUS,1
791010700.0,1.0,431853299.0,3.0,,,,,,82.0,4.0,128.0,1.0,15.0,11.0,1.0,1.0,0.0,,0.0,2.0,1.0,1.0,2.0,56.0,,,2.0,2.0,0.0,,,0.0,7.0,13.0,25.0,15.0,0.0,34.0,227.0,3.0,3.0,280.0,0.0,0.0,,,,4.0,21.0,1.0,SERIOUS,1
791010438.0,1.0,431855531.0,8.0,,,,,,98.0,15.0,202.0,3.0,62.0,14.0,1.0,2.0,0.0,,0.0,2.0,1.0,1.0,2.0,89.0,,,0.0,0.0,0.0,,,30.0,21.0,14.0,8.0,4.0,9.0,-37.0,168.0,8.0,1.0,350.0,180.0,0.0,,,,4.0,34.0,1.0,SERIOUS,1
791010799.0,1.0,431866964.0,0.0,111.0,-19.0,-109.0,4820.0,,50.0,4.0,128.0,3.0,10.0,1.0,2.0,2.0,0.0,,0.0,4.0,1.0,2.0,2.0,72.0,64.0,,0.0,0.0,0.0,,,0.0,49.0,65.0,78.0,75.0,63.0,24.0,152.0,4.0,,10.0,,0.0,19.0,109.0,110.64357188738983,3.0,10.0,1.0,SERIOUS,1
791010704.0,1.0,431867826.0,0.0,37.0,36.0,-6.0,783.0,,74.0,2.0,128.0,1.0,11.0,14.0,2.0,1.0,0.0,,0.0,1.0,1.0,1.0,2.0,105.0,32.0,,1.0,0.0,3.0,,,0.0,2.0,34.0,42.0,0.0,0.0,27.0,282.0,3.0,,280.0,,0.0,36.0,6.0,36.49657518178932,3.0,19.0,1.0,SERIOUS,1
791010934.0,1.0,431869976.0,0.0,65.0,11.0,-64.0,2339.0,,69.0,2.0,162.0,4.0,62.0,1.0,1.0,1.0,0.0,,0.0,4.0,1.0,1.0,2.0,72.0,160.0,,2.0,0.0,1.0,,,8.0,25.0,43.0,53.0,49.0,40.0,0.0,154.0,3.0,2.0,350.0,280.0,0.0,11.0,64.0,64.93843238021688,3.0,19.0,1.0,SERIOUS,1
791010440.0,1.0,431870476.0,0.0,37.0,19.0,-32.0,758.0,,86.0,5.0,149.0,2.0,3.0,1.0,1.0,1.0,0.0,,0.0,2.0,1.0,1.0,2.0,72.0,40.0,,2.0,1.0,1.0,,,22.0,26.0,26.0,23.0,19.0,18.0,0.0,136.0,2.0,2.0,330.0,270.0,0.0,19.0,32.0,37.21558813185679,3.0,13.0,1.0,SERIOUS,1
791010699.0,1.0,431870890.0,5.0,,,,,,6.0,14.0,175.0,1.0,12.0,1.0,4.0,1.0,0.0,,0.0,2.0,2.0,1.0,2.0,113.0,113.0,,0.0,0.0,1.0,,,0.0,34.0,63.0,48.0,29.0,0.0,0.0,154.0,3.0,2.0,0.0,0.0,0.0,,,,3.0,17.0,1.0,SERIOUS,1
791010701.0,1.0,431890626.0,2.0,,,,,,14.0,5.0,113.0,1.0,14.0,1.0,4.0,1.0,1.0,10.0,6.0,1.0,1.0,1.0,2.0,56.0,97.0,,1.0,2.0,3.0,,,22.0,11.0,8.0,6.0,6.0,9.0,0.0,149.0,2.0,3.0,0.0,,0.0,,,,3.0,17.0,2.0,SERIOUS,1
791010718.0,1.0,431890706.0,0.0,37.0,6.0,-36.0,970.0,,69.0,4.0,141.0,4.0,62.0,1.0,1.0,,0.0,,0.0,2.0,5.0,1.0,2.0,89.0,89.0,,2.0,0.0,0.0,,,45.0,45.0,31.0,22.0,12.0,6.0,-59.0,144.0,6.0,3.0,350.0,290.0,0.0,6.0,36.0,36.49657518178932,4.0,29.0,1.0,SERIOUS,1
791010975.0,1.0,431908761.0,8.0,,,,,,20.0,4.0,123.0,9.0,11.0,6.0,2.0,1.0,0.0,,0.0,2.0,1.0,1.0,2.0,89.0,72.0,,0.0,0.0,0.0,,,,,,,,,,,6.0,,0.0,,0.0,,,,3.0,17.0,1.0,SERIOUS,1
897000388.0,1.0,459028452.0,0.0,22.0,22.0,-4.0,352.0,,89.0,4.0,114.0,1.0,66.0,1.0,1.0,1.0,3.0,15.0,7.0,2.0,5.0,2.0,2.0,72.0,72.0,,2.0,0.0,0.0,,,0.0,9.0,20.0,19.0,18.0,2.0,127.0,208.0,3.0,3.0,280.0,,0.0,22.0,4.0,22.360679774997898,3.0,10.0,1.0,SERIOUS,1
897000372.0,1.0,459033943.0,0.0,46.0,0.0,-46.0,1536.0,,7.0,4.0,164.0,8.0,13.0,14.0,4.0,4.0,0.0,,0.0,2.0,2.0,2.0,2.0,80.0,56.0,,0.0,0.0,0.0,,,72.0,71.0,54.0,25.0,6.0,0.0,-48.0,155.0,3.0,2.0,0.0,60.0,0.0,0.0,46.0,46.0,4.0,29.0,1.0,SERIOUS,1
897000387.0,1.0,459034013.0,0.0,20.0,20.0,-4.0,571.0,,82.0,4.0,197.0,1.0,15.0,11.0,1.0,1.0,0.0,,0.0,2.0,2.0,1.0,2.0,56.0,8.0,,2.0,2.0,0.0,,,0.0,17.0,32.0,27.0,15.0,0.0,141.0,230.0,2.0,,280.0,,0.0,20.0,4.0,20.396078054371138,4.0,17.0,1.0,SERIOUS,1
897000373.0,1.0,459034736.0,0.0,41.0,-14.0,-39.0,1021.0,,51.0,4.0,125.0,6.0,62.0,1.0,2.0,1.0,0.0,,0.0,2.0,1.0,1.0,2.0,72.0,72.0,,0.0,0.0,0.0,,,3.0,14.0,28.0,38.0,44.0,49.0,45.0,155.0,3.0,,20.0,,0.0,14.0,39.0,41.43669871020132,5.0,59.0,1.0,CRITICAL,2
314000618.0,1.0,459049616.0,0.0,23.0,-20.0,-12.0,455.0,,68.0,14.0,179.0,1.0,15.0,11.0,2.0,1.0,0.0,,0.0,2.0,1.0,2.0,2.0,89.0,56.0,,3.0,0.0,0.0,,,0.0,10.0,21.0,25.0,26.0,30.0,187.0,106.0,3.0,2.0,60.0,90.0,0.0,20.0,12.0,23.323807579381203,4.0,17.0,1.0,SERIOUS,1
550004860.0,1.0,550025519.0,0.0,23.0,12.0,-20.0,282.0,,7.0,4.0,141.0,4.0,6.0,16.0,4.0,2.0,0.0,,0.0,4.0,1.0,1.0,2.0,89.0,,0.0,1.0,0.0,2.0,6.0,0.0,0.0,0.0,1.0,10.0,34.0,45.0,139.0,138.0,3.0,,330.0,,0.0,12.0,20.0,23.323807579381203,4.0,34.0,1.0,SERIOUS,1
550004861.0,1.0,550025538.0,0.0,,,,,,89.0,15.0,209.0,1.0,66.0,1.0,1.0,1.0,0.0,,0.0,3.0,1.0,1.0,2.0,72.0,,0.0,2.0,1.0,1.0,6.0,0.0,9.0,26.0,22.0,30.0,19.0,0.0,-149.0,199.0,3.0,,290.0,,0.0,,,,2.0,4.0,1.0,MINOR,0
554007115.0,1.0,554160123.0,0.0,27.0,21.0,-17.0,758.0,,82.0,4.0,163.0,1.0,66.0,11.0,1.0,1.0,0.0,,0.0,3.0,3.0,2.0,2.0,72.0,24.0,,2.0,1.0,0.0,,,0.0,19.0,15.0,39.0,18.0,0.0,-8.0,281.0,3.0,,310.0,,0.0,21.0,17.0,27.018512172212592,3.0,22.0,1.0,SERIOUS,1
558004740.0,1.0,558022788.0,0.0,10.0,8.0,-6.0,136.0,,89.0,4.0,162.0,1.0,66.0,1.0,1.0,1.0,0.0,,0.0,3.0,1.0,1.0,2.0,64.0,,0.0,2.0,1.0,1.0,1.0,0.0,0.0,17.0,14.0,13.0,11.0,0.0,54.0,127.0,2.0,1.0,310.0,270.0,0.0,8.0,6.0,10.0,3.0,10.0,1.0,SERIOUS,1
558004780.0,1.0,558024278.0,0.0,13.0,-13.0,0.0,183.0,,1.0,2.0,132.0,4.0,13.0,14.0,4.0,1.0,0.0,,0.0,2.0,2.0,1.0,2.0,48.0,,0.0,0.0,0.0,1.0,1.0,7.0,0.0,7.0,7.0,19.0,20.0,0.0,-113.0,162.0,3.0,3.0,90.0,180.0,0.0,13.0,0.0,13.0,3.0,14.0,1.0,SERIOUS,1
558005028.0,1.0,558030923.0,7.0,,,,,,7.0,14.0,144.0,8.0,12.0,1.0,4.0,4.0,4.0,22.0,1.0,2.0,1.0,2.0,2.0,105.0,113.0,1.0,0.0,0.0,1.0,,,,,,,,,,,3.0,,,,0.0,,,,5.0,26.0,1.0,CRITICAL,2
558005029.0,1.0,558030927.0,0.0,46.0,-40.0,-23.0,1482.0,,68.0,2.0,114.0,1.0,15.0,11.0,1.0,1.0,0.0,,0.0,4.0,3.0,2.0,2.0,64.0,32.0,1.0,2.0,1.0,1.0,,,0.0,47.0,44.0,39.0,45.0,40.0,108.0,184.0,3.0,2.0,60.0,90.0,0.0,40.0,23.0,46.14108798023731,5.0,50.0,1.0,CRITICAL,2
558005029.0,1.0,558030928.0,0.0,46.0,-40.0,-23.0,1482.0,,68.0,2.0,114.0,1.0,15.0,11.0,1.0,1.0,0.0,,0.0,4.0,3.0,2.0,2.0,64.0,32.0,1.0,2.0,1.0,1.0,,,0.0,47.0,44.0,39.0,45.0,40.0,108.0,184.0,3.0,2.0,60.0,90.0,0.0,40.0,23.0,46.14108798023731,4.0,48.0,2.0,SERIOUS,1
433008912.0,1.0,588451254.0,0.0,28.0,-9.0,-26.0,467.0,,68.0,5.0,124.0,1.0,15.0,11.0,1.0,1.0,0.0,,0.0,5.0,1.0,1.0,2.0,56.0,,,2.0,1.0,0.0,,,4.0,10.0,14.0,20.0,24.0,25.0,38.0,150.0,2.0,,20.0,,0.0,9.0,26.0,27.51363298439521,3.0,14.0,1.0,SERIOUS,1
433008912.0,1.0,588451794.0,0.0,28.0,-9.0,-26.0,467.0,,68.0,5.0,124.0,1.0,15.0,11.0,1.0,1.0,0.0,,0.0,5.0,1.0,1.0,2.0,56.0,,,2.0,1.0,0.0,,,4.0,10.0,14.0,20.0,24.0,25.0,38.0,150.0,2.0,,20.0,,0.0,9.0,26.0,27.51363298439521,3.0,17.0,1.0,SERIOUS,1
433008971.0,1.0,588467517.0,0.0,30.0,5.0,-29.0,1058.0,,98.0,4.0,160.0,9.0,62.0,1.0,1.0,1.0,0.0,,0.0,2.0,5.0,1.0,2.0,64.0,,,0.0,0.0,0.0,,,17.0,32.0,43.0,37.0,26.0,10.0,-23.0,160.0,2.0,1.0,350.0,0.0,0.0,5.0,29.0,29.427877939124322,3.0,22.0,1.0,SERIOUS,1
433009008.0,1.0,588478638.0,0.0,76.0,-13.0,-75.0,2814.0,,52.0,4.0,155.0,8.0,54.0,1.0,1.0,1.0,0.0,,0.0,2.0,2.0,2.0,2.0,89.0,,,0.0,0.0,1.0,,,46.0,51.0,61.0,67.0,68.0,69.0,0.0,150.0,3.0,,10.0,,0.0,13.0,75.0,76.11832893594026,3.0,19.0,1.0,SERIOUS,1
433009093.0,1.0,588488413.0,0.0,29.0,0.0,-29.0,433.0,,24.0,4.0,159.0,2.0,51.0,14.0,1.0,1.0,0.0,,0.0,2.0,1.0,2.0,2.0,64.0,,,0.0,0.0,0.0,,,20.0,20.0,23.0,14.0,11.0,18.0,2.0,150.0,2.0,,0.0,,0.0,0.0,29.0,29.0,3.0,10.0,1.0,SERIOUS,1
433009096.0,1.0,588496336.0,0.0,24.0,4.0,-24.0,237.0,,51.0,2.0,123.0,,62.0,14.0,1.0,,0.0,,0.0,2.0,1.0,88.0,2.0,64.0,,,0.0,0.0,0.0,,,45.0,0.0,0.0,0.0,0.0,0.0,-64.0,150.0,6.0,,350.0,,0.0,4.0,24.0,24.331050121192877,3.0,9.0,1.0,SERIOUS,1
433009255.0,1.0,588552417.0,0.0,21.0,14.0,-16.0,270.0,,82.0,4.0,120.0,,15.0,11.0,1.0,,0.0,,0.0,1.0,1.0,1.0,2.0,80.0,,,2.0,2.0,3.0,,,24.0,15.0,11.0,5.0,0.0,0.0,-54.0,150.0,2.0,2.0,320.0,200.0,0.0,14.0,16.0,21.2602916254693,5.0,38.0,2.0,CRITICAL,2
433009494.0,1.0,588557587.0,0.0,26.0,5.0,-26.0,696.0,,69.0,31.0,256.0,,62.0,1.0,1.0,,0.0,,0.0,2.0,3.0,1.0,2.0,80.0,,,2.0,1.0,1.0,,,31.0,27.0,29.0,4.0,0.0,9.0,-26.0,160.0,2.0,2.0,350.0,10.0,0.0,5.0,26.0,26.476404589747453,3.0,10.0,1.0,SERIOUS,1
433009391.0,1.0,588557685.0,7.0,,,,,,20.0,5.0,112.0,,50.0,1.0,1.0,,0.0,,0.0,2.0,1.0,1.0,2.0,40.0,,,0.0,0.0,0.0,,,2.0,18.0,39.0,39.0,36.0,13.0,28.0,145.0,3.0,,0.0,,0.0,,,,3.0,10.0,1.0,SERIOUS,1
433009807.0,1.0,588588658.0,0.0,86.0,0.0,-86.0,6218.0,,6.0,1.0,183.0,7.0,12.0,1.0,4.0,1.0,0.0,,0.0,2.0,1.0,1.0,2.0,64.0,,,0.0,0.0,0.0,,,60.0,114.0,119.0,103.0,62.0,0.0,-51.0,150.0,4.0,2.0,0.0,90.0,0.0,0.0,86.0,86.0,3.0,27.0,1.0,SERIOUS,1
433009693.0,1.0,588589147.0,7.0,,,,,,50.0,14.0,160.0,,10.0,14.0,2.0,,0.0,,0.0,2.0,1.0,1.0,2.0,89.0,,,0.0,0.0,0.0,,,29.0,12.0,4.0,0.0,0.0,0.0,-58.0,150.0,6.0,,350.0,,0.0,,,,3.0,10.0,1.0,SERIOUS,1
792010558.0,1.0,588774592.0,0.0,76.0,0.0,-76.0,3146.0,,1.0,14.0,129.0,1.0,13.0,14.0,4.0,1.0,0.0,,0.0,2.0,1.0,1.0,2.0,40.0,,,0.0,0.0,0.0,,,31.0,72.0,82.0,76.0,60.0,33.0,6.0,150.0,4.0,5.0,0.0,0.0,0.0,0.0,76.0,76.0,4.0,21.0,1.0,SERIOUS,1
792010561.0,1.0,588774905.0,0.0,71.0,-12.0,-70.0,2820.0,,52.0,4.0,141.0,4.0,54.0,1.0,1.0,,0.0,,0.0,3.0,3.0,2.0,2.0,48.0,,,1.0,0.0,3.0,,,19.0,39.0,55.0,67.0,70.0,73.0,8.0,150.0,4.0,,10.0,,0.0,12.0,70.0,71.02112361825881,3.0,13.0,1.0,SERIOUS,1
792010654.0,1.0,588775715.0,7.0,,,,,,51.0,4.0,170.0,,62.0,1.0,1.0,,0.0,,0.0,4.0,1.0,1.0,2.0,72.0,,,0.0,0.0,0.0,,,3.0,2.0,0.0,1.0,1.0,1.0,-67.0,160.0,8.0,1.0,340.0,190.0,0.0,,,,3.0,9.0,1.0,SERIOUS,1
792010619.0,1.0,588781745.0,0.0,24.0,4.0,-24.0,305.0,,51.0,5.0,149.0,2.0,62.0,14.0,1.0,1.0,0.0,,0.0,2.0,1.0,2.0,2.0,64.0,,,0.0,6.0,0.0,,,23.0,16.0,10.0,3.0,0.0,0.0,-61.0,150.0,6.0,4.0,350.0,150.0,0.0,4.0,24.0,24.331050121192877,3.0,19.0,1.0,SERIOUS,1
792010656.0,1.0,588784896.0,8.0,,,,,,1.0,14.0,201.0,1.0,13.0,14.0,4.0,1.0,0.0,,0.0,4.0,1.0,1.0,2.0,105.0,,,0.0,0.0,2.0,,,13.0,0.0,0.0,0.0,0.0,1.0,-65.0,160.0,6.0,5.0,350.0,20.0,0.0,,,,3.0,14.0,1.0,SERIOUS,1
792010655.0,1.0,588790222.0,0.0,82.0,14.0,-81.0,3000.0,,51.0,4.0,149.0,,62.0,14.0,1.0,,0.0,,0.0,5.0,1.0,1.0,2.0,64.0,,,2.0,1.0,0.0,,,48.0,55.0,70.0,59.0,52.0,39.0,0.0,150.0,4.0,,350.0,,0.0,14.0,81.0,82.20097323024831,2.0,12.0,1.0,MINOR,0
792010676.0,1.0,588800418.0,0.0,34.0,32.0,12.0,906.0,,98.0,4.0,164.0,1.0,68.0,5.0,1.0,1.0,0.0,,0.0,2.0,1.0,1.0,2.0,56.0,,,3.0,0.0,0.0,,,1.0,8.0,28.0,26.0,19.0,0.0,-8.0,241.0,2.0,1.0,250.0,,0.0,32.0,12.0,34.17601498127012,2.0,4.0,1.0,MINOR,0
792010815.0,1.0,588803334.0,7.0,,,,,,89.0,4.0,113.0,1.0,66.0,1.0,1.0,1.0,0.0,,0.0,4.0,1.0,1.0,2.0,,,,2.0,1.0,0.0,,,1.0,10.0,18.0,20.0,14.0,11.0,65.0,257.0,2.0,3.0,280.0,0.0,0.0,,,,2.0,5.0,1.0,MINOR,0
792010815.0,1.0,588803676.0,7.0,,,,,,89.0,4.0,113.0,1.0,66.0,1.0,1.0,1.0,0.0,,0.0,4.0,1.0,1.0,2.0,,,,2.0,1.0,0.0,,,1.0,10.0,18.0,20.0,14.0,11.0,65.0,257.0,2.0,3.0,280.0,0.0,0.0,,,,2.0,9.0,1.0,MINOR,0
792010714.0,1.0,588804361.0,0.0,74.0,-73.0,-13.0,4942.0,,64.0,2.0,124.0,8.0,13.0,1.0,6.0,4.0,0.0,,0.0,2.0,1.0,1.0,2.0,80.0,,,0.0,0.0,0.0,,,15.0,44.0,84.0,87.0,70.0,17.0,-74.0,292.0,6.0,,80.0,220.0,0.0,73.0,13.0,74.14849964766651,5.0,38.0,1.0,CRITICAL,2
792010657.0,1.0,588813642.0,0.0,75.0,-13.0,-74.0,4231.0,,14.0,14.0,176.0,,13.0,11.0,4.0,,0.0,,0.0,3.0,1.0,1.0,2.0,48.0,,,2.0,1.0,0.0,,,34.0,46.0,57.0,66.0,73.0,74.0,15.0,160.0,3.0,4.0,20.0,10.0,0.0,13.0,74.0,75.13321502504735,3.0,14.0,1.0,SERIOUS,1
792010657.0,1.0,588814168.0,0.0,75.0,-13.0,-74.0,4231.0,,14.0,14.0,176.0,,13.0,11.0,4.0,,0.0,,0.0,3.0,1.0,1.0,2.0,48.0,,,2.0,1.0,0.0,,,34.0,46.0,57.0,66.0,73.0,74.0,15.0,160.0,3.0,4.0,20.0,10.0,0.0,13.0,74.0,75.13321502504735,3.0,22.0,2.0,SERIOUS,1
792010816.0,1.0,588815411.0,0.0,22.0,20.0,-7.0,230.0,,89.0,14.0,150.0,1.0,66.0,1.0,1.0,1.0,0.0,,0.0,3.0,1.0,2.0,2.0,48.0,,,2.0,0.0,2.0,,,0.0,8.0,8.0,8.0,5.0,0.0,48.0,248.0,1.0,4.0,290.0,0.0,0.0,20.0,7.0,21.18962010041709,3.0,19.0,1.0,SERIOUS,1
792010716.0,1.0,588815554.0,0.0,12.0,-4.0,-11.0,138.0,,88.0,4.0,162.0,1.0,66.0,1.0,1.0,1.0,0.0,,0.0,2.0,1.0,1.0,2.0,80.0,,,2.0,1.0,0.0,,,0.0,0.0,2.0,4.0,6.0,9.0,65.0,150.0,9.0,2.0,20.0,90.0,0.0,4.0,11.0,11.704699910719626,4.0,26.0,1.0,SERIOUS,1
792010737.0,1.0,588817897.0,8.0,,,,,,50.0,4.0,152.0,1.0,10.0,14.0,2.0,1.0,0.0,,0.0,2.0,1.0,1.0,2.0,89.0,,,0.0,0.0,0.0,,,59.0,64.0,65.0,47.0,27.0,12.0,-15.0,155.0,4.0,,0.0,,0.0,,,,3.0,22.0,1.0,SERIOUS,1
792010717.0,1.0,588819950.0,0.0,29.0,14.0,-25.0,667.0,,86.0,14.0,196.0,2.0,66.0,1.0,1.0,1.0,0.0,,0.0,3.0,1.0,1.0,2.0,72.0,,,2.0,0.0,0.0,,,28.0,22.0,17.0,11.0,6.0,0.0,-34.0,160.0,2.0,2.0,330.0,270.0,0.0,14.0,25.0,28.653097563788805,3.0,14.0,1.0,SERIOUS,1
792010758.0,1.0,588823356.0,0.0,65.0,-11.0,-64.0,2940.0,,1.0,14.0,166.0,2.0,13.0,14.0,4.0,,0.0,,0.0,2.0,2.0,1.0,2.0,64.0,,,0.0,0.0,0.0,,,14.0,25.0,61.0,98.0,96.0,99.0,38.0,150.0,5.0,,10.0,,0.0,11.0,64.0,64.93843238021688,3.0,17.0,1.0,SERIOUS,1
792010755.0,1.0,588825505.0,0.0,59.0,10.0,-58.0,2082.0,,50.0,4.0,127.0,,10.0,14.0,2.0,,0.0,,0.0,2.0,2.0,1.0,2.0,72.0,,,0.0,0.0,0.0,,,44.0,60.0,60.0,54.0,43.0,35.0,0.0,150.0,3.0,1.0,350.0,,0.0,10.0,58.0,58.855755878248644,3.0,13.0,1.0,SERIOUS,1
792010736.0,1.0,588835667.0,0.0,7.0,-5.0,-4.0,64.0,,87.0,14.0,153.0,1.0,66.0,1.0,1.0,1.0,1.0,8.0,1.0,2.0,1.0,1.0,2.0,40.0,,,2.0,1.0,3.0,,,0.0,0.0,4.0,7.0,4.0,0.0,-81.0,133.0,1.0,2.0,50.0,,0.0,5.0,4.0,6.4031242374328485,4.0,16.0,1.0,SERIOUS,1
792010756.0,1.0,588852888.0,8.0,,,,,,6.0,4.0,144.0,1.0,12.0,1.0,4.0,1.0,0.0,,0.0,5.0,3.0,1.0,2.0,80.0,,,2.0,1.0,1.0,,,65.0,127.0,135.0,138.0,125.0,91.0,10.0,150.0,6.0,2.0,0.0,,0.0,,,,4.0,29.0,2.0,SERIOUS,1
792010860.0,1.0,588865756.0,0.0,75.0,0.0,-75.0,3175.0,,13.0,4.0,128.0,8.0,87.0,14.0,3.0,1.0,0.0,,0.0,2.0,1.0,1.0,2.0,64.0,,,0.0,0.0,0.0,,,65.0,87.0,88.0,80.0,46.0,21.0,-20.0,150.0,5.0,1.0,0.0,350.0,0.0,0.0,75.0,75.0,3.0,27.0,1.0,SERIOUS,1
877010856.0,1.0,588866027.0,8.0,,,,,,68.0,5.0,130.0,,15.0,11.0,1.0,,0.0,,0.0,2.0,4.0,2.0,2.0,80.0,,,1.0,0.0,1.0,,,1.0,30.0,58.0,57.0,44.0,0.0,49.0,310.0,4.0,1.0,80.0,350.0,0.0,,,,5.0,57.0,1.0,CRITICAL,2
877010918.0,1.0,588878030.0,0.0,42.0,14.0,-40.0,1487.0,,51.0,6.0,211.0,9.0,62.0,14.0,1.0,1.0,0.0,,0.0,2.0,1.0,2.0,2.0,64.0,,,0.0,0.0,0.0,,,55.0,46.0,29.0,19.0,6.0,1.0,-59.0,160.0,3.0,,340.0,,0.0,14.0,40.0,42.37924020083418,3.0,14.0,1.0,SERIOUS,1
877010919.0,1.0,588882546.0,8.0,,,,,,83.0,21.0,248.0,9.0,17.0,14.0,1.0,,0.0,,0.0,7.0,4.0,2.0,2.0,80.0,,,3.0,0.0,0.0,,,,,,,,,,,6.0,,350.0,,0.0,,,,2.0,5.0,1.0,MINOR,0
591003382.0,1.0,590106541.0,0.0,42.0,-27.0,-32.0,1522.0,,68.0,4.0,161.0,1.0,10.0,11.0,2.0,1.0,0.0,,0.0,5.0,1.0,1.0,2.0,,,,2.0,1.0,1.0,,,2.0,38.0,40.0,50.0,57.0,52.0,57.0,158.0,3.0,2.0,40.0,90.0,0.0,27.0,32.0,41.86884283091664,3.0,14.0,1.0,SERIOUS,1
650002762.0,1.0,590106951.0,7.0,,,,,,47.0,14.0,201.0,1.0,10.0,15.0,2.0,1.0,10.0,40.0,1.0,3.0,1.0,1.0,2.0,105.0,,0.0,0.0,0.0,2.0,,,,,,,,,,,3.0,2.0,,,0.0,,,,3.0,17.0,1.0,SERIOUS,1
651002887.0,1.0,590109776.0,0.0,47.0,0.0,-47.0,1509.0,,51.0,4.0,150.0,4.0,62.0,14.0,1.0,,0.0,,0.0,2.0,3.0,1.0,2.0,72.0,72.0,0.0,0.0,0.0,0.0,,,80.0,76.0,48.0,36.0,22.0,17.0,0.0,140.0,4.0,,0.0,,0.0,0.0,47.0,47.0,3.0,19.0,1.0,SERIOUS,1
651002886.0,1.0,590109787.0,0.0,48.0,0.0,-48.0,794.0,,51.0,2.0,104.0,2.0,62.0,1.0,1.0,1.0,0.0,,0.0,2.0,2.0,1.0,2.0,64.0,,0.0,0.0,0.0,0.0,,,28.0,39.0,44.0,28.0,11.0,0.0,-35.0,160.0,2.0,,0.0,,0.0,0.0,48.0,48.0,2.0,5.0,1.0,MINOR,0
650002926.0,1.0,590115206.0,8.0,,,,,,7.0,4.0,152.0,7.0,12.0,14.0,4.0,4.0,8.0,43.0,1.0,2.0,1.0,1.0,2.0,105.0,101.0,0.0,0.0,0.0,1.0,,,,,,,,,,,4.0,,,,0.0,,,,4.0,17.0,1.0,SERIOUS,1
651003004.0,1.0,590116965.0,8.0,,,,,,9.0,30.0,150.0,7.0,12.0,14.0,6.0,3.0,12.0,40.0,1.0,2.0,2.0,1.0,2.0,105.0,109.0,,0.0,6.0,1.0,,,,,,,,,,,4.0,2.0,,,0.0,,,,3.0,17.0,1.0,SERIOUS,1
651003082.0,1.0,590116967.0,0.0,33.0,29.0,-17.0,712.0,,2.0,30.0,172.0,3.0,6.0,14.0,4.0,2.0,0.0,,0.0,5.0,2.0,1.0,2.0,64.0,,0.0,0.0,0.0,0.0,,,13.0,19.0,29.0,63.0,31.0,8.0,57.0,240.0,4.0,1.0,300.0,0.0,0.0,29.0,17.0,33.61547262794322,3.0,27.0,1.0,SERIOUS,1
651003005.0,1.0,590116972.0,3.0,,,,,,82.0,4.0,118.0,1.0,15.0,11.0,1.0,1.0,0.0,,0.0,2.0,1.0,1.0,2.0,56.0,,,2.0,2.0,0.0,,,0.0,22.0,32.0,39.0,33.0,4.0,163.0,109.0,3.0,1.0,300.0,180.0,0.0,,,,3.0,13.0,1.0,SERIOUS,1
651003007.0,1.0,590118784.0,0.0,44.0,0.0,-44.0,693.0,,20.0,4.0,124.0,6.0,50.0,1.0,1.0,1.0,0.0,,0.0,5.0,3.0,1.0,1.0,105.0,113.0,,0.0,0.0,2.0,,,0.0,6.0,29.0,41.0,34.0,43.0,32.0,150.0,3.0,,0.0,170.0,0.0,0.0,44.0,44.0,3.0,14.0,1.0,SERIOUS,1
651003045.0,1.0,590123577.0,7.0,,,,,,32.0,3.0,133.0,1.0,61.0,15.0,1.0,1.0,11.0,,1.0,3.0,5.0,1.0,2.0,105.0,,,1.0,0.0,2.0,,,,,,,,,,,2.0,1.0,,0.0,0.0,,,,4.0,26.0,1.0,SERIOUS,1
651003047.0,1.0,590123585.0,2.0,,,,,,82.0,4.0,150.0,1.0,15.0,11.0,1.0,1.0,0.0,,0.0,2.0,1.0,1.0,2.0,24.0,,,2.0,2.0,2.0,,,1.0,6.0,15.0,36.0,48.0,52.0,210.0,112.0,3.0,1.0,290.0,,0.0,,,,4.0,21.0,1.0,SERIOUS,1
651003204.0,1.0,590132930.0,0.0,30.0,0.0,-30.0,763.0,,77.0,14.0,210.0,7.0,66.0,1.0,1.0,1.0,0.0,,0.0,5.0,3.0,1.0,2.0,56.0,,,2.0,0.0,0.0,,,4.0,20.0,58.0,42.0,21.0,2.0,-15.0,160.0,3.0,2.0,0.0,260.0,0.0,0.0,30.0,30.0,2.0,5.0,1.0,MINOR,0
651003204.0,1.0,590132934.0,0.0,30.0,0.0,-30.0,763.0,,77.0,14.0,210.0,7.0,66.0,1.0,1.0,1.0,0.0,,0.0,5.0,3.0,1.0,2.0,56.0,,,2.0,0.0,0.0,,,4.0,20.0,58.0,42.0,21.0,2.0,-15.0,160.0,3.0,2.0,0.0,260.0,0.0,0.0,30.0,30.0,2.0,6.0,1.0,MINOR,0
651003204.0,1.0,590132936.0,0.0,30.0,0.0,-30.0,763.0,,77.0,14.0,210.0,7.0,66.0,1.0,1.0,1.0,0.0,,0.0,5.0,3.0,1.0,2.0,56.0,,,2.0,0.0,0.0,,,4.0,20.0,58.0,42.0,21.0,2.0,-15.0,160.0,3.0,2.0,0.0,260.0,0.0,0.0,30.0,30.0,3.0,19.0,1.0,SERIOUS,1
651003205.0,1.0,590132938.0,7.0,,,,,,98.0,20.0,202.0,7.0,12.0,14.0,4.0,3.0,6.0,30.0,1.0,2.0,1.0,1.0,2.0,113.0,113.0,,0.0,0.0,1.0,,,,,,,,,,,3.0,,,,0.0,,,,3.0,22.0,1.0,SERIOUS,1
651003206.0,1.0,590132940.0,0.0,15.0,-13.0,-8.0,295.0,,87.0,4.0,124.0,2.0,66.0,1.0,1.0,1.0,0.0,,0.0,4.0,1.0,1.0,2.0,40.0,,,2.0,1.0,1.0,,,0.0,5.0,7.0,27.0,32.0,28.0,188.0,112.0,3.0,2.0,60.0,90.0,0.0,13.0,8.0,15.264337522473747,3.0,10.0,1.0,SERIOUS,1
651003207.0,1.0,590132942.0,0.0,107.0,0.0,-107.0,3571.0,,52.0,4.0,105.0,1.0,54.0,1.0,1.0,1.0,0.0,,0.0,3.0,2.0,1.0,2.0,64.0,,,0.0,0.0,2.0,,,76.0,88.0,91.0,88.0,83.0,36.0,0.0,150.0,5.0,,0.0,,0.0,0.0,107.0,107.0,5.0,43.0,1.0,CRITICAL,2
651003302.0,1.0,590144136.0,0.0,38.0,36.0,-13.0,1103.0,,48.0,2.0,131.0,9.0,52.0,1.0,2.0,3.0,0.0,,0.0,7.0,1.0,1.0,2.0,105.0,,,0.0,0.0,2.0,,,40.0,44.0,42.0,34.0,13.0,2.0,-85.0,200.0,3.0,1.0,290.0,70.0,0.0,36.0,13.0,38.27531841800928,4.0,21.0,1.0,SERIOUS,1
651003303.0,1.0,590144150.0,8.0,,,,,,6.0,14.0,163.0,1.0,12.0,1.0,4.0,4.0,8.0,,1.0,1.0,3.0,1.0,2.0,105.0,89.0,,1.0,6.0,3.0,,,,,,,,,,,4.0,,,,0.0,,,,3.0,19.0,1.0,SERIOUS,1
651003304.0,1.0,590144164.0,0.0,,,,,,7.0,4.0,138.0,9.0,6.0,14.0,4.0,3.0,0.0,,0.0,1.0,2.0,1.0,2.0,105.0,,,1.0,0.0,3.0,,,2.0,16.0,30.0,43.0,41.0,3.0,5.0,192.0,4.0,,290.0,,0.0,,,,3.0,14.0,1.0,SERIOUS,1
651003305.0,1.0,590144178.0,7.0,,,,,,48.0,31.0,236.0,6.0,52.0,14.0,3.0,1.0,4.0,10.0,1.0,2.0,1.0,5.0,1.0,113.0,,,1.0,0.0,1.0,,,,,,,,,,,3.0,2.0,,10.0,0.0,,,,3.0,13.0,1.0,SERIOUS,1
781003142.0,1.0,590144192.0,0.0,42.0,-21.0,-36.0,561.0,,68.0,3.0,111.0,,15.0,11.0,1.0,1.0,0.0,,0.0,3.0,5.0,1.0,2.0,89.0,,,2.0,0.0,0.0,,,0.0,12.0,21.0,28.0,30.0,48.0,57.0,148.0,6.0,,30.0,,0.0,21.0,36.0,41.677331968349414,3.0,10.0,1.0,SERIOUS,1
591003242.0,1.0,590144206.0,0.0,,,,,,69.0,1.0,150.0,1.0,62.0,1.0,1.0,1.0,0.0,,0.0,3.0,1.0,1.0,2.0,48.0,,,2.0,1.0,0.0,,,44.0,29.0,25.0,18.0,5.0,0.0,-69.0,158.0,6.0,,330.0,,0.0,,,,3.0,19.0,1.0,SERIOUS,1
591003322.0,1.0,590144220.0,0.0,127.0,0.0,-127.0,1066.0,,1.0,2.0,154.0,3.0,13.0,1.0,4.0,2.0,0.0,,0.0,3.0,3.0,1.0,2.0,64.0,,,0.0,0.0,1.0,,,46.0,120.0,118.0,99.0,89.0,39.0,33.0,158.0,5.0,,0.0,,0.0,0.0,127.0,127.0,4.0,26.0,1.0,SERIOUS,1
651003404.0,1.0,590148506.0,0.0,22.0,4.0,-22.0,319.0,,7.0,4.0,166.0,6.0,61.0,1.0,4.0,4.0,0.0,,0.0,6.0,1.0,1.0,1.0,105.0,105.0,,1.0,0.0,2.0,,,24.0,23.0,15.0,5.0,0.0,14.0,-29.0,158.0,2.0,2.0,350.0,180.0,0.0,4.0,22.0,22.360679774997898,1.0,1.0,1.0,MINOR,0
591003245.0,1.0,591139732.0,0.0,26.0,0.0,-26.0,939.0,,50.0,6.0,211.0,7.0,10.0,14.0,2.0,1.0,0.0,,0.0,5.0,1.0,1.0,2.0,64.0,,,0.0,0.0,0.0,,,45.0,41.0,43.0,37.0,17.0,0.0,-26.0,180.0,2.0,,0.0,,0.0,0.0,26.0,26.0,4.0,21.0,1.0,SERIOUS,1
591003246.0,1.0,591139760.0,0.0,25.0,0.0,-25.0,842.0,,51.0,31.0,184.0,7.0,62.0,1.0,1.0,1.0,0.0,,0.0,3.0,2.0,1.0,2.0,80.0,64.0,,0.0,0.0,0.0,,,93.0,45.0,24.0,4.0,0.0,0.0,-65.0,180.0,4.0,,0.0,,0.0,0.0,25.0,25.0,3.0,10.0,1.0,SERIOUS,1
591003247.0,1.0,591142661.0,0.0,48.0,0.0,-48.0,1344.0,,7.0,3.0,144.0,7.0,6.0,14.0,4.0,3.0,0.0,,0.0,2.0,3.0,1.0,2.0,40.0,64.0,,0.0,0.0,0.0,,,43.0,54.0,69.0,55.0,19.0,0.0,-45.0,140.0,4.0,,0.0,,0.0,0.0,48.0,48.0,4.0,17.0,1.0,SERIOUS,1
591003248.0,1.0,591142684.0,0.0,45.0,0.0,-45.0,1798.0,,42.0,14.0,150.0,2.0,61.0,1.0,1.0,,0.0,,0.0,4.0,1.0,1.0,1.0,105.0,93.0,,0.0,0.0,2.0,,,37.0,41.0,52.0,52.0,46.0,40.0,0.0,158.0,3.0,,0.0,,0.0,0.0,45.0,45.0,4.0,41.0,1.0,SERIOUS,1
591003262.0,1.0,591143044.0,0.0,34.0,-26.0,-22.0,712.0,,68.0,3.0,134.0,1.0,15.0,11.0,1.0,1.0,0.0,,0.0,3.0,3.0,1.0,2.0,72.0,,,2.0,1.0,2.0,,,3.0,8.0,16.0,24.0,36.0,37.0,152.0,141.0,2.0,2.0,50.0,90.0,0.0,26.0,22.0,34.058772731852805,3.0,22.0,1.0,SERIOUS,1
591003263.0,1.0,591143203.0,0.0,28.0,28.0,5.0,675.0,,48.0,4.0,115.0,6.0,9.0,1.0,2.0,4.0,0.0,,0.0,4.0,2.0,1.0,2.0,105.0,,,0.0,0.0,2.0,,,7.0,28.0,30.0,35.0,25.0,13.0,-144.0,191.0,3.0,2.0,260.0,270.0,0.0,28.0,5.0,28.442925306655784,4.0,34.0,1.0,SERIOUS,1
591003283.0,1.0,591143996.0,0.0,94.0,0.0,-94.0,5121.0,,52.0,3.0,133.0,6.0,54.0,14.0,1.0,1.0,0.0,,0.0,4.0,2.0,1.0,1.0,113.0,119.0,,0.0,0.0,2.0,,,5.0,36.0,58.0,87.0,91.0,99.0,15.0,150.0,5.0,,0.0,,0.0,0.0,94.0,94.0,3.0,10.0,1.0,SERIOUS,1
651003403.0,1.0,591147924.0,7.0,,,,,,1.0,2.0,161.0,6.0,13.0,1.0,4.0,4.0,9.0,41.0,1.0,3.0,2.0,1.0,2.0,80.0,,,0.0,0.0,0.0,,,,,,,,,,,3.0,,,,0.0,,,,4.0,34.0,1.0,SERIOUS,1
651003402.0,1.0,591148270.0,8.0,,,,,,7.0,31.0,210.0,2.0,6.0,14.0,4.0,4.0,8.0,43.0,1.0,2.0,1.0,1.0,2.0,113.0,,,0.0,0.0,1.0,,,,,,,,,,,4.0,,,,0.0,,,,2.0,9.0,1.0,MINOR,0
591003422.0,1.0,591149849.0,8.0,,,,,,24.0,31.0,223.0,1.0,51.0,1.0,2.0,1.0,0.0,,0.0,4.0,4.0,1.0,1.0,113.0,113.0,,1.0,0.0,1.0,,,0.0,0.0,0.0,2.0,5.0,42.0,70.0,180.0,7.0,,0.0,,0.0,,,,3.0,22.0,1.0,SERIOUS,1
591003442.0,1.0,591150579.0,0.0,,,,,,89.0,6.0,171.0,1.0,17.0,1.0,1.0,1.0,0.0,,0.0,2.0,1.0,1.0,2.0,89.0,,,2.0,2.0,0.0,,,3.0,24.0,46.0,47.0,34.0,4.0,24.0,262.0,3.0,3.0,280.0,,0.0,,,,2.0,9.0,1.0,MINOR,0
651003423.0,1.0,591150714.0,0.0,15.0,10.0,-11.0,165.0,,82.0,4.0,132.0,1.0,15.0,11.0,1.0,1.0,0.0,,0.0,2.0,1.0,1.0,2.0,80.0,,,2.0,0.0,0.0,,,15.0,13.0,3.0,0.0,0.0,2.0,-60.0,150.0,6.0,,320.0,,0.0,10.0,11.0,14.866068747318506,3.0,27.0,1.0,SERIOUS,1
591003462.0,1.0,591150941.0,8.0,,,,,,1.0,14.0,156.0,7.0,13.0,1.0,4.0,1.0,6.0,,1.0,2.0,2.0,1.0,2.0,113.0,113.0,,1.0,0.0,1.0,,,,,,,,,,,4.0,,,,0.0,,,,2.0,9.0,1.0,MINOR,0
591003463.0,1.0,591150968.0,7.0,,,,,,6.0,4.0,120.0,1.0,12.0,1.0,4.0,1.0,8.0,100.0,1.0,2.0,1.0,1.0,1.0,,,,0.0,0.0,2.0,,,,,,,,,,,3.0,3.0,,,0.0,,,,3.0,10.0,1.0,SERIOUS,1
591003483.0,1.0,591151833.0,0.0,32.0,-16.0,-28.0,1332.0,,68.0,31.0,198.0,1.0,15.0,11.0,1.0,1.0,0.0,,0.0,2.0,1.0,1.0,2.0,40.0,,,2.0,1.0,0.0,,,21.0,28.0,46.0,52.0,43.0,37.0,12.0,178.0,2.0,,30.0,,0.0,16.0,28.0,32.2490309931942,3.0,10.0,1.0,SERIOUS,1
591003484.0,1.0,591151865.0,0.0,63.0,-11.0,-62.0,1724.0,,51.0,4.0,120.0,1.0,54.0,14.0,1.0,1.0,0.0,,0.0,2.0,1.0,1.0,2.0,64.0,56.0,,0.0,0.0,0.0,,,47.0,47.0,52.0,56.0,58.0,27.0,0.0,158.0,4.0,,10.0,,0.0,11.0,62.0,62.96824596572466,3.0,10.0,1.0,SERIOUS,1
591003502.0,1.0,591152080.0,0.0,53.0,0.0,-53.0,1398.0,,50.0,30.0,150.0,1.0,10.0,14.0,2.0,1.0,0.0,,0.0,2.0,1.0,1.0,2.0,89.0,89.0,,0.0,0.0,0.0,,,106.0,71.0,41.0,29.0,24.0,17.0,-46.0,158.0,5.0,,0.0,,0.0,0.0,53.0,53.0,3.0,10.0,1.0,SERIOUS,1
591003503.0,1.0,591152124.0,0.0,,,,,,20.0,4.0,152.0,9.0,50.0,1.0,2.0,1.0,0.0,,0.0,4.0,3.0,1.0,2.0,105.0,,,1.0,8.0,2.0,,,57.0,45.0,37.0,31.0,20.0,13.0,-25.0,168.0,5.0,,350.0,,0.0,,,,3.0,10.0,1.0,SERIOUS,1
591003503.0,1.0,591152151.0,0.0,,,,,,20.0,4.0,152.0,9.0,50.0,1.0,2.0,1.0,0.0,,0.0,4.0,3.0,1.0,2.0,105.0,,,1.0,8.0,2.0,,,57.0,45.0,37.0,31.0,20.0,13.0,-25.0,168.0,5.0,,350.0,,0.0,,,,5.0,35.0,1.0,CRITICAL,2
591003522.0,1.0,591152990.0,0.0,34.0,-6.0,-34.0,573.0,,1.0,4.0,119.0,6.0,11.0,1.0,4.0,4.0,0.0,,0.0,3.0,2.0,1.0,2.0,105.0,109.0,,1.0,0.0,2.0,,,16.0,26.0,26.0,24.0,21.0,5.0,0.0,158.0,2.0,3.0,10.0,300.0,0.0,6.0,34.0,34.52535300326414,3.0,19.0,1.0,SERIOUS,1
591003523.0,1.0,591153018.0,0.0,25.0,-16.0,-19.0,233.0,,88.0,4.0,123.0,1.0,66.0,1.0,1.0,1.0,0.0,,0.0,3.0,3.0,1.0,2.0,80.0,,,2.0,1.0,1.0,,,0.0,3.0,7.0,11.0,16.0,6.0,40.0,160.0,2.0,2.0,40.0,90.0,0.0,16.0,19.0,24.839484696748443,3.0,14.0,1.0,SERIOUS,1
591003524.0,1.0,591153036.0,0.0,35.0,33.0,-12.0,1206.0,,82.0,4.0,146.0,1.0,15.0,11.0,1.0,1.0,0.0,,0.0,2.0,2.0,1.0,2.0,0.0,,,3.0,2.0,0.0,,,0.0,20.0,40.0,39.0,28.0,0.0,-40.0,273.0,3.0,,290.0,,0.0,33.0,12.0,35.11409973215888,4.0,34.0,1.0,SERIOUS,1
591003482.0,1.0,591153089.0,0.0,13.0,13.0,-2.0,169.0,,89.0,4.0,144.0,1.0,17.0,1.0,1.0,1.0,0.0,,0.0,2.0,1.0,1.0,2.0,64.0,,,2.0,2.0,0.0,,,2.0,6.0,13.0,14.0,4.0,0.0,10.0,192.0,3.0,,280.0,,0.0,13.0,2.0,13.152946437965905,4.0,26.0,2.0,SERIOUS,1
591003482.0,1.0,591153119.0,0.0,13.0,13.0,-2.0,169.0,,89.0,4.0,144.0,1.0,17.0,1.0,1.0,1.0,0.0,,0.0,2.0,1.0,1.0,2.0,64.0,,,2.0,2.0,0.0,,,2.0,6.0,13.0,14.0,4.0,0.0,10.0,192.0,3.0,,280.0,,0.0,13.0,2.0,13.152946437965905,3.0,10.0,1.0,SERIOUS,1
651003562.0,1.0,591153860.0,0.0,50.0,-50.0,0.0,3059.0,,64.0,5.0,174.0,7.0,10.0,1.0,1.0,1.0,1.0,10.0,7.0,2.0,2.0,1.0,2.0,80.0,,,0.0,0.0,0.0,,,14.0,26.0,58.0,75.0,56.0,2.0,-65.0,277.0,5.0,3.0,90.0,350.0,0.0,50.0,0.0,50.0,3.0,14.0,1.0,SERIOUS,1
651003563.0,1.0,591153886.0,7.0,,,,,,6.0,30.0,192.0,6.0,52.0,1.0,4.0,1.0,7.0,30.0,1.0,5.0,1.0,1.0,2.0,105.0,72.0,,0.0,0.0,2.0,,,,,,,,,,,3.0,,,,0.0,,,,4.0,21.0,1.0,SERIOUS,1
591003582.0,1.0,591153910.0,0.0,35.0,35.0,0.0,1115.0,,82.0,14.0,172.0,1.0,66.0,11.0,1.0,1.0,0.0,,0.0,3.0,1.0,1.0,1.0,72.0,,,2.0,1.0,0.0,,,0.0,20.0,30.0,21.0,18.0,4.0,29.0,291.0,3.0,,270.0,,0.0,35.0,0.0,35.0,3.0,17.0,1.0,SERIOUS,1
591003584.0,1.0,591153937.0,0.0,39.0,7.0,-38.0,1194.0,,51.0,4.0,139.0,1.0,62.0,1.0,1.0,1.0,0.0,,0.0,3.0,1.0,1.0,2.0,80.0,,,0.0,0.0,2.0,,,52.0,50.0,37.0,24.0,9.0,0.0,-67.0,158.0,6.0,2.0,350.0,70.0,0.0,7.0,38.0,38.63935817272331,4.0,29.0,1.0,SERIOUS,1
591003602.0,1.0,591155321.0,7.0,,,,,,6.0,4.0,142.0,7.0,12.0,1.0,4.0,7.0,6.0,12.0,1.0,2.0,1.0,1.0,2.0,113.0,117.0,,0.0,0.0,1.0,,,,,,,,,,,3.0,,,,0.0,,,,4.0,24.0,1.0,SERIOUS,1
651003709.0,1.0,591160655.0,0.0,25.0,-16.0,-19.0,654.0,,68.0,4.0,150.0,1.0,15.0,11.0,1.0,1.0,0.0,,0.0,5.0,1.0,1.0,2.0,72.0,40.0,,2.0,0.0,0.0,,,5.0,19.0,23.0,27.0,34.0,8.0,38.0,160.0,2.0,3.0,40.0,90.0,0.0,16.0,19.0,24.839484696748443,3.0,10.0,1.0,SERIOUS,1
558004800.0,1.0,608024503.0,8.0,,,,,,7.0,4.0,135.0,3.0,10.0,1.0,4.0,4.0,2.0,0.0,1.0,2.0,2.0,1.0,2.0,89.0,,0.0,0.0,0.0,0.0,1.0,0.0,,,,,,,,,6.0,2.0,,90.0,0.0,,,,4.0,41.0,1.0,SERIOUS,1
558004820.0,1.0,608024686.0,0.0,46.0,16.0,-43.0,1988.0,,51.0,2.0,152.0,4.0,62.0,1.0,1.0,1.0,0.0,,0.0,2.0,1.0,1.0,2.0,89.0,,0.0,0.0,0.0,0.0,6.0,0.0,26.0,51.0,70.0,82.0,64.0,41.0,25.0,160.0,4.0,1.0,340.0,110.0,0.0,16.0,43.0,45.880278987817846,3.0,27.0,1.0,SERIOUS,1
558004841.0,1.0,608025080.0,8.0,,,,,,64.0,4.0,119.0,1.0,10.0,1.0,2.0,1.0,0.0,,0.0,2.0,2.0,1.0,2.0,89.0,,4.0,0.0,0.0,0.0,6.0,0.0,37.0,36.0,30.0,25.0,20.0,5.0,-66.0,150.0,9.0,4.0,0.0,120.0,0.0,,,,4.0,34.0,1.0,SERIOUS,1
558004840.0,1.0,608025215.0,0.0,32.0,-11.0,-30.0,742.0,,2.0,4.0,128.0,1.0,13.0,14.0,4.0,2.0,0.0,,0.0,2.0,2.0,1.0,2.0,72.0,,0.0,0.0,0.0,0.0,1.0,1.0,0.0,31.0,38.0,39.0,27.0,0.0,44.0,170.0,3.0,,20.0,,0.0,11.0,30.0,31.953090617340916,5.0,45.0,1.0,CRITICAL,2
550004862.0,1.0,608025543.0,0.0,23.0,8.0,-22.0,292.0,,51.0,14.0,174.0,1.0,62.0,1.0,1.0,1.0,0.0,,0.0,1.0,1.0,1.0,2.0,56.0,,0.0,0.0,0.0,0.0,4.0,0.0,15.0,13.0,18.0,0.0,0.0,0.0,-56.0,170.0,1.0,,340.0,,0.0,8.0,22.0,23.40939982143925,3.0,19.0,1.0,SERIOUS,1
550004863.0,1.0,608025694.0,3.0,,,,,,89.0,14.0,194.0,1.0,17.0,1.0,2.0,1.0,1.0,0.0,1.0,2.0,1.0,1.0,2.0,89.0,,0.0,2.0,2.0,0.0,1.0,0.0,0.0,3.0,49.0,59.0,32.0,0.0,35.0,275.0,4.0,2.0,270.0,,0.0,,,,4.0,34.0,1.0,SERIOUS,1
550004865.0,1.0,608026232.0,8.0,,,,,,1.0,15.0,219.0,,11.0,1.0,4.0,2.0,14.0,0.0,1.0,2.0,2.0,1.0,2.0,89.0,,0.0,0.0,0.0,0.0,1.0,0.0,,,,,,,,,3.0,,,,0.0,,,,3.0,18.0,1.0,SERIOUS,1
558004886.0,1.0,608026630.0,3.0,,,,,,98.0,4.0,118.0,1.0,98.0,1.0,1.0,1.0,0.0,,0.0,2.0,1.0,1.0,2.0,48.0,,0.0,2.0,0.0,0.0,6.0,0.0,4.0,0.0,0.0,0.0,0.0,0.0,-59.0,150.0,4.0,2.0,0.0,40.0,0.0,,,,4.0,18.0,2.0,SERIOUS,1
558004906.0,1.0,608026767.0,0.0,,,,,,78.0,2.0,119.0,4.0,6.0,16.0,2.0,2.0,0.0,,0.0,3.0,1.0,2.0,2.0,105.0,,1.0,1.0,0.0,2.0,1.0,0.0,0.0,12.0,54.0,60.0,18.0,0.0,21.0,247.0,4.0,,200.0,,0.0,,,,4.0,34.0,1.0,SERIOUS,1
558004926.0,1.0,608027079.0,0.0,32.0,6.0,-32.0,569.0,,66.0,4.0,132.0,9.0,62.0,1.0,1.0,1.0,0.0,,0.0,2.0,4.0,1.0,2.0,56.0,,0.0,2.0,0.0,0.0,6.0,0.0,39.0,39.0,28.0,14.0,1.0,0.0,-2.0,160.0,2.0,,350.0,,0.0,6.0,32.0,32.55764119219941,3.0,10.0,1.0,SERIOUS,1
558004927.0,1.0,608027178.0,0.0,36.0,0.0,-36.0,874.0,,14.0,2.0,141.0,1.0,14.0,14.0,4.0,1.0,0.0,,0.0,2.0,2.0,3.0,2.0,89.0,,0.0,2.0,2.0,0.0,6.0,0.0,0.0,31.0,53.0,46.0,20.0,0.0,-4.0,150.0,3.0,,0.0,,0.0,0.0,36.0,36.0,3.0,14.0,1.0,SERIOUS,1
558004946.0,1.0,608027453.0,3.0,,,,,,2.0,30.0,159.0,8.0,13.0,1.0,4.0,4.0,0.0,,0.0,2.0,2.0,3.0,2.0,56.0,,0.0,0.0,0.0,0.0,6.0,0.0,,,,,,,,,3.0,4.0,,60.0,0.0,,,,3.0,9.0,1.0,SERIOUS,1
558004820.0,1.0,608027500.0,0.0,46.0,16.0,-43.0,1988.0,,51.0,2.0,152.0,4.0,62.0,1.0,1.0,1.0,0.0,,0.0,2.0,1.0,1.0,2.0,89.0,,0.0,0.0,0.0,0.0,6.0,0.0,26.0,51.0,70.0,82.0,64.0,41.0,25.0,160.0,4.0,1.0,340.0,110.0,0.0,16.0,43.0,45.880278987817846,6.0,75.0,2.0,CRITICAL,2
558004947.0,1.0,608027618.0,0.0,20.0,20.0,0.0,445.0,,98.0,4.0,107.0,9.0,6.0,1.0,2.0,3.0,0.0,,0.0,2.0,1.0,3.0,2.0,89.0,,0.0,0.0,0.0,0.0,1.0,0.0,28.0,43.0,22.0,3.0,2.0,0.0,-173.0,182.0,3.0,,270.0,,0.0,20.0,0.0,20.0,4.0,17.0,1.0,SERIOUS,1
558004966.0,1.0,608028079.0,0.0,24.0,16.0,-19.0,1158.0,,89.0,14.0,209.0,1.0,17.0,1.0,1.0,1.0,1.0,0.0,1.0,2.0,3.0,2.0,2.0,89.0,,1.0,2.0,2.0,0.0,1.0,0.0,0.0,22.0,34.0,19.0,14.0,0.0,-10.0,255.0,3.0,2.0,320.0,,0.0,16.0,19.0,24.839484696748443,4.0,41.0,1.0,SERIOUS,1
558004967.0,1.0,608028212.0,7.0,,,,,,1.0,15.0,199.0,4.0,13.0,1.0,4.0,1.0,0.0,,0.0,2.0,2.0,3.0,2.0,89.0,,0.0,0.0,0.0,0.0,6.0,0.0,,,,,,,,,1.0,2.0,0.0,,0.0,,,,3.0,11.0,1.0,SERIOUS,1
558004986.0,1.0,608028280.0,0.0,39.0,-7.0,-38.0,573.0,,50.0,4.0,128.0,1.0,10.0,10.0,2.0,1.0,0.0,,0.0,2.0,1.0,1.0,2.0,0.0,,0.0,3.0,2.0,0.0,,,32.0,35.0,21.0,14.0,7.0,0.0,-50.0,150.0,2.0,,10.0,,0.0,7.0,38.0,38.63935817272331,4.0,29.0,1.0,SERIOUS,1
558005006.0,1.0,608028619.0,0.0,46.0,23.0,-40.0,1571.0,,51.0,4.0,151.0,9.0,62.0,1.0,1.0,1.0,0.0,,0.0,2.0,1.0,3.0,2.0,89.0,,3.0,0.0,0.0,0.0,,,58.0,57.0,45.0,32.0,15.0,0.0,-38.0,150.0,3.0,,330.0,,0.0,23.0,40.0,46.14108798023731,3.0,14.0,1.0,SERIOUS,1
558005007.0,1.0,608028736.0,0.0,,,,,,7.0,14.0,150.0,4.0,60.0,1.0,4.0,2.0,0.0,,0.0,3.0,1.0,2.0,2.0,105.0,,0.0,0.0,0.0,2.0,,,39.0,38.0,43.0,43.0,41.0,38.0,0.0,160.0,2.0,,20.0,,0.0,,,,3.0,9.0,1.0,SERIOUS,1
550005008.0,1.0,608028772.0,0.0,,,,,,6.0,20.0,178.0,1.0,12.0,1.0,4.0,1.0,0.0,,0.0,2.0,1.0,1.0,2.0,64.0,,0.0,2.0,0.0,1.0,,,20.0,43.0,33.0,23.0,10.0,0.0,-69.0,180.0,3.0,9.0,0.0,0.0,0.0,,,,4.0,26.0,1.0,SERIOUS,1
558005009.0,1.0,608028951.0,0.0,61.0,0.0,-61.0,2233.0,,1.0,14.0,123.0,1.0,13.0,1.0,4.0,1.0,0.0,,0.0,2.0,1.0,1.0,2.0,89.0,,0.0,0.0,6.0,0.0,,,45.0,73.0,64.0,45.0,34.0,0.0,-55.0,170.0,4.0,1.0,0.0,0.0,0.0,0.0,61.0,61.0,5.0,45.0,1.0,CRITICAL,2
550005010.0,1.0,608029437.0,0.0,,,,,,1.0,31.0,252.0,1.0,13.0,1.0,4.0,1.0,0.0,,0.0,2.0,2.0,1.0,2.0,89.0,,0.0,0.0,0.0,0.0,,,70.0,96.0,108.0,105.0,32.0,0.0,-44.0,190.0,5.0,2.0,0.0,90.0,0.0,,,,3.0,17.0,1.0,SERIOUS,1
558005011.0,1.0,608029697.0,7.0,,,,,,1.0,4.0,141.0,4.0,13.0,14.0,4.0,4.0,6.0,32.0,1.0,2.0,2.0,1.0,2.0,89.0,,0.0,0.0,0.0,0.0,,,,,,,,,,,3.0,,,,0.0,,,,4.0,36.0,1.0,SERIOUS,1
550005026.0,1.0,608030494.0,0.0,32.0,0.0,-32.0,462.0,,6.0,4.0,103.0,1.0,12.0,1.0,4.0,1.0,0.0,,0.0,2.0,3.0,2.0,2.0,40.0,,0.0,0.0,0.0,0.0,,,20.0,35.0,33.0,13.0,0.0,0.0,-28.0,150.0,3.0,,0.0,,0.0,0.0,32.0,32.0,3.0,9.0,1.0,SERIOUS,1
550005027.0,1.0,608030846.0,0.0,37.0,32.0,-18.0,635.0,,89.0,4.0,102.0,1.0,17.0,1.0,2.0,1.0,0.0,,0.0,2.0,1.0,1.0,2.0,89.0,,0.0,2.0,2.0,0.0,,,0.0,18.0,35.0,35.0,30.0,20.0,53.0,180.0,3.0,,300.0,,0.0,32.0,18.0,36.71511950137164,3.0,19.0,1.0,SERIOUS,1
550005030.0,1.0,608030948.0,0.0,,,,,,68.0,2.0,117.0,1.0,15.0,11.0,2.0,1.0,0.0,,0.0,2.0,1.0,1.0,1.0,56.0,,0.0,2.0,0.0,0.0,,,0.0,17.0,10.0,17.0,13.0,28.0,148.0,142.0,2.0,,60.0,,0.0,,,,3.0,10.0,1.0,SERIOUS,1
550005050.0,1.0,608031429.0,8.0,,,,,,1.0,4.0,158.0,1.0,13.0,1.0,4.0,1.0,0.0,,0.0,2.0,3.0,1.0,2.0,40.0,,0.0,0.0,0.0,0.0,,,27.0,14.0,19.0,46.0,122.0,92.0,72.0,185.0,6.0,,0.0,,0.0,,,,4.0,26.0,1.0,SERIOUS,1
558005051.0,1.0,608031730.0,3.0,,,,,,11.0,4.0,140.0,1.0,11.0,1.0,2.0,1.0,0.0,,0.0,2.0,1.0,1.0,1.0,56.0,,1.0,0.0,0.0,1.0,,,0.0,4.0,28.0,44.0,51.0,41.0,44.0,160.0,4.0,,0.0,,0.0,,,,3.0,14.0,1.0,SERIOUS,1
558005070.0,1.0,608032082.0,8.0,,,,,,7.0,14.0,173.0,9.0,10.0,14.0,4.0,2.0,2.0,3.0,1.0,2.0,3.0,1.0,2.0,89.0,,0.0,0.0,6.0,0.0,,,,,,,,,,,8.0,3.0,,,0.0,,,,4.0,17.0,1.0,SERIOUS,1
558005071.0,1.0,608032497.0,0.0,31.0,5.0,-31.0,650.0,,24.0,4.0,153.0,6.0,52.0,2.0,2.0,1.0,2.0,6.0,2.0,3.0,1.0,1.0,2.0,89.0,,1.0,1.0,0.0,2.0,,,34.0,36.0,28.0,25.0,13.0,0.0,0.0,160.0,2.0,3.0,350.0,,0.0,5.0,31.0,31.400636936215164,4.0,29.0,1.0,SERIOUS,1
550005072.0,1.0,608032658.0,0.0,25.0,23.0,-9.0,613.0,,89.0,4.0,180.0,1.0,17.0,1.0,1.0,1.0,0.0,,0.0,2.0,1.0,1.0,2.0,56.0,,0.0,2.0,2.0,0.0,,,0.0,25.0,20.0,16.0,0.0,0.0,-79.0,331.0,2.0,,290.0,,0.0,23.0,9.0,24.698178070456937,5.0,30.0,1.0,CRITICAL,2
558005073.0,1.0,608032938.0,0.0,73.0,-13.0,-72.0,2727.0,,51.0,2.0,138.0,8.0,54.0,1.0,1.0,1.0,0.0,,0.0,2.0,1.0,1.0,2.0,89.0,,0.0,0.0,0.0,0.0,,,63.0,70.0,79.0,83.0,41.0,42.0,-19.0,160.0,4.0,,10.0,,0.0,13.0,72.0,73.16419889536138,3.0,19.0,1.0,SERIOUS,1
558005093.0,1.0,608033423.0,0.0,8.0,-8.0,-1.0,105.0,,68.0,20.0,192.0,1.0,15.0,11.0,2.0,1.0,0.0,,0.0,3.0,1.0,1.0,2.0,56.0,56.0,0.0,3.0,0.0,1.0,,,0.0,9.0,16.0,13.0,12.0,0.0,45.0,160.0,2.0,,80.0,,0.0,8.0,1.0,8.06225774829855,3.0,14.0,1.0,SERIOUS,1
558005094.0,1.0,608033992.0,0.0,68.0,-52.0,-44.0,4144.0,,88.0,4.0,156.0,8.0,66.0,1.0,1.0,1.0,0.0,,0.0,2.0,2.0,1.0,2.0,89.0,,0.0,2.0,0.0,0.0,,,73.0,71.0,69.0,68.0,59.0,48.0,0.0,150.0,3.0,,50.0,,0.0,52.0,44.0,68.11754546370561,2.0,5.0,1.0,MINOR,0
558005094.0,1.0,608034020.0,0.0,68.0,-52.0,-44.0,4144.0,,88.0,4.0,156.0,8.0,66.0,1.0,1.0,1.0,0.0,,0.0,2.0,2.0,1.0,2.0,89.0,,0.0,2.0,0.0,0.0,,,73.0,71.0,69.0,68.0,59.0,48.0,0.0,150.0,3.0,,50.0,,0.0,52.0,44.0,68.11754546370561,5.0,45.0,1.0,CRITICAL,2
558005095.0,1.0,608034049.0,0.0,85.0,0.0,-85.0,4954.0,,7.0,4.0,151.0,4.0,6.0,1.0,4.0,2.0,0.0,,0.0,2.0,3.0,2.0,2.0,56.0,,1.0,0.0,0.0,1.0,,,51.0,80.0,100.0,92.0,66.0,0.0,-49.0,150.0,5.0,9.0,0.0,0.0,0.0,0.0,85.0,85.0,4.0,34.0,1.0,SERIOUS,1
558005096.0,1.0,608034092.0,0.0,28.0,-24.0,-14.0,387.0,,87.0,6.0,188.0,1.0,66.0,1.0,1.0,1.0,0.0,,0.0,3.0,3.0,1.0,2.0,72.0,,0.0,2.0,1.0,1.0,,,0.0,5.0,9.0,20.0,23.0,12.0,124.0,255.0,2.0,2.0,60.0,90.0,0.0,24.0,14.0,27.784887978899608,5.0,26.0,1.0,CRITICAL,2
550005113.0,1.0,608034455.0,0.0,21.0,-10.0,-18.0,328.0,,68.0,4.0,137.0,1.0,15.0,11.0,2.0,1.0,0.0,,0.0,3.0,5.0,1.0,2.0,56.0,,0.0,2.0,1.0,1.0,,,2.0,5.0,8.0,11.0,22.0,24.0,45.0,160.0,1.0,,30.0,,0.0,10.0,18.0,20.591260281974,2.0,5.0,1.0,MINOR,0
558005114.0,1.0,608034713.0,4.0,,,,,,1.0,2.0,112.0,1.0,13.0,1.0,4.0,1.0,0.0,,0.0,2.0,2.0,1.0,2.0,89.0,,0.0,0.0,0.0,0.0,,,17.0,35.0,48.0,76.0,37.0,12.0,-11.0,150.0,4.0,,0.0,,0.0,,,,3.0,19.0,1.0,SERIOUS,1
558005133.0,1.0,608035047.0,0.0,28.0,21.0,-18.0,528.0,,86.0,2.0,126.0,4.0,66.0,1.0,1.0,1.0,0.0,,0.0,4.0,3.0,1.0,2.0,48.0,,0.0,2.0,1.0,0.0,,,8.0,15.0,20.0,26.0,30.0,35.0,0.0,150.0,2.0,,310.0,,0.0,21.0,18.0,27.65863337187866,3.0,10.0,1.0,SERIOUS,1
558005153.0,1.0,608035171.0,0.0,,,,,,79.0,2.0,117.0,3.0,66.0,1.0,1.0,2.0,0.0,,0.0,3.0,1.0,2.0,2.0,56.0,,1.0,2.0,1.0,1.0,,,9.0,14.0,9.0,9.0,11.0,17.0,0.0,160.0,6.0,1.0,10.0,90.0,0.0,,,,3.0,19.0,1.0,SERIOUS,1
558005173.0,1.0,608035548.0,0.0,,,,,,87.0,4.0,144.0,1.0,66.0,1.0,1.0,1.0,0.0,,0.0,4.0,1.0,1.0,2.0,56.0,,0.0,2.0,1.0,2.0,,,3.0,1.0,20.0,23.0,18.0,0.0,-157.0,206.0,2.0,,60.0,,0.0,,,,3.0,27.0,1.0,SERIOUS,1
558005174.0,1.0,608035649.0,0.0,53.0,0.0,-53.0,685.0,,51.0,20.0,160.0,4.0,62.0,1.0,1.0,1.0,0.0,,0.0,2.0,2.0,1.0,2.0,72.0,,0.0,0.0,0.0,0.0,,,42.0,33.0,25.0,16.0,9.0,2.0,-59.0,160.0,8.0,,0.0,,0.0,0.0,53.0,53.0,3.0,10.0,1.0,SERIOUS,1
558005193.0,1.0,608035650.0,0.0,16.0,-10.0,-12.0,257.0,,68.0,4.0,136.0,1.0,15.0,11.0,2.0,1.0,0.0,,0.0,5.0,3.0,1.0,2.0,72.0,,0.0,2.0,1.0,0.0,,,0.0,9.0,21.0,15.0,7.0,0.0,-46.0,232.0,2.0,,40.0,,0.0,10.0,12.0,15.620499351813308,3.0,10.0,1.0,SERIOUS,1
558005194.0,1.0,608036341.0,0.0,41.0,7.0,-40.0,1112.0,,6.0,4.0,156.0,1.0,12.0,1.0,4.0,1.0,0.0,,0.0,2.0,2.0,1.0,2.0,72.0,,0.0,0.0,0.0,0.0,,,65.0,66.0,45.0,32.0,15.0,0.0,-60.0,158.0,3.0,4.0,350.0,0.0,0.0,7.0,40.0,40.607881008493905,3.0,14.0,1.0,SERIOUS,1
558005215.0,1.0,608036775.0,0.0,35.0,12.0,-33.0,1148.0,,69.0,1.0,132.0,2.0,62.0,1.0,1.0,1.0,0.0,,0.0,4.0,3.0,2.0,2.0,64.0,,,2.0,1.0,1.0,,,16.0,43.0,43.0,38.0,29.0,8.0,-16.0,160.0,2.0,,340.0,,0.0,12.0,33.0,35.11409973215888,3.0,10.0,1.0,SERIOUS,1
558005215.0,1.0,608036829.0,0.0,35.0,12.0,-33.0,1148.0,,69.0,1.0,132.0,2.0,62.0,1.0,1.0,1.0,0.0,,0.0,4.0,3.0,2.0,2.0,64.0,,,2.0,1.0,1.0,,,16.0,43.0,43.0,38.0,29.0,8.0,-16.0,160.0,2.0,,340.0,,0.0,12.0,33.0,35.11409973215888,3.0,10.0,1.0,SERIOUS,1
558005214.0,1.0,608036877.0,0.0,61.0,21.0,-57.0,3336.0,,50.0,4.0,128.0,9.0,10.0,1.0,2.0,1.0,0.0,,0.0,2.0,2.0,1.0,2.0,89.0,,0.0,0.0,0.0,0.0,6.0,7.0,6.0,16.0,35.0,57.0,71.0,73.0,41.0,150.0,4.0,,340.0,,0.0,21.0,57.0,60.74537019394976,3.0,14.0,1.0,SERIOUS,1
558005234.0,1.0,608037704.0,0.0,33.0,0.0,-33.0,741.0,,14.0,5.0,144.0,1.0,14.0,1.0,1.0,,0.0,,0.0,2.0,2.0,2.0,2.0,72.0,,4.0,2.0,2.0,0.0,,,0.0,6.0,21.0,35.0,41.0,2.0,47.0,160.0,2.0,,0.0,,0.0,0.0,33.0,33.0,4.0,26.0,1.0,SERIOUS,1
550005175.0,1.0,608037750.0,0.0,30.0,-28.0,-10.0,852.0,,87.0,4.0,133.0,1.0,17.0,1.0,1.0,1.0,0.0,,0.0,2.0,1.0,1.0,2.0,89.0,,,2.0,2.0,0.0,,,0.0,4.0,13.0,46.0,47.0,52.0,161.0,150.0,3.0,2.0,70.0,90.0,0.0,28.0,10.0,29.732137494637012,3.0,17.0,1.0,SERIOUS,1
550005274.0,1.0,608037812.0,0.0,,,,,,98.0,4.0,146.0,1.0,98.0,1.0,1.0,1.0,0.0,,0.0,4.0,3.0,2.0,2.0,56.0,,,4.0,8.0,0.0,,,0.0,0.0,7.0,33.0,0.0,19.0,29.0,320.0,4.0,,270.0,,0.0,,,,3.0,10.0,1.0,SERIOUS,1
558005334.0,1.0,608037893.0,0.0,35.0,12.0,-33.0,750.0,,51.0,6.0,141.0,4.0,62.0,1.0,1.0,1.0,0.0,,0.0,2.0,4.0,1.0,2.0,89.0,,,0.0,0.0,0.0,,,35.0,48.0,34.0,20.0,16.0,5.0,-19.0,150.0,3.0,2.0,340.0,270.0,0.0,12.0,33.0,35.11409973215888,3.0,19.0,1.0,SERIOUS,1
550005374.0,1.0,608039251.0,0.0,80.0,-27.0,-75.0,4823.0,,51.0,4.0,158.0,8.0,54.0,1.0,1.0,1.0,0.0,,0.0,4.0,3.0,1.0,2.0,89.0,89.0,,0.0,0.0,2.0,,,6.0,42.0,66.0,83.0,103.0,126.0,40.0,170.0,5.0,8.0,20.0,270.0,0.0,27.0,75.0,79.71198153351854,4.0,33.0,1.0,SERIOUS,1
550005375.0,1.0,608039371.0,0.0,,,,,,68.0,14.0,174.0,1.0,15.0,11.0,2.0,1.0,0.0,,0.0,3.0,5.0,3.0,1.0,48.0,,,2.0,1.0,0.0,,,0.0,0.0,16.0,27.0,34.0,45.0,27.0,180.0,4.0,,30.0,,0.0,,,,3.0,14.0,1.0,SERIOUS,1
550005376.0,1.0,608039706.0,0.0,61.0,-21.0,-57.0,2276.0,,64.0,14.0,123.0,1.0,10.0,15.0,2.0,1.0,0.0,,0.0,3.0,1.0,1.0,2.0,72.0,,,0.0,0.0,0.0,,,56.0,65.0,73.0,53.0,31.0,6.0,-28.0,158.0,4.0,,20.0,0.0,0.0,21.0,57.0,60.74537019394976,3.0,27.0,1.0,SERIOUS,1
558005394.0,1.0,608039917.0,0.0,32.0,-6.0,-32.0,915.0,,89.0,14.0,210.0,1.0,66.0,1.0,1.0,1.0,0.0,,0.0,2.0,1.0,1.0,2.0,40.0,,,2.0,0.0,0.0,,,0.0,8.0,30.0,49.0,34.0,26.0,57.0,170.0,3.0,2.0,10.0,320.0,0.0,6.0,32.0,32.55764119219941,3.0,9.0,1.0,SERIOUS,1
734005395.0,1.0,608040015.0,0.0,28.0,-5.0,-28.0,391.0,,46.0,4.0,100.0,1.0,11.0,15.0,2.0,1.0,4.0,,6.0,3.0,3.0,1.0,2.0,89.0,72.0,,0.0,0.0,2.0,,,2.0,8.0,16.0,22.0,25.0,29.0,0.0,150.0,3.0,3.0,10.0,,0.0,5.0,28.0,28.442925306655784,4.0,21.0,1.0,SERIOUS,1
550005377.0,1.0,608040132.0,0.0,42.0,36.0,-21.0,2128.0,,89.0,14.0,152.0,1.0,17.0,1.0,1.0,1.0,0.0,,0.0,2.0,1.0,1.0,2.0,48.0,,,2.0,1.0,0.0,,,13.0,26.0,63.0,66.0,39.0,32.0,75.0,230.0,5.0,,300.0,,0.0,36.0,21.0,41.677331968349414,3.0,17.0,1.0,SERIOUS,1
558005396.0,1.0,608040925.0,0.0,83.0,14.0,-82.0,5128.0,,6.0,20.0,175.0,1.0,12.0,1.0,4.0,1.0,2.0,,1.0,4.0,3.0,1.0,2.0,89.0,,,0.0,0.0,1.0,,,116.0,103.0,88.0,58.0,35.0,17.0,-68.0,180.0,5.0,2.0,350.0,,0.0,14.0,82.0,83.18653737234169,2.0,12.0,1.0,MINOR,0
734005397.0,1.0,608042037.0,0.0,7.0,6.0,-3.0,79.0,,89.0,4.0,146.0,1.0,17.0,1.0,1.0,1.0,0.0,,0.0,3.0,1.0,3.0,2.0,56.0,,,2.0,1.0,1.0,,,5.0,19.0,16.0,5.0,5.0,0.0,57.0,200.0,2.0,,300.0,,0.0,6.0,3.0,6.708203932499369,3.0,9.0,1.0,SERIOUS,1
734006102.0,1.0,608074789.0,0.0,15.0,15.0,0.0,271.0,,2.0,14.0,210.0,6.0,8.0,97.0,4.0,3.0,0.0,,0.0,3.0,3.0,2.0,2.0,80.0,,,0.0,0.0,2.0,,,0.0,7.0,19.0,8.0,13.0,2.0,-6.0,185.0,3.0,,270.0,,0.0,15.0,0.0,15.0,4.0,18.0,1.0,SERIOUS,1
734006221.0,1.0,608081447.0,0.0,63.0,22.0,-59.0,4645.0,,51.0,4.0,141.0,1.0,62.0,1.0,1.0,1.0,2.0,8.0,1.0,2.0,1.0,1.0,1.0,89.0,95.0,,0.0,0.0,0.0,,,83.0,86.0,88.0,82.0,49.0,21.0,-3.0,150.0,4.0,3.0,340.0,270.0,0.0,22.0,59.0,62.96824596572466,5.0,38.0,1.0,CRITICAL,2
734006242.0,1.0,608081451.0,7.0,,,,,,7.0,14.0,167.0,1.0,10.0,1.0,4.0,2.0,4.0,,2.0,3.0,1.0,2.0,2.0,89.0,,,0.0,0.0,2.0,,,,,,,,,,,3.0,,,,0.0,,,,2.0,9.0,1.0,MINOR,0
734006541.0,1.0,608094101.0,0.0,60.0,30.0,-52.0,1774.0,,69.0,2.0,131.0,1.0,62.0,1.0,1.0,1.0,0.0,,0.0,3.0,3.0,1.0,2.0,48.0,,,2.0,0.0,1.0,,,25.0,39.0,53.0,52.0,51.0,52.0,0.0,150.0,3.0,,330.0,190.0,0.0,30.0,52.0,60.03332407921454,5.0,57.0,1.0,CRITICAL,2
734006561.0,1.0,608094103.0,0.0,38.0,0.0,-38.0,1300.0,,51.0,4.0,182.0,1.0,62.0,14.0,1.0,1.0,0.0,,0.0,2.0,1.0,1.0,2.0,32.0,,,0.0,0.0,0.0,,,13.0,32.0,35.0,34.0,30.0,23.0,0.0,180.0,2.0,,0.0,,0.0,0.0,38.0,38.0,4.0,26.0,1.0,SERIOUS,1
734006581.0,1.0,608094105.0,3.0,,,,,,1.0,30.0,137.0,1.0,13.0,14.0,4.0,1.0,0.0,,0.0,2.0,3.0,1.0,2.0,40.0,,,2.0,0.0,0.0,,,44.0,37.0,38.0,1.0,0.0,0.0,-30.0,155.0,2.0,9.0,350.0,0.0,0.0,,,,3.0,19.0,1.0,SERIOUS,1
734006601.0,1.0,608094107.0,6.0,,,,,,2.0,14.0,176.0,8.0,13.0,14.0,4.0,4.0,3.0,15.0,1.0,2.0,1.0,5.0,2.0,89.0,,,2.0,0.0,0.0,,,,,,,,,,,2.0,,,,0.0,,,,3.0,10.0,1.0,SERIOUS,1
734006602.0,1.0,608094109.0,7.0,,,,,,6.0,30.0,173.0,1.0,12.0,1.0,4.0,1.0,8.0,30.0,1.0,2.0,5.0,5.0,2.0,89.0,,,0.0,0.0,0.0,,,,,,,,,,,3.0,1.0,,10.0,0.0,,,,4.0,21.0,1.0,SERIOUS,1
734006621.0,1.0,608094111.0,0.0,19.0,-15.0,-12.0,256.0,,68.0,4.0,109.0,1.0,15.0,11.0,2.0,1.0,0.0,,0.0,4.0,3.0,2.0,2.0,56.0,,,2.0,1.0,1.0,,,0.0,1.0,2.0,17.0,34.0,25.0,172.0,130.0,3.0,,50.0,,0.0,15.0,12.0,19.209372712298546,3.0,10.0,1.0,SERIOUS,1
734006642.0,1.0,608097392.0,0.0,53.0,0.0,-53.0,2065.0,,6.0,1.0,153.0,1.0,12.0,1.0,4.0,1.0,0.0,,0.0,2.0,3.0,1.0,2.0,48.0,,,0.0,0.0,0.0,,,60.0,60.0,52.0,32.0,16.0,1.0,-61.0,145.0,3.0,,0.0,,0.0,0.0,53.0,53.0,4.0,34.0,1.0,SERIOUS,1
734006681.0,1.0,608099114.0,0.0,51.0,-9.0,-50.0,2303.0,,6.0,31.0,216.0,1.0,12.0,1.0,4.0,1.0,0.0,,0.0,3.0,3.0,1.0,2.0,40.0,,,0.0,0.0,0.0,,,25.0,14.0,16.0,36.0,66.0,65.0,70.0,170.0,4.0,,10.0,0.0,0.0,9.0,50.0,50.80354318352215,3.0,14.0,1.0,SERIOUS,1
734006701.0,1.0,608099116.0,7.0,,,,,,2.0,14.0,223.0,8.0,13.0,15.0,4.0,4.0,10.0,100.0,1.0,3.0,2.0,1.0,1.0,89.0,,,1.0,0.0,1.0,,,,,,,,,,,3.0,2.0,,10.0,0.0,,,,3.0,11.0,1.0,SERIOUS,1
554007059.0,1.0,701159325.0,0.0,61.0,11.0,-60.0,2252.0,,52.0,14.0,140.0,1.0,54.0,1.0,1.0,1.0,0.0,,0.0,2.0,2.0,2.0,2.0,113.0,,,0.0,0.0,1.0,,,52.0,60.0,50.0,41.0,31.0,11.0,-68.0,154.0,3.0,,350.0,,0.0,11.0,60.0,61.0,3.0,27.0,1.0,SERIOUS,1
701007135.0,1.0,701161753.0,0.0,32.0,11.0,-30.0,552.0,,6.0,6.0,137.0,1.0,6.0,3.0,4.0,2.0,0.0,,0.0,3.0,1.0,1.0,2.0,56.0,113.0,,0.0,0.0,1.0,,,25.0,24.0,22.0,20.0,19.0,12.0,-43.0,150.0,2.0,2.0,340.0,10.0,0.0,11.0,30.0,31.953090617340916,3.0,17.0,2.0,SERIOUS,1
651003043.0,1.0,781123126.0,0.0,33.0,33.0,0.0,661.0,,98.0,4.0,114.0,1.0,10.0,12.0,2.0,1.0,0.0,,0.0,2.0,1.0,1.0,2.0,72.0,,,0.0,5.0,0.0,,,0.0,24.0,35.0,33.0,23.0,0.0,7.0,193.0,4.0,,270.0,,0.0,33.0,0.0,33.0,3.0,17.0,1.0,SERIOUS,1
651003044.0,1.0,781123148.0,0.0,48.0,45.0,-16.0,1191.0,,82.0,4.0,112.0,1.0,15.0,11.0,1.0,1.0,0.0,,0.0,3.0,1.0,1.0,2.0,40.0,,,2.0,1.0,0.0,,,2.0,39.0,41.0,38.0,24.0,1.0,18.0,229.0,3.0,,290.0,,0.0,45.0,16.0,47.75981574503821,4.0,34.0,1.0,SERIOUS,1
651003050.0,1.0,781124003.0,4.0,,,,,,82.0,4.0,111.0,1.0,15.0,11.0,1.0,1.0,0.0,,0.0,2.0,1.0,1.0,2.0,89.0,,,2.0,2.0,0.0,,,10.0,55.0,66.0,75.0,74.0,75.0,125.0,96.0,5.0,2.0,270.0,270.0,0.0,,,,4.0,24.0,1.0,SERIOUS,1
651003102.0,1.0,781124044.0,0.0,33.0,9.0,-33.0,734.0,,6.0,4.0,149.0,,12.0,1.0,4.0,1.0,0.0,,0.0,2.0,3.0,1.0,2.0,105.0,,,1.0,0.0,3.0,,,45.0,42.0,31.0,20.0,13.0,0.0,-54.0,158.0,2.0,1.0,0.0,,0.0,9.0,33.0,34.20526275297414,4.0,24.0,1.0,SERIOUS,1
651003122.0,1.0,781124065.0,0.0,32.0,0.0,-32.0,532.0,,6.0,2.0,133.0,6.0,61.0,1.0,4.0,1.0,2.0,,6.0,4.0,1.0,1.0,1.0,105.0,,,0.0,0.0,2.0,,,32.0,35.0,29.0,21.0,8.0,6.0,-19.0,148.0,2.0,3.0,0.0,,0.0,0.0,32.0,32.0,3.0,10.0,1.0,SERIOUS,1
651003123.0,1.0,781124086.0,0.0,33.0,6.0,-33.0,636.0,,69.0,4.0,133.0,1.0,62.0,1.0,1.0,1.0,0.0,,0.0,2.0,1.0,1.0,2.0,80.0,64.0,,3.0,0.0,0.0,,,35.0,39.0,29.0,19.0,9.0,6.0,-51.0,158.0,2.0,,350.0,,0.0,6.0,33.0,33.54101966249684,3.0,14.0,1.0,SERIOUS,1
651003124.0,1.0,781124345.0,0.0,25.0,-22.0,-12.0,595.0,,68.0,2.0,149.0,1.0,15.0,11.0,1.0,1.0,0.0,,0.0,4.0,1.0,1.0,2.0,80.0,,,2.0,1.0,1.0,,,1.0,19.0,24.0,26.0,20.0,3.0,-15.0,253.0,3.0,,60.0,,0.0,22.0,12.0,25.059928172283335,4.0,34.0,1.0,SERIOUS,1
651003125.0,1.0,781125527.0,8.0,,,,,,7.0,14.0,196.0,6.0,5.0,14.0,4.0,4.0,6.0,36.0,1.0,2.0,1.0,4.0,1.0,113.0,,,0.0,0.0,1.0,,,,,,,,,,,3.0,,,,0.0,,,,3.0,14.0,1.0,SERIOUS,1
651003126.0,1.0,781125575.0,0.0,68.0,0.0,-68.0,4129.0,,7.0,31.0,207.0,6.0,6.0,1.0,4.0,2.0,0.0,,0.0,3.0,2.0,2.0,2.0,72.0,,,0.0,0.0,0.0,,,3.0,25.0,49.0,82.0,114.0,89.0,62.0,180.0,5.0,1.0,0.0,0.0,0.0,0.0,68.0,68.0,3.0,10.0,1.0,SERIOUS,1
651003127.0,1.0,781125607.0,3.0,,,,,,28.0,5.0,107.0,4.0,52.0,2.0,1.0,1.0,0.0,,0.0,4.0,3.0,1.0,1.0,105.0,,,1.0,0.0,2.0,,,34.0,39.0,40.0,41.0,41.0,44.0,0.0,155.0,6.0,,0.0,,0.0,,,,4.0,34.0,1.0,SERIOUS,1
651003128.0,1.0,781125725.0,0.0,32.0,-6.0,-32.0,270.0,,79.0,4.0,122.0,1.0,71.0,14.0,1.0,1.0,0.0,,0.0,3.0,1.0,1.0,2.0,80.0,64.0,,3.0,0.0,0.0,,,0.0,10.0,21.0,20.0,19.0,18.0,33.0,140.0,2.0,,10.0,,0.0,6.0,32.0,32.55764119219941,2.0,4.0,1.0,MINOR,0
651003129.0,1.0,781125748.0,0.0,16.0,-5.0,-15.0,262.0,,88.0,6.0,200.0,8.0,66.0,1.0,1.0,1.0,3.0,7.0,7.0,2.0,1.0,1.0,2.0,89.0,89.0,,2.0,0.0,0.0,,,0.0,8.0,21.0,15.0,7.0,0.0,0.0,168.0,2.0,2.0,20.0,,0.0,5.0,15.0,15.811388300841896,3.0,10.0,1.0,SERIOUS,1
651003129.0,1.0,781125771.0,0.0,16.0,-5.0,-15.0,262.0,,88.0,6.0,200.0,8.0,66.0,1.0,1.0,1.0,3.0,7.0,7.0,2.0,1.0,1.0,2.0,89.0,89.0,,2.0,0.0,0.0,,,0.0,8.0,21.0,15.0,7.0,0.0,0.0,168.0,2.0,2.0,20.0,,0.0,5.0,15.0,15.811388300841896,3.0,10.0,1.0,SERIOUS,1
651003130.0,1.0,781127800.0,0.0,28.0,0.0,-28.0,487.0,,28.0,2.0,137.0,9.0,52.0,1.0,1.0,1.0,0.0,,0.0,7.0,1.0,1.0,1.0,105.0,48.0,,1.0,0.0,2.0,,,41.0,40.0,16.0,9.0,1.0,0.0,-61.0,158.0,4.0,,0.0,,0.0,0.0,28.0,28.0,3.0,14.0,1.0,SERIOUS,1
651003131.0,1.0,781128512.0,0.0,24.0,24.0,4.0,299.0,,98.0,4.0,133.0,1.0,53.0,12.0,2.0,1.0,0.0,,0.0,4.0,1.0,2.0,2.0,72.0,,,0.0,0.0,0.0,,,0.0,9.0,16.0,30.0,15.0,0.0,4.0,169.0,3.0,,280.0,,0.0,24.0,4.0,24.331050121192877,3.0,11.0,1.0,SERIOUS,1
651002861.0,1.0,781128539.0,8.0,,,,,,2.0,2.0,157.0,9.0,6.0,1.0,4.0,3.0,2.0,,1.0,4.0,2.0,2.0,1.0,105.0,50.0,,1.0,0.0,2.0,,,,,,,,,,,4.0,3.0,,80.0,0.0,,,,3.0,10.0,1.0,SERIOUS,1
781003062.0,1.0,781128562.0,0.0,48.0,0.0,-48.0,896.0,,51.0,5.0,134.0,7.0,62.0,1.0,2.0,1.0,0.0,,0.0,2.0,1.0,1.0,2.0,72.0,,,0.0,0.0,1.0,,,60.0,45.0,36.0,25.0,12.0,0.0,-58.0,156.0,5.0,1.0,0.0,,0.0,0.0,48.0,48.0,5.0,50.0,1.0,CRITICAL,2
651003162.0,1.0,781129375.0,7.0,,,,,,7.0,14.0,173.0,9.0,6.0,1.0,4.0,3.0,0.0,,0.0,2.0,3.0,1.0,2.0,40.0,,,0.0,6.0,0.0,,,24.0,21.0,40.0,32.0,21.0,23.0,0.0,155.0,2.0,3.0,350.0,290.0,0.0,,,,3.0,11.0,1.0,SERIOUS,1
651003163.0,1.0,781129473.0,0.0,24.0,23.0,-8.0,390.0,,82.0,4.0,132.0,1.0,66.0,11.0,1.0,1.0,0.0,,0.0,4.0,1.0,1.0,2.0,56.0,,,2.0,1.0,0.0,,,8.0,23.0,23.0,23.0,15.0,2.0,-57.0,173.0,3.0,,290.0,,0.0,23.0,8.0,24.351591323771842,4.0,17.0,1.0,SERIOUS,1
651003164.0,1.0,781129518.0,0.0,71.0,0.0,-71.0,3333.0,,50.0,4.0,150.0,2.0,10.0,14.0,2.0,1.0,0.0,,0.0,1.0,1.0,1.0,2.0,80.0,,,0.0,0.0,1.0,,,101.0,104.0,87.0,65.0,41.0,14.0,-54.0,158.0,5.0,,0.0,,0.0,0.0,71.0,71.0,4.0,34.0,1.0,SERIOUS,1
651003165.0,1.0,781130216.0,0.0,12.0,118.0,-21.0,323.0,,78.0,20.0,179.0,1.0,66.0,10.0,1.0,1.0,0.0,,0.0,3.0,1.0,1.0,2.0,40.0,,,2.0,1.0,0.0,,,2.0,7.0,17.0,36.0,58.0,71.0,186.0,101.0,3.0,,280.0,,0.0,118.0,21.0,119.85407794480753,5.0,30.0,1.0,CRITICAL,2
651003166.0,1.0,781130572.0,0.0,29.0,0.0,-29.0,448.0,,28.0,4.0,154.0,2.0,52.0,1.0,1.0,1.0,0.0,,0.0,2.0,1.0,1.0,1.0,113.0,,,0.0,0.0,1.0,,,11.0,25.0,24.0,21.0,15.0,0.0,3.0,158.0,2.0,,0.0,,0.0,0.0,29.0,29.0,3.0,22.0,1.0,SERIOUS,1
651003167.0,1.0,781130594.0,0.0,47.0,8.0,-46.0,1000.0,,51.0,14.0,156.0,7.0,62.0,1.0,1.0,1.0,0.0,,0.0,2.0,1.0,1.0,2.0,72.0,,,0.0,0.0,0.0,,,12.0,45.0,44.0,42.0,30.0,0.0,0.0,158.0,2.0,2.0,350.0,270.0,0.0,8.0,46.0,46.69047011971501,4.0,34.0,1.0,SERIOUS,1
651003202.0,1.0,781131994.0,0.0,43.0,0.0,-43.0,1486.0,,98.0,2.0,119.0,1.0,50.0,1.0,1.0,1.0,0.0,,0.0,4.0,3.0,1.0,1.0,105.0,,,1.0,0.0,2.0,,,58.0,69.0,52.0,40.0,24.0,0.0,-38.0,156.0,3.0,,0.0,,0.0,0.0,43.0,43.0,3.0,10.0,1.0,SERIOUS,1
651003203.0,1.0,781132209.0,0.0,54.0,9.0,-53.0,1848.0,,51.0,4.0,114.0,1.0,62.0,1.0,1.0,1.0,0.0,,0.0,2.0,1.0,1.0,2.0,89.0,45.0,,0.0,0.0,0.0,,,80.0,67.0,51.0,42.0,18.0,10.0,-25.0,150.0,5.0,,350.0,,0.0,9.0,53.0,53.75872022286245,3.0,10.0,1.0,SERIOUS,1
651003222.0,1.0,781136149.0,0.0,29.0,27.0,-10.0,913.0,,89.0,30.0,173.0,1.0,17.0,1.0,1.0,1.0,2.0,12.0,7.0,3.0,1.0,1.0,2.0,40.0,,,2.0,1.0,0.0,,,5.0,55.0,58.0,43.0,14.0,0.0,14.0,265.0,4.0,3.0,290.0,,0.0,27.0,10.0,28.792360097775937,3.0,14.0,1.0,SERIOUS,1
651003223.0,1.0,781136175.0,0.0,21.0,20.0,-7.0,418.0,,89.0,5.0,107.0,1.0,17.0,1.0,1.0,1.0,0.0,,0.0,2.0,1.0,1.0,2.0,89.0,,,2.0,2.0,0.0,,,0.0,7.0,8.0,31.0,39.0,30.0,64.0,172.0,3.0,2.0,290.0,270.0,0.0,20.0,7.0,21.18962010041709,4.0,18.0,1.0,SERIOUS,1
651003224.0,1.0,781136199.0,0.0,63.0,11.0,-62.0,2035.0,,69.0,20.0,181.0,1.0,62.0,1.0,1.0,1.0,0.0,,0.0,3.0,2.0,1.0,2.0,89.0,89.0,,2.0,0.0,0.0,,,6.0,34.0,48.0,59.0,47.0,32.0,0.0,180.0,4.0,,350.0,,0.0,11.0,62.0,62.96824596572466,4.0,34.0,1.0,SERIOUS,1
651003225.0,1.0,781136222.0,6.0,,,,,,83.0,20.0,210.0,1.0,72.0,1.0,1.0,1.0,0.0,,0.0,5.0,1.0,1.0,2.0,56.0,,,3.0,0.0,0.0,,,0.0,0.0,0.0,0.0,0.0,5.0,56.0,178.0,1.0,,10.0,,0.0,,,,1.0,1.0,1.0,MINOR,0
651003227.0,1.0,781136562.0,0.0,59.0,0.0,-59.0,2032.0,,50.0,4.0,155.0,,12.0,14.0,6.0,,0.0,,0.0,2.0,3.0,1.0,2.0,89.0,,,0.0,0.0,1.0,,,84.0,71.0,69.0,48.0,29.0,0.0,-49.0,158.0,4.0,,0.0,,0.0,0.0,59.0,59.0,3.0,10.0,1.0,SERIOUS,1
651003228.0,1.0,781136585.0,0.0,54.0,53.0,-9.0,2019.0,,82.0,5.0,134.0,1.0,15.0,11.0,1.0,1.0,0.0,,0.0,2.0,1.0,1.0,2.0,72.0,,,2.0,1.0,1.0,,,0.0,46.0,64.0,56.0,26.0,3.0,43.0,276.0,5.0,3.0,280.0,30.0,0.0,53.0,9.0,53.75872022286245,4.0,26.0,1.0,SERIOUS,1
591003243.0,1.0,781137094.0,0.0,28.0,10.0,-26.0,443.0,,7.0,2.0,131.0,7.0,9.0,1.0,4.0,3.0,0.0,,0.0,4.0,1.0,1.0,1.0,105.0,105.0,,0.0,0.0,2.0,,,9.0,19.0,23.0,24.0,22.0,15.0,-43.0,150.0,2.0,,330.0,350.0,0.0,10.0,26.0,27.85677655436824,3.0,10.0,1.0,SERIOUS,1
591003244.0,1.0,781137117.0,0.0,28.0,28.0,5.0,507.0,,72.0,4.0,107.0,1.0,10.0,11.0,2.0,1.0,0.0,,0.0,4.0,1.0,1.0,2.0,105.0,,,2.0,1.0,1.0,,,3.0,15.0,29.0,32.0,21.0,6.0,27.0,181.0,3.0,,260.0,,0.0,28.0,5.0,28.442925306655784,4.0,26.0,1.0,SERIOUS,1
142008831.0,1.0,791512628.0,0.0,72.0,-25.0,-68.0,2534.0,,51.0,4.0,127.0,6.0,62.0,14.0,1.0,1.0,0.0,,0.0,3.0,1.0,3.0,2.0,72.0,64.0,,0.0,0.0,1.0,,,6.0,19.0,44.0,64.0,67.0,73.0,41.0,149.0,4.0,,20.0,,0.0,25.0,68.0,72.44998274671983,3.0,19.0,1.0,SERIOUS,1
897000046.0,1.0,842000014.0,0.0,35.0,6.0,-35.0,447.0,,66.0,1.0,103.0,3.0,62.0,14.0,1.0,2.0,0.0,,0.0,2.0,2.0,1.0,2.0,89.0,89.0,0.0,0.0,0.0,0.0,,,24.0,20.0,26.0,29.0,18.0,15.0,0.0,148.0,2.0,,350.0,,0.0,6.0,35.0,35.510561809129406,3.0,10.0,1.0,SERIOUS,1
897000025.0,1.0,842000067.0,0.0,19.0,17.0,-10.0,767.0,,89.0,15.0,239.0,1.0,17.0,1.0,1.0,1.0,0.0,,0.0,2.0,1.0,1.0,2.0,72.0,64.0,0.0,2.0,2.0,0.0,,,0.0,26.0,36.0,47.0,31.0,12.0,184.0,153.0,3.0,,300.0,,0.0,17.0,10.0,19.72308292331602,5.0,38.0,1.0,CRITICAL,2
897000045.0,1.0,842000068.0,0.0,39.0,7.0,-38.0,943.0,,52.0,4.0,136.0,1.0,54.0,1.0,1.0,1.0,0.0,,0.0,2.0,2.0,1.0,2.0,89.0,89.0,0.0,1.0,0.0,2.0,,,36.0,35.0,38.0,36.0,30.0,19.0,0.0,158.0,2.0,,350.0,,0.0,7.0,38.0,38.63935817272331,3.0,17.0,1.0,SERIOUS,1
897000002.0,1.0,842000127.0,0.0,37.0,36.0,-6.0,654.0,,82.0,2.0,106.0,1.0,15.0,11.0,2.0,1.0,0.0,,0.0,2.0,3.0,1.0,2.0,72.0,16.0,0.0,3.0,0.0,0.0,,,0.0,2.0,28.0,34.0,1.0,0.0,17.0,341.0,3.0,,280.0,,0.0,36.0,6.0,36.49657518178932,4.0,16.0,1.0,SERIOUS,1
897000002.0,1.0,842000163.0,0.0,37.0,36.0,-6.0,654.0,,82.0,2.0,106.0,1.0,15.0,11.0,2.0,1.0,0.0,,0.0,2.0,3.0,1.0,2.0,72.0,16.0,0.0,3.0,0.0,0.0,,,0.0,2.0,28.0,34.0,1.0,0.0,17.0,341.0,3.0,,280.0,,0.0,36.0,6.0,36.49657518178932,4.0,25.0,1.0,SERIOUS,1
897000004.0,1.0,842000204.0,7.0,,,,,,7.0,14.0,208.0,6.0,13.0,1.0,4.0,,0.0,,0.0,2.0,2.0,1.0,2.0,89.0,89.0,0.0,0.0,0.0,0.0,,,0.0,0.0,32.0,15.0,4.0,12.0,-22.0,158.0,2.0,4.0,,,0.0,,,,4.0,29.0,1.0,SERIOUS,1
897000041.0,1.0,842000235.0,0.0,26.0,25.0,-9.0,839.0,,2.0,2.0,140.0,7.0,13.0,14.0,4.0,3.0,2.0,0.0,1.0,2.0,1.0,1.0,2.0,89.0,105.0,0.0,0.0,0.0,0.0,6.0,0.0,0.0,28.0,51.0,45.0,18.0,0.0,-26.0,250.0,4.0,2.0,290.0,,0.0,25.0,9.0,26.570660511172846,3.0,14.0,1.0,SERIOUS,1
897000042.0,1.0,842000273.0,0.0,13.0,-11.0,-6.0,336.0,,68.0,20.0,194.0,1.0,15.0,11.0,2.0,1.0,0.0,,0.0,4.0,2.0,1.0,2.0,89.0,32.0,0.0,2.0,1.0,1.0,,,2.0,12.0,17.0,26.0,30.0,35.0,180.0,135.0,2.0,,60.0,,0.0,11.0,6.0,12.529964086141668,3.0,14.0,1.0,SERIOUS,1
897000043.0,1.0,842000284.0,0.0,36.0,6.0,-36.0,1188.0,,50.0,4.0,155.0,1.0,10.0,1.0,2.0,1.0,0.0,,0.0,2.0,1.0,1.0,2.0,80.0,72.0,0.0,0.0,0.0,0.0,,,56.0,64.0,54.0,44.0,13.0,0.0,-29.0,157.0,3.0,,350.0,,0.0,6.0,36.0,36.49657518178932,3.0,10.0,1.0,SERIOUS,1
897000044.0,1.0,842000334.0,0.0,29.0,5.0,-29.0,324.0,,51.0,5.0,116.0,2.0,62.0,1.0,1.0,1.0,0.0,,0.0,2.0,1.0,1.0,2.0,89.0,80.0,0.0,0.0,0.0,0.0,,,44.0,26.0,12.0,0.0,0.0,0.0,-43.0,144.0,4.0,,350.0,,0.0,5.0,29.0,29.427877939124322,2.0,5.0,1.0,MINOR,0
897000047.0,1.0,842000393.0,0.0,25.0,4.0,-25.0,1051.0,,51.0,15.0,219.0,2.0,62.0,14.0,1.0,1.0,0.0,,0.0,2.0,1.0,1.0,2.0,40.0,56.0,0.0,0.0,0.0,0.0,,,39.0,42.0,43.0,30.0,6.0,6.0,-21.0,167.0,2.0,,350.0,,0.0,4.0,25.0,25.317977802344327,3.0,10.0,1.0,SERIOUS,1
897000048.0,1.0,842000462.0,0.0,27.0,27.0,-5.0,501.0,,89.0,4.0,130.0,1.0,66.0,1.0,1.0,1.0,0.0,,0.0,4.0,1.0,2.0,2.0,56.0,16.0,1.0,2.0,1.0,3.0,,,0.0,7.0,22.0,24.0,9.0,0.0,50.0,270.0,2.0,2.0,280.0,0.0,0.0,27.0,5.0,27.459060435491963,3.0,14.0,1.0,SERIOUS,1
897000049.0,1.0,842000473.0,0.0,29.0,-27.0,-10.0,800.0,,6.0,31.0,215.0,4.0,12.0,14.0,4.0,1.0,0.0,,0.0,2.0,2.0,1.0,2.0,56.0,105.0,0.0,0.0,0.0,0.0,,,0.0,7.0,47.0,44.0,26.0,0.0,87.0,340.0,4.0,3.0,70.0,0.0,0.0,27.0,10.0,28.792360097775937,4.0,29.0,1.0,SERIOUS,1
897000050.0,1.0,842000628.0,0.0,,,,,,89.0,14.0,161.0,1.0,66.0,1.0,1.0,1.0,0.0,,0.0,3.0,1.0,1.0,2.0,40.0,40.0,0.0,2.0,1.0,0.0,,,0.0,7.0,34.0,25.0,26.0,12.0,126.0,274.0,3.0,1.0,290.0,270.0,0.0,,,,4.0,21.0,1.0,SERIOUS,1
897000051.0,1.0,842000640.0,0.0,11.0,-10.0,-4.0,211.0,,2.0,20.0,196.0,8.0,13.0,14.0,4.0,4.0,0.0,,0.0,2.0,1.0,1.0,2.0,89.0,89.0,0.0,0.0,0.0,0.0,,,7.0,12.0,44.0,35.0,12.0,7.0,-141.0,180.0,4.0,1.0,70.0,270.0,0.0,10.0,4.0,10.770329614269007,3.0,22.0,1.0,SERIOUS,1
897000052.0,1.0,842000651.0,0.0,34.0,34.0,-6.0,737.0,,2.0,14.0,160.0,9.0,13.0,14.0,4.0,3.0,0.0,,0.0,2.0,1.0,2.0,2.0,72.0,89.0,1.0,0.0,0.0,0.0,,,0.0,22.0,49.0,41.0,11.0,0.0,30.0,225.0,4.0,1.0,280.0,350.0,0.0,34.0,6.0,34.52535300326414,4.0,26.0,1.0,SERIOUS,1
897000053.0,1.0,842000662.0,0.0,47.0,-8.0,-46.0,1222.0,,50.0,30.0,139.0,1.0,10.0,1.0,2.0,1.0,1.0,10.0,7.0,2.0,1.0,1.0,2.0,89.0,,0.0,0.0,0.0,0.0,,,0.0,0.0,36.0,46.0,55.0,49.0,36.0,154.0,3.0,2.0,10.0,0.0,0.0,8.0,46.0,46.69047011971501,4.0,25.0,1.0,SERIOUS,1
897000053.0,1.0,842000673.0,0.0,47.0,-8.0,-46.0,1222.0,,50.0,30.0,139.0,1.0,10.0,1.0,2.0,1.0,1.0,10.0,7.0,2.0,1.0,1.0,2.0,89.0,,0.0,0.0,0.0,0.0,,,0.0,0.0,36.0,46.0,55.0,49.0,36.0,154.0,3.0,2.0,10.0,0.0,0.0,8.0,46.0,46.69047011971501,3.0,10.0,1.0,SERIOUS,1
897000054.0,1.0,842000686.0,0.0,37.0,0.0,-37.0,1432.0,,1.0,15.0,253.0,1.0,13.0,1.0,4.0,1.0,0.0,,0.0,2.0,2.0,1.0,2.0,56.0,72.0,0.0,0.0,0.0,0.0,,,0.0,1.0,38.0,52.0,55.0,12.0,38.0,173.0,3.0,,0.0,,0.0,0.0,37.0,37.0,4.0,26.0,1.0,SERIOUS,1
897000061.0,1.0,842000697.0,0.0,,,,,,89.0,2.0,152.0,1.0,17.0,1.0,1.0,1.0,0.0,,0.0,1.0,1.0,1.0,2.0,56.0,48.0,0.0,1.0,2.0,3.0,,,0.0,11.0,19.0,17.0,9.0,0.0,84.0,327.0,2.0,,280.0,,0.0,,,,3.0,10.0,1.0,SERIOUS,1
897000062.0,1.0,842002320.0,0.0,53.0,-52.0,-9.0,1747.0,,7.0,30.0,139.0,8.0,13.0,14.0,4.0,4.0,0.0,,0.0,2.0,3.0,1.0,2.0,56.0,121.0,0.0,0.0,0.0,0.0,,,0.0,24.0,75.0,64.0,9.0,0.0,63.0,247.0,5.0,,80.0,,0.0,52.0,9.0,52.773099207835045,4.0,29.0,1.0,SERIOUS,1
897000063.0,1.0,842002331.0,0.0,28.0,0.0,-28.0,490.0,,1.0,30.0,145.0,1.0,13.0,1.0,4.0,1.0,0.0,,0.0,2.0,1.0,1.0,2.0,89.0,72.0,0.0,0.0,0.0,0.0,,,0.0,0.0,10.0,27.0,29.0,13.0,35.0,162.0,2.0,3.0,0.0,0.0,0.0,0.0,28.0,28.0,3.0,27.0,1.0,SERIOUS,1
897000065.0,1.0,842002342.0,0.0,34.0,-6.0,-34.0,593.0,,83.0,2.0,106.0,4.0,67.0,14.0,1.0,1.0,0.0,,0.0,2.0,1.0,1.0,2.0,89.0,72.0,0.0,2.0,0.0,0.0,,,50.0,38.0,31.0,27.0,12.0,3.0,0.0,143.0,3.0,,10.0,,0.0,6.0,34.0,34.52535300326414,4.0,34.0,1.0,SERIOUS,1
897000066.0,1.0,842002353.0,0.0,25.0,0.0,-25.0,540.0,,7.0,14.0,197.0,8.0,5.0,15.0,4.0,3.0,0.0,,0.0,3.0,2.0,2.0,2.0,113.0,105.0,1.0,0.0,0.0,1.0,,,8.0,22.0,40.0,11.0,0.0,0.0,-20.0,155.0,2.0,3.0,0.0,0.0,0.0,0.0,25.0,25.0,2.0,9.0,1.0,MINOR,0
897000066.0,1.0,842002364.0,0.0,25.0,0.0,-25.0,540.0,,7.0,14.0,197.0,8.0,5.0,15.0,4.0,3.0,0.0,,0.0,3.0,2.0,2.0,2.0,113.0,105.0,1.0,0.0,0.0,1.0,,,8.0,22.0,40.0,11.0,0.0,0.0,-20.0,155.0,2.0,3.0,0.0,0.0,0.0,0.0,25.0,25.0,4.0,16.0,1.0,SERIOUS,1
134000126.0,1.0,842003308.0,7.0,,,,,,11.0,20.0,181.0,4.0,13.0,1.0,4.0,1.0,0.0,,0.0,2.0,2.0,1.0,1.0,113.0,113.0,0.0,0.0,0.0,1.0,,,4.0,9.0,15.0,18.0,14.0,10.0,57.0,155.0,3.0,6.0,0.0,0.0,0.0,,,,4.0,17.0,1.0,SERIOUS,1
897000068.0,1.0,842003309.0,0.0,,,,,,7.0,2.0,119.0,6.0,13.0,1.0,4.0,4.0,0.0,,0.0,2.0,1.0,1.0,2.0,89.0,97.0,0.0,0.0,0.0,0.0,,,27.0,24.0,24.0,24.0,20.0,19.0,0.0,143.0,2.0,2.0,20.0,160.0,0.0,,,,3.0,10.0,1.0,SERIOUS,1
897000101.0,1.0,842003310.0,0.0,40.0,-7.0,-39.0,1643.0,,51.0,14.0,197.0,6.0,62.0,14.0,2.0,1.0,0.0,,0.0,2.0,1.0,1.0,2.0,72.0,72.0,0.0,0.0,5.0,0.0,,,2.0,9.0,54.0,60.0,44.0,60.0,13.0,161.0,3.0,,10.0,,0.0,7.0,39.0,39.6232255123179,4.0,26.0,1.0,SERIOUS,1
897000101.0,1.0,842003311.0,0.0,40.0,-7.0,-39.0,1643.0,,51.0,14.0,197.0,6.0,62.0,14.0,2.0,1.0,0.0,,0.0,2.0,1.0,1.0,2.0,72.0,72.0,0.0,0.0,5.0,0.0,,,2.0,9.0,54.0,60.0,44.0,60.0,13.0,161.0,3.0,,10.0,,0.0,7.0,39.0,39.6232255123179,3.0,9.0,1.0,SERIOUS,1
897000102.0,1.0,842003312.0,8.0,,,,,,6.0,2.0,119.0,9.0,12.0,14.0,4.0,3.0,4.0,25.0,1.0,2.0,1.0,1.0,2.0,105.0,,0.0,1.0,0.0,1.0,,,,,,,,,,,4.0,,,,0.0,,,,3.0,14.0,1.0,SERIOUS,1
897000103.0,1.0,842003313.0,0.0,49.0,-42.0,-25.0,1503.0,,64.0,4.0,106.0,8.0,13.0,14.0,6.0,4.0,0.0,,0.0,2.0,1.0,1.0,2.0,56.0,89.0,0.0,0.0,0.0,0.0,,,21.0,31.0,47.0,17.0,3.0,0.0,-33.0,427.0,4.0,,60.0,,0.0,42.0,25.0,48.877397639399746,3.0,14.0,1.0,SERIOUS,1
134000128.0,1.0,842003315.0,0.0,,,,,,1.0,4.0,152.0,1.0,13.0,14.0,4.0,1.0,0.0,,0.0,2.0,1.0,1.0,2.0,56.0,56.0,0.0,0.0,0.0,0.0,,,0.0,0.0,1.0,15.0,33.0,15.0,41.0,157.0,2.0,3.0,0.0,0.0,0.0,,,,4.0,34.0,2.0,SERIOUS,1
134000129.0,1.0,842003316.0,0.0,29.0,25.0,-15.0,807.0,,89.0,4.0,132.0,1.0,17.0,1.0,1.0,1.0,0.0,,0.0,2.0,1.0,1.0,2.0,72.0,40.0,0.0,2.0,2.0,0.0,,,0.0,25.0,32.0,37.0,30.0,14.0,163.0,161.0,3.0,2.0,300.0,270.0,0.0,25.0,15.0,29.154759474226502,3.0,14.0,1.0,SERIOUS,1
134000130.0,1.0,842003317.0,0.0,34.0,6.0,-34.0,514.0,,51.0,14.0,129.0,4.0,62.0,1.0,1.0,1.0,0.0,,0.0,2.0,1.0,1.0,2.0,0.0,72.0,0.0,0.0,0.0,0.0,,,40.0,21.0,13.0,3.0,0.0,0.0,-54.0,152.0,3.0,,350.0,,0.0,6.0,34.0,34.52535300326414,3.0,19.0,1.0,SERIOUS,1
134000131.0,1.0,842003318.0,0.0,56.0,10.0,-55.0,2062.0,,52.0,4.0,139.0,3.0,54.0,1.0,1.0,2.0,0.0,,0.0,2.0,2.0,1.0,2.0,105.0,105.0,0.0,0.0,0.0,2.0,,,56.0,64.0,67.0,61.0,40.0,37.0,0.0,152.0,3.0,,350.0,,0.0,10.0,55.0,55.90169943749474,3.0,10.0,1.0,SERIOUS,1
897000104.0,1.0,842003319.0,0.0,20.0,0.0,-20.0,446.0,,6.0,15.0,226.0,6.0,13.0,14.0,4.0,1.0,0.0,,0.0,2.0,1.0,2.0,2.0,72.0,89.0,1.0,0.0,0.0,0.0,,,54.0,18.0,10.0,8.0,0.0,0.0,-67.0,162.0,7.0,1.0,0.0,0.0,0.0,0.0,20.0,20.0,4.0,29.0,2.0,SERIOUS,1
134000132.0,1.0,842003320.0,0.0,39.0,7.0,-38.0,1103.0,,50.0,20.0,166.0,3.0,10.0,14.0,2.0,2.0,0.0,,0.0,2.0,1.0,1.0,2.0,72.0,72.0,0.0,0.0,0.0,0.0,,,62.0,48.0,28.0,18.0,12.0,0.0,-58.0,157.0,5.0,,350.0,,0.0,7.0,38.0,38.63935817272331,3.0,17.0,1.0,SERIOUS,1
134000133.0,1.0,842003321.0,0.0,,,,,,50.0,20.0,168.0,1.0,10.0,14.0,2.0,1.0,0.0,,0.0,2.0,2.0,1.0,2.0,89.0,89.0,0.0,0.0,0.0,0.0,,,20.0,39.0,77.0,71.0,71.0,80.0,36.0,157.0,5.0,,10.0,,0.0,,,,4.0,34.0,1.0,SERIOUS,1
134000134.0,1.0,842003322.0,0.0,20.0,4.0,-20.0,332.0,,50.0,20.0,166.0,1.0,10.0,14.0,2.0,1.0,0.0,,0.0,2.0,1.0,1.0,2.0,89.0,72.0,0.0,0.0,0.0,0.0,,,36.0,27.0,8.0,0.0,0.0,0.0,-58.0,157.0,6.0,,350.0,,0.0,4.0,20.0,20.396078054371138,3.0,10.0,1.0,SERIOUS,1
134000135.0,1.0,842004568.0,0.0,32.0,6.0,-32.0,674.0,,51.0,4.0,138.0,1.0,62.0,14.0,1.0,1.0,0.0,,0.0,2.0,1.0,1.0,2.0,56.0,56.0,0.0,0.0,0.0,0.0,,,39.0,39.0,38.0,13.0,0.0,0.0,-59.0,153.0,6.0,,350.0,,0.0,6.0,32.0,32.55764119219941,4.0,29.0,1.0,SERIOUS,1
134000136.0,1.0,842004569.0,8.0,,,,,,51.0,4.0,131.0,1.0,62.0,14.0,1.0,1.0,0.0,,0.0,2.0,1.0,2.0,2.0,89.0,72.0,1.0,0.0,0.0,0.0,,,15.0,11.0,8.0,11.0,3.0,3.0,-67.0,154.0,9.0,2.0,350.0,90.0,0.0,,,,3.0,11.0,1.0,SERIOUS,1
134000137.0,1.0,842004570.0,0.0,,,,,,1.0,20.0,175.0,1.0,13.0,14.0,4.0,1.0,0.0,,0.0,2.0,1.0,1.0,2.0,72.0,72.0,0.0,0.0,0.0,0.0,,,0.0,1.0,6.0,12.0,19.0,18.0,31.0,157.0,2.0,3.0,0.0,,0.0,,,,3.0,10.0,1.0,SERIOUS,1
134000138.0,1.0,842004571.0,0.0,27.0,5.0,-27.0,359.0,,51.0,4.0,115.0,1.0,62.0,14.0,1.0,1.0,0.0,,0.0,2.0,1.0,1.0,2.0,72.0,72.0,0.0,0.0,0.0,0.0,,,19.0,25.0,27.0,16.0,0.0,0.0,-31.0,146.0,2.0,,350.0,,0.0,5.0,27.0,27.459060435491963,3.0,14.0,1.0,SERIOUS,1
134000139.0,1.0,842004572.0,0.0,38.0,13.0,-36.0,485.0,,50.0,2.0,113.0,1.0,10.0,14.0,2.0,1.0,0.0,,0.0,2.0,2.0,1.0,2.0,89.0,89.0,0.0,0.0,0.0,0.0,,,45.0,28.0,19.0,9.0,0.0,0.0,-59.0,150.0,5.0,,340.0,,0.0,13.0,36.0,38.27531841800928,3.0,14.0,1.0,SERIOUS,1
134000139.0,2.0,842004573.0,0.0,34.0,6.0,-34.0,787.0,,51.0,4.0,130.0,3.0,62.0,1.0,1.0,2.0,0.0,,0.0,2.0,2.0,1.0,2.0,89.0,89.0,0.0,0.0,0.0,0.0,,,51.0,34.0,30.0,21.0,11.0,5.0,-53.0,154.0,3.0,,350.0,,0.0,6.0,34.0,34.52535300326414,3.0,10.0,1.0,SERIOUS,1
134000140.0,1.0,842004574.0,8.0,,,,,,29.0,15.0,201.0,1.0,53.0,2.0,1.0,1.0,4.0,21.0,7.0,3.0,2.0,1.0,2.0,105.0,97.0,0.0,0.0,0.0,2.0,,,,,,,,,,,4.0,2.0,,,0.0,,,,3.0,22.0,1.0,SERIOUS,1
134000107.0,1.0,842004575.0,0.0,51.0,9.0,-50.0,2321.0,,51.0,14.0,186.0,,62.0,1.0,1.0,1.0,0.0,,0.0,2.0,1.0,1.0,2.0,89.0,89.0,0.0,0.0,0.0,0.0,,,7.0,9.0,40.0,62.0,76.0,100.0,41.0,157.0,5.0,,10.0,,0.0,9.0,50.0,50.80354318352215,3.0,10.0,1.0,SERIOUS,1
134000125.0,1.0,842004576.0,0.0,21.0,18.0,-11.0,298.0,,82.0,4.0,112.0,1.0,66.0,11.0,1.0,1.0,0.0,,0.0,2.0,1.0,1.0,2.0,56.0,8.0,0.0,2.0,1.0,0.0,,,0.0,12.0,29.0,25.0,13.0,0.0,-31.0,207.0,3.0,,300.0,,0.0,18.0,11.0,21.095023109728988,4.0,36.0,1.0,SERIOUS,1
897000177.0,1.0,842004577.0,0.0,42.0,0.0,-42.0,1063.0,,6.0,4.0,149.0,1.0,12.0,14.0,4.0,1.0,0.0,,0.0,2.0,1.0,1.0,2.0,48.0,72.0,0.0,0.0,0.0,0.0,,,7.0,32.0,41.0,53.0,22.0,4.0,-3.0,156.0,3.0,9.0,0.0,0.0,0.0,0.0,42.0,42.0,3.0,11.0,1.0,SERIOUS,1
897000146.0,1.0,842005509.0,0.0,41.0,39.0,-14.0,996.0,3.0,82.0,4.0,122.0,2.0,15.0,11.0,1.0,1.0,0.0,,0.0,2.0,3.0,1.0,2.0,89.0,16.0,0.0,2.0,2.0,0.0,,,31.0,43.0,53.0,49.0,37.0,26.0,139.0,121.0,4.0,,290.0,,0.0,39.0,14.0,41.43669871020132,4.0,41.0,1.0,SERIOUS,1
897000147.0,1.0,842005510.0,0.0,38.0,37.0,-7.0,1087.0,,89.0,4.0,107.0,1.0,66.0,14.0,1.0,1.0,0.0,,0.0,2.0,1.0,1.0,2.0,72.0,64.0,0.0,2.0,0.0,0.0,,,0.0,13.0,35.0,35.0,15.0,11.0,133.0,291.0,3.0,2.0,280.0,0.0,0.0,37.0,7.0,37.656340767525464,5.0,66.0,1.0,CRITICAL,2
897000148.0,1.0,842005511.0,0.0,44.0,-41.0,-15.0,1472.0,,68.0,4.0,150.0,10.0,15.0,11.0,1.0,1.0,0.0,,0.0,5.0,1.0,1.0,2.0,56.0,48.0,,3.0,0.0,0.0,,,0.0,28.0,52.0,45.0,17.0,3.0,39.0,295.0,4.0,2.0,70.0,190.0,0.0,41.0,15.0,43.657759905886145,5.0,57.0,1.0,CRITICAL,2
897000146.0,2.0,842005513.0,0.0,41.0,-7.0,-40.0,1198.0,91.0,83.0,2.0,131.0,8.0,67.0,1.0,2.0,2.0,0.0,,0.0,2.0,3.0,1.0,2.0,89.0,105.0,0.0,2.0,0.0,1.0,,,0.0,33.0,37.0,45.0,61.0,71.0,38.0,152.0,4.0,3.0,10.0,270.0,0.0,7.0,40.0,40.607881008493905,3.0,10.0,1.0,SERIOUS,1
897000171.0,1.0,842005514.0,7.0,,,,,,8.0,4.0,115.0,1.0,12.0,14.0,4.0,1.0,0.0,,0.0,2.0,2.0,1.0,1.0,113.0,129.0,0.0,1.0,0.0,1.0,,,0.0,0.0,0.0,2.0,3.0,7.0,58.0,154.0,3.0,1.0,0.0,350.0,0.0,,,,3.0,10.0,1.0,SERIOUS,1
897000174.0,1.0,842005516.0,0.0,49.0,9.0,-48.0,1574.0,,69.0,20.0,174.0,1.0,62.0,14.0,1.0,1.0,0.0,,0.0,2.0,1.0,2.0,2.0,72.0,72.0,,2.0,0.0,0.0,,,56.0,52.0,43.0,38.0,25.0,0.0,-32.0,159.0,4.0,,350.0,,0.0,9.0,48.0,48.83646178829912,3.0,10.0,1.0,SERIOUS,1
897000176.0,1.0,842005517.0,0.0,48.0,-8.0,-47.0,1059.0,,51.0,4.0,115.0,8.0,62.0,14.0,2.0,2.0,0.0,,0.0,2.0,2.0,1.0,2.0,89.0,0.0,,0.0,0.0,0.0,,,7.0,18.0,42.0,50.0,47.0,42.0,41.0,152.0,3.0,2.0,10.0,60.0,0.0,8.0,47.0,47.67598976424087,4.0,26.0,1.0,SERIOUS,1
897000175.0,1.0,842012130.0,0.0,57.0,0.0,-57.0,2102.0,56.0,6.0,14.0,136.0,1.0,12.0,1.0,4.0,1.0,0.0,,0.0,2.0,1.0,1.0,2.0,72.0,64.0,,0.0,0.0,0.0,,,68.0,63.0,51.0,30.0,3.0,0.0,-50.0,156.0,4.0,,0.0,,0.0,0.0,57.0,57.0,3.0,17.0,1.0,SERIOUS,1
897000172.0,1.0,842012137.0,0.0,,,,,,82.0,30.0,145.0,1.0,15.0,11.0,1.0,1.0,0.0,,0.0,2.0,1.0,1.0,4.0,,24.0,,3.0,0.0,0.0,,,16.0,38.0,49.0,42.0,6.0,0.0,-166.0,248.0,4.0,,300.0,,0.0,,,,3.0,18.0,1.0,SERIOUS,1
897000166.0,1.0,842012140.0,0.0,29.0,29.0,-5.0,457.0,,82.0,4.0,108.0,1.0,15.0,11.0,1.0,1.0,0.0,,0.0,2.0,2.0,2.0,4.0,89.0,8.0,1.0,3.0,0.0,0.0,,,0.0,4.0,23.0,24.0,13.0,3.0,9.0,300.0,2.0,,280.0,,0.0,29.0,5.0,29.427877939124322,4.0,34.0,1.0,SERIOUS,1
897000169.0,1.0,842012142.0,0.0,17.0,16.0,-6.0,316.0,,82.0,4.0,160.0,1.0,15.0,11.0,1.0,1.0,0.0,,0.0,2.0,1.0,1.0,2.0,56.0,32.0,,2.0,1.0,1.0,,,0.0,15.0,24.0,18.0,12.0,0.0,-89.0,208.0,2.0,,290.0,,0.0,16.0,6.0,17.08800749063506,4.0,16.0,1.0,SERIOUS,1
897000167.0,1.0,842012144.0,8.0,,,,,,1.0,4.0,114.0,1.0,13.0,14.0,4.0,1.0,4.0,7.0,1.0,2.0,1.0,1.0,2.0,89.0,113.0,,2.0,0.0,0.0,,,,,,,,,,,4.0,2.0,,0.0,0.0,,,,4.0,21.0,1.0,SERIOUS,1
897000168.0,1.0,842012146.0,0.0,35.0,12.0,-33.0,1154.0,,69.0,30.0,150.0,1.0,62.0,1.0,1.0,1.0,0.0,,0.0,2.0,1.0,1.0,2.0,89.0,89.0,,2.0,0.0,0.0,,,8.0,15.0,26.0,38.0,44.0,59.0,0.0,157.0,3.0,,340.0,,0.0,12.0,33.0,35.11409973215888,3.0,27.0,1.0,SERIOUS,1
897000186.0,1.0,842012148.0,0.0,23.0,0.0,-23.0,384.0,,93.0,4.0,152.0,1.0,71.0,14.0,1.0,1.0,0.0,,0.0,2.0,1.0,1.0,2.0,56.0,56.0,,3.0,0.0,0.0,,,12.0,33.0,21.0,12.0,5.0,0.0,-54.0,152.0,2.0,1.0,0.0,60.0,0.0,0.0,23.0,23.0,3.0,22.0,1.0,SERIOUS,1
897000188.0,1.0,842012150.0,8.0,,,,,,2.0,4.0,116.0,1.0,13.0,14.0,4.0,4.0,1.0,4.0,5.0,2.0,1.0,1.0,2.0,89.0,89.0,,0.0,0.0,0.0,,,,,,,,,,,5.0,2.0,,,0.0,,,,3.0,10.0,1.0,SERIOUS,1
897000189.0,1.0,842012152.0,7.0,,,,,,2.0,4.0,163.0,9.0,13.0,1.0,4.0,3.0,4.0,18.0,1.0,2.0,1.0,1.0,2.0,89.0,72.0,,0.0,0.0,0.0,,,,,,,,,,,3.0,,,,0.0,,,,4.0,25.0,1.0,SERIOUS,1
897000190.0,1.0,842012154.0,8.0,,,,,,45.0,14.0,194.0,7.0,60.0,14.0,1.0,1.0,5.0,14.0,6.0,3.0,2.0,2.0,2.0,105.0,113.0,,1.0,0.0,2.0,,,,,,,,,,,4.0,3.0,,,0.0,,,,3.0,10.0,1.0,SERIOUS,1
897000190.0,1.0,842012159.0,8.0,,,,,,45.0,14.0,194.0,7.0,60.0,14.0,1.0,1.0,5.0,14.0,6.0,3.0,2.0,2.0,2.0,105.0,113.0,,1.0,0.0,2.0,,,,,,,,,,,4.0,3.0,,,0.0,,,,4.0,24.0,1.0,SERIOUS,1
897000190.0,1.0,842012161.0,8.0,,,,,,45.0,14.0,194.0,7.0,60.0,14.0,1.0,1.0,5.0,14.0,6.0,3.0,2.0,2.0,2.0,105.0,113.0,,1.0,0.0,2.0,,,,,,,,,,,4.0,3.0,,,0.0,,,,4.0,26.0,1.0,SERIOUS,1
897000191.0,1.0,842012163.0,0.0,53.0,0.0,-53.0,1642.0,59.0,1.0,4.0,146.0,1.0,13.0,14.0,4.0,1.0,0.0,,0.0,2.0,1.0,1.0,2.0,56.0,56.0,,2.0,0.0,0.0,,,18.0,51.0,64.0,65.0,42.0,19.0,0.0,153.0,3.0,2.0,0.0,0.0,0.0,0.0,53.0,53.0,3.0,17.0,1.0,SERIOUS,1
897000192.0,1.0,842012165.0,0.0,38.0,13.0,-36.0,593.0,,86.0,4.0,122.0,1.0,66.0,14.0,1.0,1.0,0.0,,0.0,2.0,1.0,1.0,2.0,56.0,56.0,,2.0,0.0,0.0,,,14.0,25.0,38.0,34.0,21.0,14.0,0.0,156.0,3.0,,340.0,,0.0,13.0,36.0,38.27531841800928,4.0,17.0,1.0,SERIOUS,1
897000193.0,1.0,842012167.0,0.0,40.0,7.0,-39.0,1130.0,,51.0,1.0,150.0,7.0,62.0,1.0,1.0,1.0,0.0,,0.0,2.0,1.0,1.0,2.0,89.0,80.0,,0.0,0.0,0.0,,,67.0,55.0,43.0,27.0,13.0,0.0,-50.0,158.0,4.0,1.0,350.0,,0.0,7.0,39.0,39.6232255123179,4.0,34.0,1.0,SERIOUS,1
897000194.0,1.0,842012169.0,0.0,65.0,11.0,-64.0,2138.0,,50.0,14.0,136.0,1.0,10.0,1.0,2.0,1.0,0.0,,0.0,2.0,1.0,1.0,2.0,89.0,89.0,,0.0,0.0,0.0,,,66.0,55.0,48.0,36.0,24.0,14.0,0.0,155.0,4.0,,350.0,,0.0,11.0,64.0,64.93843238021688,3.0,27.0,1.0,SERIOUS,1
897000195.0,1.0,842012171.0,0.0,24.0,-24.0,-4.0,491.0,,68.0,4.0,139.0,1.0,15.0,11.0,1.0,1.0,0.0,,0.0,6.0,1.0,1.0,2.0,56.0,16.0,,2.0,0.0,0.0,,,0.0,19.0,30.0,22.0,13.0,0.0,29.0,248.0,2.0,,80.0,,0.0,24.0,4.0,24.331050121192877,3.0,10.0,1.0,SERIOUS,1
897000196.0,1.0,842012173.0,0.0,21.0,-20.0,-7.0,548.0,,68.0,15.0,199.0,1.0,15.0,11.0,1.0,1.0,0.0,,0.0,2.0,1.0,1.0,2.0,40.0,8.0,,2.0,0.0,1.0,,,4.0,30.0,39.0,12.0,11.0,4.0,97.0,220.0,3.0,3.0,70.0,0.0,0.0,20.0,7.0,21.18962010041709,4.0,34.0,1.0,SERIOUS,1
897000198.0,1.0,842012177.0,0.0,,,,,,7.0,5.0,141.0,8.0,13.0,14.0,4.0,2.0,0.0,,0.0,2.0,1.0,1.0,2.0,72.0,129.0,,0.0,0.0,0.0,,,85.0,56.0,42.0,26.0,12.0,0.0,-60.0,155.0,5.0,3.0,340.0,,0.0,,,,4.0,21.0,1.0,SERIOUS,1
897000199.0,1.0,842012179.0,0.0,,,,,,1.0,4.0,144.0,7.0,10.0,14.0,4.0,1.0,0.0,,0.0,2.0,2.0,1.0,2.0,56.0,72.0,,0.0,0.0,0.0,,,7.0,7.0,7.0,7.0,6.0,3.0,0.0,154.0,3.0,1.0,0.0,20.0,0.0,,,,3.0,10.0,1.0,SERIOUS,1
897000200.0,1.0,842012181.0,0.0,32.0,0.0,-32.0,540.0,,6.0,2.0,124.0,1.0,12.0,14.0,4.0,1.0,0.0,,0.0,2.0,2.0,1.0,2.0,89.0,80.0,,0.0,0.0,0.0,,,7.0,21.0,61.0,61.0,21.0,1.0,6.0,142.0,3.0,1.0,0.0,0.0,0.0,0.0,32.0,32.0,3.0,27.0,1.0,SERIOUS,1
897000201.0,1.0,842015623.0,0.0,38.0,-13.0,-36.0,758.0,,83.0,4.0,117.0,1.0,13.0,14.0,4.0,1.0,2.0,6.0,7.0,4.0,1.0,1.0,2.0,89.0,89.0,,2.0,0.0,1.0,,,14.0,24.0,33.0,36.0,36.0,36.0,36.0,146.0,2.0,3.0,20.0,,0.0,13.0,36.0,38.27531841800928,3.0,14.0,1.0,SERIOUS,1
897000202.0,1.0,842015646.0,0.0,29.0,29.0,5.0,794.0,,2.0,4.0,150.0,1.0,5.0,1.0,4.0,3.0,0.0,,0.0,2.0,1.0,2.0,2.0,113.0,105.0,,0.0,0.0,1.0,,,11.0,25.0,37.0,54.0,46.0,25.0,-85.0,133.0,3.0,2.0,260.0,,0.0,29.0,5.0,29.427877939124322,5.0,27.0,1.0,CRITICAL,2
897000190.0,1.0,842015655.0,8.0,,,,,,45.0,14.0,194.0,7.0,60.0,14.0,1.0,1.0,5.0,14.0,6.0,3.0,2.0,2.0,2.0,105.0,113.0,,1.0,0.0,2.0,,,,,,,,,,,4.0,3.0,,,0.0,,,,3.0,14.0,1.0,SERIOUS,1
897000197.0,2.0,842015657.0,0.0,68.0,12.0,-67.0,2688.0,64.0,50.0,4.0,121.0,1.0,10.0,14.0,2.0,1.0,0.0,,0.0,2.0,1.0,1.0,2.0,72.0,64.0,,0.0,0.0,0.0,,,77.0,76.0,77.0,72.0,60.0,55.0,0.0,146.0,4.0,,350.0,,0.0,12.0,67.0,68.06614430096654,4.0,29.0,1.0,SERIOUS,1
897000206.0,1.0,842017398.0,7.0,,,,,,14.0,4.0,152.0,98.0,14.0,1.0,4.0,1.0,0.0,,0.0,2.0,2.0,1.0,2.0,72.0,72.0,,2.0,2.0,0.0,,,6.0,0.0,0.0,0.0,0.0,3.0,-64.0,157.0,3.0,3.0,0.0,0.0,0.0,,,,3.0,14.0,1.0,SERIOUS,1
897000207.0,1.0,842017411.0,0.0,32.0,0.0,-32.0,797.0,39.0,1.0,20.0,188.0,1.0,13.0,1.0,4.0,1.0,0.0,,0.0,2.0,1.0,1.0,2.0,89.0,89.0,,0.0,0.0,0.0,,,0.0,4.0,22.0,41.0,34.0,12.0,13.0,162.0,3.0,1.0,0.0,0.0,0.0,0.0,32.0,32.0,4.0,34.0,1.0,SERIOUS,1
897000226.0,1.0,842019923.0,0.0,45.0,-44.0,-8.0,1332.0,,66.0,1.0,150.0,,10.0,14.0,2.0,4.0,0.0,,0.0,2.0,1.0,1.0,2.0,89.0,121.0,,0.0,0.0,0.0,,,0.0,2.0,47.0,39.0,28.0,7.0,67.0,313.0,3.0,,80.0,,0.0,44.0,8.0,44.721359549995796,3.0,14.0,1.0,SERIOUS,1
897000227.0,1.0,842019929.0,0.0,57.0,0.0,-57.0,1791.0,,1.0,14.0,121.0,1.0,13.0,14.0,4.0,1.0,6.0,7.0,6.0,2.0,2.0,1.0,2.0,89.0,89.0,,0.0,0.0,0.0,,,7.0,25.0,45.0,54.0,47.0,26.0,44.0,148.0,3.0,2.0,0.0,,0.0,0.0,57.0,57.0,3.0,10.0,1.0,SERIOUS,1
897000246.0,1.0,842019939.0,0.0,39.0,0.0,-39.0,1404.0,,1.0,15.0,252.0,6.0,13.0,1.0,4.0,1.0,0.0,,0.0,2.0,1.0,1.0,2.0,0.0,48.0,,0.0,0.0,0.0,,,16.0,25.0,50.0,36.0,18.0,8.0,31.0,182.0,2.0,1.0,0.0,0.0,0.0,0.0,39.0,39.0,3.0,10.0,1.0,SERIOUS,1
897000286.0,1.0,842023677.0,0.0,43.0,0.0,-43.0,1561.0,44.0,6.0,30.0,198.0,8.0,13.0,14.0,4.0,1.0,0.0,,0.0,2.0,1.0,1.0,2.0,89.0,89.0,,0.0,0.0,0.0,,,23.0,48.0,51.0,52.0,25.0,0.0,-29.0,167.0,3.0,,0.0,,0.0,0.0,43.0,43.0,2.0,5.0,1.0,MINOR,0
897000286.0,1.0,842023756.0,0.0,43.0,0.0,-43.0,1561.0,44.0,6.0,30.0,198.0,8.0,13.0,14.0,4.0,1.0,0.0,,0.0,2.0,1.0,1.0,2.0,89.0,89.0,,0.0,0.0,0.0,,,23.0,48.0,51.0,52.0,25.0,0.0,-29.0,167.0,3.0,,0.0,,0.0,0.0,43.0,43.0,5.0,35.0,1.0,CRITICAL,2
897000309.0,1.0,842023857.0,6.0,,,,,,1.0,14.0,149.0,1.0,13.0,14.0,4.0,1.0,0.0,,0.0,2.0,2.0,2.0,2.0,72.0,72.0,,0.0,0.0,0.0,,,,,,,,,,,2.0,1.0,,0.0,0.0,,,,3.0,9.0,1.0,SERIOUS,1
897000311.0,1.0,842023886.0,0.0,36.0,-12.0,-34.0,938.0,,7.0,14.0,179.0,8.0,12.0,14.0,4.0,4.0,3.0,6.0,6.0,2.0,2.0,2.0,2.0,89.0,105.0,,0.0,0.0,0.0,,,16.0,7.0,16.0,38.0,29.0,11.0,34.0,168.0,3.0,2.0,20.0,,0.0,12.0,34.0,36.05551275463989,3.0,10.0,1.0,SERIOUS,1
897000328.0,1.0,842024180.0,0.0,90.0,-16.0,-89.0,6479.0,89.0,51.0,30.0,176.0,8.0,62.0,1.0,1.0,2.0,0.0,,0.0,2.0,1.0,1.0,2.0,89.0,50.0,,0.0,0.0,0.0,,,1.0,81.0,92.0,107.0,121.0,127.0,33.0,161.0,6.0,,10.0,,0.0,16.0,89.0,90.4267659490264,3.0,27.0,1.0,SERIOUS,1
897000329.0,1.0,842024194.0,0.0,33.0,32.0,-6.0,966.0,,89.0,4.0,126.0,1.0,17.0,1.0,1.0,1.0,0.0,,0.0,2.0,1.0,1.0,2.0,0.0,6.0,,2.0,2.0,0.0,,,0.0,30.0,36.0,27.0,10.0,0.0,8.0,294.0,3.0,,280.0,,0.0,32.0,6.0,32.55764119219941,3.0,17.0,1.0,SERIOUS,1
897000355.0,1.0,842024440.0,8.0,,,,,,2.0,4.0,122.0,8.0,13.0,14.0,4.0,4.0,0.0,,0.0,2.0,1.0,1.0,2.0,64.0,64.0,,0.0,6.0,0.0,,,0.0,12.0,6.0,4.0,1.0,0.0,99.0,216.0,5.0,,,,0.0,,,,3.0,14.0,1.0,SERIOUS,1
897000356.0,1.0,842024468.0,7.0,,,,,,45.0,4.0,144.0,1.0,60.0,1.0,1.0,1.0,0.0,,0.0,2.0,1.0,1.0,2.0,105.0,105.0,,0.0,0.0,2.0,,,13.0,10.0,8.0,8.0,9.0,12.0,-57.0,155.0,9.0,1.0,350.0,210.0,0.0,,,,3.0,10.0,1.0,SERIOUS,1
897000356.0,1.0,842024507.0,7.0,,,,,,45.0,4.0,144.0,1.0,60.0,1.0,1.0,1.0,0.0,,0.0,2.0,1.0,1.0,2.0,105.0,105.0,,0.0,0.0,2.0,,,13.0,10.0,8.0,8.0,9.0,12.0,-57.0,155.0,9.0,1.0,350.0,210.0,0.0,,,,4.0,34.0,1.0,SERIOUS,1
897000357.0,1.0,842024521.0,0.0,,,,,,82.0,4.0,114.0,1.0,15.0,11.0,1.0,1.0,0.0,,0.0,2.0,1.0,1.0,2.0,89.0,24.0,,2.0,2.0,0.0,,,0.0,20.0,40.0,38.0,17.0,0.0,-1.0,280.0,3.0,,280.0,,0.0,,,,4.0,48.0,1.0,SERIOUS,1
897000354.0,1.0,842024535.0,8.0,,,,,,6.0,31.0,250.0,1.0,12.0,1.0,4.0,1.0,0.0,,0.0,2.0,1.0,1.0,2.0,89.0,89.0,,0.0,0.0,0.0,,,23.0,8.0,3.0,0.0,0.0,0.0,-78.0,178.0,7.0,1.0,0.0,0.0,0.0,,,,3.0,19.0,1.0,SERIOUS,1
897000353.0,1.0,842024549.0,0.0,,,,,,7.0,4.0,120.0,8.0,13.0,1.0,4.0,2.0,0.0,,0.0,2.0,1.0,1.0,2.0,89.0,89.0,,0.0,0.0,0.0,,,9.0,22.0,28.0,22.0,15.0,1.0,0.0,151.0,2.0,1.0,0.0,0.0,0.0,,,,5.0,33.0,1.0,CRITICAL,2
897000352.0,1.0,842024563.0,0.0,,,,,,51.0,30.0,196.0,7.0,62.0,1.0,1.0,1.0,0.0,,0.0,2.0,1.0,1.0,2.0,56.0,40.0,,0.0,0.0,0.0,,,55.0,46.0,26.0,12.0,4.0,0.0,-60.0,184.0,3.0,,340.0,,0.0,,,,4.0,17.0,1.0,SERIOUS,1
897000351.0,1.0,842024580.0,0.0,31.0,-31.0,0.0,677.0,,7.0,30.0,150.0,8.0,12.0,1.0,4.0,4.0,0.0,,0.0,3.0,1.0,2.0,2.0,113.0,113.0,,0.0,0.0,1.0,,,8.0,16.0,10.0,31.0,35.0,0.0,-26.0,253.0,3.0,,90.0,90.0,0.0,31.0,0.0,31.0,4.0,34.0,1.0,SERIOUS,1
897000349.0,2.0,842024594.0,0.0,33.0,-29.0,-17.0,605.0,,64.0,4.0,114.0,1.0,10.0,1.0,2.0,1.0,0.0,,0.0,2.0,1.0,1.0,2.0,80.0,80.0,,0.0,0.0,0.0,,,0.0,6.0,13.0,14.0,26.0,29.0,149.0,222.0,2.0,6.0,60.0,350.0,0.0,29.0,17.0,33.61547262794322,4.0,36.0,1.0,SERIOUS,1
897000350.0,1.0,842024608.0,0.0,35.0,35.0,-6.0,573.0,,82.0,6.0,151.0,1.0,15.0,11.0,1.0,1.0,0.0,,0.0,2.0,1.0,1.0,2.0,72.0,16.0,,2.0,0.0,0.0,,,0.0,10.0,24.0,12.0,6.0,0.0,-51.0,232.0,2.0,1.0,280.0,170.0,0.0,35.0,6.0,35.510561809129406,4.0,17.0,1.0,SERIOUS,1
897000349.0,1.0,842024622.0,0.0,30.0,10.0,-28.0,632.0,,98.0,5.0,107.0,9.0,62.0,1.0,4.0,2.0,0.0,,0.0,2.0,1.0,1.0,2.0,80.0,80.0,,0.0,0.0,0.0,,,21.0,26.0,41.0,26.0,23.0,20.0,0.0,144.0,3.0,1.0,340.0,270.0,0.0,10.0,28.0,29.732137494637012,3.0,22.0,1.0,SERIOUS,1
897000348.0,1.0,842024639.0,0.0,36.0,0.0,-36.0,760.0,,28.0,4.0,150.0,8.0,52.0,14.0,1.0,2.0,0.0,,0.0,3.0,1.0,1.0,2.0,113.0,113.0,,0.0,0.0,1.0,,,0.0,5.0,21.0,43.0,28.0,21.0,42.0,152.0,5.0,,0.0,,1.0,0.0,36.0,36.0,3.0,22.0,1.0,SERIOUS,1
897000331.0,1.0,842024653.0,7.0,,,,,,7.0,2.0,114.0,8.0,13.0,14.0,4.0,4.0,2.0,6.0,6.0,2.0,2.0,1.0,2.0,72.0,70.0,,0.0,0.0,0.0,,,0.0,0.0,14.0,20.0,5.0,0.0,16.0,190.0,2.0,3.0,,,0.0,,,,4.0,26.0,1.0,SERIOUS,1
897000331.0,1.0,842024667.0,7.0,,,,,,7.0,2.0,114.0,8.0,13.0,14.0,4.0,4.0,2.0,6.0,6.0,2.0,2.0,1.0,2.0,72.0,70.0,,0.0,0.0,0.0,,,0.0,0.0,14.0,20.0,5.0,0.0,16.0,190.0,2.0,3.0,,,0.0,,,,3.0,14.0,1.0,SERIOUS,1
897000330.0,1.0,842024681.0,0.0,,,,,,1.0,31.0,264.0,1.0,13.0,14.0,4.0,1.0,2.0,10.0,6.0,2.0,2.0,1.0,2.0,89.0,55.0,,0.0,0.0,0.0,,,0.0,0.0,0.0,1.0,9.0,21.0,46.0,178.0,1.0,3.0,0.0,,0.0,,,,2.0,9.0,1.0,MINOR,0
897000330.0,1.0,842024695.0,0.0,,,,,,1.0,31.0,264.0,1.0,13.0,14.0,4.0,1.0,2.0,10.0,6.0,2.0,2.0,1.0,2.0,89.0,55.0,,0.0,0.0,0.0,,,0.0,0.0,0.0,1.0,9.0,21.0,46.0,178.0,1.0,3.0,0.0,,0.0,,,,2.0,5.0,1.0,MINOR,0
897000371.0,1.0,842026944.0,6.0,,,,,,1.0,20.0,198.0,1.0,13.0,14.0,4.0,,0.0,,0.0,2.0,1.0,1.0,2.0,72.0,72.0,,0.0,0.0,0.0,,,,,,,,,,,2.0,1.0,,0.0,0.0,,,,3.0,11.0,1.0,SERIOUS,1
852003252.0,1.0,852114371.0,0.0,18.0,16.0,-9.0,539.0,,89.0,14.0,214.0,1.0,17.0,1.0,1.0,1.0,2.0,0.0,7.0,2.0,1.0,1.0,2.0,40.0,,0.0,2.0,2.0,0.0,1.0,0.0,16.0,44.0,36.0,12.0,15.0,4.0,54.0,175.0,3.0,3.0,300.0,,0.0,16.0,9.0,18.35755975068582,3.0,14.0,1.0,SERIOUS,1
852003252.0,1.0,852114382.0,0.0,18.0,16.0,-9.0,539.0,,89.0,14.0,214.0,1.0,17.0,1.0,1.0,1.0,2.0,0.0,7.0,2.0,1.0,1.0,2.0,40.0,,0.0,2.0,2.0,0.0,1.0,0.0,16.0,44.0,36.0,12.0,15.0,4.0,54.0,175.0,3.0,3.0,300.0,,0.0,16.0,9.0,18.35755975068582,1.0,1.0,1.0,MINOR,0
852003272.0,1.0,852114405.0,0.0,47.0,8.0,-46.0,1231.0,,8.0,3.0,136.0,8.0,51.0,15.0,4.0,,0.0,,0.0,3.0,3.0,1.0,2.0,97.0,,0.0,0.0,0.0,2.0,6.0,1.0,46.0,48.0,48.0,43.0,36.0,28.0,0.0,145.0,3.0,,350.0,,0.0,8.0,46.0,46.69047011971501,4.0,34.0,1.0,SERIOUS,1
852003273.0,1.0,852114764.0,0.0,51.0,48.0,17.0,1222.0,,2.0,4.0,108.0,1.0,6.0,14.0,4.0,7.0,0.0,,0.0,2.0,1.0,1.0,2.0,40.0,,0.0,0.0,6.0,0.0,1.0,0.0,13.0,32.0,52.0,56.0,38.0,22.0,32.0,180.0,4.0,,250.0,250.0,0.0,48.0,17.0,50.92150822589606,3.0,17.0,1.0,SERIOUS,1
852003276.0,1.0,852114765.0,0.0,,,,,,69.0,4.0,107.0,1.0,62.0,1.0,1.0,1.0,0.0,,0.0,2.0,1.0,1.0,2.0,56.0,,0.0,3.0,0.0,0.0,6.0,0.0,44.0,33.0,17.0,9.0,3.0,0.0,-38.0,145.0,7.0,1.0,350.0,90.0,0.0,,,,2.0,6.0,1.0,MINOR,0
852003274.0,1.0,852114776.0,0.0,,,,,,82.0,4.0,112.0,10.0,15.0,11.0,1.0,1.0,0.0,,0.0,2.0,1.0,1.0,2.0,48.0,,0.0,2.0,2.0,0.0,6.0,0.0,8.0,14.0,18.0,9.0,4.0,0.0,0.0,140.0,1.0,2.0,0.0,300.0,0.0,,,,3.0,10.0,1.0,SERIOUS,1
852003275.0,1.0,852114777.0,0.0,27.0,0.0,-27.0,268.0,,50.0,4.0,106.0,1.0,10.0,1.0,2.0,1.0,0.0,,0.0,4.0,3.0,1.0,2.0,56.0,,0.0,2.0,1.0,0.0,6.0,0.0,13.0,14.0,18.0,15.0,3.0,0.0,-36.0,150.0,1.0,,0.0,,0.0,0.0,27.0,27.0,3.0,22.0,1.0,SERIOUS,1
852003292.0,1.0,852114778.0,0.0,15.0,-14.0,-5.0,330.0,,87.0,20.0,183.0,1.0,17.0,1.0,1.0,1.0,1.0,0.0,7.0,2.0,3.0,1.0,2.0,64.0,,0.0,2.0,2.0,0.0,1.0,1.0,0.0,14.0,18.0,17.0,8.0,0.0,-33.0,275.0,2.0,2.0,70.0,,0.0,14.0,5.0,14.866068747318506,3.0,18.0,1.0,SERIOUS,1
852003293.0,1.0,852115718.0,0.0,30.0,19.0,-23.0,476.0,,7.0,3.0,102.0,1.0,6.0,1.0,4.0,7.0,0.0,,0.0,2.0,1.0,1.0,2.0,56.0,,0.0,0.0,0.0,0.0,1.0,1.0,0.0,20.0,19.0,23.0,19.0,1.0,-26.0,237.0,2.0,2.0,320.0,30.0,0.0,19.0,23.0,29.832867780352597,4.0,29.0,1.0,SERIOUS,1
852003332.0,1.0,852115719.0,0.0,,,,,,98.0,4.0,151.0,4.0,62.0,1.0,1.0,,0.0,,0.0,2.0,1.0,1.0,2.0,113.0,,0.0,0.0,0.0,2.0,6.0,0.0,19.0,46.0,61.0,52.0,40.0,32.0,0.0,160.0,3.0,,340.0,,0.0,,,,3.0,19.0,1.0,SERIOUS,1
852003332.0,1.0,852115720.0,0.0,,,,,,98.0,4.0,151.0,4.0,62.0,1.0,1.0,,0.0,,0.0,2.0,1.0,1.0,2.0,113.0,,0.0,0.0,0.0,2.0,6.0,0.0,19.0,46.0,61.0,52.0,40.0,32.0,0.0,160.0,3.0,,340.0,,0.0,,,,4.0,34.0,1.0,SERIOUS,1
852003312.0,1.0,852115721.0,0.0,50.0,0.0,-50.0,623.0,,28.0,4.0,90.0,2.0,53.0,2.0,1.0,1.0,0.0,,0.0,2.0,1.0,1.0,2.0,89.0,,0.0,0.0,0.0,0.0,6.0,0.0,35.0,39.0,34.0,31.0,22.0,10.0,-2.0,140.0,2.0,,0.0,,0.0,0.0,50.0,50.0,3.0,10.0,1.0,SERIOUS,1
852003354.0,1.0,852116370.0,7.0,,,,,,1.0,4.0,129.0,,13.0,,,,1.0,0.0,4.0,4.0,3.0,1.0,1.0,97.0,,0.0,0.0,0.0,2.0,6.0,1.0,,,,,,,,,2.0,5.0,,0.0,0.0,,,,4.0,29.0,1.0,SERIOUS,1
852003352.0,1.0,852116371.0,0.0,32.0,25.0,-21.0,455.0,,82.0,6.0,106.0,1.0,66.0,11.0,1.0,1.0,0.0,,0.0,5.0,1.0,1.0,2.0,56.0,,0.0,2.0,1.0,0.0,6.0,0.0,0.0,13.0,21.0,34.0,27.0,0.0,-88.0,190.0,3.0,,310.0,,0.0,25.0,21.0,32.64965543462902,4.0,29.0,1.0,SERIOUS,1
852003353.0,1.0,852116373.0,0.0,37.0,19.0,-32.0,927.0,,65.0,4.0,118.0,,62.0,1.0,1.0,,0.0,,0.0,5.0,3.0,1.0,2.0,80.0,,0.0,0.0,0.0,0.0,0.0,0.0,0.0,18.0,32.0,22.0,15.0,0.0,8.0,401.0,2.0,,330.0,,0.0,19.0,32.0,37.21558813185679,3.0,18.0,1.0,SERIOUS,1
852003355.0,1.0,852116374.0,0.0,,,,,,3.0,4.0,151.0,9.0,60.0,1.0,4.0,2.0,6.0,0.0,2.0,5.0,3.0,1.0,2.0,97.0,,0.0,1.0,0.0,2.0,6.0,0.0,20.0,15.0,16.0,12.0,5.0,0.0,-48.0,150.0,1.0,3.0,340.0,,0.0,,,,3.0,10.0,1.0,SERIOUS,1
852003372.0,1.0,852117114.0,0.0,16.0,14.0,-8.0,286.0,,89.0,30.0,143.0,1.0,66.0,1.0,1.0,1.0,8.0,0.0,7.0,2.0,1.0,1.0,2.0,80.0,,0.0,2.0,0.0,0.0,1.0,0.0,0.0,9.0,15.0,19.0,14.0,6.0,-15.0,230.0,2.0,3.0,300.0,,0.0,14.0,8.0,16.1245154965971,4.0,26.0,1.0,SERIOUS,1
852003373.0,1.0,852117115.0,0.0,87.0,0.0,-87.0,3381.0,,51.0,3.0,108.0,1.0,62.0,1.0,1.0,1.0,0.0,,0.0,2.0,1.0,1.0,2.0,80.0,,0.0,0.0,0.0,0.0,6.0,7.0,112.0,104.0,95.0,77.0,43.0,12.0,-27.0,145.0,5.0,2.0,0.0,,0.0,0.0,87.0,87.0,4.0,29.0,1.0,SERIOUS,1
852003374.0,1.0,852117116.0,6.0,,,,,,2.0,1.0,148.0,1.0,8.0,1.0,4.0,7.0,2.0,0.0,1.0,2.0,2.0,1.0,2.0,97.0,,0.0,0.0,0.0,0.0,1.0,7.0,,,,,,,,,3.0,2.0,,,0.0,,,,4.0,21.0,1.0,SERIOUS,1
852003392.0,1.0,852117869.0,0.0,,,,,,65.0,4.0,116.0,1.0,62.0,14.0,1.0,1.0,0.0,,0.0,2.0,2.0,2.0,2.0,89.0,,1.0,0.0,6.0,0.0,6.0,0.0,47.0,60.0,51.0,34.0,16.0,0.0,0.0,135.0,3.0,2.0,350.0,280.0,0.0,,,,3.0,11.0,1.0,SERIOUS,1
852003392.0,1.0,852117870.0,0.0,,,,,,65.0,4.0,116.0,1.0,62.0,14.0,1.0,1.0,0.0,,0.0,2.0,2.0,2.0,2.0,89.0,,1.0,0.0,6.0,0.0,6.0,0.0,47.0,60.0,51.0,34.0,16.0,0.0,0.0,135.0,3.0,2.0,350.0,280.0,0.0,,,,3.0,14.0,1.0,SERIOUS,1
852003392.0,1.0,852117871.0,0.0,,,,,,65.0,4.0,116.0,1.0,62.0,14.0,1.0,1.0,0.0,,0.0,2.0,2.0,2.0,2.0,89.0,,1.0,0.0,6.0,0.0,6.0,0.0,47.0,60.0,51.0,34.0,16.0,0.0,0.0,135.0,3.0,2.0,350.0,280.0,0.0,,,,5.0,26.0,1.0,CRITICAL,2
852003393.0,1.0,852117940.0,7.0,,,,,,20.0,4.0,166.0,2.0,50.0,2.0,1.0,1.0,0.0,,0.0,4.0,3.0,1.0,2.0,56.0,,0.0,2.0,0.0,0.0,6.0,7.0,61.0,56.0,41.0,26.0,10.0,0.0,-31.0,145.0,,,0.0,0.0,0.0,,,,3.0,10.0,1.0,SERIOUS,1
852003393.0,1.0,852117941.0,7.0,,,,,,20.0,4.0,166.0,2.0,50.0,2.0,1.0,1.0,0.0,,0.0,4.0,3.0,1.0,2.0,56.0,,0.0,2.0,0.0,0.0,6.0,7.0,61.0,56.0,41.0,26.0,10.0,0.0,-31.0,145.0,,,0.0,0.0,0.0,,,,4.0,26.0,2.0,SERIOUS,1
852003394.0,1.0,852118757.0,0.0,64.0,0.0,-64.0,5809.0,,52.0,31.0,267.0,1.0,63.0,1.0,1.0,1.0,0.0,,0.0,3.0,2.0,2.0,1.0,113.0,,0.0,0.0,0.0,2.0,6.0,0.0,101.0,103.0,106.0,99.0,57.0,26.0,-22.0,175.0,5.0,,0.0,,0.0,0.0,64.0,64.0,2.0,6.0,1.0,MINOR,0
852003435.0,1.0,852118973.0,0.0,42.0,36.0,-21.0,1043.0,,82.0,3.0,111.0,1.0,15.0,11.0,1.0,1.0,0.0,,0.0,3.0,1.0,2.0,2.0,56.0,,1.0,2.0,2.0,0.0,,,0.0,32.0,38.0,39.0,20.0,0.0,-2.0,252.0,2.0,1.0,300.0,100.0,0.0,36.0,21.0,41.677331968349414,3.0,14.0,1.0,SERIOUS,1
852003437.0,1.0,852119041.0,8.0,,,,,,2.0,30.0,166.0,1.0,5.0,16.0,4.0,7.0,12.0,43.0,1.0,1.0,3.0,4.0,1.0,89.0,,1.0,1.0,0.0,3.0,,,,,,,,,,,4.0,6.0,,,0.0,,,,3.0,14.0,1.0,SERIOUS,1
852003452.0,1.0,852119828.0,0.0,25.0,-12.0,-22.0,310.0,,68.0,14.0,152.0,1.0,63.0,11.0,1.0,1.0,0.0,,0.0,3.0,3.0,2.0,2.0,56.0,,0.0,2.0,1.0,0.0,,,0.0,3.0,11.0,19.0,20.0,30.0,28.0,140.0,2.0,2.0,30.0,60.0,0.0,12.0,22.0,25.059928172283335,3.0,10.0,1.0,SERIOUS,1
852003472.0,1.0,852119835.0,0.0,43.0,0.0,-43.0,185.0,,52.0,4.0,145.0,6.0,62.0,1.0,3.0,1.0,0.0,,0.0,5.0,3.0,2.0,1.0,97.0,,1.0,0.0,0.0,2.0,,,0.0,3.0,3.0,4.0,6.0,36.0,58.0,140.0,9.0,5.0,0.0,290.0,0.0,0.0,43.0,43.0,3.0,14.0,1.0,SERIOUS,1
852003492.0,1.0,852120363.0,8.0,,,,,,7.0,6.0,174.0,4.0,6.0,14.0,4.0,2.0,0.0,,0.0,2.0,2.0,1.0,2.0,64.0,,0.0,0.0,0.0,0.0,,,,,,,,,,,7.0,,0.0,,0.0,,,,3.0,22.0,1.0,SERIOUS,1
852003492.0,1.0,852120364.0,8.0,,,,,,7.0,6.0,174.0,4.0,6.0,14.0,4.0,2.0,0.0,,0.0,2.0,2.0,1.0,2.0,64.0,,0.0,0.0,0.0,0.0,,,,,,,,,,,7.0,,0.0,,0.0,,,,3.0,14.0,1.0,SERIOUS,1
852003492.0,1.0,852120365.0,8.0,,,,,,7.0,6.0,174.0,4.0,6.0,14.0,4.0,2.0,0.0,,0.0,2.0,2.0,1.0,2.0,64.0,,0.0,0.0,0.0,0.0,,,,,,,,,,,7.0,,0.0,,0.0,,,,3.0,10.0,1.0,SERIOUS,1
852003512.0,1.0,852121071.0,0.0,56.0,10.0,-55.0,1755.0,,51.0,20.0,179.0,1.0,62.0,14.0,1.0,1.0,0.0,,0.0,5.0,3.0,1.0,2.0,72.0,,0.0,0.0,0.0,0.0,,,0.0,9.0,27.0,48.0,67.0,78.0,16.0,150.0,5.0,,350.0,,0.0,10.0,55.0,55.90169943749474,3.0,19.0,1.0,SERIOUS,1
852003512.0,1.0,852121073.0,0.0,56.0,10.0,-55.0,1755.0,,51.0,20.0,179.0,1.0,62.0,14.0,1.0,1.0,0.0,,0.0,5.0,3.0,1.0,2.0,72.0,,0.0,0.0,0.0,0.0,,,0.0,9.0,27.0,48.0,67.0,78.0,16.0,150.0,5.0,,350.0,,0.0,10.0,55.0,55.90169943749474,3.0,10.0,1.0,SERIOUS,1
852003513.0,1.0,852121074.0,7.0,,,,,,7.0,4.0,141.0,1.0,6.0,14.0,4.0,7.0,12.0,34.0,1.0,2.0,2.0,1.0,2.0,113.0,,0.0,0.0,0.0,1.0,,,,,,,,,,,3.0,,,,0.0,,,,3.0,19.0,1.0,SERIOUS,1
852003532.0,1.0,852121171.0,0.0,47.0,47.0,0.0,974.0,,2.0,1.0,100.0,1.0,6.0,14.0,4.0,7.0,0.0,,0.0,2.0,1.0,1.0,2.0,56.0,,0.0,0.0,0.0,0.0,,,12.0,31.0,54.0,60.0,37.0,15.0,38.0,125.0,4.0,,270.0,270.0,0.0,47.0,0.0,47.0,4.0,34.0,1.0,SERIOUS,1
852003552.0,1.0,852121588.0,0.0,,,,,,82.0,4.0,121.0,1.0,15.0,11.0,1.0,1.0,0.0,,0.0,2.0,1.0,2.0,2.0,89.0,,0.0,2.0,2.0,0.0,,,0.0,19.0,51.0,58.0,35.0,5.0,-14.0,230.0,4.0,1.0,280.0,200.0,0.0,,,,4.0,48.0,1.0,SERIOUS,1
852003553.0,1.0,852121589.0,0.0,51.0,50.0,-9.0,1746.0,,82.0,4.0,146.0,1.0,15.0,11.0,1.0,1.0,0.0,,0.0,2.0,1.0,2.0,2.0,40.0,,1.0,2.0,2.0,0.0,,,6.0,49.0,62.0,64.0,38.0,4.0,-52.0,204.0,4.0,1.0,280.0,260.0,0.0,50.0,9.0,50.80354318352215,5.0,57.0,1.0,CRITICAL,2
852003572.0,1.0,852121608.0,0.0,21.0,16.0,-13.0,292.0,,6.0,30.0,167.0,1.0,12.0,1.0,4.0,1.0,0.0,,0.0,2.0,1.0,1.0,2.0,40.0,,0.0,2.0,2.0,0.0,,,0.0,32.0,19.0,10.0,4.0,0.0,83.0,190.0,3.0,1.0,310.0,0.0,0.0,16.0,13.0,20.615528128088304,3.0,17.0,1.0,SERIOUS,1
852003573.0,1.0,852121609.0,7.0,,,,,,6.0,2.0,128.0,1.0,12.0,14.0,4.0,1.0,12.0,40.0,1.0,2.0,1.0,1.0,2.0,113.0,,0.0,0.0,0.0,1.0,,,,,,,,,,,3.0,,,,0.0,,,,4.0,29.0,1.0,SERIOUS,1
852003592.0,1.0,852122287.0,0.0,48.0,0.0,-48.0,1432.0,,3.0,3.0,136.0,9.0,50.0,1.0,4.0,2.0,0.0,,0.0,2.0,1.0,1.0,2.0,89.0,,0.0,2.0,0.0,0.0,,,81.0,73.0,52.0,33.0,16.0,0.0,-40.0,140.0,4.0,,0.0,,0.0,0.0,48.0,48.0,3.0,14.0,1.0,SERIOUS,1
852003592.0,1.0,852122288.0,0.0,48.0,0.0,-48.0,1432.0,,3.0,3.0,136.0,9.0,50.0,1.0,4.0,2.0,0.0,,0.0,2.0,1.0,1.0,2.0,89.0,,0.0,2.0,0.0,0.0,,,81.0,73.0,52.0,33.0,16.0,0.0,-40.0,140.0,4.0,,0.0,,0.0,0.0,48.0,48.0,6.0,75.0,2.0,CRITICAL,2
852003593.0,1.0,852122289.0,7.0,,,,,,1.0,4.0,125.0,1.0,13.0,16.0,4.0,1.0,0.0,,0.0,1.0,1.0,1.0,2.0,97.0,,0.0,1.0,0.0,3.0,,,,,,,,,,,8.0,1.0,350.0,0.0,0.0,,,,5.0,43.0,1.0,CRITICAL,2
852003594.0,1.0,852122290.0,8.0,,,,,,2.0,3.0,126.0,,6.0,14.0,4.0,,7.0,33.0,1.0,2.0,1.0,1.0,2.0,80.0,,0.0,0.0,0.0,0.0,,,,,,,,,,,4.0,4.0,,,0.0,,,,3.0,19.0,1.0,SERIOUS,1
852003612.0,1.0,852124347.0,7.0,,,,,,50.0,17.0,108.0,1.0,10.0,14.0,2.0,1.0,0.0,,0.0,2.0,1.0,2.0,2.0,80.0,,0.0,0.0,0.0,0.0,,,31.0,22.0,17.0,10.0,2.0,0.0,-48.0,130.0,8.0,1.0,0.0,0.0,0.0,,,,5.0,38.0,1.0,CRITICAL,2
852003632.0,1.0,852124348.0,8.0,,,,,,3.0,16.0,241.0,7.0,50.0,1.0,4.0,4.0,4.0,49.0,3.0,2.0,1.0,1.0,2.0,89.0,,0.0,2.0,0.0,0.0,,,,,,,,,,,4.0,,,,0.0,,,,3.0,9.0,1.0,SERIOUS,1
852003632.0,1.0,852124349.0,8.0,,,,,,3.0,16.0,241.0,7.0,50.0,1.0,4.0,4.0,4.0,49.0,3.0,2.0,1.0,1.0,2.0,89.0,,0.0,2.0,0.0,0.0,,,,,,,,,,,4.0,,,,0.0,,,,4.0,29.0,1.0,SERIOUS,1
852003633.0,1.0,852124350.0,8.0,,,,,,51.0,31.0,199.0,1.0,62.0,1.0,1.0,1.0,6.0,43.0,1.0,3.0,1.0,1.0,2.0,97.0,,0.0,0.0,0.0,0.0,,,36.0,4.0,2.0,0.0,0.0,0.0,-73.0,170.0,9.0,4.0,0.0,,0.0,,,,2.0,9.0,1.0,MINOR,0
852003652.0,1.0,852124951.0,0.0,56.0,0.0,-56.0,2453.0,,6.0,14.0,161.0,,12.0,14.0,4.0,1.0,0.0,,0.0,3.0,1.0,1.0,2.0,72.0,,0.0,0.0,0.0,0.0,,,83.0,72.0,64.0,49.0,22.0,0.0,-57.0,150.0,4.0,,0.0,0.0,0.0,0.0,56.0,56.0,3.0,10.0,1.0,SERIOUS,1
852003653.0,1.0,852124952.0,0.0,,,,,,87.0,4.0,157.0,1.0,17.0,1.0,1.0,1.0,0.0,,0.0,2.0,1.0,1.0,2.0,80.0,,0.0,2.0,2.0,0.0,,,0.0,1.0,7.0,14.0,21.0,30.0,0.0,150.0,2.0,2.0,0.0,70.0,0.0,,,,5.0,30.0,1.0,CRITICAL,2
852003654.0,1.0,852124953.0,7.0,,,,,,1.0,4.0,124.0,1.0,13.0,1.0,4.0,1.0,6.0,24.0,2.0,2.0,4.0,1.0,2.0,72.0,,0.0,0.0,0.0,0.0,,,,,,,,,,,2.0,3.0,0.0,0.0,0.0,,,,3.0,14.0,1.0,SERIOUS,1
852003672.0,1.0,852125378.0,0.0,42.0,-7.0,-41.0,332.0,,88.0,4.0,107.0,1.0,17.0,1.0,1.0,1.0,0.0,,0.0,3.0,1.0,1.0,2.0,48.0,,0.0,2.0,1.0,0.0,,,0.0,2.0,9.0,16.0,22.0,45.0,57.0,140.0,8.0,,10.0,,0.0,7.0,41.0,41.593268686170845,3.0,22.0,2.0,SERIOUS,1
852003672.0,1.0,852125379.0,0.0,42.0,-7.0,-41.0,332.0,,88.0,4.0,107.0,1.0,17.0,1.0,1.0,1.0,0.0,,0.0,3.0,1.0,1.0,2.0,48.0,,0.0,2.0,1.0,0.0,,,0.0,2.0,9.0,16.0,22.0,45.0,57.0,140.0,8.0,,10.0,,0.0,7.0,41.0,41.593268686170845,3.0,19.0,1.0,SERIOUS,1
852003692.0,1.0,852126187.0,0.0,,,,,,89.0,5.0,111.0,1.0,17.0,1.0,1.0,1.0,0.0,,0.0,4.0,1.0,1.0,2.0,48.0,,0.0,2.0,1.0,1.0,,,5.0,14.0,7.0,20.0,16.0,2.0,75.0,193.0,2.0,,280.0,,0.0,,,,3.0,22.0,1.0,SERIOUS,1
852003693.0,1.0,852126188.0,0.0,21.0,4.0,-21.0,500.0,,55.0,4.0,170.0,1.0,62.0,1.0,1.0,1.0,0.0,,0.0,2.0,2.0,1.0,2.0,56.0,,0.0,2.0,0.0,0.0,,,12.0,38.0,32.0,20.0,16.0,2.0,-26.0,150.0,2.0,1.0,350.0,0.0,0.0,4.0,21.0,21.37755832643195,2.0,5.0,1.0,MINOR,0
852003693.0,1.0,852126190.0,0.0,21.0,4.0,-21.0,500.0,,55.0,4.0,170.0,1.0,62.0,1.0,1.0,1.0,0.0,,0.0,2.0,2.0,1.0,2.0,56.0,,0.0,2.0,0.0,0.0,,,12.0,38.0,32.0,20.0,16.0,2.0,-26.0,150.0,2.0,1.0,350.0,0.0,0.0,4.0,21.0,21.37755832643195,4.0,29.0,2.0,SERIOUS,1
852003694.0,1.0,852126191.0,0.0,38.0,0.0,-38.0,494.0,,28.0,5.0,131.0,4.0,52.0,1.0,1.0,2.0,0.0,,0.0,4.0,1.0,1.0,2.0,97.0,,0.0,1.0,0.0,2.0,,,20.0,21.0,25.0,25.0,23.0,24.0,0.0,135.0,3.0,,0.0,,0.0,0.0,38.0,38.0,3.0,14.0,1.0,SERIOUS,1
852003695.0,1.0,852126192.0,8.0,,,,,,6.0,21.0,247.0,7.0,12.0,1.0,4.0,4.0,4.0,46.0,1.0,2.0,1.0,1.0,2.0,113.0,,0.0,0.0,0.0,2.0,,,,,,,,,,,4.0,,,,0.0,,,,3.0,10.0,1.0,SERIOUS,1
852003712.0,1.0,852127790.0,0.0,32.0,6.0,-32.0,411.0,,59.0,4.0,111.0,2.0,62.0,1.0,1.0,1.0,0.0,,0.0,2.0,1.0,1.0,2.0,80.0,,0.0,0.0,0.0,0.0,,,49.0,34.0,14.0,9.0,3.0,0.0,-49.0,138.0,5.0,1.0,350.0,100.0,0.0,6.0,32.0,32.55764119219941,3.0,10.0,1.0,SERIOUS,1
852003713.0,1.0,852127791.0,0.0,,,,,,1.0,4.0,127.0,1.0,13.0,1.0,4.0,1.0,0.0,,0.0,2.0,2.0,1.0,1.0,113.0,,0.0,0.0,0.0,2.0,,,13.0,9.0,4.0,1.0,0.0,2.0,-38.0,136.0,6.0,9.0,350.0,0.0,0.0,,,,3.0,27.0,1.0,SERIOUS,1
852003714.0,1.0,852127792.0,0.0,96.0,0.0,-96.0,3394.0,,51.0,3.0,111.0,2.0,62.0,14.0,1.0,1.0,0.0,,0.0,2.0,1.0,1.0,2.0,56.0,,0.0,0.0,5.0,0.0,,,84.0,89.0,87.0,82.0,79.0,70.0,0.0,140.0,6.0,,0.0,,0.0,0.0,96.0,96.0,5.0,57.0,2.0,CRITICAL,2
852003715.0,1.0,852127793.0,0.0,38.0,7.0,-37.0,556.0,,69.0,2.0,119.0,1.0,62.0,1.0,1.0,1.0,0.0,,0.0,5.0,3.0,1.0,2.0,64.0,,0.0,2.0,1.0,0.0,,,40.0,33.0,32.0,25.0,26.0,21.0,-5.0,130.0,3.0,,350.0,,0.0,7.0,37.0,37.656340767525464,3.0,10.0,1.0,SERIOUS,1
852003732.0,1.0,852128713.0,8.0,,,,,,1.0,30.0,129.0,1.0,13.0,1.0,4.0,1.0,2.0,18.0,4.0,2.0,2.0,1.0,2.0,56.0,,0.0,0.0,0.0,0.0,,,,,,,,,,,5.0,1.0,,0.0,0.0,,,,5.0,26.0,1.0,CRITICAL,2
852003733.0,1.0,852128714.0,6.0,,,,,,1.0,15.0,224.0,,13.0,1.0,4.0,1.0,0.0,,0.0,2.0,2.0,1.0,2.0,80.0,,0.0,0.0,0.0,0.0,,,,,,,,,16.0,325.0,3.0,9.0,10.0,0.0,0.0,,,,4.0,29.0,1.0,SERIOUS,1
852003734.0,1.0,852128715.0,8.0,,,,,,50.0,4.0,157.0,1.0,10.0,1.0,2.0,1.0,0.0,,0.0,2.0,1.0,3.0,2.0,97.0,,0.0,0.0,0.0,0.0,,,12.0,8.0,8.0,5.0,1.0,0.0,-53.0,140.0,9.0,,10.0,,0.0,,,,3.0,19.0,1.0,SERIOUS,1
852003752.0,1.0,852129167.0,8.0,,,,,,6.0,30.0,147.0,7.0,12.0,14.0,4.0,,8.0,,1.0,1.0,2.0,1.0,2.0,113.0,,0.0,1.0,0.0,3.0,,,,,,,,,,,4.0,,,,0.0,,,,4.0,21.0,1.0,SERIOUS,1
852003772.0,1.0,852130596.0,0.0,35.0,33.0,-12.0,1054.0,,89.0,14.0,149.0,1.0,17.0,1.0,1.0,1.0,0.0,,0.0,2.0,1.0,1.0,2.0,80.0,,0.0,2.0,2.0,0.0,,,0.0,23.0,45.0,42.0,16.0,5.0,70.0,275.0,3.0,5.0,290.0,190.0,0.0,33.0,12.0,35.11409973215888,4.0,41.0,1.0,SERIOUS,1
852003773.0,1.0,852130600.0,6.0,,,,,,7.0,4.0,156.0,1.0,5.0,1.0,4.0,7.0,2.0,12.0,1.0,3.0,1.0,5.0,2.0,80.0,,0.0,0.0,0.0,0.0,,,,,,,,,,,2.0,,,,0.0,,,,3.0,19.0,1.0,SERIOUS,1
852003774.0,1.0,852130603.0,0.0,50.0,-9.0,-49.0,1284.0,,51.0,2.0,112.0,1.0,62.0,1.0,1.0,1.0,0.0,,0.0,2.0,2.0,1.0,2.0,64.0,,0.0,0.0,0.0,0.0,,,107.0,62.0,48.0,33.0,20.0,11.0,-43.0,140.0,5.0,,10.0,,0.0,9.0,49.0,49.8196748283246,3.0,14.0,1.0,SERIOUS,1
852003775.0,1.0,852130605.0,0.0,23.0,0.0,-23.0,271.0,,51.0,3.0,146.0,1.0,62.0,1.0,1.0,1.0,0.0,,0.0,5.0,3.0,2.0,2.0,72.0,,1.0,0.0,0.0,0.0,,,21.0,25.0,24.0,18.0,11.0,0.0,-33.0,130.0,3.0,,0.0,,0.0,0.0,23.0,23.0,3.0,14.0,1.0,SERIOUS,1
852003792.0,1.0,852131334.0,0.0,,,,,,20.0,4.0,133.0,4.0,50.0,1.0,1.0,,0.0,,0.0,3.0,2.0,2.0,2.0,97.0,,,0.0,0.0,3.0,,,23.0,23.0,24.0,22.0,24.0,24.0,0.0,140.0,2.0,,0.0,,0.0,,,,3.0,10.0,1.0,SERIOUS,1
852003793.0,1.0,852131339.0,0.0,59.0,0.0,-59.0,2016.0,,52.0,30.0,156.0,4.0,63.0,1.0,1.0,,0.0,,0.0,3.0,3.0,2.0,2.0,80.0,,,0.0,0.0,2.0,,,0.0,28.0,68.0,96.0,96.0,96.0,10.0,140.0,4.0,2.0,0.0,270.0,0.0,0.0,59.0,59.0,3.0,10.0,1.0,SERIOUS,1
852003793.0,1.0,852131341.0,0.0,59.0,0.0,-59.0,2016.0,,52.0,30.0,156.0,4.0,63.0,1.0,1.0,,0.0,,0.0,3.0,3.0,2.0,2.0,80.0,,,0.0,0.0,2.0,,,0.0,28.0,68.0,96.0,96.0,96.0,10.0,140.0,4.0,2.0,0.0,270.0,0.0,0.0,59.0,59.0,3.0,10.0,1.0,SERIOUS,1
852003794.0,1.0,852131343.0,0.0,,,,,,52.0,4.0,160.0,1.0,10.0,1.0,1.0,1.0,0.0,,0.0,4.0,1.0,2.0,2.0,48.0,,0.0,0.0,0.0,0.0,,,49.0,42.0,36.0,34.0,32.0,26.0,0.0,145.0,5.0,,0.0,,0.0,,,,2.0,9.0,1.0,MINOR,0
852003794.0,1.0,852131345.0,0.0,,,,,,52.0,4.0,160.0,1.0,10.0,1.0,1.0,1.0,0.0,,0.0,4.0,1.0,2.0,2.0,48.0,,0.0,0.0,0.0,0.0,,,49.0,42.0,36.0,34.0,32.0,26.0,0.0,145.0,5.0,,0.0,,0.0,,,,5.0,43.0,2.0,CRITICAL,2
852003795.0,1.0,852131348.0,0.0,29.0,-5.0,-29.0,485.0,,6.0,30.0,140.0,1.0,5.0,14.0,4.0,7.0,0.0,,0.0,4.0,2.0,2.0,1.0,97.0,,,0.0,0.0,2.0,,,29.0,30.0,32.0,23.0,9.0,6.0,0.0,150.0,2.0,,10.0,,0.0,5.0,29.0,29.427877939124322,3.0,14.0,1.0,SERIOUS,1
852003812.0,1.0,852132476.0,7.0,,,,,,7.0,14.0,135.0,1.0,5.0,14.0,4.0,7.0,1.0,,5.0,2.0,3.0,3.0,2.0,97.0,,,0.0,0.0,0.0,,,,,,,,,,,3.0,2.0,40.0,,0.0,,,,5.0,42.0,1.0,CRITICAL,2
852003813.0,1.0,852132479.0,7.0,,,,,,50.0,4.0,156.0,1.0,10.0,1.0,2.0,1.0,0.0,,0.0,5.0,1.0,1.0,2.0,56.0,,,2.0,1.0,0.0,,,9.0,3.0,1.0,0.0,0.0,0.0,-58.0,150.0,7.0,,0.0,,0.0,,,,3.0,14.0,1.0,SERIOUS,1
852003814.0,1.0,852132481.0,0.0,73.0,0.0,-73.0,4402.0,,51.0,15.0,215.0,4.0,62.0,14.0,1.0,,0.0,,0.0,2.0,2.0,1.0,2.0,72.0,,,0.0,0.0,0.0,,,16.0,43.0,84.0,87.0,107.0,121.0,0.0,150.0,6.0,,0.0,,0.0,0.0,73.0,73.0,3.0,19.0,1.0,SERIOUS,1
852003815.0,1.0,852132484.0,0.0,39.0,37.0,13.0,906.0,,48.0,4.0,121.0,1.0,98.0,7.0,1.0,1.0,0.0,,0.0,3.0,1.0,1.0,1.0,113.0,,,0.0,0.0,1.0,,,0.0,16.0,33.0,47.0,14.0,0.0,12.0,258.0,3.0,1.0,250.0,280.0,0.0,37.0,13.0,39.21734310225516,3.0,19.0,1.0,SERIOUS,1
852003816.0,1.0,852132486.0,0.0,21.0,-21.0,-4.0,499.0,,7.0,4.0,166.0,1.0,6.0,14.0,4.0,7.0,2.0,6.0,1.0,2.0,2.0,2.0,2.0,56.0,,,0.0,0.0,0.0,,,4.0,36.0,52.0,45.0,15.0,0.0,151.0,108.0,3.0,3.0,80.0,,0.0,21.0,4.0,21.37755832643195,4.0,29.0,1.0,SERIOUS,1
852003852.0,1.0,852133858.0,0.0,37.0,0.0,37.0,1328.0,,21.0,14.0,176.0,1.0,53.0,5.0,1.0,1.0,0.0,,0.0,2.0,1.0,1.0,2.0,80.0,0.0,,2.0,0.0,0.0,,,37.0,65.0,69.0,63.0,57.0,48.0,0.0,150.0,6.0,1.0,180.0,60.0,0.0,0.0,37.0,37.0,4.0,25.0,1.0,SERIOUS,1
852003853.0,1.0,852133862.0,8.0,,,,,,7.0,2.0,148.0,1.0,6.0,14.0,4.0,7.0,98.0,-88.0,98.0,2.0,2.0,1.0,2.0,72.0,,,0.0,0.0,0.0,,,,,,,,,,,5.0,1.0,,,0.0,,,,3.0,9.0,1.0,SERIOUS,1
852003832.0,1.0,852134779.0,0.0,23.0,4.0,-23.0,375.0,,45.0,6.0,173.0,1.0,61.0,14.0,1.0,1.0,6.0,,6.0,2.0,1.0,2.0,2.0,97.0,,,1.0,0.0,2.0,,,42.0,25.0,19.0,10.0,3.0,0.0,-15.0,140.0,3.0,4.0,350.0,,0.0,4.0,23.0,23.345235059857504,3.0,14.0,1.0,SERIOUS,1
852003833.0,1.0,852134781.0,0.0,45.0,0.0,-45.0,1834.0,,51.0,14.0,197.0,4.0,62.0,14.0,1.0,,0.0,,0.0,2.0,3.0,2.0,2.0,72.0,,,0.0,0.0,0.0,,,90.0,63.0,51.0,45.0,14.0,2.0,-23.0,150.0,5.0,,0.0,,0.0,0.0,45.0,45.0,3.0,27.0,1.0,SERIOUS,1
852003872.0,1.0,852134880.0,0.0,71.0,0.0,-71.0,2989.0,,7.0,4.0,145.0,6.0,13.0,1.0,4.0,1.0,0.0,,0.0,2.0,1.0,1.0,2.0,97.0,,,0.0,0.0,0.0,,,76.0,71.0,85.0,116.0,96.0,28.0,-23.0,140.0,5.0,1.0,0.0,220.0,0.0,0.0,71.0,71.0,4.0,34.0,1.0,SERIOUS,1
852003873.0,1.0,852134883.0,8.0,,,,,,2.0,4.0,129.0,1.0,8.0,1.0,4.0,3.0,1.0,,1.0,2.0,2.0,1.0,2.0,72.0,,,0.0,0.0,0.0,,,,,,,,,,,7.0,1.0,,,0.0,,,,3.0,14.0,1.0,SERIOUS,1
852003893.0,1.0,852135247.0,0.0,31.0,0.0,-31.0,420.0,,6.0,5.0,113.0,2.0,12.0,10.0,4.0,1.0,0.0,,0.0,7.0,3.0,1.0,1.0,48.0,,,2.0,1.0,0.0,,,0.0,10.0,34.0,40.0,17.0,0.0,-1.0,140.0,3.0,,0.0,,0.0,0.0,31.0,31.0,3.0,14.0,1.0,SERIOUS,1
852003894.0,1.0,852135249.0,0.0,,,,,,87.0,3.0,103.0,1.0,17.0,1.0,1.0,1.0,0.0,,0.0,2.0,1.0,2.0,2.0,56.0,,,2.0,2.0,0.0,,,11.0,52.0,51.0,51.0,32.0,1.0,-42.0,234.0,4.0,3.0,80.0,60.0,0.0,,,,4.0,41.0,1.0,SERIOUS,1
852003895.0,1.0,852135252.0,0.0,,,,,,83.0,20.0,216.0,4.0,17.0,1.0,1.0,,0.0,,0.0,5.0,1.0,1.0,2.0,80.0,,,2.0,1.0,0.0,,,15.0,17.0,19.0,17.0,20.0,23.0,0.0,185.0,3.0,,20.0,,0.0,,,,3.0,19.0,1.0,SERIOUS,1
852003912.0,1.0,852136528.0,0.0,79.0,0.0,-79.0,4058.0,,51.0,4.0,153.0,3.0,62.0,1.0,1.0,2.0,0.0,,0.0,2.0,2.0,1.0,2.0,97.0,,,0.0,0.0,0.0,,,58.0,75.0,85.0,95.0,100.0,98.0,0.0,150.0,5.0,,0.0,,0.0,0.0,79.0,79.0,4.0,34.0,1.0,SERIOUS,1
852003932.0,1.0,852136538.0,0.0,36.0,35.0,-6.0,722.0,,89.0,2.0,114.0,1.0,17.0,1.0,1.0,1.0,0.0,,0.0,2.0,1.0,1.0,2.0,56.0,,,2.0,2.0,0.0,,,4.0,32.0,35.0,28.0,10.0,3.0,1.0,250.0,2.0,,280.0,,0.0,35.0,6.0,35.510561809129406,3.0,27.0,1.0,SERIOUS,1
852003933.0,1.0,852136540.0,0.0,15.0,0.0,-15.0,137.0,,6.0,5.0,149.0,1.0,12.0,1.0,4.0,1.0,0.0,,0.0,2.0,1.0,1.0,2.0,,,,0.0,0.0,0.0,,,0.0,0.0,7.0,15.0,0.0,0.0,2.0,142.0,7.0,,0.0,,0.0,0.0,15.0,15.0,3.0,27.0,1.0,SERIOUS,1
852003952.0,1.0,852139160.0,7.0,,,,,,50.0,40.0,257.0,,10.0,14.0,2.0,1.0,0.0,,0.0,3.0,1.0,1.0,2.0,97.0,,,0.0,0.0,0.0,,,,,,,,,,,9.0,3.0,0.0,110.0,0.0,,,,3.0,10.0,1.0,SERIOUS,1
852003953.0,1.0,852139173.0,7.0,,,,,,1.0,30.0,180.0,1.0,13.0,14.0,4.0,1.0,0.0,,0.0,2.0,3.0,1.0,2.0,48.0,,,0.0,6.0,0.0,,,50.0,25.0,24.0,26.0,18.0,12.0,-64.0,160.0,9.0,,0.0,0.0,0.0,,,,4.0,26.0,1.0,SERIOUS,1
852003954.0,1.0,852139176.0,0.0,,,,,,50.0,4.0,136.0,3.0,10.0,14.0,2.0,2.0,0.0,,0.0,2.0,1.0,1.0,2.0,64.0,,,0.0,6.0,0.0,,,10.0,31.0,45.0,47.0,56.0,65.0,0.0,140.0,4.0,,0.0,,0.0,,,,3.0,22.0,1.0,SERIOUS,1
852003955.0,1.0,852139178.0,8.0,,,,,,7.0,4.0,150.0,,6.0,14.0,4.0,4.0,1.0,24.0,1.0,2.0,2.0,1.0,2.0,80.0,,,0.0,0.0,0.0,,,,,,,,,,,7.0,2.0,,,1.0,,,,3.0,10.0,1.0,SERIOUS,1
852003956.0,1.0,852139180.0,0.0,51.0,0.0,-51.0,1283.0,,1.0,4.0,127.0,1.0,13.0,1.0,4.0,1.0,0.0,,0.0,2.0,1.0,1.0,2.0,48.0,,,0.0,0.0,0.0,,,20.0,60.0,72.0,39.0,18.0,0.0,-17.0,145.0,4.0,1.0,0.0,90.0,0.0,0.0,51.0,51.0,3.0,17.0,1.0,SERIOUS,1
852003972.0,1.0,852139696.0,0.0,71.0,0.0,-71.0,3945.0,,1.0,15.0,204.0,1.0,13.0,14.0,4.0,1.0,0.0,,0.0,5.0,3.0,1.0,2.0,80.0,,,0.0,0.0,0.0,,,18.0,43.0,93.0,85.0,59.0,31.0,1.0,150.0,4.0,2.0,0.0,0.0,0.0,0.0,71.0,71.0,3.0,17.0,1.0,SERIOUS,1
852003973.0,1.0,852139699.0,0.0,45.0,0.0,-45.0,1070.0,,1.0,4.0,124.0,1.0,13.0,1.0,4.0,1.0,0.0,,0.0,7.0,3.0,1.0,2.0,56.0,,,2.0,0.0,0.0,,,0.0,21.0,68.0,62.0,23.0,0.0,0.0,140.0,3.0,,0.0,,0.0,0.0,45.0,45.0,3.0,22.0,1.0,SERIOUS,1
852003974.0,1.0,852139701.0,6.0,,,,,,14.0,14.0,161.0,1.0,14.0,3.0,4.0,1.0,0.0,,0.0,2.0,3.0,1.0,2.0,48.0,,,2.0,1.0,3.0,,,0.0,0.0,2.0,4.0,5.0,8.0,0.0,150.0,1.0,,,0.0,0.0,,,,3.0,27.0,1.0,SERIOUS,1
852003975.0,1.0,852139703.0,7.0,,,,,,1.0,6.0,163.0,1.0,13.0,1.0,4.0,1.0,0.0,,0.0,2.0,1.0,1.0,2.0,64.0,,,0.0,0.0,0.0,,,15.0,0.0,0.0,0.0,0.0,0.0,-66.0,150.0,4.0,9.0,0.0,0.0,0.0,,,,3.0,19.0,1.0,SERIOUS,1
852003992.0,1.0,852141040.0,0.0,22.0,-21.0,8.0,595.0,,64.0,4.0,147.0,8.0,6.0,14.0,2.0,4.0,2.0,10.0,1.0,2.0,1.0,1.0,2.0,56.0,,,0.0,0.0,0.0,,,27.0,50.0,31.0,24.0,6.0,1.0,-162.0,158.0,3.0,3.0,110.0,,0.0,21.0,8.0,22.47220505424423,3.0,22.0,1.0,SERIOUS,1
852003993.0,1.0,852141043.0,0.0,,,,,,29.0,14.0,149.0,1.0,53.0,2.0,1.0,1.0,0.0,,0.0,4.0,1.0,1.0,1.0,97.0,,,0.0,0.0,2.0,,,79.0,80.0,76.0,76.0,59.0,24.0,0.0,150.0,4.0,2.0,180.0,0.0,0.0,,,,4.0,26.0,1.0,SERIOUS,1
852003994.0,1.0,852141046.0,0.0,,,,,,82.0,5.0,149.0,1.0,15.0,11.0,1.0,1.0,0.0,,0.0,3.0,1.0,1.0,2.0,56.0,,,2.0,2.0,0.0,,,2.0,23.0,36.0,34.0,16.0,3.0,2.0,267.0,3.0,1.0,280.0,180.0,0.0,,,,3.0,19.0,1.0,SERIOUS,1
852004012.0,1.0,852141418.0,7.0,,,,,,1.0,31.0,198.0,1.0,13.0,14.0,4.0,1.0,0.0,,0.0,2.0,2.0,1.0,2.0,72.0,,,0.0,0.0,0.0,,,0.0,2.0,8.0,15.0,13.0,2.0,63.0,380.0,3.0,1.0,330.0,0.0,0.0,,,,4.0,34.0,1.0,SERIOUS,1
852004032.0,1.0,852143628.0,7.0,,,,,,1.0,14.0,171.0,1.0,13.0,14.0,4.0,1.0,1.0,17.0,5.0,2.0,2.0,1.0,2.0,80.0,,,0.0,0.0,0.0,,,,,,,,,,,3.0,2.0,,0.0,0.0,,,,3.0,14.0,1.0,SERIOUS,1
852004033.0,1.0,852143631.0,7.0,,,,,,8.0,5.0,148.0,6.0,90.0,1.0,4.0,1.0,2.0,32.0,1.0,2.0,1.0,1.0,2.0,97.0,,,0.0,0.0,0.0,,,,,,,,,,,3.0,9.0,,0.0,0.0,,,,3.0,10.0,1.0,SERIOUS,1
852004052.0,1.0,852143633.0,0.0,38.0,-37.0,-7.0,1695.0,,87.0,14.0,183.0,1.0,17.0,1.0,1.0,1.0,0.0,,0.0,2.0,1.0,1.0,2.0,56.0,,,2.0,1.0,0.0,,,2.0,49.0,60.0,48.0,30.0,3.0,27.0,264.0,4.0,5.0,80.0,,0.0,37.0,7.0,37.656340767525464,4.0,29.0,1.0,SERIOUS,1
852004053.0,1.0,852143637.0,0.0,42.0,7.0,-41.0,633.0,,52.0,4.0,161.0,9.0,54.0,14.0,1.0,1.0,0.0,,0.0,2.0,3.0,1.0,1.0,64.0,,,0.0,0.0,3.0,,,29.0,25.0,17.0,11.0,3.0,0.0,-31.0,150.0,2.0,,350.0,,0.0,7.0,41.0,41.593268686170845,3.0,14.0,1.0,SERIOUS,1
852004072.0,1.0,852144834.0,0.0,31.0,-27.0,-15.0,784.0,,87.0,3.0,133.0,1.0,66.0,1.0,1.0,1.0,0.0,,0.0,5.0,3.0,2.0,2.0,56.0,,,2.0,1.0,0.0,,,5.0,27.0,38.0,33.0,19.0,2.0,39.0,215.0,3.0,,60.0,,0.0,27.0,15.0,30.886890422961002,3.0,14.0,1.0,SERIOUS,1
852004073.0,1.0,852144837.0,0.0,61.0,0.0,-61.0,2573.0,,1.0,14.0,171.0,1.0,13.0,1.0,4.0,1.0,0.0,,0.0,2.0,5.0,2.0,2.0,80.0,,,0.0,0.0,0.0,,,8.0,59.0,60.0,59.0,60.0,42.0,-10.0,160.0,3.0,,0.0,,0.0,0.0,61.0,61.0,4.0,29.0,1.0,SERIOUS,1
852004074.0,1.0,852145390.0,7.0,,,,,,2.0,5.0,143.0,1.0,6.0,14.0,4.0,7.0,0.0,,0.0,2.0,2.0,2.0,2.0,80.0,,,0.0,0.0,0.0,,,0.0,10.0,17.0,22.0,27.0,37.0,64.0,150.0,7.0,,10.0,,0.0,,,,3.0,19.0,1.0,SERIOUS,1
852004075.0,1.0,852145393.0,0.0,,,,,,87.0,4.0,173.0,1.0,17.0,1.0,1.0,1.0,0.0,,0.0,3.0,3.0,4.0,2.0,40.0,,,2.0,2.0,0.0,,,2.0,5.0,19.0,47.0,68.0,70.0,174.0,118.0,4.0,2.0,70.0,120.0,0.0,,,,3.0,10.0,1.0,SERIOUS,1
852004076.0,1.0,852145395.0,0.0,50.0,25.0,-43.0,702.0,,86.0,30.0,188.0,1.0,66.0,1.0,1.0,1.0,0.0,,0.0,2.0,1.0,1.0,2.0,64.0,,,2.0,0.0,0.0,,,48.0,41.0,17.0,7.0,5.0,3.0,-54.0,170.0,2.0,1.0,330.0,210.0,0.0,25.0,43.0,49.73932046178355,4.0,26.0,1.0,SERIOUS,1
852004094.0,1.0,852146331.0,0.0,83.0,14.0,-82.0,5187.0,,7.0,4.0,166.0,1.0,6.0,14.0,4.0,7.0,0.0,,0.0,2.0,1.0,1.0,2.0,80.0,,,0.0,0.0,0.0,,,120.0,121.0,111.0,99.0,81.0,4.0,-25.0,150.0,5.0,,350.0,,0.0,14.0,82.0,83.18653737234169,4.0,26.0,1.0,SERIOUS,1
852004095.0,1.0,852146340.0,7.0,,,,,,82.0,2.0,157.0,1.0,15.0,11.0,1.0,1.0,0.0,,0.0,2.0,2.0,1.0,2.0,56.0,,,2.0,2.0,0.0,,,4.0,3.0,5.0,17.0,6.0,2.0,43.0,281.0,2.0,,340.0,,0.0,,,,3.0,14.0,1.0,SERIOUS,1
852004114.0,1.0,852146565.0,0.0,34.0,0.0,-34.0,785.0,,50.0,14.0,146.0,1.0,10.0,1.0,2.0,1.0,0.0,,0.0,2.0,1.0,1.0,2.0,89.0,,,0.0,0.0,0.0,,,82.0,37.0,26.0,14.0,4.0,0.0,-56.0,160.0,4.0,,0.0,,0.0,0.0,34.0,34.0,4.0,34.0,1.0,SERIOUS,1
852004134.0,1.0,852147527.0,8.0,,,,,,2.0,31.0,298.0,1.0,5.0,14.0,4.0,7.0,1.0,14.0,5.0,2.0,1.0,4.0,2.0,89.0,,,0.0,0.0,0.0,,,,,,,,,,,3.0,7.0,,,0.0,,,,4.0,24.0,1.0,SERIOUS,1
852004135.0,1.0,852147530.0,0.0,51.0,9.0,-50.0,1060.0,,98.0,4.0,129.0,2.0,62.0,1.0,1.0,1.0,0.0,,0.0,2.0,1.0,1.0,2.0,89.0,,,0.0,0.0,0.0,,,53.0,49.0,45.0,40.0,22.0,0.0,-31.0,145.0,3.0,,350.0,,0.0,9.0,50.0,50.80354318352215,3.0,10.0,1.0,SERIOUS,1
852004154.0,1.0,852148104.0,0.0,,,,,,2.0,2.0,152.0,1.0,5.0,1.0,4.0,3.0,2.0,4.0,1.0,2.0,2.0,4.0,2.0,80.0,,,0.0,0.0,0.0,,,14.0,15.0,14.0,13.0,11.0,8.0,0.0,150.0,1.0,3.0,330.0,,0.0,,,,4.0,21.0,1.0,SERIOUS,1
852004155.0,1.0,852148107.0,0.0,44.0,0.0,-44.0,1038.0,,50.0,14.0,132.0,1.0,5.0,1.0,2.0,2.0,0.0,,0.0,2.0,1.0,4.0,2.0,72.0,,,0.0,0.0,0.0,,,51.0,49.0,51.0,28.0,14.0,0.0,-7.0,148.0,3.0,,0.0,,0.0,0.0,44.0,44.0,3.0,19.0,1.0,SERIOUS,1
852004156.0,1.0,852148109.0,0.0,76.0,0.0,-76.0,5333.0,,52.0,14.0,165.0,1.0,54.0,1.0,1.0,1.0,0.0,,0.0,4.0,3.0,1.0,1.0,97.0,,,1.0,0.0,3.0,,,92.0,96.0,88.0,74.0,52.0,15.0,-15.0,150.0,5.0,1.0,0.0,10.0,0.0,0.0,76.0,76.0,4.0,34.0,1.0,SERIOUS,1
852004157.0,1.0,852148111.0,0.0,108.0,0.0,-108.0,4462.0,,52.0,4.0,135.0,2.0,54.0,1.0,1.0,1.0,0.0,,0.0,3.0,2.0,2.0,1.0,97.0,,,0.0,0.0,1.0,,,77.0,69.0,67.0,63.0,41.0,28.0,0.0,140.0,4.0,,0.0,,0.0,0.0,108.0,108.0,3.0,10.0,1.0,SERIOUS,1
852004175.0,1.0,852149288.0,0.0,43.0,40.0,-15.0,1132.0,,89.0,2.0,116.0,1.0,17.0,1.0,1.0,1.0,0.0,,0.0,2.0,3.0,1.0,2.0,48.0,,,2.0,1.0,0.0,,,0.0,6.0,44.0,35.0,30.0,12.0,28.0,243.0,4.0,1.0,290.0,180.0,0.0,40.0,15.0,42.720018726587654,4.0,41.0,1.0,SERIOUS,1
852004194.0,1.0,852150636.0,7.0,,,,,,1.0,5.0,181.0,1.0,13.0,1.0,4.0,1.0,0.0,,0.0,3.0,2.0,2.0,2.0,97.0,,,0.0,0.0,2.0,,,18.0,18.0,34.0,35.0,8.0,4.0,0.0,164.0,2.0,1.0,0.0,0.0,0.0,,,,3.0,13.0,1.0,SERIOUS,1
852004214.0,1.0,852151224.0,0.0,28.0,26.0,10.0,482.0,,72.0,3.0,120.0,1.0,60.0,11.0,1.0,1.0,0.0,,0.0,2.0,1.0,1.0,2.0,80.0,,,3.0,0.0,0.0,,,0.0,4.0,28.0,26.0,15.0,0.0,-5.0,215.0,3.0,,250.0,,0.0,26.0,10.0,27.85677655436824,3.0,14.0,1.0,SERIOUS,1
852004234.0,1.0,852151466.0,0.0,,,,,,1.0,4.0,125.0,1.0,13.0,1.0,4.0,1.0,0.0,,0.0,2.0,2.0,1.0,2.0,80.0,,,0.0,0.0,0.0,,,9.0,15.0,21.0,27.0,29.0,26.0,0.0,140.0,2.0,,0.0,,0.0,,,,3.0,19.0,1.0,SERIOUS,1
852004254.0,1.0,852152368.0,0.0,46.0,-8.0,-45.0,2698.0,,50.0,15.0,234.0,1.0,10.0,14.0,2.0,1.0,0.0,,0.0,2.0,1.0,2.0,2.0,48.0,,,0.0,0.0,0.0,,,0.0,7.0,25.0,52.0,59.0,98.0,42.0,170.0,4.0,,10.0,,0.0,8.0,45.0,45.70557952810576,2.0,5.0,1.0,MINOR,0
852004254.0,1.0,852152371.0,0.0,46.0,-8.0,-45.0,2698.0,,50.0,15.0,234.0,1.0,10.0,14.0,2.0,1.0,0.0,,0.0,2.0,1.0,2.0,2.0,48.0,,,0.0,0.0,0.0,,,0.0,7.0,25.0,52.0,59.0,98.0,42.0,170.0,4.0,,10.0,,0.0,8.0,45.0,45.70557952810576,2.0,4.0,1.0,MINOR,0
852004254.0,1.0,852152373.0,0.0,46.0,-8.0,-45.0,2698.0,,50.0,15.0,234.0,1.0,10.0,14.0,2.0,1.0,0.0,,0.0,2.0,1.0,2.0,2.0,48.0,,,0.0,0.0,0.0,,,0.0,7.0,25.0,52.0,59.0,98.0,42.0,170.0,4.0,,10.0,,0.0,8.0,45.0,45.70557952810576,4.0,17.0,1.0,SERIOUS,1
852004255.0,1.0,852152375.0,0.0,40.0,39.0,-7.0,377.0,,89.0,4.0,157.0,1.0,17.0,1.0,1.0,1.0,0.0,,0.0,2.0,1.0,1.0,2.0,56.0,,,2.0,2.0,0.0,,,2.0,11.0,16.0,29.0,30.0,19.0,131.0,197.0,3.0,2.0,280.0,280.0,0.0,39.0,7.0,39.6232255123179,3.0,14.0,1.0,SERIOUS,1
852004256.0,1.0,852152380.0,0.0,16.0,3.0,-16.0,258.0,,69.0,4.0,184.0,4.0,62.0,1.0,1.0,,0.0,,0.0,4.0,3.0,1.0,2.0,56.0,,,2.0,1.0,0.0,,,25.0,17.0,3.0,1.0,3.0,3.0,-48.0,160.0,2.0,,350.0,,0.0,3.0,16.0,16.278820596099706,3.0,9.0,1.0,SERIOUS,1
852004274.0,1.0,852153529.0,0.0,48.0,47.0,-8.0,1151.0,,82.0,4.0,129.0,1.0,15.0,11.0,1.0,1.0,0.0,,0.0,2.0,1.0,1.0,2.0,56.0,,,2.0,1.0,3.0,,,12.0,30.0,38.0,26.0,45.0,0.0,102.0,197.0,3.0,1.0,280.0,280.0,0.0,47.0,8.0,47.67598976424087,4.0,17.0,1.0,SERIOUS,1
852004275.0,1.0,852153531.0,0.0,86.0,0.0,-86.0,6853.0,,1.0,14.0,202.0,1.0,13.0,14.0,4.0,1.0,0.0,,0.0,3.0,1.0,1.0,2.0,97.0,,,0.0,0.0,2.0,,,0.0,16.0,63.0,113.0,109.0,99.0,36.0,170.0,5.0,,0.0,0.0,0.0,0.0,86.0,86.0,4.0,26.0,1.0,SERIOUS,1
852004294.0,1.0,852154584.0,0.0,,,,,,6.0,31.0,243.0,9.0,12.0,14.0,4.0,1.0,0.0,,0.0,2.0,2.0,2.0,2.0,40.0,,,0.0,6.0,0.0,,,61.0,67.0,49.0,36.0,16.0,6.0,-19.0,190.0,3.0,4.0,0.0,,0.0,,,,3.0,17.0,1.0,SERIOUS,1
852004295.0,1.0,852154589.0,0.0,,,,,,2.0,3.0,123.0,1.0,6.0,14.0,4.0,7.0,0.0,,0.0,2.0,3.0,2.0,2.0,48.0,,,0.0,0.0,0.0,,,18.0,27.0,76.0,59.0,38.0,23.0,5.0,104.0,5.0,1.0,270.0,320.0,0.0,,,,3.0,10.0,1.0,SERIOUS,1
852004296.0,1.0,852154591.0,7.0,,,,,,6.0,4.0,156.0,1.0,12.0,14.0,4.0,1.0,9.0,27.0,1.0,2.0,2.0,2.0,2.0,80.0,,,0.0,0.0,0.0,,,7.0,4.0,2.0,1.0,0.0,0.0,-53.0,140.0,5.0,3.0,0.0,,0.0,,,,3.0,19.0,1.0,SERIOUS,1
852004314.0,1.0,852156112.0,0.0,,,,,,68.0,20.0,198.0,1.0,15.0,11.0,1.0,1.0,0.0,,0.0,3.0,1.0,2.0,2.0,64.0,,,2.0,1.0,0.0,,,0.0,0.0,7.0,20.0,31.0,32.0,51.0,168.0,6.0,,20.0,,0.0,,,,3.0,22.0,1.0,SERIOUS,1
852004314.0,1.0,852156114.0,0.0,,,,,,68.0,20.0,198.0,1.0,15.0,11.0,1.0,1.0,0.0,,0.0,3.0,1.0,2.0,2.0,64.0,,,2.0,1.0,0.0,,,0.0,0.0,7.0,20.0,31.0,32.0,51.0,168.0,6.0,,20.0,,0.0,,,,5.0,35.0,2.0,CRITICAL,2
852004334.0,1.0,852156416.0,0.0,,,,,,46.0,3.0,141.0,1.0,11.0,15.0,1.0,1.0,8.0,10.0,2.0,6.0,1.0,1.0,1.0,97.0,,,0.0,0.0,2.0,,,1.0,1.0,1.0,1.0,1.0,1.0,0.0,160.0,1.0,2.0,330.0,,0.0,,,,3.0,10.0,1.0,SERIOUS,1
852004335.0,1.0,852156418.0,0.0,79.0,-14.0,-78.0,1621.0,,98.0,3.0,139.0,1.0,62.0,1.0,1.0,1.0,0.0,,0.0,2.0,2.0,1.0,2.0,89.0,,,0.0,0.0,0.0,,,0.0,20.0,40.0,61.0,70.0,81.0,33.0,150.0,5.0,1.0,10.0,20.0,0.0,14.0,78.0,79.2464510246358,3.0,27.0,1.0,SERIOUS,1
852004354.0,1.0,852157598.0,8.0,,,,,,7.0,4.0,135.0,1.0,6.0,14.0,4.0,4.0,10.0,95.0,1.0,2.0,3.0,1.0,1.0,97.0,,,0.0,0.0,3.0,,,,,,,,,,,3.0,1.0,,90.0,0.0,,,,3.0,13.0,1.0,SERIOUS,1
852004635.0,1.0,852170551.0,0.0,40.0,39.0,-7.0,1116.0,,82.0,4.0,149.0,1.0,66.0,11.0,1.0,1.0,0.0,,0.0,5.0,3.0,1.0,2.0,56.0,,,2.0,1.0,0.0,,,0.0,10.0,35.0,30.0,24.0,2.0,22.0,260.0,3.0,,280.0,,0.0,39.0,7.0,39.6232255123179,3.0,9.0,1.0,SERIOUS,1
852004815.0,1.0,852179493.0,7.0,,,,,,6.0,4.0,161.0,1.0,10.0,1.0,1.0,1.0,4.0,16.0,6.0,4.0,1.0,1.0,2.0,89.0,,,0.0,0.0,0.0,,,2.0,0.0,0.0,0.0,0.0,0.0,-53.0,144.0,5.0,3.0,0.0,,0.0,,,,3.0,18.0,1.0,SERIOUS,1
852004834.0,1.0,852181161.0,8.0,,,,,,6.0,31.0,251.0,1.0,12.0,1.0,4.0,1.0,8.0,48.0,1.0,2.0,2.0,1.0,1.0,113.0,,,0.0,0.0,1.0,,,,,,,,,,,3.0,,,,0.0,,,,4.0,34.0,1.0,SERIOUS,1
852004835.0,1.0,852181163.0,0.0,,,,,,28.0,4.0,121.0,1.0,52.0,1.0,1.0,1.0,0.0,,0.0,2.0,1.0,1.0,1.0,113.0,,,0.0,0.0,1.0,,,12.0,37.0,49.0,54.0,56.0,52.0,14.0,140.0,3.0,,0.0,,0.0,,,,3.0,9.0,1.0,SERIOUS,1
852004854.0,1.0,852181439.0,8.0,,,,,,1.0,15.0,295.0,1.0,13.0,1.0,4.0,1.0,8.0,72.0,2.0,2.0,2.0,1.0,2.0,89.0,,,0.0,0.0,0.0,,,,,,,,,,,3.0,2.0,,,0.0,,,,3.0,19.0,1.0,SERIOUS,1
852004855.0,1.0,852181441.0,0.0,43.0,0.0,-43.0,1406.0,,6.0,4.0,186.0,1.0,12.0,14.0,4.0,1.0,0.0,,0.0,2.0,2.0,2.0,2.0,56.0,,,0.0,0.0,0.0,,,20.0,33.0,55.0,59.0,45.0,12.0,3.0,150.0,3.0,,0.0,,0.0,0.0,43.0,43.0,3.0,19.0,1.0,SERIOUS,1
852004874.0,1.0,852183228.0,0.0,31.0,0.0,-31.0,765.0,,11.0,4.0,127.0,1.0,11.0,14.0,2.0,1.0,0.0,,0.0,2.0,3.0,2.0,2.0,40.0,,,0.0,0.0,0.0,,,0.0,8.0,19.0,34.0,26.0,29.0,30.0,144.0,2.0,,0.0,0.0,0.0,0.0,31.0,31.0,3.0,10.0,1.0,SERIOUS,1
852004875.0,1.0,852183230.0,7.0,,,,,,1.0,6.0,157.0,1.0,13.0,14.0,4.0,1.0,11.0,53.0,1.0,2.0,3.0,2.0,2.0,72.0,,,0.0,0.0,0.0,,,,,,,,,,,3.0,5.0,0.0,0.0,0.0,,,,3.0,11.0,1.0,SERIOUS,1
852004876.0,1.0,852183232.0,7.0,,,,,,1.0,31.0,322.0,1.0,13.0,1.0,4.0,1.0,2.0,7.0,1.0,2.0,1.0,1.0,2.0,56.0,,,0.0,0.0,0.0,,,,,,,,,,,3.0,1.0,,,0.0,,,,3.0,17.0,1.0,SERIOUS,1
852004894.0,1.0,852185127.0,7.0,,,,,,24.0,5.0,148.0,8.0,51.0,14.0,1.0,1.0,0.0,,0.0,2.0,1.0,1.0,2.0,113.0,,,0.0,0.0,3.0,,,0.0,0.0,0.0,0.0,1.0,8.0,61.0,160.0,7.0,,0.0,,0.0,,,,4.0,24.0,1.0,SERIOUS,1
852004895.0,1.0,852185129.0,8.0,,,,,,7.0,16.0,308.0,1.0,5.0,14.0,4.0,7.0,4.0,15.0,1.0,3.0,2.0,3.0,2.0,89.0,,,0.0,0.0,0.0,,,,,,,,,,,4.0,1.0,,0.0,0.0,,,,3.0,17.0,1.0,SERIOUS,1
852004896.0,1.0,852185131.0,0.0,120.0,0.0,-120.0,9956.0,,51.0,2.0,125.0,2.0,54.0,14.0,1.0,1.0,0.0,,0.0,3.0,1.0,2.0,1.0,113.0,,,0.0,0.0,1.0,,,131.0,136.0,131.0,107.0,74.0,36.0,-24.0,140.0,6.0,,0.0,,0.0,0.0,120.0,120.0,5.0,43.0,1.0,CRITICAL,2
852004897.0,1.0,852185133.0,0.0,,,,,,50.0,4.0,168.0,1.0,10.0,14.0,2.0,1.0,0.0,,0.0,2.0,2.0,2.0,2.0,89.0,,,0.0,0.0,0.0,,,60.0,43.0,34.0,24.0,15.0,3.0,-55.0,130.0,8.0,2.0,0.0,0.0,0.0,,,,3.0,13.0,1.0,SERIOUS,1
852004914.0,1.0,852186228.0,8.0,,,,,,50.0,4.0,156.0,1.0,10.0,14.0,2.0,1.0,0.0,,0.0,2.0,3.0,2.0,2.0,97.0,,,1.0,0.0,0.0,,,62.0,36.0,35.0,19.0,2.0,0.0,-52.0,140.0,7.0,,0.0,,0.0,,,,3.0,11.0,1.0,SERIOUS,1
852004915.0,1.0,852186239.0,0.0,,,,,,9.0,4.0,125.0,1.0,90.0,1.0,4.0,7.0,4.0,16.0,1.0,3.0,2.0,2.0,1.0,113.0,,,0.0,0.0,1.0,,,0.0,13.0,24.0,30.0,33.0,32.0,0.0,148.0,2.0,2.0,20.0,,0.0,,,,3.0,13.0,1.0,SERIOUS,1
852004916.0,1.0,852186241.0,0.0,,,,,,83.0,4.0,157.0,2.0,72.0,1.0,1.0,1.0,0.0,,0.0,5.0,1.0,1.0,2.0,64.0,,,3.0,0.0,0.0,,,22.0,43.0,53.0,47.0,35.0,12.0,0.0,140.0,6.0,,10.0,,0.0,,,,3.0,10.0,1.0,SERIOUS,1
852004934.0,1.0,852188947.0,0.0,22.0,0.0,22.0,359.0,,98.0,3.0,139.0,1.0,62.0,1.0,1.0,1.0,0.0,,0.0,2.0,2.0,1.0,2.0,113.0,,,0.0,0.0,2.0,,,18.0,20.0,33.0,32.0,10.0,0.0,0.0,140.0,4.0,9.0,180.0,0.0,0.0,0.0,22.0,22.0,3.0,10.0,1.0,SERIOUS,1
852004954.0,1.0,852189653.0,0.0,9.0,-9.0,-2.0,109.0,,87.0,4.0,155.0,1.0,66.0,1.0,1.0,1.0,0.0,,0.0,2.0,3.0,1.0,2.0,48.0,,,2.0,1.0,0.0,,,1.0,6.0,9.0,8.0,4.0,2.0,-79.0,170.0,1.0,,80.0,,0.0,9.0,2.0,9.219544457292887,4.0,16.0,1.0,SERIOUS,1
852004994.0,1.0,852190681.0,0.0,81.0,0.0,-81.0,2248.0,,24.0,4.0,145.0,1.0,51.0,1.0,1.0,1.0,0.0,,0.0,2.0,2.0,1.0,2.0,56.0,,,0.0,0.0,0.0,,,0.0,25.0,54.0,62.0,65.0,61.0,32.0,140.0,3.0,1.0,0.0,180.0,0.0,0.0,81.0,81.0,3.0,10.0,1.0,SERIOUS,1
531004974.0,1.0,852191135.0,0.0,,,,,,7.0,2.0,123.0,1.0,6.0,14.0,4.0,7.0,0.0,,0.0,3.0,2.0,2.0,2.0,56.0,,,0.0,5.0,0.0,,,24.0,20.0,9.0,6.0,5.0,4.0,-32.0,130.0,1.0,2.0,0.0,350.0,0.0,,,,2.0,9.0,1.0,MINOR,0
852005014.0,1.0,852191236.0,0.0,,,,,,2.0,14.0,184.0,1.0,6.0,14.0,4.0,7.0,0.0,,0.0,2.0,1.0,3.0,1.0,113.0,,,0.0,0.0,1.0,,,18.0,21.0,68.0,55.0,20.0,1.0,63.0,245.0,4.0,2.0,310.0,310.0,0.0,,,,3.0,19.0,1.0,SERIOUS,1
852005034.0,1.0,852191712.0,7.0,,,,,,7.0,30.0,162.0,7.0,87.0,1.0,4.0,4.0,3.0,6.0,1.0,2.0,2.0,2.0,2.0,89.0,,,0.0,0.0,0.0,,,,,,,,,,,3.0,,,,0.0,,,,3.0,10.0,1.0,SERIOUS,1
852005074.0,1.0,852192868.0,0.0,30.0,28.0,-10.0,787.0,,89.0,4.0,154.0,1.0,17.0,1.0,1.0,1.0,0.0,,0.0,2.0,1.0,,2.0,56.0,,,2.0,2.0,0.0,,,5.0,22.0,30.0,21.0,12.0,1.0,75.0,189.0,3.0,1.0,290.0,280.0,0.0,28.0,10.0,29.732137494637012,2.0,4.0,1.0,MINOR,0
852005094.0,1.0,852193405.0,0.0,,,,,,1.0,5.0,129.0,1.0,13.0,14.0,4.0,1.0,0.0,,0.0,2.0,1.0,1.0,2.0,48.0,,,0.0,0.0,0.0,,,9.0,18.0,45.0,33.0,19.0,8.0,-10.0,150.0,3.0,,0.0,,0.0,,,,3.0,10.0,1.0,SERIOUS,1
852005114.0,1.0,852193850.0,7.0,,,,,,98.0,6.0,162.0,1.0,13.0,1.0,6.0,7.0,8.0,69.0,1.0,2.0,1.0,1.0,2.0,113.0,,,0.0,0.0,2.0,,,,,,,,,,,3.0,1.0,,,0.0,,,,4.0,21.0,1.0,SERIOUS,1
852005114.0,1.0,852193857.0,7.0,,,,,,98.0,6.0,162.0,1.0,13.0,1.0,6.0,7.0,8.0,69.0,1.0,2.0,1.0,1.0,2.0,113.0,,,0.0,0.0,2.0,,,,,,,,,,,3.0,1.0,,,0.0,,,,4.0,24.0,2.0,SERIOUS,1
852005114.0,1.0,852193863.0,7.0,,,,,,98.0,6.0,162.0,1.0,13.0,1.0,6.0,7.0,8.0,69.0,1.0,2.0,1.0,1.0,2.0,113.0,,,0.0,0.0,2.0,,,,,,,,,,,3.0,1.0,,,0.0,,,,2.0,5.0,1.0,MINOR,0
852005114.0,1.0,852193872.0,7.0,,,,,,98.0,6.0,162.0,1.0,13.0,1.0,6.0,7.0,8.0,69.0,1.0,2.0,1.0,1.0,2.0,113.0,,,0.0,0.0,2.0,,,,,,,,,,,3.0,1.0,,,0.0,,,,4.0,29.0,1.0,SERIOUS,1
852005115.0,1.0,852193879.0,7.0,,,,,,7.0,4.0,143.0,1.0,9.0,1.0,4.0,7.0,11.0,60.0,1.0,2.0,1.0,1.0,1.0,113.0,,,0.0,0.0,1.0,,,,,,,,,,,3.0,2.0,,,0.0,,,,4.0,24.0,1.0,SERIOUS,1
852005134.0,1.0,852193886.0,8.0,,,,,,65.0,4.0,202.0,9.0,62.0,14.0,1.0,,0.0,,0.0,2.0,1.0,1.0,2.0,56.0,,,0.0,6.0,0.0,,,36.0,22.0,13.0,2.0,0.0,0.0,-62.0,150.0,9.0,2.0,0.0,,0.0,,,,3.0,22.0,1.0,SERIOUS,1
852005154.0,1.0,852194550.0,7.0,,,,,,1.0,5.0,228.0,1.0,13.0,1.0,4.0,1.0,0.0,,0.0,7.0,3.0,1.0,2.0,56.0,,,0.0,1.0,0.0,,,0.0,0.0,1.0,2.0,2.0,10.0,61.0,160.0,6.0,2.0,0.0,270.0,0.0,,,,3.0,10.0,1.0,SERIOUS,1
852005155.0,1.0,852194552.0,0.0,45.0,0.0,-45.0,1253.0,,2.0,4.0,143.0,1.0,9.0,1.0,4.0,7.0,0.0,,0.0,2.0,2.0,1.0,2.0,56.0,,,0.0,0.0,0.0,,,0.0,15.0,30.0,46.0,62.0,52.0,28.0,140.0,3.0,,0.0,,0.0,0.0,45.0,45.0,2.0,5.0,1.0,MINOR,0
852005156.0,1.0,852194560.0,0.0,,,,,,98.0,20.0,194.0,9.0,62.0,14.0,1.0,,0.0,,0.0,6.0,1.0,2.0,2.0,80.0,,,0.0,0.0,0.0,,,46.0,40.0,32.0,23.0,12.0,0.0,-42.0,160.0,3.0,,350.0,,0.0,,,,2.0,12.0,1.0,MINOR,0
852005174.0,1.0,852196170.0,0.0,48.0,47.0,-8.0,1725.0,,2.0,30.0,173.0,1.0,6.0,14.0,4.0,7.0,0.0,,0.0,2.0,3.0,2.0,1.0,97.0,,,0.0,0.0,3.0,,,0.0,70.0,58.0,41.0,25.0,10.0,-3.0,108.0,5.0,1.0,280.0,310.0,0.0,47.0,8.0,47.67598976424087,3.0,19.0,1.0,SERIOUS,1
852005175.0,1.0,852196172.0,0.0,39.0,0.0,-39.0,948.0,,89.0,4.0,156.0,1.0,66.0,1.0,1.0,1.0,0.0,,0.0,5.0,1.0,1.0,2.0,48.0,,,2.0,1.0,0.0,,,5.0,30.0,47.0,38.0,13.0,9.0,4.0,144.0,2.0,2.0,0.0,330.0,0.0,0.0,39.0,39.0,3.0,17.0,1.0,SERIOUS,1
852005194.0,1.0,852197399.0,7.0,,,,,,1.0,5.0,131.0,1.0,13.0,14.0,4.0,1.0,4.0,45.0,2.0,2.0,2.0,1.0,2.0,80.0,,,0.0,0.0,0.0,,,,,,,,,,,2.0,1.0,,0.0,0.0,,,,3.0,27.0,1.0,SERIOUS,1
852005195.0,1.0,852197407.0,0.0,,,,,,24.0,14.0,181.0,8.0,61.0,1.0,1.0,,0.0,,0.0,3.0,1.0,2.0,2.0,97.0,,,2.0,0.0,3.0,,,70.0,59.0,70.0,46.0,37.0,36.0,-28.0,160.0,3.0,,0.0,,0.0,,,,3.0,11.0,1.0,SERIOUS,1
852005195.0,1.0,852197409.0,0.0,,,,,,24.0,14.0,181.0,8.0,61.0,1.0,1.0,,0.0,,0.0,3.0,1.0,2.0,2.0,97.0,,,2.0,0.0,3.0,,,70.0,59.0,70.0,46.0,37.0,36.0,-28.0,160.0,3.0,,0.0,,0.0,,,,3.0,10.0,1.0,SERIOUS,1
852005214.0,1.0,852197595.0,0.0,99.0,0.0,-99.0,1053.0,,7.0,15.0,262.0,2.0,6.0,1.0,4.0,2.0,0.0,,0.0,4.0,1.0,1.0,1.0,48.0,,,0.0,0.0,1.0,,,30.0,109.0,103.0,100.0,98.0,93.0,27.0,190.0,4.0,9.0,0.0,0.0,0.0,0.0,99.0,99.0,3.0,10.0,1.0,SERIOUS,1
852005234.0,1.0,852200000.0,0.0,44.0,22.0,-38.0,1898.0,,51.0,4.0,153.0,9.0,62.0,14.0,1.0,1.0,0.0,,0.0,2.0,2.0,1.0,2.0,56.0,,,0.0,0.0,0.0,,,29.0,45.0,57.0,46.0,24.0,0.0,-36.0,150.0,3.0,2.0,330.0,280.0,0.0,22.0,38.0,43.9089968002003,3.0,14.0,1.0,SERIOUS,1
852005235.0,1.0,852200002.0,7.0,,,,,,1.0,2.0,167.0,1.0,13.0,1.0,4.0,1.0,2.0,12.0,8.0,2.0,1.0,1.0,2.0,80.0,,,0.0,0.0,0.0,,,0.0,0.0,0.0,0.0,0.0,2.0,0.0,150.0,1.0,9.0,,,0.0,,,,3.0,14.0,1.0,SERIOUS,1
852005236.0,1.0,852200008.0,0.0,30.0,30.0,5.0,994.0,,98.0,14.0,214.0,1.0,10.0,12.0,2.0,1.0,0.0,,0.0,2.0,1.0,2.0,2.0,89.0,,,0.0,0.0,0.0,,,5.0,24.0,25.0,19.0,15.0,0.0,-35.0,288.0,3.0,2.0,260.0,350.0,0.0,30.0,5.0,30.4138126514911,3.0,10.0,1.0,SERIOUS,1
627003671.0,1.0,857085505.0,0.0,51.0,0.0,-51.0,1161.0,,50.0,2.0,107.0,,10.0,14.0,2.0,,0.0,,0.0,2.0,1.0,2.0,2.0,56.0,,1.0,0.0,5.0,0.0,6.0,0.0,59.0,64.0,45.0,28.0,17.0,0.0,-48.0,148.0,3.0,,0.0,,0.0,0.0,51.0,51.0,3.0,17.0,1.0,SERIOUS,1
385003691.0,1.0,857085556.0,2.0,,,,,,82.0,1.0,172.0,1.0,15.0,11.0,1.0,1.0,0.0,,0.0,2.0,1.0,1.0,2.0,89.0,,0.0,2.0,1.0,0.0,1.0,1.0,4.0,6.0,12.0,15.0,12.0,10.0,40.0,180.0,2.0,,280.0,,0.0,,,,3.0,10.0,1.0,SERIOUS,1
627003711.0,1.0,857085713.0,0.0,61.0,0.0,-61.0,3188.0,,2.0,15.0,210.0,4.0,13.0,14.0,4.0,,0.0,,0.0,2.0,2.0,1.0,2.0,56.0,,0.0,0.0,0.0,0.0,6.0,0.0,19.0,71.0,82.0,79.0,66.0,22.0,16.0,160.0,4.0,,0.0,,0.0,0.0,61.0,61.0,3.0,14.0,1.0,SERIOUS,1
385003751.0,1.0,857085768.0,0.0,37.0,35.0,-13.0,858.0,,82.0,4.0,116.0,1.0,15.0,11.0,1.0,1.0,4.0,0.0,1.0,2.0,1.0,1.0,2.0,48.0,,0.0,2.0,2.0,0.0,1.0,0.0,6.0,29.0,42.0,34.0,34.0,11.0,21.0,200.0,3.0,2.0,290.0,,0.0,35.0,13.0,37.33630940518894,4.0,36.0,1.0,SERIOUS,1
385003752.0,1.0,857085889.0,0.0,50.0,0.0,-50.0,845.0,,28.0,4.0,142.0,1.0,52.0,14.0,1.0,1.0,0.0,,0.0,3.0,1.0,1.0,2.0,89.0,,0.0,1.0,0.0,1.0,6.0,0.0,29.0,36.0,38.0,29.0,29.0,9.0,-9.0,160.0,3.0,,0.0,,0.0,0.0,50.0,50.0,3.0,10.0,1.0,SERIOUS,1
627003771.0,1.0,857086031.0,0.0,79.0,14.0,-78.0,1863.0,,69.0,4.0,137.0,4.0,62.0,1.0,1.0,,0.0,,0.0,5.0,1.0,1.0,2.0,64.0,,0.0,2.0,1.0,0.0,6.0,7.0,42.0,46.0,45.0,46.0,29.0,7.0,-23.0,145.0,2.0,,350.0,,0.0,14.0,78.0,79.2464510246358,3.0,14.0,1.0,SERIOUS,1
627003811.0,1.0,857086310.0,7.0,,,,,,98.0,4.0,183.0,,62.0,14.0,1.0,,0.0,,0.0,2.0,1.0,1.0,2.0,80.0,,0.0,0.0,0.0,0.0,6.0,0.0,,,,,,,,,4.0,,,,0.0,,,,4.0,29.0,1.0,SERIOUS,1
385003831.0,1.0,857086455.0,0.0,19.0,0.0,-19.0,118.0,,51.0,4.0,115.0,1.0,62.0,14.0,1.0,1.0,0.0,,0.0,4.0,4.0,1.0,2.0,56.0,,0.0,0.0,0.0,0.0,6.0,0.0,9.0,7.0,6.0,3.0,0.0,0.0,-66.0,150.0,7.0,,0.0,,0.0,0.0,19.0,19.0,3.0,14.0,1.0,SERIOUS,1
627003832.0,1.0,857086490.0,0.0,41.0,-7.0,-40.0,1122.0,,65.0,4.0,110.0,,62.0,14.0,1.0,,0.0,,0.0,2.0,1.0,2.0,2.0,80.0,,1.0,0.0,0.0,0.0,6.0,0.0,0.0,23.0,38.0,54.0,61.0,62.0,44.0,150.0,3.0,,10.0,,0.0,7.0,40.0,40.607881008493905,3.0,10.0,1.0,SERIOUS,1
627003891.0,1.0,857086948.0,0.0,43.0,8.0,-42.0,1137.0,,50.0,2.0,152.0,1.0,10.0,1.0,2.0,1.0,0.0,,0.0,2.0,1.0,1.0,2.0,56.0,,0.0,0.0,0.0,0.0,6.0,7.0,53.0,59.0,55.0,36.0,20.0,4.0,-50.0,160.0,3.0,,350.0,,0.0,8.0,42.0,42.7551166528639,3.0,19.0,1.0,SERIOUS,1
385004011.0,1.0,857087268.0,0.0,56.0,0.0,-56.0,1817.0,,3.0,30.0,139.0,7.0,62.0,14.0,4.0,1.0,0.0,,0.0,2.0,1.0,1.0,2.0,48.0,,0.0,0.0,6.0,0.0,6.0,0.0,26.0,48.0,65.0,62.0,40.0,9.0,-2.0,150.0,3.0,1.0,0.0,0.0,0.0,0.0,56.0,56.0,3.0,22.0,1.0,SERIOUS,1
385004031.0,1.0,857087488.0,0.0,48.0,0.0,-48.0,1183.0,,98.0,4.0,153.0,1.0,62.0,1.0,1.0,1.0,0.0,,0.0,2.0,2.0,1.0,2.0,89.0,,0.0,0.0,0.0,0.0,6.0,0.0,26.0,41.0,51.0,50.0,49.0,34.0,0.0,155.0,3.0,,0.0,,0.0,0.0,48.0,48.0,3.0,27.0,1.0,SERIOUS,1
385004031.0,1.0,857087545.0,0.0,48.0,0.0,-48.0,1183.0,,98.0,4.0,153.0,1.0,62.0,1.0,1.0,1.0,0.0,,0.0,2.0,2.0,1.0,2.0,89.0,,0.0,0.0,0.0,0.0,6.0,0.0,26.0,41.0,51.0,50.0,49.0,34.0,0.0,155.0,3.0,,0.0,,0.0,0.0,48.0,48.0,2.0,6.0,1.0,MINOR,0
627004012.0,1.0,857087694.0,0.0,45.0,-8.0,-44.0,1049.0,,50.0,14.0,129.0,1.0,10.0,14.0,2.0,1.0,0.0,,0.0,2.0,1.0,1.0,2.0,64.0,,0.0,0.0,0.0,1.0,6.0,0.0,33.0,40.0,44.0,42.0,38.0,14.0,-23.0,152.0,2.0,,10.0,,0.0,8.0,44.0,44.721359549995796,5.0,38.0,1.0,CRITICAL,2
385004033.0,1.0,857088222.0,0.0,21.0,10.0,-18.0,395.0,,98.0,14.0,208.0,1.0,62.0,1.0,1.0,1.0,0.0,,0.0,2.0,1.0,1.0,2.0,64.0,,0.0,1.0,0.0,1.0,4.0,0.0,39.0,4.0,3.0,1.0,0.0,0.0,-48.0,162.0,2.0,,330.0,,0.0,10.0,18.0,20.591260281974,4.0,24.0,1.0,SERIOUS,1
627004071.0,1.0,857088345.0,0.0,34.0,12.0,-32.0,944.0,,69.0,2.0,149.0,4.0,62.0,1.0,1.0,,0.0,,0.0,2.0,1.0,1.0,2.0,80.0,,0.0,3.0,0.0,0.0,6.0,0.0,53.0,48.0,43.0,42.0,38.0,13.0,-26.0,140.0,3.0,,340.0,,0.0,12.0,32.0,34.17601498127012,3.0,13.0,1.0,SERIOUS,1
385004131.0,1.0,857088552.0,0.0,,,,,,2.0,2.0,147.0,6.0,6.0,1.0,4.0,4.0,0.0,,0.0,4.0,1.0,2.0,2.0,56.0,,1.0,0.0,0.0,0.0,,,5.0,33.0,28.0,16.0,8.0,0.0,-41.0,172.0,3.0,,70.0,,0.0,,,,4.0,34.0,1.0,SERIOUS,1
561001024.0,1.0,857095509.0,0.0,30.0,-30.0,-5.0,541.0,,98.0,3.0,112.0,1.0,15.0,12.0,1.0,1.0,0.0,,0.0,3.0,1.0,1.0,2.0,72.0,,0.0,4.0,0.0,1.0,,,9.0,30.0,33.0,17.0,12.0,8.0,-57.0,197.0,3.0,1.0,80.0,0.0,0.0,30.0,5.0,30.4138126514911,3.0,22.0,1.0,SERIOUS,1
561001124.0,1.0,857097836.0,3.0,,,,,,65.0,2.0,140.0,1.0,62.0,14.0,1.0,1.0,0.0,,0.0,5.0,3.0,2.0,2.0,48.0,,0.0,0.0,0.0,0.0,,,,,,,,,,,3.0,1.0,330.0,90.0,0.0,,,,4.0,17.0,1.0,SERIOUS,1
561001145.0,1.0,857099823.0,0.0,69.0,0.0,-69.0,1497.0,,51.0,4.0,114.0,1.0,62.0,1.0,1.0,1.0,0.0,,0.0,2.0,2.0,1.0,2.0,80.0,,0.0,0.0,0.0,0.0,,,57.0,60.0,57.0,55.0,35.0,9.0,-21.0,140.0,3.0,,0.0,,0.0,0.0,69.0,69.0,4.0,26.0,1.0,SERIOUS,1
904008611.0,1.0,904425739.0,3.0,,,,,,24.0,4.0,170.0,1.0,8.0,1.0,2.0,1.0,4.0,19.0,6.0,4.0,1.0,1.0,1.0,97.0,,,0.0,0.0,2.0,,,6.0,19.0,27.0,34.0,45.0,62.0,52.0,150.0,3.0,3.0,10.0,,0.0,,,,3.0,17.0,1.0,SERIOUS,1
904008612.0,1.0,904425741.0,7.0,,,,,,7.0,6.0,150.0,1.0,13.0,1.0,4.0,3.0,8.0,28.0,1.0,2.0,1.0,1.0,2.0,97.0,,,0.0,0.0,0.0,,,,,,,,,,,3.0,,,,0.0,,,,4.0,17.0,1.0,SERIOUS,1
904008613.0,1.0,904425744.0,0.0,53.0,0.0,-53.0,2120.0,,1.0,4.0,164.0,1.0,13.0,14.0,4.0,1.0,0.0,,0.0,2.0,1.0,1.0,2.0,56.0,,,0.0,0.0,0.0,,,65.0,71.0,54.0,37.0,22.0,4.0,-50.0,170.0,3.0,,0.0,0.0,0.0,0.0,53.0,53.0,3.0,22.0,1.0,SERIOUS,1
904008630.0,1.0,904429215.0,0.0,22.0,-4.0,-22.0,686.0,,87.0,31.0,340.0,2.0,66.0,1.0,1.0,1.0,0.0,,0.0,2.0,1.0,1.0,2.0,64.0,,,2.0,0.0,0.0,,,2.0,5.0,11.0,28.0,26.0,40.0,36.0,160.0,2.0,3.0,10.0,70.0,0.0,4.0,22.0,22.360679774997898,2.0,9.0,1.0,MINOR,0
904008631.0,1.0,904429225.0,8.0,,,,,,98.0,4.0,122.0,9.0,52.0,1.0,1.0,1.0,0.0,,0.0,3.0,1.0,1.0,2.0,113.0,,,0.0,0.0,3.0,,,,,,,,,,,9.0,3.0,0.0,80.0,0.0,,,,5.0,42.0,1.0,CRITICAL,2
904008667.0,1.0,904435317.0,0.0,37.0,13.0,-35.0,455.0,,69.0,4.0,129.0,1.0,62.0,1.0,1.0,1.0,0.0,,0.0,7.0,1.0,1.0,2.0,72.0,,,3.0,0.0,0.0,,,0.0,9.0,14.0,23.0,30.0,16.0,0.0,140.0,2.0,,340.0,,0.0,13.0,35.0,37.33630940518894,3.0,11.0,1.0,SERIOUS,1
904008668.0,1.0,904435319.0,0.0,33.0,0.0,-33.0,1029.0,,1.0,14.0,193.0,2.0,13.0,14.0,4.0,1.0,0.0,,0.0,2.0,1.0,2.0,2.0,48.0,,,0.0,0.0,0.0,,,46.0,23.0,18.0,2.0,0.0,1.0,-61.0,170.0,2.0,6.0,0.0,0.0,0.0,0.0,33.0,33.0,2.0,9.0,1.0,MINOR,0
