AccX_mean,AccX_std,AccX_min,AccX_max,AccY_mean,AccY_std,AccY_min,AccY_max,AccZ_mean,AccZ_std,AccZ_min,AccZ_max,AccelMag_mean,AccelMag_std,AccelMag_min,AccelMag_max,Jerk_mean,Jerk_std,Jerk_max,GyroX_mean,GyroX_std,GyroX_min,GyroX_max,GyroY_mean,GyroY_std,GyroY_min,GyroY_max,GyroZ_mean,GyroZ_std,GyroZ_min,GyroZ_max,GyroMag_mean,GyroMag_std,GyroMag_min,GyroMag_max,GyroChange_mean,GyroChange_max,Class
-0.05109493945000001,0.7024072939692285,-1.6248639,1.1801066,0.15661339750000003,0.8491583310480033,-1.4181135,1.7221956,0.27410941145,0.6310337296697505,-1.0480223,1.5170336,1.10413363687691,0.6610838819115883,0.0,2.2658304995675795,0.5709692024398245,0.79764443184255,1.9630745612178144,0.0037262780300000007,0.029796777723303015,-0.048716504,0.069791354,0.01472185191,0.06736533068676868,-0.17470746,0.15943582,-0.0027641644200000013,0.06786768008935547,-0.08987355,0.13553573,0.08699360886601339,0.048130639632570936,0.030470348485497088,0.21081562973312823,0.04018155263885573,0.12855965409423117,NORMAL
-0.17938494890000004,0.7290747393104843,-1.9412715,1.1801066,0.18142118200000001,0.9414980588847232,-1.4181135,1.7221956,0.03161359075000001,0.753875821343324,-1.0480223,1.5170336,1.2601381290794993,0.6199544788901526,0.3285162896791925,2.487626542202347,0.5916836135963515,0.7399015835104339,1.4213075592177815,-0.0034513887699999996,0.016677381043141985,-0.029168816,0.028252518,0.02138028299,0.04554337727933552,-0.047647487,0.15943582,-0.027382034170000003,0.03647040211587464,-0.08987355,0.023747386,0.05672627988736704,0.039725860719541234,0.014212671189544208,0.1776681582590889,0.03605651057732061,0.12855965409423117,NORMAL
-0.37761088290000006,0.7430845549993149,-2.3109999,0.73513544,-0.2919280608865,0.6542478295119277,-1.3333063,0.89916474,-0.09976477199999997,0.621031078410758,-1.2268076,1.234169,1.0665224652427407,0.6471756998896495,0.32424696276381315,2.619903378755306,0.5060746582351158,0.6951737050680191,1.8031315003759283,-0.005283984432,0.01901899182145894,-0.04260785,0.028252518,-0.005070180964999999,0.048361044714394785,-0.14538592,0.059864793,-0.0015118912749999994,0.02253219537812245,-0.04466952,0.04024075,0.04707659856010659,0.030565009369112543,0.014212671189544208,0.15269959871107325,0.029322328343537235,0.09261756936904961,NORMAL
-0.20382400425,0.7222761377475811,-2.3109999,1.0180122,-0.1481207770365,0.5574550205026839,-1.2544351,0.70333594,-0.027709434199999994,0.6428087251144594,-1.2268076,1.234169,0.9591957373433905,0.5871924429677542,0.21780672966468956,2.619903378755306,0.40971832355158844,0.5911224366110293,1.8031315003759283,0.005039638608000001,0.03368661572789312,-0.07192938,0.07162395,-0.010934487414999998,0.05091148389677984,-0.14538592,0.0580322,0.039110647325000004,0.05243759788038876,-0.04466952,0.12270755,0.0796145083479862,0.039587069434500355,0.022068035075648987,0.15269959871107325,0.031755072461582365,0.09261756936904961,NORMAL
0.09629316719999999,0.6883533160681593,-0.97506404,1.158198,0.21391094859999998,0.4520221342295996,-0.5823275,0.72823286,-0.22270140909999997,0.5873183281188535,-1.6079884,0.935833,0.9740603471646189,0.3667422528021462,0.21780672966468956,1.677154063356211,0.3252599583275887,0.3791242711672265,0.735784716126431,0.01521054487,0.041809945318395374,-0.087201014,0.082619525,0.023915374299999997,0.09459130144113799,-0.06414085,0.37995818,0.054137931800000004,0.047997748438177716,-0.04772385,0.12270755,0.10136564009430174,0.07819429025760369,0.03654908441149146,0.406651312939421,0.039141386868074377,0.32571667190182035,NORMAL
-0.20823465604999997,1.2348691540182797,-2.8973424,1.8915246,0.25534902176999996,0.6863678476629447,-1.1911907,1.1473792,0.022885603700000024,0.8240073390552713,-1.6079884,2.0005665,1.4770596215905964,0.7023454146885563,0.6114615614966987,2.974100967169006,0.5433620676615767,0.7606754994070021,2.046941588491664,0.008613198780000001,0.08213410117381738,-0.2759584,0.11133019,0.012553280062499996,0.1326836321994639,-0.321926,0.37995818,0.025060745955,0.05584351341586769,-0.06543894,0.16119206,0.12470296064293722,0.10956837186344107,0.025516537435823536,0.4241164384287883,0.09613298335000246,0.32571667190182035,NORMAL
-0.22367730749999995,1.3195674447814265,-2.8973424,2.0955453,0.10828585129499997,0.7587167063725424,-1.1911907,1.1473792,0.17622122559999998,0.8837293397569214,-1.4484472,2.0005665,1.5937879492317748,0.7223089753878175,0.5394600700072405,2.974100967169006,0.628078544752851,0.8488293018556943,2.046941588491664,0.0003665172999999999,0.08788961032492476,-0.2759584,0.11133019,-0.018936823717499995,0.10822473173936462,-0.321926,0.15515977,0.02845104744499999,0.0878421795377054,-0.1259146,0.16119206,0.14218475774140232,0.0842767860263293,0.025516537435823536,0.4241164384287883,0.09373493159234784,0.32288668593422,NORMAL
0.449903648975,1.0328200642912782,-1.1381806,2.6182406,0.21405532505,0.7874419467184716,-1.1211964,2.4308987,-0.052747438999999986,0.9209937903380285,-1.5967312,1.7438354,1.4548880127475086,0.7557340254758168,0.4851172037389326,3.6674218113052146,0.6201163658088678,0.8170201786346006,2.3244726841003818,-0.01527163265,0.08179014528819906,-0.16050485,0.20479257,-0.0011301003799999987,0.0941148436124404,-0.16493362,0.1777618,-0.041034873609999994,0.11566036447514899,-0.22670737,0.15569428,0.15551577056661864,0.07406632756245116,0.05070026462463066,0.3507348535377328,0.04699478065668545,0.20261756604851544,NORMAL
0.573617202975,1.2027759675420047,-1.5332457,2.6182406,0.3886083209250001,0.7402169098549449,-0.950908,2.4308987,-0.27600249800000004,0.7615994508187885,-1.5967312,1.5496607,1.540126645904484,0.81443167144275,0.4851172037389326,3.6674218113052146,0.7229175084062889,0.8776828268245642,2.3244726841003818,-0.022113322749999997,0.07875100028271875,-0.16050485,0.20479257,-0.004245512949999997,0.09380050655772704,-0.17470746,0.1777618,-0.07622071094999999,0.10530618459893556,-0.24930938,0.08055785,0.15612709538774933,0.08414345831296507,0.05413168632802258,0.3507348535377328,0.04645306543746332,0.20261756604851544,NORMAL
0.13231266649999995,1.1261023444518934,-1.5332457,2.5924811,0.16698095240000002,0.7920724545821127,-1.1993814,1.6265585,-0.3978666297475,0.5627861626877843,-1.3592224,0.73049927,1.4090393277379065,0.5802886397174637,0.5337270113827576,2.7405665553058816,0.5857967283450914,0.6916452772462991,1.09033742786992,0.014813482050000002,0.07351732128612828,-0.14156802,0.14553864,0.00116064324,0.06810066714269807,-0.17470746,0.14660765,0.017638733900000002,0.10533447805062986,-0.24930938,0.123929285,0.1304630715471936,0.061492450685829515,0.05413168632802258,0.2781926744484014,0.04724705457196528,0.16133522736816353,NORMAL
0.034600691249999996,0.5743883279901658,-1.0362381,1.2212067,0.09462369405,0.8192819411119866,-1.1993814,1.6265585,-0.04339819634749999,0.9335433950805734,-1.2348099,2.904272,1.2146201382879842,0.5765120980527823,0.2986363210318963,2.9299893908309667,0.5611448670251389,0.7648489065563071,1.8508878436639282,0.026114489195,0.08554420935067482,-0.14828753,0.16997325,0.01820378399,0.06529436804809415,-0.086132,0.16493362,0.024266621499999995,0.06708058663588852,-0.10086913,0.123929285,0.12076542535218296,0.049149054109499546,0.04834653402032517,0.24365317963606015,0.052189097207336985,0.16133522736816353,NORMAL
0.1530907535,0.8033468649861855,-2.2353997,1.2564957,-0.024099942150000015,0.8343793976169839,-2.6225307,1.3255444,0.11608207240000001,1.116017535581403,-1.8939242,2.904272,1.3390862041526737,0.8596440882602125,0.2986363210318963,3.6898886905433095,0.9769673568820278,1.293550203994489,2.865453950450114,-0.025137104704999996,0.08770463670749226,-0.16966783,0.16997325,0.031031954499999997,0.07985532477779399,-0.086132,0.21319197,-0.0477543904,0.05525171295242842,-0.117362484,0.08483391,0.12929559234240645,0.06003182854823888,0.04308257995718043,0.24365317963606015,0.07615398840224205,0.19230915514233,NORMAL
-0.15088643605000002,1.0213022813027584,-2.2353997,1.2564957,-0.21244912519999998,0.7604516456329831,-2.6225307,0.83592296,0.02288711260000002,0.9829643009399399,-1.8939242,2.2954617,1.3459715020976981,0.867526162994219,0.4425885433370752,3.6898886905433095,1.0646395761762126,1.3581051377263775,2.865453950450114,-0.028741209765000008,0.06515420053203097,-0.16966783,0.06490443,0.04126394745,0.08259102524808755,-0.06963864,0.23640485,-0.016752979009999995,0.06843157348715098,-0.117362484,0.104992464,0.11433820434744413,0.07032237048597284,0.018250238648582544,0.26246070981485264,0.06782918015310242,0.19230915514233,NORMAL
-0.247418282,0.9872008087413418,-2.5702531,1.0584856,-0.14787863465,0.5359112711561832,-1.2252504,0.6238576,-0.21594374389999998,0.8522036123004074,-2.0929408,1.0719881,1.266581767231646,0.6602253859513392,0.4425885433370752,2.8087873093793503,0.7661361271910963,1.0135456967445013,2.2917959481738452,0.024984387699999996,0.059415712198836304,-0.09392053,0.13942999,0.015913039335,0.12843783850471804,-0.24556783,0.36041048,0.021273381900000003,0.03770862892529704,-0.031230485,0.104992464,0.11954204712453023,0.0883517122943803,0.018250238648582544,0.3604718605834224,0.07114161879901879,0.27690473911319746,NORMAL
-0.2955651982,0.8964450105074736,-2.5702531,1.0584856,-0.051661739800000016,0.49613937500768585,-1.0760529,0.6690208,-0.27845084105000006,0.8887845012361945,-2.0929408,2.090355,1.229695781199179,0.6514206442491447,0.24328864965485714,2.906280787102659,0.7805964727309536,1.0159550826224528,2.181794898888384,0.029565876865500003,0.05542306284559186,-0.048716504,0.13942999,-0.0049480097150000025,0.1265347172779815,-0.24556783,0.36041048,0.01528690299,0.025117339026209582,-0.031230485,0.056123246,0.11419669893242915,0.08472479881737224,0.02431848343875967,0.3604718605834224,0.066648626564504,0.27690473911319746,NORMAL
-0.3651551496,0.6632348791487012,-2.00992,0.35154867,0.0664562389,0.4927790958443624,-0.8605159,0.9062663,0.12486720695,0.8401084486895525,-0.99978065,2.090355,1.0827017868974935,0.5621131421789142,0.24328864965485714,2.906280787102659,0.6682732023844367,0.8787900205605347,2.181794898888384,0.014752395450499996,0.033117982470553295,-0.04016439,0.069791354,-0.016737707775000003,0.07197941494552879,-0.18448131,0.11911872,0.03501785013,0.036875471077620604,-0.028176159,0.094607756,0.08161351391899765,0.049407261849864534,0.02102235834566451,0.1954724255837631,0.036232731820812936,0.10115440037581684,NORMAL
-0.24437660604999997,0.6589110096738918,-1.289685,1.2453699,0.15218185445,0.46298334693751575,-0.63921416,1.0683217,0.1611742985,0.7383288313105008,-1.2471294,1.1798668,1.047474305440473,0.3915131235749221,0.3285335743445618,1.6924386058360172,0.5047810562606444,0.6348895534265856,1.1276162212722678,0.00934623822,0.027016165519026646,-0.026725354,0.059406646,-0.008155050550000001,0.055929610860822404,-0.15943582,0.08735373,0.0009315691999999988,0.06804711337938749,-0.11797335,0.094607756,0.08032460750574928,0.04312364435993881,0.02102235834566451,0.17978446993642527,0.03393478454393352,0.08615347858178438,NORMAL
-0.18076115794999997,0.6537208037429217,-1.289685,1.2453699,0.11515316245,0.5431042556328588,-1.0454613,1.1605201,-0.12252185449999997,0.8168574375026473,-1.8241887,1.3427591,1.077096619779339,0.48220988957648436,0.3285335743445618,2.136604961565366,0.47140142154275855,0.6127164452588039,1.2788365476523131,0.006719517600000001,0.027507773614460877,-0.026725354,0.059406646,0.029779681024999994,0.11184830105228795,-0.08124508,0.462425,0.00933096655,0.06938050150612467,-0.11797335,0.11537717,0.09945969554914669,0.09348893861486508,0.03171989815751682,0.46636185029018196,0.059462150056143394,0.3763408937912833,NORMAL
-0.034474704499999995,0.6928930080278892,-1.1108165,1.6348356,0.09013232005000003,0.6927939400453605,-1.0454613,1.1605201,-0.015014626700000016,0.9656999691137647,-1.8241887,2.6128063,1.1762009657095744,0.6681456130423948,0.4421975453238678,3.1902034678125486,0.6201181940114117,0.8917182418735853,2.2769438759590526,0.0228158164,0.03689220364689647,-0.048716504,0.0759,0.019456058249999998,0.12279059768223913,-0.12522738,0.462425,0.04253149256499999,0.03465557105548812,-0.025121834,0.11537717,0.10744674843105625,0.0913110315441854,0.04058038888768088,0.46636185029018196,0.06855806415687708,0.3763408937912833,NORMAL
-0.020784072299999998,0.7274950315137662,-1.1108165,1.6348356,-0.129638816,0.7786639392529144,-2.0553443,0.9880246,-0.0007789142000000276,0.8746328972006076,-1.7547369,2.6128063,1.1901029486510804,0.6540687005831618,0.4421975453238678,3.1902034678125486,0.7865155600514078,1.0116867437586257,2.2769438759590526,0.021777345235499998,0.0446890264394631,-0.05787948,0.120493166,0.004092797075,0.06673474796427478,-0.12522738,0.14660765,0.0075289138549999995,0.05217145206686888,-0.11980595,0.083001316,0.0873573966954,0.041425199761717914,0.02047609039155908,0.16274896816979362,0.04459227145144845,0.1064070779622099,NORMAL
-0.16019152909999998,0.6054106396125456,-1.2199274,0.94948334,0.15312364250000005,0.8501887366076569,-2.0553443,1.525346,-0.05142955549999997,0.899608184381918,-1.7547369,1.485364,1.297185792379102,0.4264518485106505,0.664494752406897,2.2170618516423453,0.5442273196090665,0.676210616913497,1.5192807205743,-0.001802052764500001,0.04999817496336615,-0.122020334,0.120493166,-0.004764749174999997,0.09978109646386321,-0.29932398,0.19914207,-0.02316706439,0.07110871386713964,-0.22059871,0.083001316,0.10225415039435973,0.08425312133858628,0.02047609039155908,0.3913407693637044,0.0546422655095282,0.22859180119391076,NORMAL
-0.09870371365,0.7508347506329269,-1.6802438,1.5162001,0.248739643,0.7162931308405744,-0.9497519,1.525346,-0.006679610999999997,1.4017040120850475,-1.8018489,3.5297337,1.611597709958994,0.6189413207555484,0.5515605916004827,3.616090128254734,0.6153030889245091,0.8923550737934793,2.344706027627063,-0.028344147630000004,0.05332044061562547,-0.14523321,0.08323039,-0.0069944078,0.12119763557388938,-0.29932398,0.20219639,-0.022403482205000002,0.07557193544997173,-0.22059871,0.05673411,0.12774449670723553,0.08655070324673511,0.04184350402741111,0.3913407693637044,0.07099622808140094,0.22859180119391076,NORMAL
0.01409697415,0.7438427425274711,-1.6802438,1.5162001,-0.08517415100000002,0.4491966992564105,-0.9497519,0.7844308,-0.028180869000000004,1.256163164206473,-1.8018489,3.5297337,1.2771890567153381,0.7903429975174703,0.4394075988216649,3.616090128254734,0.6046903974163763,0.8905784118695461,2.344706027627063,-0.01649336184,0.05916681756166916,-0.14523321,0.09850202,0.0011911870000000009,0.08880619696082331,-0.093462385,0.20219639,-0.032696561735000004,0.0650076271201491,-0.17478381,0.05673411,0.11653432532968708,0.052262982352627954,0.045634650136860466,0.2319427013652247,0.05838603769648508,0.12489019021205763,NORMAL
-0.4158813725,0.9111677502273171,-2.6852078,0.8975003,-0.326804251,0.6140391770490424,-1.6960604,0.7194964,0.31964388250000003,0.7259278934644549,-0.8474846,2.2115784,1.2115205023107907,0.768921733580486,0.4394075988216649,3.30975375525851,0.6508920842477772,0.9063942403669613,2.566599475484395,0.00827722404,0.045017298275296054,-0.07315111,0.09850202,-0.00485637844,0.064052904870019,-0.18570304,0.1020145,-0.0008399404599999979,0.07855383256105412,-0.14851661,0.17402023,0.09585522016914576,0.052210239701163993,0.019279337897991168,0.19421056097744335,0.050298434564936975,0.1749312230794522,NORMAL
-0.7493819255,1.0773666796745485,-2.6852078,1.1599375,-0.35226216595000004,1.0495411689492757,-1.6960604,2.7709599,0.1610618426,1.144607901266774,-2.804398,2.2115784,1.862973647370217,0.8173743211519355,0.7431542797741152,3.4722414285605896,0.8842096103902278,1.083958639742366,2.566599475484395,0.0232434223,0.0408290477689264,-0.03894266,0.10094548,-0.004581489339999999,0.06678870240297304,-0.18570304,0.08735373,0.059116482430000006,0.0640944130908541,-0.03611741,0.20578523,0.09957844983041483,0.06377742104930556,0.019279337897991168,0.22453501020078875,0.053381941011963516,0.1749312230794522,NORMAL
-0.32912929772499994,0.9919960026370149,-2.6120398,1.1599375,-0.062375766250000034,1.0090995322820524,-1.4759502,2.7709599,-0.0514056434,1.135184263409286,-2.804398,2.0762053,1.611718962899418,0.8231221310366417,0.5491359387079275,3.4722414285605896,0.5547480579286008,0.7386363145369829,1.614342014707867,0.01346957851,0.04373852581740487,-0.06582073,0.10094548,-0.00317649916,0.05230008501021486,-0.12461651,0.08735373,0.03926336296999999,0.055011583847439094,-0.022067508,0.20578523,0.07705366298547181,0.05700198223734424,0.02432232002736608,0.22453501020078875,0.03428074186416396,0.11901252375901825,NORMAL
0.019223885475,0.5408133372957016,-1.1231012,1.0234836,-0.16752666559999999,0.6077248139660207,-1.4759502,0.9024394,0.2167485712,0.7871767628587775,-1.6136904,1.9047852,1.0189195701429175,0.5176877507207636,0.3187729746088184,2.2906293219820735,0.32964594341556086,0.4582138685206538,1.1267139628634026,-0.004306600019999999,0.027099365730073197,-0.06582073,0.04352415,0.019120082965,0.06895649336676155,-0.05131268,0.20647246,0.006093381195000001,0.026125058242190535,-0.050167307,0.053679783,0.06212522981485291,0.050523648931667456,0.00862982268615392,0.2092225378770404,0.04564437731401587,0.16747948183416245,NORMAL
-0.19426729755,0.6381941471000808,-1.9070683,0.90842676,-0.3330192031,0.5648486738189679,-1.6033976,0.79616594,0.27312245835,0.5975596152584289,-0.9060259,1.4169226,0.9895603838818813,0.5363225851337254,0.22118319607985057,2.5030059085358003,0.5659086279707777,0.7322741806533597,1.5003285336355734,-0.02177734618,0.0475029633823012,-0.16172658,0.038026363,-0.0004581481749999977,0.08202034185966987,-0.15149458,0.20647246,0.02096794962,0.05960982532679067,-0.050167307,0.17707457,0.09569933232366465,0.06212122893872774,0.00862982268615392,0.22240011597993609,0.06791401332148703,0.16747948183416245,NORMAL
-0.19794843175,0.6897378302060189,-1.9070683,1.1726547,-0.25602582700000004,0.6737047252787246,-1.6033976,1.1469812,0.2015996476,0.6605898668925992,-0.9060259,1.5790272,1.0553631538104484,0.5887358227684739,0.22118319607985057,2.5030059085358003,0.696525481638266,0.8616496934383289,1.5003285336355734,0.0014049893269999993,0.07495715277127166,-0.16172658,0.17180584,0.004276056929999998,0.08255023943189468,-0.15149458,0.2742785,0.06864598266500001,0.07375243484064631,-0.04772385,0.21800253,0.1261764759037814,0.07807511921118077,0.033636872589244006,0.3513524513732716,0.08344896588001004,0.31771557878402756,NORMAL
0.011295615000000014,0.5344724307526375,-1.0208405,1.1726547,-0.1061648006,0.6309794942779172,-1.2646041,1.1469812,0.26227936644999994,0.6030137669568246,-0.70246124,1.5790272,0.9286455460116592,0.4733496549924856,0.2060734238346641,1.864733293520849,0.5239607505149129,0.6848989569417986,1.2534833361617181,0.018539759186999995,0.055702524418881426,-0.04138612,0.17180584,0.021716259180000003,0.06967429901267219,-0.04886922,0.2742785,0.05300783252720002,0.06485563799604645,-0.023289237,0.21800253,0.09451956631133902,0.08108836491902965,0.024708560406331355,0.3513524513732716,0.06002929821949361,0.31771557878402756,NORMAL
-0.10000493674999997,0.584065922029252,-1.3153015,0.98295546,-0.1350994399,0.664114795158166,-1.4867306,1.0313348,0.149048754715,0.5246013499344325,-0.82794,0.998991,0.9397895517125475,0.42523382131138004,0.2060734238346641,1.6247866844537024,0.4892394863398096,0.5948863643596,1.2534833361617181,0.00842994037,0.037749752117999816,-0.0627664,0.10277808,0.021166480300000002,0.060815947313075235,-0.04886922,0.20952678,0.010888672817199999,0.03686961250038947,-0.036728274,0.1184315,0.06720716130353249,0.048986425925800964,0.016528145537032458,0.23624938386517302,0.03807871676697888,0.16419103280816844,NORMAL
-0.11876078054999999,0.5701797405374871,-1.3153015,0.98295546,-0.15870080425000002,0.6484752813472976,-1.4867306,1.0313348,0.133973169215,0.6318657547702984,-0.86671925,1.352561,1.0023855788294418,0.38401962097013753,0.3191256264852458,1.8645886737049675,0.4220352830016754,0.5307964284299143,0.956402279417029,0.022602013829999996,0.06162680069796492,-0.09941832,0.12904528,0.041538835649999994,0.08863209302643496,-0.09162979,0.2406809,0.009758571789999998,0.038920112607431154,-0.036728274,0.1184315,0.10079406106376002,0.07020259581104746,0.016528145537032458,0.27311693400494474,0.06628971148001991,0.17625611095899096,NORMAL
-0.05163070799999999,0.6100672778463069,-1.0490661,1.3341161,-0.06060795025,0.7417549868353881,-1.1530536,2.0007071,0.11649804009999998,0.8347241686682005,-2.0410929,1.4307556,1.1290504061091498,0.5461305609459125,0.5182428106897082,2.4343285730261357,0.45740853784290125,0.6462530418566601,1.2171344435825926,0.00919352115,0.06103461147730153,-0.09941832,0.12904528,0.00781907425,0.08196637883729126,-0.09162979,0.2406809,0.029520062450000002,0.03713076691831397,-0.039171733,0.09644035,0.09567416038340734,0.0570764265061729,0.0341269701983323,0.27311693400494474,0.04580051826111267,0.17625611095899096,NORMAL
-0.1347678854,0.5801498930349223,-1.1028864,1.3341161,0.028363395850000018,0.6836418411616606,-1.0755312,2.0007071,-0.006845621600000043,0.741442146924232,-2.0410929,1.4307556,0.9853137284654035,0.5930858468724853,0.22996202583644332,2.4343285730261357,0.49346135165969446,0.6672673331680365,1.2171344435825926,0.008338310495000001,0.03679065153373726,-0.069485925,0.061239243,-0.0090713488,0.03369435463255239,-0.0580322,0.080634214,0.0277180103722,0.03437311713723697,-0.039171733,0.09644035,0.06165637978207537,0.025245110843590265,0.018609627986662172,0.10816728011192814,0.024166272372244283,0.08955765212526597,NORMAL
-0.14921842405,0.4357259278433561,-1.2082562,0.3690449,0.035908824599999986,0.4830145075366002,-0.8495319,0.7779546,-0.028525209700000016,0.7291583941851014,-1.2295704,1.6577206,0.8691045162488648,0.4305651959385597,0.22996202583644332,2.2202759021392837,0.456815913534408,0.5937407549084079,1.2256831152938643,0.012247848119999998,0.04614639009034712,-0.076816306,0.09911288,0.002168572145000001,0.04938551775784136,-0.07819075,0.1459968,0.0202654553322,0.03428535811272293,-0.030008756,0.08544478,0.06681220835109711,0.040500022405620006,0.018609627986662172,0.196059274254963,0.04112974929569534,0.12935645216415464,NORMAL
-0.055080073674999994,0.5848999617132158,-1.2082562,0.91260767,-0.006166697449999999,0.6775196130532871,-1.4607712,1.2059914,-0.12314873175,0.8079888538013074,-1.4288893,1.6577206,1.1086683634285825,0.42349343241200466,0.4362696029382131,2.2202759021392837,0.48864081305675117,0.6132295430082533,1.2256831152938643,0.0024129172249999983,0.05351193439392981,-0.076816306,0.100334615,0.004550946564999999,0.05900114752049632,-0.089186326,0.1459968,0.01085813065,0.048667418675652364,-0.13691017,0.08544478,0.08055100841120723,0.04511375671386362,0.022969086228783752,0.196059274254963,0.04947882172188907,0.12935645216415464,NORMAL
-0.147809894575,0.6781962026007632,-1.4319603,0.91260767,-0.20109901619999998,0.7960367802936875,-1.4607712,1.4617133,0.03812875124999997,0.7078127592172042,-1.4288893,1.0593166,1.1932323602790083,0.4037081865240414,0.4362696029382131,2.003126821462071,0.49871140223462984,0.6001659229913978,1.0366996658103882,3.0542600000000794e-05,0.062038994174195984,-0.13729197,0.100334615,0.018600846849999998,0.06812015304198804,-0.089186326,0.20586158,0.0071013088900000005,0.05340788493990394,-0.13691017,0.112322845,0.09093006796628733,0.05527594199469413,0.029039099694405584,0.22661295159426242,0.06630135345921499,0.14611245157338826,NORMAL
-0.06226088055000001,0.7241959613136022,-1.4319603,1.2975018,-0.07222522390000001,0.6816880926714619,-1.3797793,1.4617133,0.023184627000000013,1.1920347087773338,-2.5266414,2.526945,1.3784898692946097,0.6480708544338045,0.5921213843657813,2.8408595331253146,0.7739120054903589,0.9820537504593616,1.9254012999559897,0.0012522733799999988,0.0538942867453756,-0.13729197,0.075289145,0.02208277888,0.062345209118790976,-0.04642576,0.20586158,0.016814066145,0.041241929133858574,-0.05749769,0.112322845,0.08007633174317008,0.05054967739999258,0.03320701933376493,0.22661295159426242,0.05201487792209036,0.14611245157338826,NORMAL
0.2428380657,0.841117052006528,-0.88945293,2.5089524,0.30189455719999997,0.567507207993269,-0.83640265,1.812119,-0.29814857149999996,1.3758168232032053,-2.5266414,2.526945,1.5471345625817927,0.808944347975995,0.41684213015478866,3.435019947018132,1.0820999706112329,1.2814818470268108,2.477593384695478,-0.01713477017,0.04635001563292295,-0.13362677,0.03191771,-0.00375682115,0.06452117838120099,-0.1600467,0.1441642,0.00539088567,0.0331372950110627,-0.08865182,0.058566704,0.07571753871626942,0.04158121319252579,0.03495610723710947,0.1644513829547435,0.03463223576139304,0.10422608649706966,NORMAL
0.17714877599999998,0.8840920945252225,-1.2269511,2.5089524,0.1265311301,0.793443654690969,-1.2884343,1.812119,0.1265428805000001,1.5610410632756124,-1.5888295,4.906192,1.6196970828503094,1.0739038959442015,0.41684213015478866,5.072639740570566,1.225594977419209,1.5357374545713298,3.7877949427819537,-0.03320052655,0.0847208317607052,-0.13973543,0.20906863,-0.0036346477499999996,0.09013446432958754,-0.1600467,0.24556783,0.004321871275,0.04293456262950973,-0.08865182,0.070173144,0.11427604980017816,0.06776977606203667,0.03765664887143026,0.2681972043182841,0.06694552694502504,0.14713747542483835,NORMAL
0.05975249699999998,0.6625586675069699,-1.2269511,1.5699337,-0.08269677950000001,0.7052980499858404,-1.2884343,1.0541723,0.5412074155,1.4170401163423003,-2.0826454,4.906192,1.4424555315341774,1.0361096477108866,0.34012323058377664,5.072639740570566,1.1013624332528433,1.4699174968185436,3.7877949427819537,-0.014935655447500001,0.08952899959417945,-0.13973543,0.20906863,0.0429438265,0.09623571095578759,-0.09712757,0.24556783,0.00862847107,0.04075455356980535,-0.08498663,0.077503525,0.12298205515046386,0.07260501473798966,0.03765664887143026,0.2681972043182841,0.08268415982343291,0.18178289507634904,NORMAL
0.018478268999999985,0.7413022896446859,-1.812112,1.248816,-0.1797266555,0.6751564744964936,-1.5396824,0.8927524,0.35612349694999995,0.9620668377276541,-2.0826454,1.8519249,1.2968159899012395,0.5731963960146546,0.34012323058377664,2.4011889289512,0.7386886547703436,0.9618913717407104,1.8804223660244794,-0.020341812745,0.07182210186337688,-0.12935072,0.14920384,0.034513886650000006,0.17125369910650828,-0.31337386,0.46975538,0.01357647948,0.05918951674244176,-0.05261077,0.22960897,0.15875135828127715,0.11551935490144957,0.01718397859437107,0.4928954271476854,0.11046283910719412,0.4110307581902883,NORMAL
0.11015550199999997,0.8196030774750638,-1.812112,1.357024,-0.14600642785000004,0.6504771108072317,-1.5396824,0.8927524,0.15597584594999997,0.9368099754568944,-2.5390754,1.8149834,1.2723516041115546,0.57377828811348,0.5553376313443386,2.7696220386199406,0.6851591198510218,0.8706366515853393,2.1967424809721035,-0.021441370247499997,0.07106248722662176,-0.12935072,0.15897769,0.0014660785600000067,0.17412049557670414,-0.31337386,0.46975538,0.0013286317100000013,0.06010089836657504,-0.076434515,0.22960897,0.15221557566064065,0.12279641039403073,0.015075854735250643,0.4928954271476854,0.11801220475180144,0.4110307581902883,NORMAL
-0.007031094599999998,0.7310151875072889,-1.2352134,1.357024,0.06548557914999999,0.5331429274226699,-1.1656574,0.7544526,-0.019374298500000015,0.859188834526487,-2.5390754,1.6423712,1.0855693717930757,0.5668387282919443,0.37550507433566616,2.7696220386199406,0.6430033089648385,0.8794329718336241,2.1967424809721035,0.008185594760000001,0.04799750482276252,-0.06765333,0.15897769,0.0098043881,0.10183991776525197,-0.1563815,0.23151793,-0.0021227564949999997,0.03540538326312401,-0.076434515,0.061621033,0.09859668574817133,0.06222680588125495,0.015075854735250643,0.2815630521660728,0.06841439581491529,0.21003735782880822,NORMAL
-0.06922764949999996,0.7115168082040172,-1.2352134,1.6583589,-0.05783621919999998,0.4590484128865517,-0.7320719,0.7544526,-0.07716941399999999,0.596521670959157,-1.0803804,1.6423712,0.9098758142984791,0.4649814353850532,0.35107966443877786,2.1821958762963365,0.5607751572058696,0.7246129635177498,1.8066908019606704,0.012736540610000003,0.037569271738735394,-0.04627304,0.094225965,0.011117747689999999,0.08479155132758567,-0.1563815,0.15515977,0.00438295848,0.028179436194562264,-0.048945576,0.061621033,0.08827928581476405,0.038895039357009914,0.02954389711045756,0.1825069967060177,0.03805293473589534,0.11232371573074147,NORMAL
0.25344437175,0.7625302274406548,-1.325272,1.6583589,-0.26392995099999994,0.43895364124520075,-1.4718277,0.34203526,-0.13693503599999998,0.6437251511424871,-1.0908899,0.90140915,1.0276716487646973,0.48733889245671713,0.35107966443877786,1.9617200325952062,0.5534964984039715,0.6558584991429575,1.3236732434183942,-0.0098349305,0.041978243519623634,-0.09025534,0.094225965,0.010690141949999999,0.1058466280634752,-0.2602286,0.18081611,0.0046273042200000005,0.02143404504589111,-0.048945576,0.043295074,0.09492769155041868,0.06468543485378632,0.023812607146935297,0.2664117280067684,0.062040433666123586,0.22219745373660493,NORMAL
0.1801933261,0.6651039243786947,-1.325272,1.4017797,-0.1143583623,0.6039915767434115,-1.4718277,0.63656104,0.016870073499999992,0.6942056317195595,-1.0908899,1.4502983,1.0400903376991988,0.44565758275072986,0.42822778650165383,1.9617200325952062,0.4140977221687918,0.49975565752442785,1.0298011878634874,-0.011331550399999998,0.033509262042566115,-0.09025534,0.061850104,0.0051312674,0.1113907370247075,-0.2602286,0.18081611,0.005207625895,0.021889347322211074,-0.033673946,0.043295074,0.09647969831142042,0.06635578792307935,0.023812607146935297,0.2664117280067684,0.07131101752489484,0.22219745373660493,NORMAL
-0.07093826155,0.5386574540009298,-1.5372773,0.5952276,0.20644895243500003,0.6118413457610984,-1.0120957,1.2013156,0.108453179,0.7900140367107072,-1.4083242,1.4502983,1.066257587616266,0.39296836080754516,0.42822778650165383,1.7683147271914803,0.34823839506764254,0.40628554671143935,0.702796992128909,0.01591303955,0.05462687980786534,-0.041996986,0.21456642,0.023029617909999998,0.11835032742375107,-0.13988814,0.3213151,0.026923885350000003,0.03672610759536355,-0.033673946,0.106214195,0.106806342322015,0.08899205641660449,0.03450484706790156,0.3910629329406156,0.0762153656136367,0.31352616326229277,NORMAL
0.07336405399999997,0.6082854771062043,-1.5372773,0.73136485,0.02881171658499998,0.7788580412059983,-2.1235468,1.2013156,0.049327804,0.7421228900247164,-1.4083242,1.3790188,1.130848131081501,0.4362962746642671,0.4352576079131342,2.1300054111794187,0.44432068143302483,0.5814420939574036,1.445154133827568,0.024068090952500003,0.05692332459358167,-0.0627664,0.21456642,0.032375856810000006,0.10559109387533175,-0.1020145,0.3213151,0.026984972059999994,0.03488783957655485,-0.020845776,0.106214195,0.10072089736018945,0.08606924220017441,0.03450484706790156,0.3910629329406156,0.06313874482310093,0.31352616326229277,NORMAL
0.24307890599999998,0.7401346216714879,-1.2345526,1.6153026,-0.2201616856,0.701931905242369,-2.1235468,0.98366845,-0.1845809217,0.7551935434757471,-2.2102976,0.7703209,1.1577357172714822,0.590771437292185,0.19304584505555303,2.2525884013057405,0.46772308639559335,0.6250969638863869,1.445154133827568,-0.008521570322500002,0.06393632213801857,-0.17577648,0.08506299,0.0010384707500000004,0.05865079948609961,-0.1160644,0.1001819,-0.020693060224999997,0.04059521381417738,-0.12713633,0.024358252,0.08551180021301066,0.0447987811618008,0.031057124153729958,0.18181229893879375,0.0443761404299631,0.12340250202838886,NORMAL
0.18969993500000001,0.875874018600572,-1.2345526,1.6153026,-0.16002578533499998,0.44333143201491304,-1.1505759,0.6795253,-0.012781786199999983,1.193075025342758,-2.2102976,2.6271086,1.352099365954942,0.726458434036698,0.19304584505555303,2.961739349637219,0.8042703845904533,1.104482010499942,2.646806187505878,-0.014966198779500001,0.09446843279621901,-0.17577648,0.2817616,-0.038270708175,0.1108415512633688,-0.25961772,0.23579398,-0.046807549135,0.11624218862550996,-0.48327076,0.09521862,0.14533191369783666,0.12873668511660494,0.011392729004533121,0.5486064071308594,0.12371910770260759,0.4203565878622807,NORMAL
0.27874309482150006,0.7451984405293196,-1.1504489,1.3930573,0.15135585043500002,0.46690523335303324,-0.7038464,1.0866545,0.15529499249999998,1.137909734059556,-1.4692621,2.6271086,1.2875918667967852,0.6740153148461688,0.24877971896994558,2.961739349637219,0.9190353607226763,1.1828111247902866,2.646806187505878,0.002229658455500001,0.0804086965585118,-0.14401148,0.2817616,-0.04071416932500001,0.11062232956265296,-0.25961772,0.23579398,-0.022678371830000005,0.11795003624865201,-0.48327076,0.09521862,0.12906311083878325,0.131805090528384,0.011392729004533121,0.5486064071308594,0.11609446016538187,0.4203565878622807,NORMAL
0.39474779507150004,0.6563244747820689,-1.0390513,1.3930573,0.08232305402000001,0.7277526042907168,-1.6591148,1.0866545,-0.13116407550000003,0.7857927743599088,-1.3426485,1.7863369,1.2379858235678316,0.39224210849886526,0.49586352362835573,1.8481598276411257,0.4724219115099556,0.6268598673816891,1.35229630401277,0.00901026246,0.032863546017442895,-0.04138612,0.100334615,0.009957102350000002,0.09759890326126912,-0.112399206,0.2510656,-0.009483682575000001,0.034287819619456476,-0.05749769,0.06956228,0.08885955224808431,0.06127076591237289,0.020428197766010216,0.2521928937141472,0.06796711597362755,0.2058512941504388,NORMAL
0.1594924572,0.6199392578184427,-0.7985405,1.2970872,-0.25664685384999997,0.6363350536684713,-1.6591148,0.98906744,-0.10857925670500002,0.5328287545583742,-1.3043566,0.99902534,0.9745409530725752,0.4265660059764584,0.17956813172785852,1.7621141524662545,0.35335409446600063,0.4267164654868483,0.7296549344490217,0.022724187367,0.033492187873527285,-0.02855795,0.100334615,-0.007422013349999999,0.10542882918473744,-0.16920967,0.2510656,0.09433286707,0.1911259258541656,-0.05749769,0.51732653,0.1799715708176979,0.1569719333809151,0.04740636153294927,0.5266550897365699,0.08338360694233973,0.20842730217224575,NORMAL
0.032873465250000046,0.7597843222643078,-0.91252375,2.5152426,-0.33056630935000003,0.853833416077434,-2.16608,1.3911144,-0.019102004204999967,0.9707244263303982,-2.3041115,2.2836838,1.2665246482733334,0.8225852063285,0.17956813172785852,3.2187893462224038,0.6915796673295374,0.9464487466490544,2.2070796507635344,0.017409660187000003,0.11774269530450344,-0.2875648,0.24755314,-0.0168904204,0.18608721236353873,-0.37018433,0.535118,0.02884811326500001,0.3017341900559283,-0.5614615,0.51732653,0.3093403517034021,0.20075565575047952,0.048045544042969575,0.6453521865235368,0.14684804157063053,0.37054868310567207,NORMAL
-0.33818442020000006,1.0197166214246185,-1.922281,2.5152426,-0.4254811143,1.037587818211564,-2.3056333,1.3911144,0.25321082660000005,1.0967418927174717,-2.3041115,2.2836838,1.753568568890861,0.6788585334081862,0.859958721258533,3.2187893462224038,0.789253904914459,1.0054211946346765,2.2070796507635344,0.029840767749999997,0.12685242717061568,-0.2875648,0.24755314,0.0016798817249999935,0.20397285707421237,-0.37018433,0.535118,0.10673343120000003,0.3465360888412567,-0.5614615,0.5264895,0.38498471236151843,0.18628396348494627,0.048045544042969575,0.6453521865235368,0.1442982659231454,0.37054868310567207,NORMAL
-0.38572998950000004,0.8870793993024159,-1.922281,1.095551,-0.06323856494999999,0.8629484374108269,-2.3056333,1.1317163,0.3212999313,0.6443372896728427,-0.6483774,1.5529861,1.2958954271546215,0.6697193578234059,0.16835332322504576,2.728870886057342,0.647501944026525,0.7868153290742198,1.8165779795923704,0.035643986950000005,0.06114851105678008,-0.07315111,0.16752979,-0.028924469937499996,0.11034804607603504,-0.32803464,0.1826487,0.25312728631,0.17950835342816274,-0.0031306844,0.5264895,0.281599841843034,0.18528554779856224,0.008646022791582124,0.5560033659191783,0.06225990154545989,0.16955657316192535,NORMAL
-0.05967596085000002,0.6628748808899896,-1.6376058,1.095551,0.23963660869999998,0.6567132116440083,-1.5124228,1.1407373,0.21805262434,0.6304644682175532,-0.83405304,2.2214575,0.9825171151227297,0.6051939627879628,0.16835332322504576,2.261197061200538,0.7437407721483094,0.9488174903360574,1.8925852369980827,0.03891211634,0.06532109487824876,-0.117744274,0.18402316,-0.0386066829625,0.09178582200372604,-0.27122417,0.12522738,0.096226547485,0.1465168376576501,-0.34460434,0.26259568,0.18279264210339408,0.10907148868444817,0.008646022791582124,0.44198878208928855,0.08415585411784196,0.3318116891856899,NORMAL
-0.49121059735,0.8124902852899146,-1.8697839,1.3606005,-0.62504267215,1.2485830096773654,-3.578845,1.1407373,0.42994766263999995,0.8867683425891142,-0.83405304,2.9794712,1.6128031093365383,1.0617128667180282,0.2929526486244116,3.945165584324411,1.0275608089018955,1.3802006093288404,3.4705622304413173,0.05839871771999999,0.09530884343470876,-0.117744274,0.2817616,0.01661553473,0.202374569071843,-0.27122417,0.59559363,0.10300715272499998,0.15543494379601086,-0.34460434,0.34567338,0.24036279021529686,0.16862287175525753,0.013268972902262895,0.655328132555482,0.13253691590474698,0.3318116891856899,NORMAL
-0.05777781100000001,1.0517626340401334,-1.8697839,1.5990479,-0.7639396061999999,1.150001983004644,-3.578845,0.7626747,0.2484162115,0.9361918994506588,-1.7974648,2.9794712,1.6597482004815975,1.0431706580774356,0.2334217268010236,3.945165584324411,1.0052606095207082,1.3392139409253077,3.4705622304413173,0.0031459557500000033,0.10682834762925379,-0.14523321,0.2817616,0.051923545905,0.18608939768044233,-0.23335053,0.59559363,-0.028176159450000005,0.23737035496341596,-0.49793154,0.34567338,0.25871492407918983,0.18871691029191073,0.04624688839475431,0.655328132555482,0.1260405745591126,0.307586520671201,NORMAL
0.27478569455,0.6633939541575182,-1.072531,1.5990479,-0.0821972327,0.7390628223346335,-1.7443461,1.1964908,-0.0645690195,0.7504498914085131,-1.7974648,1.2094545,1.1131921752149514,0.5796934888215903,0.2334217268010236,2.308309877587604,0.6267275517658695,0.773515346361731,1.5645485903441902,-0.03573561719999999,0.057230462966570764,-0.14523321,0.03924809,0.011606439445,0.07442983694712763,-0.12095132,0.17104226,-0.07921395179999999,0.18377534983595947,-0.49793154,0.087277375,0.16395296541930476,0.14961388727965916,0.012785602638464389,0.5270479890855049,0.07905142590582273,0.21126014144053118,NORMAL
-0.08701525604999998,0.5309934198366707,-1.1214677,0.71410704,0.1872984595,0.7837756608490475,-1.069015,1.6791232,-0.019422009,0.6361431224935602,-1.6276379,1.2094545,1.0252696815516271,0.4896198465715909,0.3791235938825476,1.9312583162659112,0.43987296877852333,0.54140923235458,1.0716566367955693,0.0010384706,0.046469089107199775,-0.1226312,0.08689558,0.008307766985,0.066915878071546,-0.12095132,0.14477506,0.0316886342472,0.0296220749679966,-0.009850202,0.087277375,0.0767993336183787,0.04936415384233227,0.012785602638464389,0.18173197961087642,0.053438842128578815,0.12848880244666386,NORMAL
-0.1372336716,0.6438952267459345,-1.9584488,0.71410704,0.2052839803,1.1094260922809946,-2.573743,1.7533877,0.12893512011499997,1.0560428616387099,-2.7402616,1.9661274,1.3921925696565243,0.8956149655052407,0.3791235938825476,3.7557160299883483,0.5275623441413082,0.7345442447000394,2.0154502549431115,0.0124311079,0.03304674298921795,-0.02977968,0.08689558,-0.011881329034999997,0.0841498096395954,-0.17104226,0.14477506,0.009147706827199998,0.031178955189405166,-0.08437576,0.053068917,0.0816974199509727,0.05018959025561044,0.02100904190142288,0.18500554207520514,0.05169332353974034,0.13180371365170965,NORMAL
-0.24570358600000003,0.7236950839155862,-1.9584488,1.102657,-0.04370123734999999,1.0450563962163426,-2.573743,1.7533877,-0.010120107385000032,1.2620377717365696,-2.7402616,1.9661274,1.5387737181037127,0.8842147008026352,0.4430563722306313,3.7557160299883483,0.7534403979020439,0.9946617322562481,2.0154502549431115,0.0007330381200000002,0.04421010144423042,-0.10980303,0.08017606,-0.013927727649999996,0.09483377508805416,-0.17104226,0.2125811,0.056031615105,0.16881513861269837,-0.08437576,0.73112935,0.13244592598933314,0.15649563661267796,0.018622155814498043,0.7656167782290015,0.10946855247476624,0.6920929147683859,NORMAL
-0.13706235500000002,0.79229129406372,-1.907216,1.4776874,0.11351924185,0.8448194604113777,-1.2963747,1.7707328,-0.15373194275000004,0.9351267898840343,-2.1830459,1.862299,1.3622184458905622,0.5664100015828243,0.4430563722306313,2.670414968352135,0.7002566943402272,0.8823126478070806,1.8580893335610504,0.004581488732,0.04582534109481293,-0.10980303,0.08017606,0.0173485728,0.07470990805729233,-0.081855945,0.2125811,0.060063325525,0.16824997101014927,-0.08071057,0.73112935,0.12185336061648311,0.1565127549550072,0.018622155814498043,0.7656167782290015,0.10478128932623791,0.6920929147683859,NORMAL
0.5513388725,0.9590786959642744,-1.0642374,2.0136995,0.2591225559,0.8517584962471543,-1.2963747,1.7707328,-0.048943041749999985,0.7779507796284437,-1.0935163,1.6295185,1.498594517919535,0.5288858648974587,0.593472821734634,2.598681416470557,0.7494106369362177,0.939116516460171,2.0052085947359233,0.004062253327499999,0.03570924077866136,-0.09819659,0.078343466,0.016157386250000003,0.10498906505077467,-0.13194689,0.2864958,-0.013209961395,0.046952622443681355,-0.086819224,0.07811439,0.10163389513360284,0.06407150416397564,0.025388255649597794,0.29023530046945034,0.07938711989122361,0.24541020269261968,NORMAL
0.7068460049999999,0.8910172862851704,-0.6472831,2.0136995,-0.09094488909999998,1.1506405937982414,-2.1030433,2.3416188,-6.284579999998874e-05,0.7340272865517097,-1.0935163,1.5069828,1.6076888314873685,0.6860155198169076,0.5696293161445459,2.913526988634231,0.8426765838081091,1.0662303399351614,2.0052085947359233,-0.0074220130594999986,0.03298398446366482,-0.09819659,0.036193766,0.011698069090000002,0.11686881055185123,-0.13194689,0.2864958,-0.021578814545,0.04200458752593864,-0.086819224,0.07383834,0.10665329786235547,0.0723133932449046,0.025388255649597794,0.29023530046945034,0.08378021358562707,0.24541020269261968,NORMAL
-0.010953992000000015,0.7619167962725358,-1.0512913,1.9405804,0.1166318645,1.1887271024171941,-2.1030433,2.3416188,-0.10021773829999998,0.8160868329271803,-2.34524,1.5069828,1.4562562422010141,0.672538027765759,0.4909358805471184,2.913526988634231,0.7796237406349488,1.0172798000296255,1.827030991100042,-0.01078177136,0.036047260761228314,-0.07437284,0.05757405,-0.0210748517,0.09217377034392142,-0.20280726,0.19425514,-0.0002596174999999999,0.03733944152300113,-0.07032586,0.07383834,0.08917366906223267,0.05838782149568179,0.025327552934888906,0.21673308232823146,0.0668807622367264,0.19140552939334254,NORMAL
-0.4043811718,0.6021622139724472,-1.4025836,0.6682217,0.4610732542500001,0.5890453462611395,-0.7805097,1.6957283,-0.12542873600000004,0.771857638249495,-2.34524,0.8199158,1.1906170711656796,0.4750037150946429,0.432379035759289,2.371237192447154,0.5941814412111877,0.8503553408164463,1.7904375849470864,-0.011606439569999998,0.042391015509528854,-0.10186178,0.05757405,-0.035308011539999996,0.13778478734258232,-0.50579643,0.1001819,0.012140946474999997,0.053291600801219224,-0.09720393,0.12087496,0.112841810858336,0.10875395663752638,0.020902200151540776,0.5250280514724506,0.10198955898709225,0.47346661839195064,NORMAL
-0.24264449659999995,0.8047989063989338,-1.8096787,0.6682217,0.19910760725,0.6586865131507753,-1.4094648,1.3405201,-0.027652832199999998,0.6362342467882032,-1.2825317,0.86803246,1.1170957153766918,0.5265849169166548,0.28778365449327165,2.318692953855035,0.6043128493422486,0.8839079384140772,2.0309092993617632,9.163009999999995e-05,0.046991257750083844,-0.10186178,0.09666943,-0.01404990091,0.13879828040760156,-0.50579643,0.14355333,0.010583240275000001,0.051149935868107205,-0.09720393,0.12087496,0.11133897481245363,0.10661307226070044,0.020902200151540776,0.5250280514724506,0.0966895195948911,0.47346661839195064,NORMAL
-0.044581397799999985,0.8050381302652754,-1.8096787,1.1042683,0.041633041,0.6559263892744834,-1.4094648,1.3405201,0.04465332048000002,1.1738081051190499,-2.941308,3.2046804,1.2793857437507778,0.8597616386149507,0.2809078557685958,3.404845909325937,0.9556825267157336,1.3098197438890682,2.6471309134415377,0.020341812655,0.060483770342375426,-0.0664316,0.16691893,0.00992656054,0.10271543393627591,-0.13255776,0.18997909,0.023472497505000002,0.08041652962228361,-0.08132143,0.3206279,0.12185640913943627,0.07851306604667,0.022103938441389238,0.36712154402796554,0.0832910648310559,0.23723856745727476,NORMAL
-0.11952694400000001,0.693627240337707,-1.3559704,1.1042683,0.037681117500000014,0.7796653928653327,-1.3212717,1.4142807,0.017319726180000015,1.2259772966837776,-2.941308,3.2046804,1.3914809873427583,0.7554737355309964,0.2809078557685958,3.404845909325937,0.7582997757863982,1.111316979212836,2.6471309134415377,0.01139263657,0.06666475877594556,-0.0664316,0.16691893,0.011911872099999995,0.09186279718747851,-0.13255776,0.18997909,0.03672827275499999,0.11198009001921846,-0.08132143,0.3554472,0.13206155354506174,0.0936498286379676,0.03952528579759601,0.36712154402796554,0.09965200224643958,0.317699288695071,NORMAL
-0.29199346499999995,0.606802073384944,-1.527012,0.72677374,0.09118395450000003,0.899688646122244,-1.188516,1.7030935,0.051974302999999986,1.2339652821544933,-1.9445143,2.532301,1.5246144379110902,0.5957124334027587,0.8828513503339246,3.056720472975318,0.6343910907171427,0.8191534854703606,2.0395787797501663,-0.00959058505,0.08882455297722132,-0.25579983,0.105832405,-0.029443704199999997,0.1478159164619708,-0.49418998,0.16126843,0.0163559146,0.17431400075472608,-0.39958224,0.44585526,0.17819868347673123,0.16730098170940486,0.04533006279063806,0.6850717158691102,0.14057477059985227,0.5485681699080576,NORMAL
0.05891588099999998,1.264106443019862,-1.9500135,3.7569857,0.20220181005000004,1.076267069011334,-0.93309855,3.6508338,0.7788233210000002,1.889581494582993,-1.9445143,4.57467,2.243656768864057,1.3088440634427607,0.8828513503339246,5.647902231229607,1.1200637866254473,1.6147070409777593,3.9235244426331657,-0.047280971129999995,0.11772441512972351,-0.26068676,0.11071932,-0.021105394,0.2674557833963658,-0.49418998,0.5338962,0.025641067674999997,0.1687052345812748,-0.39958224,0.44585526,0.2888344957912898,0.17190407954521286,0.08260318791078596,0.6850717158691102,0.16124050800770165,0.5485681699080576,NORMAL
0.27391730564999994,1.4428740386550707,-1.9500135,3.7569857,0.09919034500000004,0.9530448617738742,-0.9538002,3.6508338,0.6804750294000002,1.7069318162450577,-1.6826358,4.57467,2.0790542635972593,1.389454820596304,0.6384760825799062,5.647902231229607,1.2795282478395513,1.7710209772870005,3.9235244426331657,-0.037537669815,0.11241599652411341,-0.26068676,0.15042557,0.0032375848500000083,0.2408178801401804,-0.37507126,0.5338962,0.026313020969999996,0.07387884414654436,-0.06727154,0.20395264,0.23116228504912223,0.14853738984291437,0.024572263487063407,0.5958171743335098,0.12429541316626218,0.32210995037527074,NORMAL
0.08224814065,0.9998350075195405,-1.6916411,2.397728,-0.08795975955000002,0.6657242604414427,-1.3209407,1.4503697,-0.1713246846,0.9286714115618939,-1.5054827,1.8362999,1.3672324313331115,0.6194685794387478,0.6384760825799062,2.740640081034661,0.8662115296426858,1.1806426777051757,2.727959449519281,0.0026878071419999994,0.07381333094958006,-0.11102476,0.15042557,-0.033811391425000004,0.09561867148663493,-0.18692477,0.23945917,-0.008414668755,0.03633832159871116,-0.082543164,0.05795584,0.11153648367640712,0.0640482971306651,0.024572263487063407,0.27532041052734807,0.07736229927588198,0.3204967638061617,NORMAL
0.5119483280000001,0.8302819152635776,-1.1532524,1.8904705,0.24466944299999996,0.9022551786766091,-1.3209407,2.2008758,-0.30613084100000004,0.8633032796036357,-1.5054827,1.4816561,1.5109207023873332,0.5322026896070443,0.649175346896149,3.0617235476658533,0.5819647191517512,0.8185979049084299,1.8562528297405332,0.015118914851999999,0.05458116404132706,-0.08109236,0.11438452,-0.024862215574999996,0.0890854337854256,-0.17592919,0.18875736,-0.027076601474999996,0.03276904618816343,-0.082543164,0.026801713,0.10092586957740664,0.05412942090912624,0.03264603631271803,0.221378255111881,0.058859462238449935,0.1453702618667861,NORMAL
0.33846489049999995,0.9918403571479005,-1.2283206,1.8904705,0.23604488153500003,0.8547683691273488,-0.920075,2.2008758,-0.06035461799999999,0.7685434848598163,-1.1924944,1.4755201,1.4375167560234499,0.5593675977686036,0.4132588490054739,3.0617235476658533,0.5385644561147684,0.7149391662028156,1.761641227326845,0.017104226949999995,0.0509388573924954,-0.095753126,0.11438452,-0.0011606443049999998,0.10917184503150779,-0.2144137,0.18875736,-0.017669277055,0.03416973533595506,-0.07154759,0.05245805,0.10962000440299188,0.0605792037133092,0.03264603631271803,0.23673280576026937,0.06570791341017657,0.1794519200504353,NORMAL
-0.1077823215,0.7003563828219068,-1.2283206,0.8454958,-0.210662626465,0.617047143986857,-0.920075,1.5135759,-0.1550878055,0.8900851305867498,-2.008409,1.4755201,1.2052971135114698,0.4675014867620292,0.4132588490054739,2.215901340591046,0.4491479205899429,0.5618406728891255,1.2143989889670406,-0.004153883049999999,0.042106334454008895,-0.095753126,0.063682705,-0.022174407255,0.1059255658035046,-0.25717425,0.17470746,-0.007284568325000002,0.026321058632123962,-0.048945576,0.05245805,0.09673629204344317,0.06653675270388486,0.017496018056626813,0.2598783324995361,0.0698325030825067,0.20549390403566953,NORMAL
0.14877796350000003,0.6978681435499874,-1.6387607,1.31793,-0.1307433062,0.6345245817492808,-0.9097456,1.586259,-0.31328136850000005,0.8719382512039132,-2.008409,1.3000374,1.2238844645221745,0.46668207052433236,0.5833401324073241,2.215901340591046,0.4933326693307268,0.6071586066678004,1.2143989889670406,-0.013316861507999999,0.04163115505541062,-0.09330966,0.05757405,-0.03430008191,0.06940084187782877,-0.25717425,0.06719518,-0.024113905895000003,0.026162900846171094,-0.09476047,0.018860465,0.0788998221437762,0.05213902349711117,0.017496018056626813,0.2598783324995361,0.053360048592415076,0.20549390403566953,NORMAL
0.2717822902,0.6819830893957721,-1.6387607,1.31793,0.1142516925,0.6486482320869053,-0.83327025,1.586259,-9.372075000002589e-05,0.8402192208794048,-1.6048036,2.315651,1.1713298639222889,0.4889608028655563,0.5833401324073241,2.4381581158466012,0.5721802120445221,0.7495973656069546,1.5977009134710494,-0.014782938992999997,0.04650837729668538,-0.09330966,0.09911288,-0.037232235909999994,0.03635463979705369,-0.10873401,0.020158553,-0.0211206663428,0.03910917605984662,-0.09476047,0.08116872,0.07482694601832213,0.035766658773174406,0.01619171054661921,0.13619703022652585,0.04492765747429497,0.09099264803227093,NORMAL
-0.056547722099999996,0.7472457739904282,-1.7863259,1.0090055,0.22012203135,0.5187224497519694,-0.83327025,1.0383645,0.044394256050000004,0.8003544146298616,-1.389576,2.315651,1.1053008085982026,0.4883354335758751,0.6085699680325539,2.4381581158466012,0.5662518281796156,0.7708427209139704,1.5977009134710494,-0.004001167994999999,0.039286607037691317,-0.08964448,0.09911288,-0.028649579700000004,0.056632979666368204,-0.10873401,0.13316862,-0.0234114107678,0.0413514671863547,-0.09048442,0.08116872,0.07925691687369112,0.036141315840829906,0.01619171054661921,0.14594320646256936,0.051481152855950243,0.09865900729638091,NORMAL
-0.2343185846,0.6596551977578398,-1.7863259,0.59433246,-0.029531249349999993,0.5114046956849134,-0.8327563,1.0383645,-0.06323859870000001,0.9273088459015418,-2.4485507,1.7195873,1.1213163910306088,0.5440378584100988,0.5983175397472223,2.4979188910536227,0.541884841135367,0.7391855081099713,1.5684586919535517,0.005406157215000001,0.045330456730725624,-0.11346822,0.07040222,-0.0256868833,0.08123733531102416,-0.21135938,0.13316862,-0.026343563495,0.032605257365819935,-0.06849326,0.051236324,0.09227709844138757,0.047011172534452215,0.017036768993927674,0.24347412388603273,0.05774584320609818,0.22643735489210506,NORMAL
-0.06666679380000001,0.5647465148909965,-1.1193348,1.0279665,-0.12051426949999997,0.6724526280857935,-1.4371053,1.0920073,0.06343562849999998,0.9312017980253743,-2.4485507,1.7195873,1.1543704874376088,0.5096702353940649,0.5983175397472223,2.4979188910536227,0.540211951870072,0.6976323473619661,1.5684586919535517,-0.00015271659499999907,0.04887223434629459,-0.11346822,0.07040222,-0.021410826225000002,0.07293813346443295,-0.21135938,0.1020145,-0.00542142886,0.02161268805952769,-0.041615196,0.051236324,0.07597533456131343,0.05111785531275985,0.017036768993927674,0.24347412388603273,0.05032777534361754,0.22643735489210506,NORMAL
0.023786042349999988,0.7045881469966674,-1.1193348,1.495372,-0.07622816350000002,0.8609697731586028,-2.0831609,1.0920073,-0.14760103225,0.890553430119309,-1.781662,1.2456675,1.2811048768419666,0.5769171664510222,0.6374014746325783,2.7637848298584515,0.6684656206946571,0.7852577220992926,1.2455590922013093,0.00134390358,0.03144650996897792,-0.051159963,0.06918049,-0.009529497275000002,0.052869579585508246,-0.122783914,0.1020145,-0.00581849143,0.019996072663677485,-0.053221636,0.021303926,0.05508167116442253,0.03351675430701612,0.01702855292656143,0.14496738212850818,0.03779582867147174,0.09656299701342944,NORMAL
0.47953238434999995,0.9780103357794654,-1.1188501,2.1643002,-0.01333609229999998,1.0027803235000121,-2.0831609,2.0486767,-0.41080027245000006,1.2886046218295835,-3.5061235,1.730339,1.7744789826654785,0.8532020832616922,0.6374014746325783,3.6475154396219756,0.7520051967174541,0.9189400053063832,1.743415414880357,-0.0016187917250000002,0.052083447177941465,-0.1470658,0.07223482,-0.036407568,0.09104284815549782,-0.21930063,0.10567969,-0.089690291065,0.15487345918892956,-0.6659195,0.021303926,0.13982770788330076,0.15579541998379387,0.01702855292656143,0.7048116173979252,0.1087290701489565,0.6671983485357018,NORMAL
0.050289772499999955,1.205325361854417,-2.3113582,2.1643002,0.18287711820000002,0.9439688807708377,-1.452389,2.0486767,-0.042562652200000016,1.5228118920711644,-3.5061235,3.1850185,1.9188738915105321,0.9092553790565019,0.4022250319414357,3.6475154396219756,0.7579393541263304,1.0403204505388024,2.8641038332480946,-0.0027488926199999994,0.05281958154239365,-0.1470658,0.07223482,-0.038117990799999994,0.09200868314469526,-0.21930063,0.10567969,-0.07787004836,0.1610839774291639,-0.6659195,0.038408153,0.14245530848237056,0.1541501087120628,0.015977111751523842,0.7048116173979252,0.11333143366538856,0.6671983485357018,NORMAL
-0.35975836569999997,0.7362280448770099,-2.3113582,1.0498002,0.2573843229,0.768275569540889,-1.0247687,1.7383956,0.24892876299999997,1.1715657707805291,-1.4662175,3.1850185,1.4017612151364163,0.8412440438397877,0.4022250319414357,3.4424033787761754,0.7795987945805998,1.1281797496325612,2.8641038332480946,0.0001832589999999995,0.04342753531953027,-0.09697486,0.07895433,-0.012156218199999999,0.06331411532496072,-0.11728613,0.12583824,-0.00047342021500000055,0.022081410005345137,-0.044058654,0.038408153,0.06964194514411992,0.03785202052048843,0.015977111751523842,0.13967534705780305,0.046166960028867075,0.09591322109062947,NORMAL
0.284760932615,0.8018336826346113,-0.84288025,2.3441248,0.23833090109999996,0.814202883179437,-1.2301133,2.1215892,0.24933896019999996,0.8572428314696345,-0.9081478,2.039012,1.2440303349032826,0.7888307594378666,0.4109385334354812,3.070937250366868,0.8382190338508917,1.146402305909032,2.3284338326544987,-0.017012597719999998,0.057758915691472346,-0.14401148,0.07895433,0.01719585625,0.06468048203835805,-0.08002335,0.13194689,-0.029520063180000007,0.06732033223897366,-0.19738583,0.071394876,0.09931962169757193,0.05658038389037996,0.019259973952777603,0.21129565124063165,0.03376171437622936,0.09450196275372058,NORMAL
-0.23515729968500004,1.289546587576645,-2.416565,2.3441248,0.09344955069999998,1.3284386330489044,-2.0262408,2.514796,0.7099318206999999,1.1483340211585018,-1.5891519,2.8179007,2.0062811567482424,1.052267716748285,0.4109385334354812,3.455689331681673,0.780548958050415,1.0607983789721471,2.195448902892548,-0.01444696314,0.05871030677066317,-0.14401148,0.082619525,0.024923301549999995,0.061932850490794854,-0.11178834,0.13194689,-0.046318857049999995,0.10441199470139315,-0.34949127,0.071394876,0.12086640155484618,0.07706358133548812,0.020680095812512175,0.3531802677520254,0.042955109694506985,0.19833035216862951,NORMAL
-1.231465568,0.8892283762997588,-2.686767,0.9928241,-0.28188195545000005,1.27497737706044,-2.0262408,2.514796,0.7771377764999998,1.27840824203769,-1.5891519,3.078846,2.306367091299553,0.8757972571362906,0.8754883474743198,4.094973079256378,0.696800061123181,1.023684480217596,2.7752625452341526,0.0087964595455,0.050413877688131305,-0.117744274,0.10277808,0.011820242499999994,0.09400083314777619,-0.15577064,0.18142697,0.008414669099999997,0.10426852587333445,-0.34949127,0.15325081,0.12774631106500745,0.07331217765775416,0.020680095812512175,0.3531802677520254,0.0587069751858932,0.19833035216862951,NORMAL
-1.083047278,0.8586536813855956,-2.686767,1.3039691,-0.22193692645000002,0.7686172283387243,-1.4659209,1.4073642,0.31413722385,1.0674530239513131,-1.2671633,3.078846,1.7560266746793496,0.782330350331319,0.4737785879852186,4.094973079256378,0.6741099135694549,0.9634299159141707,2.7752625452341526,9.162934549999946e-05,0.049365798287825155,-0.0664316,0.10277808,-0.01041525265,0.10663855569499536,-0.18325958,0.18142697,0.02609921745,0.05420629427745437,-0.060552016,0.15325081,0.11832278967102872,0.053302553737981456,0.035405572541992385,0.22401672366763736,0.06465333738938003,0.129705103130913,NORMAL
-0.3805300565,0.809351703226672,-1.6434488,1.3039691,0.2560476017999999,0.618937825650224,-0.7705251,1.4073642,0.12267074734999997,0.717789611721017,-0.97780037,2.2061892,1.1581197027789552,0.615466186935271,0.3759104141263826,2.923744207586069,0.42398524675497773,0.5993616686061183,1.5072343644532866,-0.013164146500000001,0.04194703744713229,-0.08231409,0.077121735,-0.03258966135,0.06965873626463846,-0.18325958,0.15760323,-0.0041691553378,0.0277510370607497,-0.060552016,0.046960264,0.07898558599888146,0.04619128090227919,0.014395284313574275,0.19133600785247243,0.057938292942028534,0.129705103130913,NORMAL
-0.1359341805,0.8630561353642164,-1.7594755,1.6197045,0.3082904823,0.5734323435245775,-0.8770875,1.5125134,-0.172730495,0.5002664520035383,-1.0614395,0.84988594,1.0690180097427715,0.5214520784603927,0.3759104141263826,2.0573086098604922,0.424570293084155,0.6036228958171246,1.2517761289119809,-0.0031154128300000007,0.04025386359993635,-0.08231409,0.05390886,-0.0137444685,0.050818663069993456,-0.09712757,0.07391469,0.03740022474219999,0.07940364596766492,-0.031230485,0.31085405,0.0849000299948502,0.06783753440774892,0.014395284313574275,0.32376885336818323,0.053391851602425676,0.23053867373206804,NORMAL
0.185075581,0.9526088269386985,-1.7594755,1.6197045,0.13474308355000003,0.6617904099900783,-1.0598958,1.5125134,-0.006157499750000001,0.8103120568412041,-1.0614395,2.4363527,1.262254337995499,0.6165221095377382,0.21960746612088236,2.849242345533544,0.660966629151106,0.8367623386252099,1.6719184166653256,0.0027794371100000005,0.05253706509936125,-0.08597928,0.13332134,0.010079276450000002,0.04965837945185954,-0.069027774,0.092240654,0.015653421905000003,0.09583401496576954,-0.12347114,0.31085405,0.09898089041319397,0.06686099881234345,0.023775359657101237,0.32376885336818323,0.053967574084250736,0.23053867373206804,NORMAL
0.3846794525,0.5390112420906615,-0.7552192,1.2787864,-0.13226326895,0.5843890643607831,-1.5082253,0.7526165,0.31236905875,0.6871414532076661,-0.6458597,2.4363527,1.005360738034409,0.5631609935423206,0.21960746612088236,2.849242345533544,0.5585255433997041,0.73238756273586,1.6719184166653256,-0.020983220809999998,0.05270885696357793,-0.08597928,0.13332134,0.00583376315,0.058046402537928525,-0.12767084,0.092240654,-0.0369115325328,0.03847358801410051,-0.12347114,0.024358252,0.08761266925779468,0.038487782353181746,0.03192802818716931,0.1824602232525531,0.03972082138058372,0.10274504924138549,NORMAL
-0.0921331773,0.6334213224897746,-1.2156482,1.0038338,-0.07613168574999998,0.7548326329161303,-1.5082253,2.2738323,0.124351075,0.6065196792540533,-1.1274443,1.3460016,1.0237619693622713,0.5166461915253746,0.46228451268356113,2.717928711346098,0.5383934916836915,0.7621628312351761,2.118640097630846,-0.01658499116,0.04253694763811508,-0.07742717,0.05024367,-0.0031459558500000007,0.06404027027304866,-0.12767084,0.12095132,-0.0166613493278,0.05004634085413132,-0.086819224,0.10010554,0.08831538696052915,0.02823542200719417,0.035534446384897,0.15112814760164334,0.028924185937749862,0.061399894995558105,NORMAL
-0.10013091955,1.005209050940641,-1.2156482,3.460945,0.008893885899999999,0.8998997211522294,-1.1003197,2.2738323,0.3282860735,0.9960435723148227,-1.1274443,3.0327854,1.443983925290479,0.8611721735530445,0.3668132623768882,3.495575127874899,0.8356042824354788,1.1090038229700474,2.7605770861157573,-0.0014355334100000007,0.038309016079239484,-0.07925977,0.05024367,0.0012217300999999992,0.07926469673483444,-0.1423316,0.14782938,0.00774271718,0.06309806687624507,-0.086819224,0.11049025,0.09944098396559933,0.03727904332390017,0.048165775827335174,0.18153191486634518,0.03441501901969655,0.07581678811132671,NORMAL
0.09495791374999996,1.071057895714897,-1.3925815,3.460945,-0.14854582635000002,0.8103230108702998,-1.2490311,2.034685,0.362701872,1.4353924389730597,-3.8254828,3.0327854,1.696654221126328,1.0025928643101907,0.3668132623768882,4.0393450397993185,1.121343115583393,1.3800611736603672,2.7605770861157573,-0.010720685424999998,0.03932008727054002,-0.07925977,0.09483683,-0.002290745150000001,0.10443489759713386,-0.172264,0.19058995,-0.02890919727,0.07806973906298276,-0.15523612,0.11049025,0.1268828060747338,0.05106133579331535,0.04909900555482351,0.23192701564222454,0.050342192228983604,0.14276904614134364,NORMAL
-0.21957461399999997,0.8361261577077896,-1.7866954,1.4145677,-0.04292601350000001,0.5994664412347798,-1.2490311,0.84231246,-0.1259646833,1.3650699616357604,-3.8254828,2.7902308,1.4657280749479857,0.8543096832377071,0.47196870256135104,4.0393450397993185,0.9981389396423175,1.2377238647104434,2.4877063458550532,-0.00690277763,0.038648475036947114,-0.06765333,0.09483683,-0.013255775669999997,0.09991789564483386,-0.172264,0.19058995,-0.04219551681,0.06165598487353138,-0.15523612,0.05917757,0.115849751471957,0.057100779473848465,0.023221543242785997,0.23192701564222454,0.053991888848090495,0.14276904614134364,NORMAL
0.01728026845,0.7619418753472772,-1.7866954,1.2763681,0.138873302,0.5862736744330531,-0.6096272,1.676827,-0.08902254480000002,1.1324708701802575,-1.7639604,2.4978342,1.2886119290849534,0.6984291398402629,0.3600697252408744,2.712786095685124,0.9359874983504198,1.1406640518971827,2.169964193814829,-0.001771509554999999,0.048268842655155145,-0.082924955,0.11071932,-0.028466320519999998,0.0820084922211469,-0.21563543,0.11789699,-0.029367346615,0.04746183741173218,-0.14057536,0.05917757,0.0981134579437768,0.05421366158000043,0.023221543242785997,0.25773741276291506,0.05556530438141542,0.20309713764525805,NORMAL
-0.0253764863,0.7062817942297546,-1.5635288,1.2763681,-0.22547954914999999,0.7983144209755526,-1.8305998,1.676827,0.18122708175000005,1.0163969728252635,-1.564343,2.4978342,1.3170400061765952,0.6573282683070559,0.3600697252408744,2.712786095685124,0.9007383521686385,1.0953268786869865,2.169964193814829,0.008582656752,0.04829826162688079,-0.082924955,0.11071932,-0.013194690470000001,0.08901536367143197,-0.21563543,0.17104226,-0.017669276855,0.0516071626935425,-0.14057536,0.10010554,0.09832451033073916,0.05772917112630562,0.02901660165857202,0.25773741276291506,0.05809288161268855,0.20309713764525805,NORMAL
-0.28751282224999997,0.7771150679241886,-1.5635288,1.6600564,-0.56590618615,0.9162247381051097,-2.7417195,1.0191752,0.10511560275000002,0.8824737827206046,-1.5642805,1.8668804,1.4488789305670247,0.6694391736420828,0.5226806479671434,3.175352246197843,0.7108706368562803,0.8922569312421699,2.110866306787516,0.012461651551999998,0.06096270602840147,-0.14340061,0.120493166,0.02501492958,0.16680848079402838,-0.28955013,0.39584067,0.053557609719999996,0.06318826678919758,-0.06299548,0.17402023,0.1634468217916155,0.10608912551459242,0.02901660165857202,0.4365608003744502,0.08974683711726231,0.268451758027752,NORMAL
0.03693051639999999,0.8643986357807535,-1.437014,1.6600564,0.2010114485,1.501106088738268,-2.7417195,3.1695592,-0.0651293785,1.355355120874231,-2.2954235,2.4605646,1.9618888986498864,0.9134207803584834,0.7654376872913448,3.534693387105051,0.8587408227413029,1.1255933991303535,2.128758925368488,0.0028405240999999997,0.07135735027637476,-0.14340061,0.120493166,0.025870141800000006,0.17932409703297522,-0.28955013,0.39584067,0.0724638896922,0.0606389120400451,-0.025121834,0.17402023,0.1920413044826901,0.09135392320647864,0.06003154834491831,0.4365608003744502,0.10104967349155876,0.268451758027752,NORMAL
0.5213042519,0.8937556548669531,-1.2636226,2.59615,0.12379996300000004,1.555464855850409,-3.1711493,3.1695592,-0.31648116400000004,1.2718682411361977,-2.2954235,2.4605646,2.049231456893211,0.9072910997939524,0.5208606517236017,3.534693387105051,1.0182509909559745,1.2194687216635844,2.128758925368488,-0.00522289756,0.05487868686650409,-0.10980303,0.08628472,0.00555887365,0.14858973725307992,-0.29749137,0.31398472,0.00047342154219999835,0.07881816391868728,-0.17295122,0.14592044,0.15197128608887012,0.08398540698830904,0.056066077777281065,0.34443094949921327,0.11122129569397673,0.2883648717219322,NORMAL
0.9336742350000001,0.6325283832994424,-0.34550655,2.59615,-0.39583249000000004,0.9862453326852845,-3.1711493,1.0269911,-0.45936632,0.8460227269712642,-1.8477144,1.275094,1.677604957342074,0.6562975123212783,0.5208606517236017,3.305266824364195,0.7938860520340503,0.9623668740773593,1.7686684233689276,0.00488692215,0.0504604491087078,-0.10980303,0.14248432,0.016401732420000002,0.13703421799253607,-0.29749137,0.31398472,-0.05432119070000001,0.058333328475298867,-0.17295122,0.021914791,0.14195581137653646,0.08324522236490672,0.036512055935073326,0.34443094949921327,0.10536748362185915,0.2883648717219322,NORMAL
0.18257391482500002,1.0976330139361878,-1.6895293,1.5619663,-0.23464664220000003,0.9453523288573729,-2.2636948,1.1897558,0.1308202335,1.3871508392209049,-1.8477144,4.95432,1.793894764877295,0.8638900157418625,0.6430722916571274,4.978785822809854,0.8137236880318477,1.3329775306391198,4.335713531152727,0.00012217318949999997,0.05193488308956266,-0.1085813,0.14248432,-0.004642575679999997,0.12615052641146848,-0.25961772,0.2828306,-0.001298087510000001,0.09612624273653526,-0.16256651,0.18073976,0.14242805930840144,0.08076197143924849,0.036512055935073326,0.3365258080279743,0.08686806450693814,0.2548169439161346,NORMAL
-0.3411945075249999,0.9564464787202474,-2.004478,1.5619663,-0.09458975119999999,1.2364442962878646,-2.2636948,2.8868773,0.2482430485,1.229165282506538,-0.88996315,4.95432,1.7101195612881572,1.0357741491342716,0.16196780152869544,4.978785822809854,0.9514554793893801,1.4552186400623128,4.335713531152727,-0.0023823744304999994,0.046447022311457205,-0.1085813,0.10888673,-0.022663101300000002,0.11357821334652993,-0.25961772,0.2828306,0.07924449404,0.07230253336596132,-0.11675162,0.18073976,0.14581096857189135,0.07114763205723529,0.04985041570795249,0.3365258080279743,0.0716527564048802,0.2548169439161346,NORMAL
0.28113785914999995,1.0258131215974888,-2.004478,2.11013,0.17114236200000002,0.9732573067547401,-1.2180794,2.8868773,-0.04029364900000001,0.7064257980636544,-0.88996315,1.2308912,1.441470482813536,0.6535300060120697,0.16196780152869544,3.022975530642769,0.6342923273477739,0.8689899773751003,2.3071567097653025,0.00045814872000000126,0.042497268166508326,-0.055436023,0.10888673,-0.006291912049999999,0.08730236399740039,-0.19914207,0.119729586,0.03065016255,0.1073157471046178,-0.20227276,0.1465313,0.13733132161951722,0.04607213171763856,0.06670980884222716,0.2842068750251323,0.04807044925374414,0.21749706618290515,NORMAL
0.24383885649999998,1.0388680893942792,-1.5686687,2.11013,-0.14023926450000004,0.6676314805436848,-1.0542115,1.1094775,0.030943823250000013,1.0936628883293646,-2.09023,2.1811886,1.5556334611257492,0.5079472078240117,0.9991790768965741,2.626620774390679,0.5626537697605649,0.7137397373373142,1.5967830289179585,-0.009071349117499999,0.05626767111315412,-0.14340061,0.089949906,0.0072082104499999996,0.09522974810603484,-0.19914207,0.16126843,-0.029153544514999997,0.08736000314718242,-0.20227276,0.113544576,0.1287309313820276,0.058810343955749335,0.031865146822394934,0.2842068750251323,0.054950383041271464,0.21749706618290515,NORMAL
-0.09528542769999997,0.69957877507031,-1.5686687,1.1505067,-0.2793812560000001,0.6853791122822624,-1.0542115,1.2235074,-0.04352951174999997,1.0286998959445937,-2.09023,2.1811886,1.2892404776273314,0.6012237965619633,0.38044431458537686,2.626620774390679,0.6072247122639205,0.7585106399150376,1.6134204003581698,-0.0010384708275000018,0.06057786204759126,-0.14340061,0.12965615,0.0065362577500000015,0.09489909431653526,-0.24373524,0.16126843,-0.018860463865000003,0.0506771629881858,-0.10209085,0.113544576,0.10656373967145846,0.06091576043852053,0.031865146822394934,0.2529062068600475,0.06267402198861187,0.16208258714647913,NORMAL
0.2693783493,0.6907167352414174,-0.9308912,1.5488696,-0.22572191950000003,0.5522448598169374,-1.1660376,1.2235074,-0.09854998819999997,0.6228639070420379,-1.098547,1.2207136,1.0406507793180093,0.41268747435398545,0.36810372270677205,1.6962137019850054,0.515221082634705,0.6623638279809995,1.6134204003581698,-0.013072516414500001,0.05093245724559494,-0.0926988,0.12965615,-0.019425515749999997,0.08361860040133413,-0.24373524,0.08979719,-0.055054230419999996,0.054523742827613034,-0.14607315,0.034742963,0.11274514738747557,0.05427817471677557,0.038240499521735485,0.2529062068600475,0.06005799232551895,0.16208258714647913,NORMAL
0.27785361220000004,0.7015931525730548,-0.7943088,1.5488696,-0.29314100249999997,0.6576307912411996,-1.3873625,1.5089849,-0.07247445520000004,0.7030412839496658,-1.5398288,1.2485962,1.1378639259887304,0.48306243815635636,0.36810372270677205,2.020003253473969,0.5596677279106128,0.7126371557590913,1.5068702557134461,-0.017501289844499997,0.040639227106408035,-0.0926988,0.05085453,-0.01279762715,0.07478980196567392,-0.13316862,0.15271631,-0.04356996431,0.05820086414424704,-0.14607315,0.04390594,0.09916894655215412,0.05266296001195688,0.00709966601555578,0.18917904170008462,0.05270288109325687,0.15573812345516166,NORMAL
-0.13424746679999996,0.564195586084024,-0.98061764,1.2037005,-0.22517327999999998,0.893876538109892,-2.3963048,1.5089849,0.057188631350000005,0.7549343642745272,-1.5398288,1.2485962,1.1892325625155815,0.5237684988055417,0.43351580423771324,2.4339996499444605,0.650341600384953,0.8227896002920654,1.8365678743497535,0.002718349975,0.03142159663222355,-0.04444045,0.063682705,0.00757472945,0.06955578547098017,-0.10995574,0.15271631,0.0056963183649999995,0.022634988528056493,-0.03733914,0.05551238,0.06759591012262336,0.040377043071683404,0.00709966601555578,0.16283778947071745,0.055623103642996496,0.15573812345516166,NORMAL
-0.4200407932,0.6393572536091439,-1.5809915,0.6850972,-0.18798910299999996,0.8092110229922306,-2.3963048,1.1985954,0.06267245135000002,0.7864358670173454,-1.5192761,1.0618677,1.2670052966784406,0.468342045531056,0.5974317755947068,2.4339996499444605,0.511033781528661,0.6659793251248172,1.8365678743497535,0.016187929135,0.03541902637752789,-0.06154467,0.06490443,0.01078177095,0.07361803869016945,-0.12522738,0.1386664,0.021334468305,0.04653624106579099,-0.09903653,0.097662084,0.08588247167663489,0.04419351910794614,0.02759785016002203,0.172158710075472,0.057039974914536426,0.1048183924940476,NORMAL
0.1845565643,1.0735294750483588,-1.5809915,2.2017384,0.05042884179999999,0.6916312511644404,-0.887112,1.234191,-0.25141734699999996,0.8677354152767234,-1.7182331,1.0618677,1.4658080712575954,0.4766289992888769,0.7598114684270083,2.527623716096032,0.3962953765229994,0.5063357406379245,1.2584742846088581,0.002779436950000001,0.04545493297106059,-0.063988134,0.06490443,0.0012522726599999983,0.0912809232138635,-0.172264,0.1386664,-0.0419817148,0.09093082055809648,-0.18516853,0.097662084,0.12957489951497295,0.053464564273204444,0.02759785016002203,0.2522568975300145,0.062251097309388104,0.13341525525022685,NORMAL
0.6592919657999999,0.9479828412378374,-1.1148489,2.2017384,-0.305699436,1.071452997250259,-2.6281786,1.234191,-0.49921012000000003,0.8552416775795096,-2.7576137,0.51570225,1.715700070446042,0.7055548821986264,0.4537393112663925,3.0541678149531353,0.535629014247883,0.6778288237715466,1.4433679241645938,-0.007880162264,0.057166388988775234,-0.063988134,0.18463401,0.025350907560000004,0.10910627063817298,-0.172264,0.3005457,-0.10322095551999999,0.05868065363758013,-0.18822286,0.0048105638,0.15828378892784845,0.06481055026811153,0.0777302395250906,0.35276135979050194,0.0572755755666398,0.24329867801513738,NORMAL
-0.08808077109999993,1.1450979290447816,-2.784989,1.7419918,-0.6054862098,0.9352162860926809,-2.6281786,1.0141785,-0.1584667294,0.9572933975453305,-2.7576137,1.1769962,1.6039893225138513,0.902555831222687,0.2487005932053542,3.127289632331577,0.8151451239843341,0.9868916392759309,2.3417184228063834,0.033841933735999995,0.07354490434910273,-0.06093381,0.18463401,0.0534201661325,0.14863752329021954,-0.13255776,0.4465425,0.15774067693,0.3186631783013215,-0.18822286,0.64316475,0.33062532008610396,0.21067257614114016,0.0777302395250906,0.6574635229198234,0.06943372144483466,0.3159226031620721,NORMAL
0.026910923249999996,1.1975625550088234,-2.784989,2.4888644,0.16913802895000002,1.0141667190966368,-1.3859261,2.5565991,-0.09992185414999996,1.0414904830891434,-3.298533,1.1769962,1.596161884421411,0.9523414294031153,0.2487005932053542,3.368310029791737,0.9311846784322613,1.0960615953240407,2.3417184228063834,0.0683558204,0.09610381998211082,-0.16905695,0.25366178,-0.0696386406775,0.4459241911766584,-1.2907583,0.6921103,0.24118486844999992,0.39044531870309473,-0.96218914,0.64316475,0.562308469945313,0.3145701586449277,0.16459653582636163,1.3465052982645858,0.2230190774203517,0.8747659998327704,NORMAL
0.29285970715,1.725964816427708,-2.3490958,4.933154,0.4797425556,1.3572633410852133,-2.9460795,2.6750638,-0.12420690175000004,1.2767058765645236,-3.298533,2.3459988,2.1315458900645603,1.4203041222063784,0.1993082644969861,5.769525095897639,1.310055607723269,1.75518907776963,4.4849539184027964,0.07318165555,0.09962899996243643,-0.16905695,0.25366178,-0.18118263611000002,0.494341061517471,-1.2907583,0.6921103,0.09998336825000001,0.3475822229605778,-0.96218914,0.53748506,0.4909053388898938,0.41491676748612144,0.05744432726535641,1.3465052982645858,0.30071879972267607,1.2890609709992293,AGGRESSIVE
0.1485312735,1.61535510699929,-2.3490958,4.933154,-0.08319989335000001,1.2821188419952312,-2.9460795,2.6750638,0.1845236304,1.0754871651105058,-3.0067048,2.3459988,1.82142728619418,1.4085510238010097,0.1993082644969861,5.769525095897639,1.13879408277181,1.6589433539528993,4.4849539184027964,0.043676864275,0.06911943276849655,-0.055436023,0.22678372,-0.087872966575,0.2927056457371561,-1.2907583,0.0842994,0.08275696974999999,0.19090187665741137,-0.30917418,0.5209917,0.23513112966878924,0.29333675868716363,0.04420477784981463,1.3465052982645858,0.13970844076249675,1.2890609709992293,AGGRESSIVE
-0.02576771047000003,0.7177782338058186,-1.423011,1.3141806,-0.419953288,0.7755614415123485,-1.4960496,1.1686883,0.25651946265,0.8198191890322574,-0.9527216,2.337782,1.2879122768252218,0.5462536078243228,0.22145509550404785,2.4630993657679485,0.6137523809157024,0.7894226247464552,1.8512772641679875,0.0018325961549999984,0.08478142081370439,-0.32238412,0.08017606,-0.04495968032500001,0.15372398141177587,-0.6603453,0.0842994,0.07805330655,0.08866707613893303,-0.13385585,0.18562667,0.15810555450796776,0.14460998589545793,0.04420477784981463,0.7451139971652397,0.09563808486188292,0.6556340634179039,AGGRESSIVE
-0.19401928447000003,0.7851276997977891,-1.5296624,1.4454429,-0.3438585213,0.8479511018736721,-2.137889,1.1686883,0.10702874874999999,0.9143509243900259,-1.1174922,2.337782,1.4097175838808584,0.5056976752440174,0.22145509550404785,2.4630993657679485,0.5722828805933234,0.7721069800830185,1.8512772641679875,-0.01667662072,0.08099012151573524,-0.32238412,0.08017606,-0.056169057200000004,0.15470779063941978,-0.6603453,0.08307768,0.028359418729999995,0.11554874923462079,-0.20593795,0.18562667,0.15115471349433568,0.15574177317465462,0.02065301019320105,0.7451139971652397,0.10758498909848405,0.6556340634179039,AGGRESSIVE
-0.0458290877,0.7686331607979273,-1.5296624,1.4454429,-0.13030014515000002,1.448774516019592,-2.4735255,4.245151,0.05066373449999999,0.8631979390493099,-1.3311529,1.8312244,1.6147069364385433,0.8444738080354558,0.5431891200800933,4.312965966851044,0.8616549854893771,1.1969531553944253,3.405509681966634,-0.004612032572999999,0.0364717495789491,-0.08659015,0.061239243,-0.0028405220499999975,0.06679863239851118,-0.20463985,0.09162979,-0.026251933852800002,0.06605534391150585,-0.20593795,0.032910366,0.07858517299541767,0.06641694916720318,0.02065301019320105,0.2824940196199005,0.04911052171100993,0.2004386990298277,AGGRESSIVE
-0.5266964075,1.0583852719134026,-3.287811,1.0281973,-0.15706823435000003,1.4873479460077328,-2.4735255,4.245151,0.07842927200000002,0.7863183713336809,-1.3311529,1.8312244,1.755907582296166,1.014715481294775,0.4915919747954151,4.312965966851044,1.2454170679097545,1.5726973400464002,3.405509681966634,0.018295414267,0.05832609134644765,-0.14156802,0.13637567,-0.006475170925000005,0.10004406895032422,-0.35308012,0.09162979,0.0437532229594,0.06059906216756866,-0.03611741,0.156916,0.10932976919501172,0.08314123277712937,0.020953462005740775,0.3821145675462307,0.05734027505500525,0.3039558493639196,AGGRESSIVE
0.1072797222,1.6176885559325211,-3.287811,2.3416462,-0.7427369705,1.8539566794603717,-3.494373,4.058062,-0.509806162,1.3742161550557324,-3.9884973,2.480894,2.56655021521883,1.3693271694471203,0.4915919747954151,4.622087954854122,1.104998112401825,1.439689135870873,2.8937420692730527,0.012125675470000003,0.074239712982958,-0.14156802,0.13637567,0.009224066650000005,0.15951014646245482,-0.35308012,0.5155703,0.0393549934222,0.0702117438548928,-0.056886826,0.156916,0.14855323404419893,0.12053976333527786,0.023120892380930586,0.5402647847785811,0.10526273827548456,0.40311658895568603,AGGRESSIVE
0.15500955115,1.6667774176108416,-3.168629,2.3416462,-0.8515422473499997,1.7786117320470045,-3.494373,4.058062,-0.5096683604999999,1.3997908845951612,-3.9884973,2.480894,2.626969611013389,1.3034023394717988,0.636987946952453,4.622087954854122,1.001071679584976,1.3992978982598,3.8250106197780287,0.017531832929999998,0.08141145744170501,-0.12996158,0.19440787,0.022052236225,0.13955548870420603,-0.108123146,0.5155703,0.035048395180000004,0.09098374591199405,-0.08498663,0.21189389,0.14746785770577114,0.11669938436080612,0.023120892380930586,0.5402647847785811,0.08852661610071375,0.40311658895568603,AGGRESSIVE
0.41281795065000004,2.018004329995692,-3.168629,3.7126846,-0.3791059465,0.6725095306646035,-2.124141,1.0297749,-0.16710793530000007,1.1487641862966473,-2.3285465,2.1120691,2.2271382818120102,0.9915306244124702,0.636987946952453,3.760334224857046,0.8983614380740258,1.2188472629228486,3.8250106197780287,-0.0026572643845000033,0.115811213604476,-0.28145617,0.19440787,-0.028283061625,0.14809248287692764,-0.52106804,0.15699236,-0.0315664597,0.15712654185486333,-0.26091582,0.21189389,0.20717266915791854,0.129426554891416,0.03471106094774879,0.6471526427874515,0.07888513380664959,0.3741306741111401,AGGRESSIVE
1.029134541,2.031249095091251,-2.8704789,4.157132,-0.07746086814999999,0.8005783008369518,-1.4096346,1.5080249,-0.32508079630000003,1.2249920653167674,-2.3285465,2.1120691,2.4404738002097264,1.1092966492556697,0.5882275213090072,4.45745370247942,1.0437983189030715,1.2425790811590296,2.1730053865543404,-0.021380284604499998,0.11120853974718843,-0.28145617,0.20234911,-0.033658675024999994,0.16236837987631708,-0.52106804,0.15699236,-0.080680026575,0.14661093539237713,-0.31772628,0.16119206,0.2072432508444464,0.1534303932393992,0.03248561747502089,0.6471526427874515,0.09833021790089153,0.3741306741111401,AGGRESSIVE
0.033341956000000006,1.6527480475346836,-2.8704789,4.157132,-0.27294198249999996,1.4372215318230632,-3.7300625,1.7014275,-0.30397015,0.9434988757838223,-1.9698648,1.6061773,2.1061484470443927,1.09311190416544,0.3767744333178755,4.45745370247942,1.1474277130204065,1.3344826232465645,2.1730053865543404,0.006688973929999999,0.07328509895903845,-0.10919216,0.20234911,-0.0280081718,0.10381252785304847,-0.32620203,0.13072516,0.026496279775,0.12257883908696324,-0.31772628,0.16119206,0.14571762515653747,0.1021468455757531,0.03248561747502089,0.4381034858727523,0.05879832108863333,0.20904915691469927,AGGRESSIVE
-0.05779520114999999,0.9300892331073213,-1.5916799,1.8799226,-0.41976128095,1.4267967024764736,-3.7300625,1.7014275,-0.818437471,1.9192041727742357,-7.143998,1.4119263,2.154250085118104,1.6103408524688239,0.26285234585872846,7.451245986701771,1.2661929341361824,1.8921630299483951,6.196599592043991,-0.01682933687,0.06894580927653154,-0.1470658,0.088728175,-0.06417139315,0.09374018281064715,-0.32620203,0.040317107,-0.010613782925,0.11009084844687354,-0.22731823,0.15813774,0.15175666345731292,0.07854912036362639,0.06475842182423155,0.40169769285497425,0.05630025652662788,0.26976235773079316,AGGRESSIVE
0.12116699264999994,1.1692979584135752,-1.5916799,2.3300555,-0.6754640306499999,1.4783146192828813,-4.6997952,1.1316099,-0.9641750935000001,1.8421471373992626,-7.143998,1.4119263,2.2592947016813225,1.7456783234171165,0.1824742063365596,7.451245986701771,1.2645654852847996,1.8982186855058687,6.196599592043991,-0.021105393839999997,0.0725412641232671,-0.14767668,0.10094548,-0.036590827387500004,0.11562884623543035,-0.32620203,0.1704314,-0.073380186825,0.06973502253275213,-0.22731823,0.036575556,0.14959227569727213,0.08652109992554177,0.031172556227992,0.40169769285497425,0.08309778686907514,0.26976235773079316,AGGRESSIVE
-0.3721658572,1.110362788201913,-1.628464,2.3300555,-0.6564444216,1.5880682709117635,-4.6997952,2.2784572,-0.06909415575000001,0.8536250339115122,-1.7930269,1.6534023,1.89636078419742,1.141274187638639,0.1824742063365596,4.724654980027337,1.0256801847359023,1.2558790038915983,2.4648230539289853,0.00042760553000000033,0.06366786139279011,-0.14767668,0.10705414,-0.0114537234375,0.10179099817164569,-0.21624629,0.1704314,-0.007162395785000002,0.06563601273969095,-0.15462527,0.09094256,0.11886040054599638,0.06359254566875348,0.031172556227992,0.243605308970232,0.07623722393944238,0.20503575793881545,AGGRESSIVE
-0.3042552399999999,1.0722751696911867,-2.4770627,1.701804,-0.6618157253000001,1.1592685907785474,-2.6159873,2.2784572,-0.009631133000000016,0.9034018718267551,-1.9091268,1.6534023,1.7468105528961388,0.8102234721627558,0.440559811291312,2.9397057468944383,0.9646843211439693,1.1690782899433374,2.4648230539289853,6.108678000000048e-05,0.0507787549978547,-0.10186178,0.10705414,-0.03940080815,0.0935699095469896,-0.21624629,0.12705997,0.01922698333,0.04033142467936975,-0.03428481,0.09094256,0.10785084915164693,0.05234210040149987,0.041476257512931,0.243605308970232,0.05572595889119365,0.18516118426787115,AGGRESSIVE
-0.042366116999999995,1.1426739956941467,-2.4770627,1.701804,-1.1499718539,1.0267093611277314,-3.2722623,0.72609425,-0.29594514334999994,0.7554349676762451,-1.9091268,1.4558315,1.8779034533772454,0.8393508551860855,0.589511406564062,3.360141726044907,0.7905639009553775,1.0310624085431233,2.264851950385107,-0.0009468409930000006,0.03387011585811952,-0.065209866,0.09483683,-0.03039054644999999,0.08724222750451346,-0.2003638,0.12705997,0.011377365495,0.04680321259426375,-0.08071057,0.11049025,0.09599706244210747,0.04855789166667987,0.02646237070983,0.2228949510947625,0.05178574986554981,0.1541391468584043,AGGRESSIVE
-0.19475350504999994,1.3101591523791034,-2.792801,2.0276046,-0.7422549248999999,1.119317349067178,-3.2722623,0.8150452,0.18653516620000002,0.7191893232885526,-0.85387516,2.0024471,1.7785743619839511,0.9018288102499924,0.17208515182160677,3.4473395748622275,0.7749176652910439,1.1558143383512938,3.2752544230406206,-0.006322455023000001,0.033731711247250384,-0.064599,0.074067414,-0.017715091950000005,0.09114775620660251,-0.20708331,0.20280726,0.030405818255,0.08597986801813945,-0.11247557,0.21311562,0.11227898348528047,0.07009848039261907,0.02646237070983,0.24114641390977054,0.07312549156877578,0.1906027957108411,AGGRESSIVE
0.41051309345,1.4633394825068378,-2.792801,2.9211383,-0.11232968480000002,0.7463913802808192,-2.0364637,1.4489026,-0.03594341919999998,1.182798177984883,-3.6840158,2.0024471,1.6873030992952593,1.136957851723318,0.17208515182160677,4.919790658825159,0.9571758066597849,1.5160266937733653,4.5453884747717375,-0.00864374296,0.04494145437065363,-0.122020334,0.074067414,0.0018631392000000003,0.08258436494568916,-0.20708331,0.20280726,0.0024587335499999924,0.11194683433259686,-0.17172949,0.21311562,0.12822438970134392,0.06445024143004066,0.03916726647170826,0.24114641390977054,0.06641089093461656,0.1906027957108411,AGGRESSIVE
0.5512836097,1.0181656937532244,-0.8804009,2.9211383,-0.07375022165000004,1.1266014466022212,-2.8645391,1.8745843,-0.14447971049999997,1.112427432870089,-3.6840158,1.4083261,1.6084198535194036,1.0806578494753238,0.37440218405342146,4.919790658825159,0.9145279951736296,1.3828940288304312,4.5453884747717375,-0.01304197291,0.04157021992491221,-0.122020334,0.05024367,-0.017745635974999997,0.08677217495892187,-0.21685717,0.12461651,0.010094548744999998,0.09002082525444965,-0.17172949,0.10865766,0.1182917699643384,0.05700543014071115,0.02306837850987215,0.23988195873881465,0.047026568267817107,0.13684548988675738,AGGRESSIVE
0.27528168085,0.6648279205360091,-0.8804009,1.4945823,-0.07038609355000003,1.1124398489573966,-2.8645391,1.8745843,0.19793824849999997,0.5410757267086062,-0.83833504,1.4083261,1.2549116295542366,0.663941980293421,0.2943180908330205,3.034292345872395,0.5468140279605299,0.7287441425702194,1.6369063119435643,-0.00687223403,0.032167725809998195,-0.091477074,0.055741455,-0.033261613125,0.09006383867491029,-0.21685717,0.08735373,0.0401796617,0.03444298218173944,-0.0129045285,0.10377073,0.0999605564884407,0.05223230175401261,0.02306837850987215,0.23988195873881465,0.04160724223182018,0.13684548988675738,AGGRESSIVE
0.18390382235000002,0.7453147600823545,-1.4066336,1.4945823,-0.17403335279999999,0.6257452509186773,-1.1626518,1.0792468,0.22990651199999998,0.5139998398137345,-0.8759527,1.3165436,1.0378743369988288,0.4477626042715239,0.16386725782490597,1.7728498981061263,0.4835142601557244,0.6453976882778512,1.4089740614841586,0.010323622520000002,0.03938380705670434,-0.049938235,0.093004234,0.002809979962499999,0.07231234577512498,-0.15393804,0.1020145,0.02832887608,0.03386773824464628,-0.04344779,0.07811439,0.08788754430318832,0.02759866671160979,0.04811054710142189,0.15944352563186726,0.028301539621280736,0.09131745738530739,AGGRESSIVE
0.05795735219999999,0.7691615522105325,-1.5283318,1.166327,0.34968318625000006,1.2295837890515733,-1.1626518,3.1134374,0.13273158119999998,0.5596838120707558,-0.8759527,1.3165436,1.334417912726059,0.8325478090242284,0.16386725782490597,3.236607547327772,0.6620906891502496,0.8610551268715724,1.8263623188790836,-0.0012217306300000004,0.05675041273291819,-0.12385293,0.093004234,0.0198531199125,0.06777388308658691,-0.08735373,0.14538592,-0.0069485918999999995,0.06535337862350697,-0.1417971,0.07811439,0.10171275894792645,0.040770998858316365,0.030473409352391536,0.17665872997370785,0.03160589844059402,0.07380809550753412,AGGRESSIVE
-0.005585316149999989,0.7336876678076398,-1.5283318,1.3981141,0.8047648482499999,0.997735818922981,-0.59638023,3.1134374,0.17133822820000005,0.76135370483705,-1.3053684,1.7399006,1.4351421759237186,0.8112131987149134,0.4087686544036763,3.236607547327772,0.6082296575957863,0.8093503121235739,1.8263623188790836,-0.011178834379999999,0.05702956058595571,-0.12385293,0.14553864,-0.0270613334,0.26852471327903527,-1.1258247,0.15577064,-0.016905695715,0.05397180432999889,-0.1417971,0.05795584,0.15038166651727874,0.23594322400723977,0.030473409352391536,1.1268971936069,0.14078620449814755,1.0564929473950886,AGGRESSIVE
0.009912882349999989,0.6599241492970217,-1.2131345,1.3981141,-0.07657848799999997,0.8412482074003326,-1.9583706,1.2425287,-0.0012225290000000056,1.176281233302876,-2.0846567,1.7399006,1.4399906718999034,0.5919504425598544,0.4515830416132969,2.7539701125926217,0.5996462273591814,0.8008231180246641,1.722685912926967,-0.00329867267,0.05196807370277761,-0.1207986,0.14553864,-0.02177734855,0.2681986912935013,-1.1258247,0.19242255,-0.0007483100049999996,0.035087563019951425,-0.10392345,0.051236324,0.13067650880852863,0.24165783150345185,0.030497890142201164,1.1268971936069,0.14919515103289366,1.0564929473950886,AGGRESSIVE
-0.02022725579999998,0.6311643768600089,-1.2131345,1.0459647,0.13692683425,1.4616912789244094,-1.9583706,3.3893647,-0.16339132349999996,1.0549412513059058,-2.0846567,1.4339094,1.648736462329539,0.9136066560859541,0.2080679568066295,3.5012022871900665,0.8441559694516017,1.0185108207424276,1.722685912926967,-0.007574729105,0.0446053936967064,-0.1207986,0.07162395,-0.00027488876000000064,0.0671064026415842,-0.13500121,0.19242255,-0.042317689699999994,0.07214372565211305,-0.2578615,0.051236324,0.08826194293458975,0.07377643733416706,0.030497890142201164,0.2731008949773527,0.07504443397202354,0.22134442543580607,AGGRESSIVE
-0.20637688999999998,0.7068876391787207,-1.6843994,0.83599305,1.04898331225,1.4165114853703105,-1.1678542,3.3893647,0.419320775,0.898096484628498,-1.4966469,2.6895714,1.8815278263222577,0.9871671157103205,0.2080679568066295,3.5012022871900665,0.8679935939096316,0.97358132268679,1.6355987366906897,0.0011606437849999997,0.04018794315683439,-0.08903361,0.08323039,-0.01921171101,0.06691237747714936,-0.13500121,0.11484267,0.0034361164599999968,0.13279687716096247,-0.2578615,0.44463354,0.10931291968596987,0.1074778295746898,0.012279426574653151,0.46579389282129036,0.10221383221328699,0.38258420808746585,AGGRESSIVE
-0.5349084171999999,1.1144090436409504,-2.3421397,2.1116695,0.6421599466,1.1658876187343645,-0.86224484,2.6425023,0.47272704549999994,1.0120145803305396,-2.070764,2.6895714,1.9459000763906384,0.7810562231826939,0.7550975264958475,3.3013822791632434,0.7795173210329014,0.8940455791065158,1.6713885217952782,0.019975293720000002,0.05822578897633501,-0.049938235,0.19257528,-0.04022547569,0.08835962668687666,-0.21380283,0.11484267,0.06614143347000001,0.11275255362695845,-0.07887798,0.44463354,0.13576305463390845,0.10600619508811672,0.012279426574653151,0.46579389282129036,0.09269962508671711,0.38258420808746585,AGGRESSIVE
-0.21756654649999999,1.3197780869575926,-2.3421397,2.1116695,0.1977189676,0.8385572939662878,-1.339486,1.8605233,0.14510252999999998,0.9048085646242691,-2.070764,1.7447844,1.665382332463506,0.6762683540038703,0.7550975264958475,3.3013822791632434,0.7291040553519852,0.8693533604678298,1.6713885217952782,0.005070181954999998,0.06175147482403635,-0.08231409,0.19257528,-0.043371432239999994,0.08132831249831855,-0.21380283,0.08002335,0.029123000415,0.07383124235167948,-0.07887798,0.18012889,0.11320628943589825,0.07272105970723164,0.013353074178672195,0.27556377124893067,0.06201831793386264,0.12801006500687773,AGGRESSIVE
0.11779187375999997,1.2935177042631112,-2.5224445,2.2587337,0.017815866799999976,0.8824675534073145,-1.554691,1.5538425,0.20788121249999997,0.8150747164726581,-1.1810837,1.4793892,1.629282567104929,0.6184146809973192,0.7561692518875618,3.2586786610924587,0.7070661190522743,0.8595424542277292,1.8740900577392954,-0.014630222679999999,0.03777894071301631,-0.08231409,0.078343466,0.006658430709999999,0.07163136815981726,-0.12583824,0.17715092,-0.026648995985000007,0.10963761532234934,-0.43989933,0.100716405,0.10108563667366763,0.09403254600022148,0.013353074178672195,0.44659850760406555,0.07298434761878275,0.34549001780810873,AGGRESSIVE
-0.73370166174,1.499890485520759,-3.7373357,2.2587337,-0.4462292272000001,0.8726094007345695,-2.1047263,1.3492811,0.10995328500000004,1.1382935185446883,-2.4697137,1.9010353,2.036853486745422,0.8536272333071269,0.7765048601957487,4.197182038429646,0.744531569558468,0.9640975574746451,2.198262463266502,0.002565633825000001,0.051278404124411266,-0.079870634,0.11133019,0.015424347000000001,0.1115988560148289,-0.20525073,0.27855456,0.0384997828,0.17824193975154892,-0.43989933,0.48006374,0.17271756634207625,0.13141592695908513,0.024668884301899507,0.5338384285846763,0.110136950113776,0.3759541882798822,AGGRESSIVE
-0.5697169885000001,1.3353919030174004,-3.7373357,1.2524033,-0.69554569881,0.9213816624504569,-2.580681,0.5922353,0.12892477600000002,1.0963064735524226,-2.4697137,1.9010353,1.9247584603148131,0.8960064265537161,0.2950972913729345,4.197182038429646,0.784197129657308,1.0070784218376132,2.198262463266502,0.012064588604999999,0.04394991240689029,-0.079870634,0.11133019,-0.00033597630999999685,0.10175078527324588,-0.20525073,0.27855456,0.07463246148000001,0.12780377176861327,-0.062384613,0.48006374,0.13163388486700403,0.1280455591746162,0.010630250515560007,0.5338384285846763,0.0817673540594703,0.3759541882798822,AGGRESSIVE
-0.05093911149999999,0.9544659687680627,-1.5564988,1.2524033,-0.22819648910999998,1.0247883058249316,-2.580681,1.9358611,0.057977700800000045,0.7801735007980668,-1.683106,1.5542202,1.453782883410381,0.6373620541138566,0.27746662790218435,3.0233271602694045,0.751741591298116,0.9957440202621071,2.0162320696185674,0.012858713475,0.02528048425869186,-0.0346666,0.056352317,0.009834929750000002,0.07555047428169574,-0.10140363,0.19486602,0.002000583145000002,0.039113153731584596,-0.05505423,0.13003793,0.07243716719444375,0.05131847465006467,0.010630250515560007,0.19680300247655289,0.04209593958854123,0.1567431990052054,AGGRESSIVE
-0.02768400214999997,0.9112284239055782,-1.7470468,1.1647046,0.04355343570000002,0.8629866271746119,-1.9417748,1.9358611,-0.3598172022,0.7607791619351443,-2.054782,0.8913803,1.3252999269431631,0.6664015829004982,0.27746662790218435,2.827313921951942,0.8194679603486439,1.0559732058987252,2.139681722756909,0.0088270027605,0.025657564501026044,-0.0346666,0.056352317,0.011942415450000002,0.09788069986597156,-0.15332718,0.22052236,-0.0038331795199999996,0.024662839684396327,-0.05505423,0.04512767,0.08384727364933346,0.06078177558248693,0.01303132015616132,0.2208166633835772,0.05607633884751968,0.16778357430328672,AGGRESSIVE
0.013473761050000008,0.7989253292936396,-1.7470468,1.1598713,-0.24483187449999994,1.1759765747212634,-3.7307277,1.2864066,-0.12263250504999998,1.4384186150140175,-2.054782,5.1717386,1.5755043879364075,1.247602756907056,0.2516552146992668,5.328183307853958,1.354859643486617,1.8235654254285802,4.129883395553043,0.0072692966959999996,0.03220298057460688,-0.04627304,0.08506299,0.0034513880500000025,0.09673242291658965,-0.15332718,0.22052236,0.011804970944999998,0.025350985531865846,-0.05261077,0.056123246,0.08382817027538034,0.06208629585570194,0.01303132015616132,0.2208166633835772,0.06859636390796273,0.16778357430328672,AGGRESSIVE
0.015151423200000003,0.8456221221694501,-1.6604784,1.2661338,-0.05869145650000003,1.2408006030886185,-3.7307277,1.6657662,0.23050618414999996,1.339088289416973,-1.1641502,5.1717386,1.6300986206557169,1.1447891921272815,0.2516552146992668,5.328183307853958,1.054372991974946,1.6650400542079364,4.129883395553043,0.004214970350500001,0.0481551888442888,-0.100029185,0.08506299,-0.0039400825,0.09642254453451003,-0.1740966,0.1826487,0.017852536625,0.037115849050797914,-0.067882404,0.071394876,0.101627035196137,0.049927039255273954,0.02343946696964656,0.20149903983665993,0.06587706102335822,0.14225317499462,AGGRESSIVE
-0.06278626100000002,0.8688209723052323,-1.6604784,1.2661338,-0.22000809250000003,1.3529147450645347,-3.2661304,1.6657662,0.34156804370000005,0.777978519614257,-0.96047306,1.6835747,1.6734879822362316,0.6484046861091188,0.7390119788080113,3.6682477894675194,0.5915733524741627,0.7136812951623934,1.509520727245481,-0.014355333064999998,0.060105727096412404,-0.16722436,0.0777326,0.0245567826,0.10776327827423385,-0.1740966,0.18875736,0.037858373145,0.08294776191622627,-0.076434515,0.31635183,0.13407245316135252,0.07446370342662251,0.04892579763693241,0.3695278138004042,0.08962374756234606,0.30874878341156214,AGGRESSIVE
-0.026630006900000024,0.8535614981503328,-1.6546915,1.7594122,-0.40052764099999993,1.320333301579966,-3.2661304,1.5577639,0.24135342145000002,1.0243876879855103,-1.546773,2.1843061,1.7076370485383112,0.8262249324012637,0.3808230565872911,3.6682477894675194,0.7399088952124917,0.8931937709063749,1.8943111976321312,-0.0021074844500000014,0.06507366661327431,-0.16722436,0.10277808,0.016157385485000002,0.11374246965114433,-0.19608775,0.18875736,0.03159700469999999,0.10785084325483459,-0.2523637,0.31635183,0.14934426336116863,0.08158762412068181,0.008117342238567946,0.3695278138004042,0.10906998869221399,0.30874878341156214,AGGRESSIVE
0.34905208390000003,0.8649065401481468,-1.3360186,1.8826735,-0.35581474690000003,0.8573018392507303,-1.685108,1.5577639,-0.14944814539999998,1.3757504295159404,-4.010053,2.1843061,1.6654734930554747,0.8607874876879992,0.3808230565872911,4.011126397035905,0.6775420491312186,0.890634341944767,2.0835204599253285,-0.003940080450000001,0.05870836649367523,-0.111635625,0.10277808,-0.05904012731499999,0.10991220280974409,-0.22296582,0.14782938,0.010277808150000001,0.0853281201626283,-0.2523637,0.18073976,0.1434212100459072,0.07037561475343056,0.008117342238567946,0.2568006014285192,0.0820459185829471,0.24868325918995124,AGGRESSIVE
0.43056324029999987,0.7320020737356663,-0.6508386,1.8826735,-0.17184540410000002,0.8102696665193148,-1.5917706,1.4946508,-0.10250681934999999,1.1999419586482893,-4.010053,1.3237429,1.4806917244288704,0.7494479729566598,0.6745857107716176,4.011126397035905,0.4877399710564726,0.6700048226511727,2.0835204599253285,-0.0228463598,0.052051904775028586,-0.12385293,0.04046982,-0.05659666685,0.10127810190714559,-0.22296582,0.1386664,0.003955352514999999,0.05656757415368144,-0.13385585,0.18073976,0.12008704610611842,0.07017349124478751,0.026850832705740377,0.23998421386686192,0.06190298060400867,0.16190789857642768,AGGRESSIVE
0.3311699575,0.5766928085219216,-0.750358,1.1931401,-0.1362061477,1.0925791980684336,-1.9117049,1.6600075,0.03726682554999998,0.5877665899257027,-1.4258299,0.97603416,1.2755426927582738,0.5436621446612073,0.3943666514638729,2.111928896836186,0.4376249769905291,0.6441017512154034,1.7175622453723132,-0.01130100677,0.056726182140077915,-0.12385293,0.094225965,-0.0129503441,0.07385491267820575,-0.1600467,0.1386664,0.04161519479,0.11725143971760989,-0.13385585,0.4085925,0.11774547837408367,0.09980266587411633,0.026850832705740377,0.418171214496143,0.08362663267983104,0.27897598098537685,AGGRESSIVE
-0.04770311099999998,0.7601583329109131,-1.602249,1.1931401,-0.21623878429999993,1.1376566339400327,-1.9117049,1.9925253,-0.004178454949999988,1.1001464828698846,-2.012632,2.2376356,1.5633533725640567,0.7492331536802624,0.39198756482844627,2.619602805503506,0.8190954813141357,1.056852121832024,2.2046617234509878,-0.009376781465000001,0.055025149579791675,-0.106137834,0.094225965,-0.036010505600000006,0.1175148908606795,-0.3286455,0.19853121,0.040973786975,0.12564059229000507,-0.15279266,0.4085925,0.14359636334930975,0.11892296282548398,0.008979472104588907,0.418171214496143,0.1302699116318795,0.3260167717453698,AGGRESSIVE
-0.17084346250000002,1.139462358774502,-2.983474,1.713505,-0.14226639650000006,1.082064969906711,-3.0172644,1.9925253,-0.07491095349999996,1.5028116904644067,-2.8515239,2.86656,1.9026084368521883,0.9875103966018501,0.39198756482844627,4.271285462151332,1.2648887390952779,1.5585290401296608,2.810054769421032,-0.00018325934499999788,0.07564622773178634,-0.106137834,0.14248432,-0.0002443461499999945,0.1755765614116127,-0.3286455,0.35185838,-0.054932058250000006,0.20673621361699512,-0.8296314,0.19356793,0.20821887986249182,0.19190841553060162,0.008979472104588907,0.9021541299467851,0.18919367948025828,0.727001287001046,AGGRESSIVE
0.061566849450000016,1.0243881861103628,-2.983474,1.713505,-0.5523953851999999,1.124753254912532,-3.0172644,1.2805146,-0.11998495849999999,1.2200300292493471,-2.8515239,2.86656,1.7626121478612404,0.9343134501311734,0.5297143152710296,4.271285462151332,0.9586945006288895,1.3515627080171864,2.810054769421032,0.019120082265,0.06897824234638615,-0.10247265,0.14248432,0.016768250899999997,0.15057581547439938,-0.2687807,0.35185838,-0.050472742325,0.20111397780179258,-0.8296314,0.19356793,0.17774265694643157,0.19489756630550947,0.01925755114172754,0.9021541299467851,0.16201637120845583,0.727001287001046,AGGRESSIVE
0.22251046195000002,0.4935707909417374,-0.49068975,1.3216064,-0.49551588950000003,0.9665758034487518,-2.1185508,0.7569465,-0.01797756799999999,0.6019954953696772,-1.110712,0.9567261,1.198768716189437,0.5818203485552421,0.3548431430459056,2.240872395848273,0.5280476857599564,0.6442042965958414,1.3803294402526616,0.02101376455,0.029215695667067942,-0.02367103,0.081397794,0.0010384718000000033,0.1213418723213923,-0.2687807,0.37201694,0.00401643924,0.024841229861259553,-0.021456642,0.071394876,0.0906602733775115,0.08958543240762373,0.01925755114172754,0.3762373743252903,0.09292506832726133,0.3208442306903435,AGGRESSIVE
0.34019265725000003,0.5952510451406918,-0.49068975,1.4042923,-0.16554803870000004,0.7509083555119426,-2.0799248,1.3268777,0.06411409659999999,0.5453693747242597,-0.83750534,1.6580439,1.0093316218530182,0.5461170740882693,0.23575538949530286,2.2097418749112854,0.5919449965659023,0.6919534918324416,1.3430595817053743,-0.0029932396149999997,0.04512848735727376,-0.11102476,0.07345655,0.006719518649999999,0.10684656478968274,-0.15027285,0.37201694,-0.0031306848950000015,0.060112958375699355,-0.15157095,0.094607756,0.09785753371474562,0.08398518298824317,0.03007745749582057,0.3762373743252903,0.06674802478890556,0.3208442306903435,AGGRESSIVE
0.07317720724999999,1.042367458967086,-1.9490403,2.1884074,0.07061413529999999,0.78849710316917,-1.0022085,1.8717179,-0.48061029190000004,0.8278888278731767,-2.3484945,1.6580439,1.4156282823418194,0.7336274083651081,0.23575538949530286,3.3032243081217496,0.6661736376304936,0.8680523254455841,1.7104645059457175,-0.007727445625,0.04592296437625717,-0.11102476,0.0355829,-0.020677788630000006,0.06711366224587094,-0.1740966,0.06963864,-0.009361510730000003,0.08295621673833703,-0.15157095,0.11598804,0.10025038483430478,0.05933787274046178,0.036587351627322615,0.2455479449864816,0.04937421463557161,0.1620229254431974,AGGRESSIVE
0.08825628999999999,1.099209075225407,-1.9490403,2.1884074,0.09973256889999996,0.7059136958324731,-0.83935595,1.8717179,-0.6203224365000002,0.6748326750743452,-2.3484945,0.81906986,1.4205173950146182,0.6794279298454753,0.5111204727974834,3.3032243081217496,0.5505679196055564,0.7686511119500952,1.7104645059457175,0.01108720379,0.031193439464083046,-0.08903361,0.0759,-0.010231993194999999,0.05780003752545632,-0.1740966,0.08368854,-0.007162395100000001,0.061680484511325545,-0.14851661,0.11598804,0.0727465329619194,0.053304497022227906,0.013471319194314293,0.2455479449864816,0.03803230999731048,0.14507485726729313,AGGRESSIVE
0.15157757910000003,0.764725445277594,-1.2449398,1.3285154,0.05622483282999996,0.7704519199064418,-1.081688,1.8958783,0.114645959,0.7386942075925171,-0.95221806,1.8705788,1.1899456029569235,0.5243310897662609,0.28276150522957083,2.2673281497070383,0.5473243441491649,0.7339570195448596,1.9668045592470365,0.0083993966675,0.03346873715896895,-0.053603426,0.08933904,0.014355333035,0.07191556590041329,-0.065973446,0.21624629,-0.0034972035399999995,0.016899068399993583,-0.047112983,0.022525655,0.06269126976198969,0.05238887892035334,0.013471319194314293,0.23417506964150966,0.04469004167585802,0.2026202996390497,AGGRESSIVE
-0.07940858965000001,0.7967896837815458,-1.755934,1.4514782,0.06697506143000002,1.0280646761476084,-1.5278383,2.1197202,0.22575626634999998,0.9111812022512608,-1.3275757,1.8705788,1.4570186518121622,0.5936451064556388,0.28276150522957083,2.728530974865994,0.708289689914521,0.8910880383018743,1.9668045592470365,0.0044287730079999995,0.03053425843884663,-0.053603426,0.08933904,0.0215635424,0.07706212338704783,-0.065973446,0.21624629,0.0020922133871999994,0.00957792031134378,-0.011682798,0.022525655,0.06337911736548033,0.05700028780170632,0.012287021132353143,0.23417506964150966,0.061777116399308364,0.2040201714152709,AGGRESSIVE
-0.16194045335,0.8088081376214631,-1.755934,1.4514782,0.06349093620000001,0.9364489487232459,-1.5278383,2.1197202,0.18548093295,0.8678932172884932,-1.3275757,1.9672728,1.3813201387906464,0.586463298129195,0.6063836275942217,2.728530974865994,0.6865067948713716,0.8111929261208726,1.4521371667516227,0.0102930795105,0.016939696200124203,-0.016340645,0.04352415,0.0243124357,0.05969053012314507,-0.057421334,0.14905111,-0.002214386712800001,0.031864689222402195,-0.076434515,0.070173144,0.0597785467149163,0.042925620296761134,0.012287021132353143,0.15584975509143711,0.05523251005071812,0.2040201714152709,AGGRESSIVE
-0.1887513808,0.7615471895714895,-1.3733591,1.3446523,0.15031086559999998,0.7727880907778736,-1.026247,1.9625089,0.04225530240000002,0.8386021498152882,-1.2457438,1.9672728,1.2283002520689215,0.596192397631112,0.22203985248042862,2.5092861903031825,0.6573898794986487,0.800518887276343,1.4222178543745019,0.004917465339999999,0.02242676464471096,-0.032223143,0.054519724,0.016798793700000002,0.07419475182257404,-0.18875736,0.1386664,0.01974621948,0.05101460266459614,-0.076434515,0.098883815,0.0819535613923973,0.04767988670835985,0.02392204885851545,0.20160550098034968,0.04932158112643995,0.14801072490125872,AGGRESSIVE
0.11372118011000001,0.7096838148259265,-1.3733591,1.3446523,0.23126838723,0.8597104788894709,-0.9719284,2.1166425,0.021546068050000013,0.8033752645696153,-1.2457438,1.7918491,1.1872995316823995,0.6889797316553326,0.22203985248042862,2.5669231304892732,0.534230050632482,0.7256686009532862,1.4886981263556491,-0.0024129173795,0.028883282943238463,-0.04627304,0.054519724,0.016401731900000004,0.08993373400084143,-0.18875736,0.2443461,0.027473665144999992,0.0426897319114398,-0.028176159,0.098883815,0.09003027672374099,0.057415270268005025,0.03450079128537882,0.24503736844621235,0.06390470576272606,0.21053657716083352,AGGRESSIVE
0.50509355361,0.7856702675408509,-0.62972534,2.1075618,0.32624553533,1.0557885705273335,-1.8187037,2.1166425,0.044386835249999965,0.8528829033350771,-1.8119493,1.7918491,1.3946966604350577,0.8913353432399944,0.28454335447353996,3.468172702678846,0.7368099723233243,0.9005374573440139,1.5520165233583108,-0.0012828168944999997,0.0381383659838378,-0.10064005,0.045356743,0.017898351250000003,0.09780314173688047,-0.21197024,0.2443461,-0.021151208805,0.0569496172737156,-0.14729488,0.086055644,0.10333465821733394,0.06191169112245064,0.03221454540785781,0.24503736844621235,0.07524548563629645,0.21053657716083352,AGGRESSIVE
0.15824835295,0.982166688145802,-1.305636,2.1075618,0.23357071950000002,1.0111396049252628,-1.8187037,2.0744264,-0.19273106799999998,0.9259635249595126,-1.8119493,2.160985,1.4645361745035013,0.8423756357962651,0.35166083816842014,3.468172702678846,0.933216736203504,1.0531367917352008,1.7546812429493055,-0.0028405237000000013,0.0641795416779339,-0.14340061,0.13515393,0.004214968500000001,0.12428666607068077,-0.21197024,0.3036,-0.028267788954999994,0.05435355719160166,-0.14729488,0.043295074,0.12593256902386732,0.08182371096653353,0.022080713498103484,0.3359990856236345,0.08687018765127509,0.2176454937073864,AGGRESSIVE
-0.44164439485000007,0.6347667198453323,-1.5565691,0.77312136,0.130161961,0.6914561247309975,-1.2092565,1.225046,-0.11869744650000003,0.8488045856408468,-1.1824045,2.160985,1.1968738810875916,0.575836243665696,0.35166083816842014,2.806292792428652,0.7647342513275941,0.8936598575088094,1.7546812429493055,-6.108672000000133e-05,0.06862450233921408,-0.14340061,0.13515393,0.012736539249999998,0.14962126492194877,-0.32375857,0.3036,0.00029016091000000024,0.030283925771217923,-0.07948884,0.043295074,0.13248592792704444,0.0985265103874398,0.022080713498103484,0.3364494216500702,0.09865825802801226,0.3004157338042684,AGGRESSIVE
-0.14584008209999993,0.7979046468944243,-1.5565691,1.3754649,-0.10763916929999999,0.6483348882613637,-1.2893032,0.9689804,-0.14016151284999998,0.6916184492478741,-1.5429487,1.1235037,1.1512243751806595,0.44217517199316314,0.3593027860989354,1.9333185976897,0.6640939878619065,0.7694953123991431,1.3741019789539175,-0.0017715091500000002,0.0535468542929099,-0.1067487,0.104610674,-0.0027794369000000018,0.12461626669470549,-0.32375857,0.23884831,-0.017516561124999996,0.03919745914505581,-0.08437576,0.029245174,0.11748406166482236,0.07575210956868729,0.03603368784580181,0.3364494216500702,0.06939577205608065,0.3004157338042684,AGGRESSIVE
0.021444213550000008,0.7241389920649747,-1.0922494,1.3754649,-0.6196094008,0.6474065355740877,-1.768168,0.6149178,-0.19166965434999997,0.6066015884873737,-1.5429487,0.63390255,1.2158849262661282,0.44561117834873576,0.3593027860989354,2.14746836385425,0.608140846311533,0.7187355277063232,1.3741019789539175,0.007635815502000001,0.04786252750031226,-0.07742717,0.104610674,-0.004062253744999997,0.09228211271835458,-0.18753563,0.172264,0.018157969305000004,0.12408192423790496,-0.08437576,0.4348597,0.12644944425801966,0.09898449947551846,0.0037071078952209866,0.4462974054883699,0.0804814041390706,0.18067490856407703,AGGRESSIVE
0.741142046575,1.4523471920661886,-1.0922494,3.8964632,-0.715775678,0.6398782124128132,-1.768168,0.3601308,-0.38881389650000003,1.0999380299376897,-3.335681,1.1369534,1.8323499575867885,1.2128632447972,0.5711937292153214,5.061851055512283,0.8012460993045796,1.1796235430146529,3.9668610215097835,0.0030543261019999996,0.0645928512117033,-0.13179417,0.09789115,0.05412265955500001,0.1440590400132922,-0.18753563,0.45020768,0.019715675935000027,0.3012362988963534,-0.51320314,0.5735261,0.27076427209389337,0.20493678529774273,0.0037071078952209866,0.6485505643470648,0.14823061797809883,0.28671173685345575,AGGRESSIVE
0.6352712722935,1.6029734272864982,-1.8511097,3.8964632,-0.3718086715,0.9158007535966839,-1.8955073,2.058363,-0.35629918370000013,1.188532426954871,-3.335681,1.169198,1.990096958790168,1.164409690688857,0.45799156033680943,5.061851055512283,0.7694851745502036,1.1568960586601322,3.9668610215097835,0.040164388675,0.09551287858613439,-0.13179417,0.21395555,0.034849859549999994,0.17338397775613448,-0.3323107,0.45020768,0.17441729880000004,0.41757789001207,-0.51320314,0.76289433,0.4507521305097649,0.18623643528959094,0.09412198058084814,0.7938721652977879,0.1419480050422564,0.3817611213735374,AGGRESSIVE
0.1432680927685,0.9334319817063113,-1.8511097,1.1579564,-0.3427750387999999,1.2645823208503675,-3.0555103,2.058363,-0.13163576295,0.6773495834453516,-1.1659269,1.169198,1.5576577130721165,0.7340254957952921,0.4126281797061208,3.257748454466128,0.6120022667330132,0.7638409211862007,1.808979753211173,0.067653325195,0.06536077698996348,-0.019394971,0.21395555,0.005619959249999999,0.133121804267241,-0.3323107,0.3231477,0.26436720635,0.2754168361982908,-0.28535044,0.76289433,0.35653014316533393,0.20606672087921543,0.06409306401686281,0.7938721652977879,0.1196276159347325,0.3817611213735374,AGGRESSIVE
0.26812770389999996,0.8190436798810078,-2.1317067,1.1579564,-0.4788810103,1.236163215517185,-3.0555103,1.195655,-0.11162175925000002,0.796376381924674,-1.7589445,1.780016,1.4879026150478865,0.9126679976297903,0.3555949013611648,3.257748454466128,0.5932130069857213,0.7649730872889259,1.808979753211173,0.02403754761,0.04568198223373542,-0.08475755,0.09239337,0.02605340285,0.09089255618728993,-0.124005646,0.22235495,0.1277777382,0.13078480769820341,-0.082543164,0.34750596,0.18639795984019097,0.09689849451887252,0.03827951031997283,0.3566063238986115,0.10453606249953928,0.3115860586720798,AGGRESSIVE
-0.3908144760000001,1.2245530457341445,-4.132884,1.8775132,-0.5691155655,1.03271218555144,-2.230793,1.7624311,-0.25921687949999994,1.197650270174917,-2.8467698,1.8312492,1.7410456636669729,1.1756087423611994,0.29462069327132967,4.185040701799837,0.8579621250862678,1.121954839947045,2.8145344431904937,0.025503623915000002,0.04343885128654063,-0.08475755,0.0917825,0.012308935049999999,0.09369110382620335,-0.12950343,0.18692477,0.10795515905,0.10600733516314297,-0.082543164,0.2925281,0.16351540015245564,0.08288458206401836,0.03827951031997283,0.32906780645819933,0.05880240094873458,0.16228101681977591,AGGRESSIVE
0.23375229750000007,1.570687226215763,-4.132884,2.688769,-0.25006816205000004,1.1440814066161573,-2.7989378,1.7624311,-0.40562007824999996,1.2723872218613566,-2.8467698,1.8312492,2.0124426932525923,1.1951563002534347,0.29462069327132967,4.185040701799837,1.23077857877025,1.4835294771459613,3.0174416740855534,-0.016187929325,0.08311664228758944,-0.20937407,0.08384126,-0.0078801612,0.08825723854656709,-0.13255776,0.18692477,-0.05395467687499998,0.22677352951791754,-0.5480225,0.22288945,0.20632442488033634,0.15722339928416226,0.030921659128090643,0.5902194051033502,0.08400792692305799,0.3239211324970917,AGGRESSIVE
0.3346798165,1.2986301456467964,-2.0436354,2.688769,-0.2969286435499999,1.0761469475554157,-2.7989378,1.0922694,0.05703651375000003,1.0077406356868646,-2.3276749,1.4083529,1.7277560171427535,0.9653794018029788,0.30486066066882284,3.586597896009179,1.0111493473977784,1.353574770708513,3.0174416740855534,-0.04660901918,0.07053380586497156,-0.20937407,0.056963183,-0.021502456789999992,0.060498419951415375,-0.13255776,0.09712757,-0.08193230397499998,0.1996258214711091,-0.5480225,0.090331696,0.1690127438305708,0.16809652333563088,0.030921659128090643,0.5902194051033502,0.08022082221883711,0.3239211324970917,AGGRESSIVE
-0.2660586115,1.1613473796093388,-2.4326262,1.687256,-0.8971016900000001,1.0019658457686633,-2.865262,0.38272274,0.63466624765,1.1313457604609147,-2.1054382,3.955594,1.8803474921130157,1.1209250773561523,0.4753910963874852,5.40577355136399,0.9298219104539038,1.1804570625968207,2.591894033776111,-0.008796461479999998,0.09128432452866668,-0.20693061,0.16630806,0.01814269704,0.11503918320889732,-0.17165314,0.3023783,0.0388663009922,0.04482482917976316,-0.048334714,0.15874861,0.1352430207366296,0.07962908374966979,0.04200926998741659,0.369639901597273,0.07080263058504588,0.23856577571304863,AGGRESSIVE
-0.2844284428,1.3810841503293545,-2.6206374,1.687256,-1.021276329,0.9181071406664583,-2.865262,0.27948594,-0.24628288785,1.8591985174749392,-2.7191024,3.955594,2.455920328518274,1.0511157457982445,1.011977998616255,5.40577355136399,0.9594709351810241,1.1896629682430249,2.534779643701972,0.0163101005,0.09147135635391096,-0.20693061,0.16630806,0.03442225654,0.16732523721841436,-0.3549127,0.41599923,0.040943242642200006,0.05284761143446832,-0.048334714,0.15874861,0.16908966208081427,0.11114561237613878,0.01804978218542081,0.42879055861361554,0.1387506126896611,0.3903335563431537,AGGRESSIVE
0.3205413352,1.4982516916301503,-2.6206374,2.1204162,-0.6753137895000001,0.7527390420310688,-1.9523187,0.81883454,-0.8471285573500001,1.3585054195386852,-2.7191024,1.775034,2.262474055964048,0.7825054321824204,1.0407063228029547,3.820914769809844,0.9062195917458509,1.115280535025762,2.534779643701972,0.009437867774999999,0.04533617470088925,-0.079870634,0.12415836,-0.004520402090000001,0.14352868948936962,-0.3549127,0.41599923,0.020998492249999997,0.05449725951880819,-0.08071057,0.11110111,0.11941686330486467,0.1058030509936901,0.01804978218542081,0.42879055861361554,0.11712867862124751,0.3903335563431537,AGGRESSIVE
0.9234199819999999,1.3718914607286365,-1.6584026,3.0449154,0.006486903000000021,1.0458393066956364,-1.7595754,1.7217187,-0.41229842035,0.9476078474657624,-2.3283625,1.279396,2.0508922385926818,0.7230875980986341,1.0407063228029547,3.9570085636521046,0.9058498227008649,1.1156931685320581,2.530294434643147,-0.006902777364999999,0.05123663935908311,-0.09392053,0.105832405,-0.061911193949999985,0.17315102693296197,-0.6102544,0.19547687,-0.01986839255,0.08940393468279396,-0.16562083,0.18807013,0.16304171570249926,0.13083679817404123,0.028257573626471633,0.6185674660461706,0.10133769446655831,0.46504865487822433,AGGRESSIVE
0.3323407275,1.472618789486302,-2.10175,3.0449154,0.12990362299999997,1.3691852018629336,-1.7770917,2.2356534,-0.36311352750000003,0.8086073224094376,-2.311998,0.9699526,2.0409455623827224,0.7650125370627952,0.5764185120081007,3.9570085636521046,0.8921267510655373,1.1177285290609684,2.530294434643147,-0.006139195752999999,0.05048232741067993,-0.09392053,0.105832405,-0.054092119075,0.18014224237467819,-0.6102544,0.19547687,-0.01488984106,0.08821004227991062,-0.16562083,0.18807013,0.1644992855953134,0.1328513561215225,0.02738746791679663,0.6185674660461706,0.09882104744376727,0.46504865487822433,AGGRESSIVE
0.014508532499999999,0.9146838857168961,-2.10175,2.2659605,-0.018502941999999994,1.5403912730682172,-2.8459878,2.2356534,0.1214799825,0.83864475522774,-1.312068,1.3679199,1.8172943444371867,0.6726926044583895,0.5764185120081007,2.870725746421112,0.7697724049880151,0.9429768093673411,1.871627038980046,0.006750060489500001,0.03977202104503402,-0.06337727,0.11377365,-0.03509420807500001,0.09101675786651484,-0.20158553,0.12339478,-0.0006261369600000001,0.02404317382198934,-0.067882404,0.03901902,0.09148491843663484,0.054577898719772235,0.02738746791679663,0.21196216614979244,0.06487494289563264,0.18333722621259127,AGGRESSIVE
-0.36748981249999996,1.0607300476680563,-3.6517944,1.1346183,0.19588266475999996,1.269484773528066,-2.8459878,1.7273169,0.1779544345,1.2155013866424027,-3.3536615,1.7071762,1.8571602885699814,0.8941426336693908,0.9419503232129454,5.057831885189783,0.8337902390458076,1.324853495938566,3.6115681925435927,0.007696902052500001,0.048303414848451194,-0.07315111,0.11377365,-0.03796527462000001,0.13171930137577834,-0.42577308,0.17654006,0.009056077440000001,0.041654737553265486,-0.058108557,0.11904237,0.118238968461102,0.09147653760465414,0.02473497532784203,0.4292970793809457,0.0818710929644377,0.27592813415979195,AGGRESSIVE
-0.6067594075,1.0760912741910917,-3.6517944,1.150864,-0.06225483824000002,0.822244150362159,-1.7505277,1.7273169,-0.28702702399999996,1.3001884152908314,-3.3536615,1.7071762,1.7061033816511155,0.9689651594018226,0.6198594682771655,5.057831885189783,0.8667539782576629,1.3393114582729058,3.6115681925435927,0.0087353734,0.050695995060927555,-0.07315111,0.12843442,-0.006536257170000004,0.13077219535000958,-0.42577308,0.17654006,-0.059085938495000004,0.15817819968168248,-0.5803983,0.11904237,0.16244531927386593,0.14392578472829415,0.02473497532784203,0.5959423186692678,0.11036936252020954,0.362047859581745,AGGRESSIVE
-0.14126148770000002,1.0973848560516175,-2.4302146,1.9324774,-0.53258360225,1.0603013265083525,-3.1602771,0.8267425,0.1890873845,1.6391770021966978,-2.2990637,4.520234,1.9805428074902718,1.1151720727714458,0.6198594682771655,4.6864529878608,1.1746991371236681,1.5226896252061426,3.214329771031988,0.0011301009199999998,0.058370958739755945,-0.16783522,0.12843442,0.02312124975,0.18844847560615713,-0.43493605,0.5656612,-0.059513544429999995,0.1574395326590852,-0.5803983,0.13370313,0.191008730561793,0.1720319407397767,0.03819289614916346,0.5959423186692678,0.13220790921197295,0.3784509741090583,AGGRESSIVE
0.0302623738,1.075708126076275,-2.4302146,1.9324774,-0.3560875203499999,1.1388775266403826,-3.1602771,1.1174123,0.2623813795000001,1.961295982007728,-4.188234,4.520234,2.242507571183945,1.1019342998034245,0.981079813037156,4.6864529878608,1.2847292004759738,1.5809921602109511,3.214329771031988,-9.162961000000191e-05,0.06199839502259991,-0.16783522,0.13820826,0.04636467125,0.21740072266185653,-0.43493605,0.5656612,0.033521231155000004,0.10316705253015584,-0.086819224,0.3664428,0.19982806885897053,0.15219415266806038,0.029376064763688294,0.5813000786065248,0.14898326402760287,0.3784509741090583,AGGRESSIVE
-0.007899916200000006,0.7609756664413816,-1.5237477,1.2051915,-0.018773180200000007,0.7985880217638661,-1.3135023,1.850325,-0.37462985449999997,1.534399554990681,-4.188234,2.481412,1.7026594722982242,0.8171590315065143,0.7154589135580407,4.233556934267733,0.6950355875316918,0.8397199765968195,1.745352698049326,0.013775010710000002,0.04701682787978974,-0.04444045,0.13820826,0.0047647485500000005,0.1423074655302777,-0.19730948,0.37323865,0.021517729054999997,0.10105193543565652,-0.086819224,0.3664428,0.1428045965477806,0.10916973552512926,0.029376064763688294,0.417186350984683,0.1075476128964741,0.3590730183530384,AGGRESSIVE
-0.07145873609999996,0.8191093707448692,-1.5237477,1.8782642,0.32304197425,0.9023154900995901,-0.7151752,2.458023,-0.28108151000000003,1.3257623905156197,-2.1068382,4.0317345,1.6167251138340304,0.8305296627200007,0.40767517650645213,4.096020851907954,0.7155387266751828,0.9832738320197806,2.4804185755559525,-0.011514810725000001,0.05091688638135066,-0.16050485,0.06429356,0.002901610850000001,0.14373864623720073,-0.172264,0.321926,-0.013698653695000002,0.043388908318500716,-0.16195565,0.04085161,0.12591487512500726,0.09377036002083558,0.027955533530888695,0.34852142146784465,0.07519758339322573,0.29627661361114127,AGGRESSIVE
-0.11317560789999996,0.8129770877779955,-1.1812735,1.8782642,0.10291085834999998,1.1906039820429466,-1.4692869,2.7906985,0.24358699800000005,1.3397962636161393,-1.9959741,4.0317345,1.7051400197001911,0.9487270897832795,0.40767517650645213,4.096020851907954,0.885614481416552,1.2075923963132311,2.9836089185146752,-0.0014660766650000019,0.06109432984103702,-0.16050485,0.11560625,0.009804388250000002,0.1815605110234709,-0.30176744,0.321926,-0.018493945582800004,0.04546451401721552,-0.16195565,0.03596469,0.16538913859382198,0.10214697711979272,0.023007638352079682,0.34852142146784465,0.10692777449949684,0.29627661361114127,AGGRESSIVE
0.03666937800000004,0.7772345126126515,-1.0316378,1.836803,0.23575545535,1.3696291945344945,-1.4692869,2.940623,0.46324215999999996,1.0151181524883282,-1.0078468,2.791296,1.6885267229507677,0.8916669429191912,0.6254727356674433,3.673016593711183,0.8759074039799414,1.1566025947452754,2.9836089185146752,0.01258382413,0.045005593344535647,-0.07437284,0.11560625,0.021991148450000005,0.15647805208099852,-0.30176744,0.31520647,-0.008903361252800002,0.0384615264249595,-0.07765625,0.05795584,0.13821973329945525,0.09294708725025122,0.023007638352079682,0.3280173418542649,0.10859906037087377,0.2685412591524137,AGGRESSIVE
0.10230486750000001,0.8474121196846044,-0.9308388,1.9984956,0.48229397685000003,1.0143972959376575,-1.2249291,2.940623,0.20496461550000006,1.0947278794758346,-1.6929021,2.791296,1.5903754028479986,0.7636834058168148,0.4054788570138443,3.60159717945406,0.6770695366294647,0.9194748699980698,1.7663666665088424,0.0024740040300000017,0.058452393276153064,-0.0926988,0.104610674,0.050457469300000016,0.13245087655343496,-0.29993483,0.31520647,-0.009605856519999999,0.05326188995171227,-0.13629931,0.058566704,0.1353864332038282,0.08535851139138255,0.03662175684589396,0.3251189710031197,0.09797024700233967,0.2685412591524137,AGGRESSIVE
0.24829066849999998,1.0854666870654552,-1.7274083,2.2187788,-0.032684014214999994,0.6168250558260354,-1.2695413,1.0021126,-0.03127968370000002,1.0385913414872452,-1.6929021,1.4256,1.4820977541761713,0.6262629905969218,0.4054788570138443,2.6194546087740176,0.6162785713851338,0.8461736106347221,1.8392312757792468,0.00681114723,0.061191856084625074,-0.0926988,0.104610674,0.019883663534999995,0.14724439889928367,-0.29993483,0.28527406,-0.024113905775000003,0.05420339729548824,-0.13629931,0.058566704,0.14556240932973225,0.08447991697715082,0.019082359609414398,0.3251189710031197,0.08303680866383904,0.19681643035074356,AGGRESSIVE
0.34470006546,1.03426738619356,-1.7274083,2.2187788,-0.352034798915,0.7187949999794379,-2.3205652,0.82337326,0.054097602300000006,0.8995982021121323,-1.3462696,1.389267,1.44801607508712,0.668692537995649,0.5947827826222147,2.693081782922994,0.69934080801513,0.9177435991188296,1.8392312757792468,0.008399397074999999,0.03505990140510229,-0.05971208,0.065515295,0.004948007934999999,0.11511543591340846,-0.18753563,0.28527406,-0.02154827112,0.04904183640462256,-0.10392345,0.08544478,0.10778983785864618,0.07241895933003553,0.019082359609414398,0.28944447088576297,0.06826226370140559,0.16086738044221435,AGGRESSIVE
0.016616107360000014,0.6880542677734464,-1.1523578,1.7575297,-0.3829400572,1.092854366262542,-2.5046191,1.8922161,0.30957398099999994,0.8166435392375615,-1.6504335,1.371685,1.4116475183135173,0.7018244847692034,0.5303413866481044,2.9998097253395555,0.7194799643795659,0.9734369557152822,2.4539953172380367,-0.006933320645000002,0.04614673139246267,-0.13118331,0.055741455,0.00855211346,0.09724346811157647,-0.18387043,0.19181168,0.0030085116900000004,0.051489769065198664,-0.09353874,0.1184315,0.0983358116942992,0.0647707505983984,0.021192518325128244,0.26081948086603596,0.07288518786803139,0.21318343450358837,AGGRESSIVE
-0.11157745359999996,0.5987377247441389,-1.3062521,0.9926939,0.525927122,1.4369574022050011,-2.5046191,2.4436073,0.20034785149999998,0.8666147547625648,-1.7092934,1.371685,1.6781629683733825,0.7459321419298806,0.5030733374585508,2.9998097253395555,0.7141909131339039,0.9379579992462136,2.4539953172380367,-0.012828170309999998,0.04527907518012308,-0.13118331,0.033750303,-0.026389377389999996,0.10746543138323152,-0.20586158,0.19181168,-0.004810563925000002,0.053792984330623225,-0.11308643,0.1184315,0.10930065422879716,0.06962707821693857,0.021192518325128244,0.26081948086603596,0.06581087954637269,0.21318343450358837,AGGRESSIVE
-0.07078084949999998,0.6341918519168382,-1.3062521,0.9926939,0.51485939989,1.250790496819415,-1.0433539,2.4436073,0.07303228599999999,0.822358308011126,-1.7092934,1.7168446,1.5167726792107306,0.7149724878765686,0.19229827725480855,2.8134117607458586,0.5720292957002606,0.7032026065454232,1.174266456924769,0.00256563397,0.02546692749792335,-0.058490347,0.0355829,-0.032742375275,0.11256462349790435,-0.20586158,0.27916542,-0.029978212355,0.06037944834017299,-0.20227276,0.07261661,0.11313202232110756,0.07465900846032018,0.008203083352488663,0.28087404134503297,0.0755837590642112,0.21178661890328726,AGGRESSIVE
0.27856695385,1.4125953096257933,-1.6827153,3.651003,0.05819864389,1.0533583972261473,-1.4998325,2.2349956,0.21281285949999998,0.9205728496948501,-1.6118555,1.9195023,1.711454829995721,1.001062546913221,0.19229827725480855,4.214290192606767,0.6884491998110753,0.8661515345034706,1.752572857824297,-0.020738874309999995,0.08265309442670765,-0.25213462,0.12843442,0.04877758947500001,0.16088206262584984,-0.1966986,0.4007276,-0.0374613119028,0.07834773183101361,-0.20227276,0.094607756,0.16893485925916826,0.11509268382490191,0.008203083352488663,0.41579234132218684,0.09349733319219378,0.21178661890328726,AGGRESSIVE
0.15269743735000002,1.4597160689204955,-1.6827153,3.651003,-0.18185498299999997,1.3279921618954533,-2.9255362,2.2349956,0.34572191379999995,0.8701089749715459,-1.6118555,1.9195023,1.9096130503533768,0.9990216284740359,0.6086994023066985,4.214290192606767,0.7356570578037273,0.9595826741630588,2.1923159749627485,-0.033505958530000005,0.08688852845314465,-0.25213462,0.12843442,0.0529009301,0.1507408435304228,-0.15760323,0.4007276,-0.0127518119878,0.07197545330837546,-0.19738583,0.094607756,0.16228242368970383,0.109680978961192,0.02648351458927216,0.41579234132218684,0.07287420678742063,0.23423635239964868,AGGRESSIVE
-0.2135809344,0.6411423503002336,-1.473701,0.80679584,-0.31781498100000005,1.2943658263729532,-2.9255362,1.6684786,0.031750528999999986,0.9122935855699207,-1.7454453,1.4835596,1.5677862763487966,0.6977159412713042,0.502355603753573,3.3423154431902087,0.6693130008907813,0.9153503470797713,2.1923159749627485,-0.02739730668,0.04868557354502157,-0.1049161,0.06429356,-0.0027794354499999993,0.11154967356830203,-0.18142697,0.25228736,-0.0039553515999999995,0.038326890854701735,-0.09292787,0.07383834,0.11662534518046097,0.05272519006866267,0.02648351458927216,0.26071986698892086,0.04657770764303627,0.23423635239964868,AGGRESSIVE
0.5748701086,1.2803242898674605,-1.4770474,3.3294413,0.14603207694999998,1.0563986958857563,-1.6813908,1.6684786,-0.3291458613,1.114755615727389,-3.477601,1.2189245,1.8593569282558438,0.918192713732017,0.502355603753573,4.378290559533548,0.9554214764544018,1.2418175353253182,3.0454548799689753,-0.04767803284999999,0.10744542302142746,-0.32910365,0.089949906,0.00018325889999999765,0.0981549278771454,-0.18142697,0.16249016,-0.059910608595000005,0.0838425753117703,-0.27313313,0.05062546,0.15639264508846054,0.09291712154825568,0.05730042220852161,0.3749504069715504,0.061555092552069104,0.2862169398844485,AGGRESSIVE
-0.03656665999999995,1.804826731663962,-3.0119095,3.3294413,0.02893842795000002,0.728985685158904,-1.549324,1.4491104,0.337041334,1.215362158820749,-3.477601,2.1070309,2.001032601412667,1.0830116575420263,0.5914307168045199,4.378290559533548,0.8119182068088124,1.139525392242912,3.0454548799689753,-0.024740043169999996,0.1147559090610748,-0.32910365,0.089949906,-0.003940082349999999,0.09122840831994102,-0.1685988,0.20586158,-0.024297165295,0.10423600857407064,-0.27313313,0.09155343,0.1523772807167844,0.09590545151379971,0.05730042220852161,0.3749504069715504,0.0652923883750162,0.2862169398844485,AGGRESSIVE
-0.6302801682,1.292522200059894,-3.0119095,2.5860481,-0.20958647975000005,0.5170668908397823,-0.9623791,0.7507101,0.5352156175,1.1438037054520231,-2.244502,2.1070309,1.7542254729919915,0.8791587592127678,0.5914307168045199,3.213235595262344,0.7756513606430854,1.045820230751053,2.0702910535606645,-0.004214970510000004,0.06257914376073644,-0.19593503,0.0777326,-0.018387043900000004,0.15644013127514309,-0.26328292,0.4361578,0.04399756813,0.08742087528449952,-0.09659307,0.3114649,0.15792854428766026,0.11040919076874282,0.026271311302725735,0.4969850064021789,0.10841349655761437,0.4196066054349241,AGGRESSIVE
-0.32058348969999995,1.4293244786905028,-2.7583175,2.5860481,-0.27557503425,0.7968047195395531,-2.012026,1.3027406,-0.008198018400000022,1.0567860451968643,-2.244502,1.9480925,1.7548361402080956,0.861004630523162,0.49507424707758085,3.8633617808526814,1.0645279526432159,1.3357343051983146,2.717850797541276,-0.016859881202500003,0.05820311621662732,-0.19593503,0.056352317,-0.016126842250000002,0.14860025014925024,-0.26328292,0.4361578,0.07506006526999999,0.14484673804676085,-0.09659307,0.5313764,0.17485745766178823,0.14411587957290212,0.026271311302725735,0.5496584215332104,0.15011025065402822,0.4196066054349241,AGGRESSIVE
0.6288418543,1.827525752914279,-2.7583175,2.7542827,-0.05965459800000002,0.9579029936468464,-2.012026,1.5773495,-0.15249763090000007,1.0090918428831026,-1.998631,1.8174334,2.1641612450216043,0.8888623766694728,0.49507424707758085,3.8633617808526814,0.8644294017996426,1.1193455004056236,2.717850797541276,-0.015180001162500002,0.042160138556778866,-0.1067487,0.05024367,-0.017348573099999997,0.08451333163352653,-0.1600467,0.13316862,0.029489520135000002,0.13962364899849558,-0.09476047,0.5313764,0.13156126227365406,0.10802864222489299,0.03338912651604982,0.5496584215332104,0.08056747732214323,0.37123731258261833,AGGRESSIVE
1.4983754383,0.8172526984704386,-0.115952134,2.7542827,-0.07722182249999998,0.8536791821206723,-1.5226916,1.5773495,0.06688596100000002,1.3028207454455645,-2.6775298,2.5369701,2.15450644944602,0.7629439299648978,0.5551541970542687,3.410261538656405,0.7645967160265791,0.8764319041304621,1.390255997129737,-0.028649579725000002,0.04523802375328762,-0.13118331,0.05024367,0.005009095435000001,0.11406027649333805,-0.19058995,0.27122417,-0.048151452134999995,0.04426853472324365,-0.118584216,0.05795584,0.12825039589207754,0.05507334777553027,0.05298733412185146,0.274008186513861,0.0456611937358591,0.11797440171499318,AGGRESSIVE
0.014591973000000064,1.3802120715779118,-2.2308195,2.2368212,-0.134844506975,0.6963114658833557,-1.4488246,1.2573724,-0.146413065,1.2203787485614725,-2.6775298,2.5369701,1.8099826421604674,0.6874797083388835,0.5169021766583489,3.007712514191249,0.7268752072825708,0.8504512703808326,1.3773732710426545,-0.013377948467500001,0.05107570118132414,-0.13118331,0.0795652,0.006658431485,0.10904080223432285,-0.19058995,0.27122417,-0.0028863386200000006,0.0748008102284671,-0.118584216,0.1324814,0.12783390542494205,0.05600022135937809,0.04879405697603223,0.274008186513861,0.05141387744513889,0.10311315544618074,AGGRESSIVE
0.17994021300000002,1.644116095690097,-2.2308195,3.4493208,0.16087153977499996,0.885427203602909,-1.9789062,1.9655557,-0.21771978500000003,1.2064279747347393,-2.2446556,2.3970118,2.0653930310547888,0.7506143557213358,0.5169021766583489,3.732697820448886,0.8378536334400646,1.1086168450334428,2.951289307300435,-0.0089491753925,0.048981177565453934,-0.098807454,0.0795652,0.017043138800000003,0.09472732976222596,-0.17531833,0.21868975,-0.017302758024999997,0.08281024881144204,-0.16012305,0.1324814,0.12762538300287982,0.04230422939419756,0.04879405697603223,0.2198536343493392,0.048254323868592054,0.15240741937370295,AGGRESSIVE
0.572828215,1.2816726240884617,-1.7476909,3.4493208,0.11323559325000002,1.0833400283451649,-1.9789062,2.088137,0.0942514462,1.4107398164711236,-2.7055483,2.5493174,2.04616647335601,0.876123558893972,0.7814085131484511,3.732697820448886,1.0211866581509197,1.328686800261048,2.951289307300435,-0.03323106973499999,0.04056782182379108,-0.098807454,0.021533,0.04444044485,0.16568611686996912,-0.25778514,0.43676865,-0.029061913680000002,0.06236070649894737,-0.16012305,0.08666651,0.1652043402851869,0.09158572836190053,0.042673552464270244,0.44743599533827905,0.08477821856681926,0.2700024290023292,AGGRESSIVE
0.1794039163,0.9717124810372991,-1.7476909,1.9627209,-0.2875163035,0.941437396552771,-2.2337544,2.088137,0.4208627777,1.4353548031502432,-2.7055483,2.5493174,1.8423333528313237,0.7907484573098565,0.8581906492939773,3.5025479345533115,0.8588493170583522,1.1304079437831742,2.5276124978336627,-0.04557054723500001,0.06805634766487027,-0.2753475,0.027030786,0.04028656149999999,0.16399301907187644,-0.25778514,0.43676865,0.008689558125000002,0.030997884067603107,-0.054443367,0.08666651,0.15757148316181663,0.1016099416339908,0.042673552464270244,0.44743599533827905,0.09706831431341748,0.2700024290023292,AGGRESSIVE
-0.5090719667,1.5349735366266677,-3.6858613,1.9627209,-0.9931385884999999,1.3088921086145555,-3.278167,1.1049513,0.043759782699999986,1.7916718106004068,-4.0968165,2.447713,2.603619021106446,1.2070059139296658,0.8581906492939773,5.0435423486452065,0.920137228807512,1.181779181430499,2.401833259257041,-0.011667525900000001,0.10645141886147584,-0.2753475,0.2060143,0.0027183490500000016,0.1362491817385171,-0.4288274,0.20341812,0.029917125550000007,0.05587397174097308,-0.054443367,0.14592044,0.1532485891681258,0.09690031492251669,0.05549662262264645,0.45805793515176446,0.08983255954177874,0.3590231764677446,AGGRESSIVE
-0.7700902395,1.947586816597362,-3.6858613,3.4708045,-0.5895336815000001,1.5756040494096726,-3.278167,1.4371448,-0.24104988980000003,1.6685155009030936,-4.0968165,2.1082592,2.870554474307459,1.1987709399667563,0.8369383642318706,5.0435423486452065,1.038985714342165,1.2091103399030019,2.401833259257041,0.01142317974,0.09138521493228566,-0.16783522,0.2060143,0.013408491850000004,0.15421852703959224,-0.4288274,0.24190263,0.0472656986,0.07808254367660203,-0.10453431,0.18379408,0.1751547714499872,0.09282155743331064,0.052023443387663036,0.45805793515176446,0.0858366056495133,0.3590231764677446,AGGRESSIVE
1.0276286234999998,2.1729613082956942,-3.5877204,3.8048458,-0.05652604600000002,0.9701778213630567,-1.6405253,1.4371448,0.4599570989999999,1.3113202886447617,-2.5021958,2.4291382,2.68813009548028,1.0553978140675055,0.8369383642318706,4.29331446256705,0.9168551117337636,1.1829019802564726,2.860852858249541,-0.014110987209999998,0.0704772006730062,-0.16783522,0.088728175,0.07495316529999999,0.12755919734144452,-0.17837265,0.27550024,-0.029672778800000004,0.11934191469329805,-0.28168523,0.18379408,0.1868360301714765,0.0760657745955363,0.052023443387663036,0.34460289114941883,0.07824483729189771,0.19163379095635302,AGGRESSIVE
0.7382597269000002,1.7894937030463962,-1.7836491,3.8048458,-0.9376449035000001,1.3684555303414052,-3.6271122,1.339663,0.3598497915,1.519231753859886,-2.6189694,3.4451742,2.6426703736333037,1.2912102699655226,0.6835220307460924,4.981620031698388,1.1684416482835411,1.6313834473534274,4.186288731007343,-0.0022602013299999986,0.06491907002106871,-0.11285736,0.12293663,0.004703662199999995,0.1856833745092252,-0.5345071,0.27550024,0.010522154100000002,0.1429848154064524,-0.28168523,0.20639609,0.21590641002911423,0.10106254711978245,0.09740107499955039,0.5430921356015076,0.10558157846048496,0.4456910606019572,AGGRESSIVE
-0.059832138099999946,1.1099090387725754,-1.7836491,2.9564655,-0.3477095015000001,1.6911280081952702,-3.6271122,2.2127545,0.20737905629999992,1.3993456028249742,-2.6189694,3.4451742,2.1640721069542894,1.13867924190339,0.6835220307460924,4.981620031698388,1.083783876264702,1.4685752432182513,4.186288731007343,0.006597344505000001,0.055622988825882486,-0.09819659,0.12293663,-0.030879238999999996,0.16010723968811244,-0.5345071,0.19364429,0.09839511909999998,0.11310684653398687,-0.15462527,0.28764117,0.1988875151695675,0.10547008434164543,0.0781688586945805,0.5430921356015076,0.09539862039216634,0.4456910606019572,AGGRESSIVE
1.10942707035,2.1241973279379716,-1.082515,4.9855475,0.6100297464999999,0.8672184364238955,-1.0015733,2.61145,0.14697785205,1.1279885708606099,-1.8844938,2.1666174,2.401452488720828,1.4751989888647759,0.25379797641667495,5.047085656156511,0.9888701342028512,1.3524858583556687,4.332000844372311,0.0011301004849999976,0.08770844340589935,-0.15317446,0.21578814,0.015699235549999996,0.09033440427908773,-0.1459968,0.15699236,0.004932736999999998,0.142811688175047,-0.23159428,0.28764117,0.17133447800093066,0.07506076759913795,0.03430963198754429,0.32868598785842984,0.06378431410605731,0.18668101166336165,AGGRESSIVE
1.42008583035,2.0511981605527714,-1.385498,4.9855475,-0.017104557699999978,0.9129599336623637,-1.2823536,2.61145,-0.61908847925,1.3628251760957444,-2.304296,2.1666174,2.6401503577662915,1.4448110603715651,0.25379797641667495,5.047085656156511,0.9147479505382412,1.3321137124925782,4.332000844372311,0.003207042669999998,0.0923297151924211,-0.15317446,0.21578814,0.0036957344499999995,0.10578834461096542,-0.18997909,0.20280726,-0.06910413135000001,0.08500493323268443,-0.23159428,0.06650795,0.16396141052135155,0.06079023294461356,0.03430963198754429,0.24690809026965618,0.055622931654143934,0.18668101166336165,AGGRESSIVE
0.8232306245000002,1.1788179190521697,-1.385498,2.8268998,-0.21106789669999998,0.945584033613152,-1.4243201,2.0691366,-0.5736637318,1.181500400097071,-2.304296,1.8098383,1.9485839333450137,0.8885641250087496,0.5527963376732897,3.238020074654061,0.7287734873423375,0.9302025178586733,2.2933722029308687,-0.009621127259999999,0.054820824931517735,-0.1085813,0.15897769,-0.026786440749999994,0.11442536260759635,-0.20952678,0.20280726,-0.05777258153499999,0.07129238872316479,-0.21876612,0.041462477,0.14314084079901085,0.06308296089143121,0.029154519330982762,0.269908152499749,0.06494169512333038,0.17616157530949156,AGGRESSIVE
0.12694916449999996,0.9153829515297262,-0.9136703,2.201854,-0.03208480555,0.9476209454449467,-1.7826245,2.0691366,0.3727238152,0.7685654851327433,-0.90775204,2.508769,1.3710320817704962,0.715698916382537,0.5527963376732897,2.8461685406041584,0.7921627070001678,1.0406805240531054,2.2933722029308687,-0.0033903020299999994,0.03620746779783213,-0.071318515,0.06795876,-0.0014355333749999978,0.10239205520716047,-0.20952678,0.17470746,-0.023747386735,0.06159906929359067,-0.21876612,0.048181996,0.10644639971495737,0.06534715673369088,0.023179322623988825,0.269908152499749,0.05972573293047299,0.17616157530949156,AGGRESSIVE
-0.41918929569999996,0.6567128518973544,-1.6558111,1.0409219,-0.28039631654999997,0.7964348646337828,-2.2305524,0.9285918,0.3560390969999999,1.1273657303899853,-2.2815542,2.508769,1.4605879567810691,0.7014987600969078,0.60179345839698,2.777925372609655,0.7206487245336566,0.9736630763720179,2.176131914212675,0.013194689089999998,0.02735340781372698,-0.04016439,0.06795876,0.013103059725,0.0756843818233577,-0.1423316,0.13194689,0.028787025014999995,0.04869403592150585,-0.03306308,0.11904237,0.08721209423918735,0.04557936908681088,0.023179322623988825,0.18881846672366043,0.04263364939353738,0.10058421769573672,AGGRESSIVE
0.0888603375,1.0933391670517179,-1.6558111,2.1216125,-0.10608791525000001,1.5653350009625167,-3.4623368,2.3842516,-0.04544133949999998,0.9268472121766868,-2.2815542,1.7767706,1.908227182623951,0.8331040224633047,0.46403621761173186,3.507479994054778,0.824785239789733,1.00892119019897,2.243387526942702,-0.00928515134,0.04356029178292447,-0.12751812,0.05024367,-0.01069014155,0.06637929320661679,-0.1423316,0.103847094,-0.0047189336528000005,0.10592988856619732,-0.24564418,0.11904237,0.10981663514769073,0.07116826965920622,0.03149410602756357,0.2793343410093045,0.048635849907613354,0.15055907290951356,AGGRESSIVE
0.6507868111799999,1.0014564992694062,-1.0701518,2.251131,0.25774282674999993,1.496058183636653,-3.4623368,2.3842516,0.09976296199999998,0.710046791531388,-0.70729256,2.1214619,1.808095362844379,0.9111627724291732,0.4444263303422942,3.507479994054778,0.9512665301669172,1.1936592623369016,2.313043793207495,-0.027427848980000002,0.04558229238104158,-0.12751812,0.05024367,0.0098043874,0.09181232490213762,-0.12339478,0.2761111,-0.0947604708678,0.10078370340765672,-0.24564418,0.04512767,0.1507816098259396,0.08413171991956403,0.035651081805927284,0.31796392438475274,0.05508900844653978,0.15055907290951356,AGGRESSIVE
0.16733667547999997,0.951034705370339,-1.3217084,2.251131,-0.625474313,1.1700276845719082,-2.2835824,1.5879035,-0.07890864150000002,1.1017151600006103,-3.097344,2.1214619,1.75828246486617,0.825091197209404,0.4444263303422942,3.3940339087173363,0.8582872409183379,1.1125853566005341,2.313043793207495,-0.01246165088,0.04405915825183343,-0.094531395,0.05513059,0.014721851735,0.15538085960736006,-0.35185838,0.2828306,-0.0393244515,0.15650049793386625,-0.24381159,0.34261903,0.2012887771384825,0.09973254663916353,0.041200938136671854,0.3706807508206545,0.0763205273729672,0.2917813372721302,AGGRESSIVE
-0.20799326425000003,0.672149498454459,-1.3217084,1.6789184,-0.9144805731,1.0141963302370818,-2.2835824,1.4831829,-0.3221905312,0.8703347946481067,-3.097344,1.1012268,1.5256276432824907,0.9071480227070976,0.21043704129318377,3.3940339087173363,0.6522789382632712,0.8404705923289116,1.7294135682687592,0.08405505662,0.1477165893092873,-0.094531395,0.57009,-0.020066924565000005,0.13878444902807996,-0.35185838,0.2828306,0.24988970234999996,0.3185107005101447,-0.16867517,1.0060188,0.38785978660391873,0.24035378452835876,0.041200938136671854,1.0270917298814173,0.16698470220912587,0.7736269390319236,AGGRESSIVE
-0.004546648750000004,0.9442215544134286,-2.0386841,2.4973106,-0.18313453385,0.7779092655658553,-1.6459837,1.4831829,0.12500445485,1.2524514423356834,-1.9397969,4.7001543,1.276216537425364,1.1843370734116831,0.1553490476859148,5.356814285771536,0.9341573497430213,1.4702314363736546,4.092079442161415,0.10974194044999996,0.26699113751914155,-0.5581781,0.8492554,0.020983217115000015,0.3038212833522594,-0.24251351,1.255328,0.284250875,0.35562049073477037,-0.38369974,1.0060188,0.5232596060845964,0.3162880565437349,0.1220643066043011,1.40910932918429,0.2399763402439529,0.8113966147408536,AGGRESSIVE
0.2611930785,0.9408295396642282,-2.0386841,2.4973106,-0.39687476074999994,0.6666723838078111,-1.5785582,1.2189668,0.09040949005000001,1.4301454589699167,-2.3963938,4.7001543,1.4804986442127652,1.1462575020743102,0.1553490476859148,5.356814285771536,0.9612770332694591,1.5479957653154859,4.092079442161415,0.036774088249999996,0.2355299196033623,-0.5581781,0.8492554,0.066675937565,0.30116181724603,-0.24251351,1.255328,0.043967026665000006,0.2519435276132375,-0.38369974,0.63949955,0.3163446717728949,0.33532870029251743,0.019189611324848074,1.40910932918429,0.16025084478559223,0.8113966147408536,SLOW
-0.070541926,0.8159105357241827,-1.4872426,1.5028293,-0.521539191,0.5222370248595057,-1.5785582,0.3897935,-0.1398203385,0.8475891141512617,-2.3963938,1.1010561,1.2436997532097087,0.5837684471750061,0.39621190569205894,3.2392970133046104,0.4567922258231145,0.7472947115625944,2.4064690147112313,0.027641652650000004,0.04471828789260504,-0.0364992,0.12843442,0.011820242112500002,0.0740868791756537,-0.15271631,0.13622294,0.03229949881500001,0.10633803011559026,-0.21754439,0.17890716,0.12579262605200228,0.06472452676752267,0.019189611324848074,0.2544010530278407,0.06398554002575892,0.1648694299005663,SLOW
-0.5667828125,0.6289362483099744,-1.5510405,0.98812973,-0.26471498014999995,0.4549158669488693,-0.8931174,0.6418567,0.09545288045,0.6257182971163963,-1.0552721,1.4999275,1.0660427638906065,0.46826877246310555,0.345450847250981,1.7482181864779893,0.5621770654364611,0.6819812269668767,1.2873033734794304,0.026419921675000003,0.05700011706198535,-0.10308351,0.14065172,0.0013744470125000006,0.09262361662081398,-0.17898351,0.22357668,0.09952521989999999,0.0486131412506709,-0.014126259,0.19112447,0.13983063750850916,0.06908712667886871,0.024907861596215643,0.27784840136593986,0.06637196736293297,0.1897469346481678,SLOW
0.329927633,1.259137341668831,-1.5510405,3.278154,-0.26814002095000006,0.616885334582944,-1.2805185,0.8451406,-0.05668168054999998,0.7154606020791833,-1.6892481,1.4999275,1.4097760448910797,0.7612046910774227,0.32174561065509577,3.2995606590949036,0.6857263358440779,0.8132553447341201,1.2873033734794304,0.006658430395000003,0.05952766313439818,-0.10308351,0.14065172,0.02156354405,0.09963740478127896,-0.17898351,0.22357668,0.03413209535,0.08808418772537062,-0.10881037,0.19112447,0.13438527817068785,0.06310724661422662,0.036359711643918276,0.27784840136593986,0.0691320018565852,0.1897469346481678,SLOW
0.6971584461999999,0.9995233165434904,-0.72257066,3.278154,-0.20580222244999993,0.7087152608836896,-1.2805185,0.9243001,0.0037370194000000247,0.8093466080961034,-1.6892481,1.3744249,1.460964780864102,0.6825094068788797,0.32174561065509577,3.2995606590949036,0.4646283946239357,0.6101902781172627,1.1631850863388662,0.009926559660000002,0.04111731907439715,-0.07742717,0.0759,0.010048733009999995,0.07032801207580275,-0.11362094,0.16371189,-0.02356412752,0.04550907286075636,-0.10881037,0.056123246,0.08196524859684087,0.04929857184778955,0.00954354813555211,0.1680277346273541,0.06080957770041963,0.16933755278450952,SLOW
-0.0886874792,0.8688330264506121,-2.6442745,1.1046511,-0.20563510715,1.0145623864255768,-2.5636013,2.1131625,0.14754457064999998,0.8715021065966936,-1.1732321,1.6594887,1.4023661257625935,0.741142306261829,0.4310878782321835,3.8653218258228317,0.604995566589053,0.9018940452042281,2.390196342222434,0.008216136844999998,0.06249256407308015,-0.11102476,0.13026701,-0.022296582939999997,0.08335203938652296,-0.20525073,0.13622294,-0.02218968072,0.06049679942265114,-0.19310978,0.056123246,0.10019565944229544,0.07111860191039583,0.00954354813555211,0.23310239694652002,0.07177697801303187,0.17174198745703995,SLOW
-0.35945858179999995,0.879738539257759,-2.6442745,1.1009512,-0.2653755795,1.0960691954911082,-2.5636013,2.1131625,0.13552098089999998,0.804006401123769,-1.1732321,1.6594887,1.4529317578579188,0.7931529962677774,0.512463878123241,3.8653218258228317,0.7311404310630116,1.0258091508994787,2.390196342222434,-0.011850786334999999,0.09166456033215858,-0.24663684,0.13942999,-0.03142901865,0.16643188750576818,-0.40194935,0.45631635,-0.02167044542,0.08052533330144111,-0.19310978,0.12576188,0.16657922943411146,0.12271564166453261,0.03650311248926625,0.49343832831454937,0.0945738255720762,0.367986430788341,SLOW
-0.5701952099,0.8028433452060484,-1.8495816,1.1009512,-0.022998931735000002,0.7384255126797736,-2.4735143,0.9834922,0.2179380924,0.5845205096464962,-0.7083454,1.1980839,1.2629257336419903,0.49533225164880473,0.512463878123241,2.713259869937377,0.5769284988552077,0.735410923248592,1.6722954676571913,0.004489859210000004,0.09613051259487028,-0.24663684,0.2078469,-0.0066889748499999995,0.17075824676443133,-0.40194935,0.45631635,0.03223841347999999,0.07833752826935426,-0.13141239,0.1642464,0.1696896924990257,0.12405022869565273,0.03742803787450805,0.49343832831454937,0.08600686330055451,0.367986430788341,SLOW
-0.24083749564999998,0.8932634317056097,-1.8495816,1.2333542,-0.10414971149699996,0.6384394953697163,-1.3101573,0.9834922,0.40317438274999995,0.9663881208088002,-1.827805,2.1429033,1.4029722220381564,0.5577467913859715,0.5874364740008691,2.5516754790741567,0.5658482391428875,0.6796199878817919,1.1118533461896898,6.108581999999946e-05,0.07954475329143049,-0.14645495,0.2078469,-0.016096298249999995,0.10799406471725202,-0.24556783,0.16615535,0.026099217505000005,0.06309734477287346,-0.06604981,0.1642464,0.12878480220736216,0.07417994548083676,0.01847630668256588,0.2882480386040009,0.063536121509819,0.1859376693583092,SLOW
-0.09093558814999998,1.1727895049455688,-2.1989102,1.9665277,-0.38398469556200004,0.970458893501236,-2.497491,2.0124066,0.27025569,1.1261221852723766,-1.827805,2.1429033,1.7729833670178938,0.7192025304164897,0.40716421523447,2.8580692642575003,0.539034010997349,0.6561778469604991,1.1118533461896898,0.009162978949999998,0.07447306780767222,-0.14645495,0.1253801,-0.013958270249999996,0.11008128757120228,-0.24556783,0.22479841,0.032207869505,0.07476742508850856,-0.06604981,0.16363552,0.13232515635380376,0.07879202553938419,0.01847630668256588,0.2871918397291892,0.07210013407288193,0.21349550801301423,SLOW
0.4509207665,1.5482781240953876,-2.1989102,2.4706373,-0.33298891630000005,0.9376253865627456,-2.497491,2.0124066,-0.21754054625000002,0.7824887464566824,-1.3618011,1.8940277,1.9120906943751976,0.6485689652297332,0.40716421523447,2.8580692642575003,0.4457607794230201,0.538468272881059,0.9889463931236582,0.017348573509999996,0.07438292729446273,-0.14767668,0.1253801,0.0544280946,0.13161617431230363,-0.21502456,0.34513888,-0.006948592169999999,0.11802841658048722,-0.21143574,0.16363552,0.17504611474324436,0.08954597906489181,0.02560231009038819,0.37542893571461383,0.07400927977466641,0.21349550801301423,SLOW
1.1001231328999999,1.0762178907885303,-0.87824535,2.8904603,0.064196541,0.6158235509860045,-1.0180663,0.977846,-0.3746121833,0.9135331431535103,-2.693324,1.0435743,1.7403642646378994,0.7808791912806707,0.31115484465556265,3.250214717443192,0.5831833146601928,0.7748660436975212,2.0152355446154733,-0.030268373820000007,0.07107722228346987,-0.15806139,0.089949906,0.025045478299999997,0.19457941525732994,-0.50640726,0.34513888,-0.14277447917000002,0.23618142420523802,-0.87239194,0.2008983,0.26939414968964437,0.21303530887433086,0.07009550020759475,0.906905043288633,0.15881797090759536,0.7237133575750869,SLOW
0.27214435904999995,1.1138360371327998,-1.7941808,2.8904603,-0.04754622043399999,0.6844470613122889,-1.3701775,0.977846,-0.30729970705,1.0372767980367585,-2.693324,1.2387562,1.4971477191008877,0.7780505888230036,0.31115484465556265,3.250214717443192,0.644384112354711,0.8540392317086647,2.0152355446154733,0.0001832592500000011,0.0811226629658425,-0.15806139,0.15958855,-0.025534165100000013,0.15709417477386212,-0.50640726,0.1600467,-0.07292203815000001,0.25537957880212186,-0.87239194,0.2008983,0.21880497402103932,0.22883761158797328,0.041403094089836,0.906905043288633,0.1465945179247102,0.7237133575750869,SLOW
-0.04048237485000002,0.6717728686487507,-1.7941808,1.0097216,-0.35770079593400006,0.6214270596961674,-1.3701775,0.93770826,0.1300013538,0.8263068171004488,-1.4989729,1.4339714,1.1597802067238159,0.5084761269048881,0.3367097119038829,2.35634893245607,0.5341416596277819,0.6852664433957978,1.4631865490686686,0.0358272471,0.047323810948855134,-0.033444874,0.15958855,0.007513642215,0.04474511461914124,-0.08307768,0.065973446,0.032024610955000005,0.04529538139048237,-0.058719423,0.12637275,0.08383471323224981,0.03721963207886453,0.041403094089836,0.18102064950065755,0.029106572775782113,0.09749093043876733,SLOW
0.45367485400000007,0.7947755249972053,-0.7071021,2.511154,-0.10057426135,0.5389932235177357,-1.3131849,0.93770826,0.31846486355000003,1.3505911458192137,-2.0877018,4.369581,1.3670575992561431,1.0550499137421516,0.16969534467494227,5.048204138442462,1.0181535085389617,1.4928404732490017,4.493728404347695,-0.011362093,0.08112091774926587,-0.27229318,0.09239337,0.032650746115000004,0.09828897422244733,-0.24129178,0.22052236,-0.025396722144999995,0.06776663170257544,-0.17234036,0.08544478,0.12145828861865708,0.08510059692484016,0.0482141741530536,0.35548084206794284,0.0465049682169321,0.16861687732545858,SLOW
0.5186442872000001,0.8120038022444844,-0.73482275,2.511154,-0.22155512634999996,0.5753849841327605,-1.2636533,0.7567726,0.13018471224999995,1.3755418065594658,-2.0877018,4.369581,1.4592670803351844,0.996822778319484,0.16969534467494227,5.048204138442462,0.9111180649518223,1.4640663012024233,4.493728404347695,-0.021013764115000003,0.08518432818172365,-0.27229318,0.09239337,0.020066921799999998,0.11249653755581548,-0.24129178,0.22052236,-0.042592578799999996,0.04931663990861348,-0.17234036,0.034742963,0.13017822475759636,0.0854633828466465,0.030941262892450215,0.35548084206794284,0.057134895911969893,0.16861687732545858,SLOW
0.11351076755,0.5973864426357951,-1.0568367,1.2650019,-0.3300561913999999,0.6426674486820313,-1.2969297,0.8851,0.17708024949999998,0.6137395364474731,-0.81177235,1.28333,1.0625835075570542,0.34539878797719537,0.4898889535388784,1.6503016879713668,0.3479475416627692,0.4832870550561813,1.2784025441262967,0.0160962989,0.0581597816248648,-0.12873985,0.16814066,0.0033292150000000013,0.06548925152450531,-0.15454891,0.10262536,0.006918048900000001,0.03616126445277696,-0.05749769,0.0603993,0.0811329156130692,0.04883453545746969,0.018846238526229683,0.20302502320809526,0.03860383079780299,0.17792807823615092,SLOW
-0.08877682114999999,0.6664294769932471,-1.2406714,1.1691259,-0.12787226415,0.6421514550578632,-1.6423582,0.8851,0.07606782999999998,0.6496090899337182,-1.0693111,1.1947842,1.0600031351833414,0.356838576802235,0.4898889535388784,1.7134810404946001,0.4503433570922681,0.5447947611247339,0.9275976718022386,0.016920966915000002,0.05926386353895626,-0.09208794,0.16814066,0.003878994050000001,0.05578158029248898,-0.12156218,0.095294975,0.016233743595000003,0.026558388051725473,-0.02695443,0.0603993,0.07672641630766627,0.04155704355267441,0.018846238526229683,0.1967743167623806,0.040939126080395696,0.17792807823615092,SLOW
-0.1968421665,0.6275654917893987,-1.2406714,0.9016063,-0.07813606995000003,0.5580926161725245,-1.6423582,0.60575914,-0.08465099207500001,0.609622210212228,-1.0693111,1.1947842,0.9718258153382291,0.37087415973552806,0.41966680658661176,1.7134810404946001,0.4529898209457118,0.5452515700888377,0.9275976718022386,0.004612032297500001,0.04369022904616439,-0.09208794,0.0777326,0.00311541275,0.062259031931297816,-0.12156218,0.1459968,0.006704245855000001,0.019492249342004657,-0.02695443,0.053068917,0.06640225030592217,0.04004454247686742,0.010076094240478319,0.15252263922271267,0.04235751585062915,0.11739281924127176,SLOW
0.04906251329999999,0.6139187388336973,-0.87175417,1.7500061,-0.12487857207999997,0.5226608371654365,-1.2983428,0.92053634,0.089749952675,0.6278886073216033,-1.1870985,1.4155359,0.927498078332652,0.40769324753616515,0.41966680658661176,2.0907094327015985,0.4533997564614058,0.563405943117126,1.3451013587171927,0.01069014172,0.028218978402591823,-0.04138612,0.094225965,-0.0027794365000000003,0.05147947023740457,-0.111177474,0.1459968,0.030314187700000005,0.03277819993224021,-0.02023491,0.10010554,0.0634776543344037,0.037082495696562585,0.010076094240478319,0.1464463693696369,0.03794195242138047,0.11739281924127176,SLOW
0.11587917925000002,0.5674628418364894,-1.0261745,1.7500061,-0.028749145580000003,0.4774344892877478,-1.2983428,0.92053634,0.12582573670000002,0.5828918673066731,-1.1870985,1.4155359,0.8153868695555595,0.4706831866179998,0.19841978222730405,2.0907094327015985,0.4609953999203194,0.5839444451679064,1.3451013587171927,0.016920967442499997,0.026445282074691785,-0.024281893,0.094225965,0.008796459500000001,0.04860502914281435,-0.111177474,0.09712757,0.0321467833,0.03181063546497279,-0.008017606,0.10010554,0.0654575447948305,0.0321584033223531,0.012653585649286049,0.130843323012033,0.036217654003726854,0.08971036527733772,SLOW
-0.00529017659999999,0.40212558166647927,-1.0261745,0.63570035,0.2469541601,0.37200121401434777,-0.58060837,1.06686,0.14067149020000003,0.46413077476573766,-0.55567837,1.4398899,0.6406616576207631,0.4105033513230562,0.166015929536359,1.8041797391476488,0.4255762022836886,0.5642469612512716,1.2732826320849546,0.01585195352,0.0238069216021607,-0.029168816,0.049632803,0.024892758649999996,0.039276744888518005,-0.03481932,0.09712757,0.009544769205,0.020615541213702793,-0.03611741,0.05551238,0.05111157248287762,0.028235005310085565,0.012653585649286049,0.10314686461772646,0.0312913308227242,0.07741175766407482,SLOW
0.003148813750000002,0.357429885048715,-0.59862983,0.63570035,0.17346710465,0.4380520365121026,-0.75503236,1.06686,0.20856351575,0.55471776209827,-0.9779768,1.4398899,0.7171447415242115,0.4043090805510413,0.166015929536359,1.8041797391476488,0.38748869246073087,0.5146290576425907,1.2732826320849546,0.00736092652,0.027286066351852618,-0.05299256,0.04718934,0.010323622350000002,0.045564461554949934,-0.0720821,0.08552113,-0.018891008415,0.03685049859885415,-0.07887798,0.05551238,0.05990829780065715,0.030750350463031272,0.018609627789710814,0.10791731306916247,0.021454266908837467,0.07710780554704183,SLOW
-0.11598254270000001,0.34412252179507924,-0.79814684,0.4745407,-0.004078276399999991,0.32019624641166505,-0.75503236,0.4169026,0.017858839,0.5304753813696812,-0.9779768,1.0414667,0.6652603926931174,0.22582877359141112,0.32065042389282883,1.151179201054854,0.20874443373180035,0.3006102187337642,0.7961745139653118,0.0011301007555,0.022407314818593732,-0.05299256,0.032528576,0.0013744462750000003,0.04140333405073092,-0.0720821,0.08552113,-0.022067507559999998,0.032703894674575164,-0.07887798,0.02313652,0.05092413760773863,0.03274219000716139,0.014901583430613707,0.10791731306916247,0.016453377931258634,0.07710780554704183,SLOW
-0.05873206525000001,0.36409836629597914,-0.79814684,0.6597874,0.10764934875000001,0.47109481089745153,-0.62336856,1.6670449,-0.018939780274999995,0.5282717339935245,-0.62440014,1.3080301,0.6867899762452716,0.39149726006250213,0.33709016921727575,2.2193018844494277,0.2472871800756054,0.48346422050883864,1.882211715232152,-0.0005497780344999994,0.033079042101721585,-0.08170322,0.08506299,-0.0010384709649999997,0.042470271020326904,-0.11178834,0.11484267,0.007437284904999999,0.03502380736189305,-0.039171733,0.094607756,0.04972607894117661,0.03976767115060248,0.014901583430613707,0.16974946982672093,0.0167026045627791,0.0703733722107463,SLOW
-0.16385294245,0.3519677392942236,-0.658909,0.6597874,-0.13433750715,0.8252841926608674,-1.8651457,1.6670449,-0.19765124507499998,0.870163280589635,-2.2812157,1.3080301,1.0136800227822522,0.7542613190628137,0.33709016921727575,3.001812863627808,0.6369003483732442,0.9151576862144206,1.9288698137227687,-0.0029932389144999992,0.04118283601718208,-0.08170322,0.08506299,-0.01072068569,0.06015295776218771,-0.11178834,0.11484267,0.017669277624999997,0.04570415016330588,-0.039171733,0.10377073,0.0761018328947171,0.04202401509186465,0.016446100329972277,0.16974946982672093,0.02759603183002195,0.0703733722107463,SLOW
-0.30501827405,0.4307932989776218,-1.3211612,0.55927014,-0.08132687715000002,0.9293663263486847,-1.8651457,1.2242059,-0.2343996069,0.7943252858353166,-2.2812157,0.9294739,1.1621353707065676,0.6491121014980171,0.39295975303793673,3.001812863627808,0.7176927215239451,0.9092149312251656,1.9288698137227687,-0.001863138914499999,0.038576565736855487,-0.07437284,0.08078693,-0.009896017775,0.05730067497857848,-0.09285152,0.106901415,0.026801712450000004,0.03820048403778604,-0.028176159,0.10377073,0.07576613833510577,0.03241965771985817,0.016446100329972277,0.14365932401186157,0.03525023632852666,0.060886215030754476,SLOW
-0.021800541350000008,0.6503345768905543,-1.3211612,1.0474737,0.0055134740999999935,0.716358237079005,-1.080426,1.2242059,0.06372814155,0.5980542165822617,-0.8274269,1.5677824,1.0520583019852108,0.36537601016845284,0.39295975303793673,1.8097869110186038,0.4735915999298316,0.612597319573232,1.3777838175594384,0.002657263780000001,0.04324826951682809,-0.08109236,0.08078693,-0.003787364459999999,0.04778068715491336,-0.096516706,0.1001819,0.03291036493,0.02728779349926705,-0.0110719325,0.07506007,0.07178193308026135,0.02523532217323976,0.030015360062977364,0.1071743476028026,0.03326251981397792,0.07715898753982524,SLOW
0.12751051384999998,0.6722910599980695,-1.1668698,1.2662516,-0.1258487924,0.5784469100261268,-1.326871,1.093422,0.19090390415,0.6866289487182016,-0.8274269,1.5677824,1.033470144699288,0.45377278118974335,0.3412955245963798,1.8097869110186038,0.6382651164344464,0.8099862369876146,1.3856232138947668,0.008093964579999998,0.04085520761365328,-0.08109236,0.065515295,-0.0080328777325,0.04820817988830127,-0.1020145,0.07147124,0.001359175042200001,0.05192497367678671,-0.11919508,0.07322747,0.07427113665575949,0.031963721510245784,0.014873384591625188,0.15282937780644434,0.0276711537100773,0.07715898753982524,SLOW
-0.1082864035,0.5935883930452295,-1.1668698,1.2662516,0.009744446750000003,0.7010863809922263,-1.326871,1.6291451,0.0768597611,0.6572757613071882,-1.0172243,1.5577402,0.9989096660110578,0.4941707416476469,0.24207623403427408,1.9307524762066395,0.7143278736972608,0.8654314242702773,1.3856232138947668,-0.0076663588275,0.05335222770091889,-0.16233744,0.065515295,0.0100792762025,0.06831621916849455,-0.115453534,0.15149458,-0.0283594194006,0.04458549920477607,-0.11919508,0.034742963,0.09063565498922146,0.043239366617961975,0.014873384591625188,0.18264163910294479,0.03261091056024561,0.08708206541035604,SLOW
-0.01651136409999999,0.740083377465315,-1.4782805,1.743416,0.18271554805,0.8111984646185926,-0.803597,1.9468694,-0.1452954749,0.7535212556732009,-1.2678642,1.719861,1.1281340658189962,0.7011002681444075,0.1682973969935777,2.8411769292681863,0.7013556565524779,0.9503294204290103,2.443457527413965,0.002168571492499999,0.07741505822049147,-0.16233744,0.20540343,3.054342500000209e-05,0.10966985251865981,-0.16432275,0.27550024,-0.023625213637800003,0.041724930317769485,-0.10758864,0.044516806,0.12182171988681145,0.06879246928797976,0.027828436581979754,0.3128152631774599,0.06531001263604963,0.1963768487660967,SLOW
0.13447083635,0.8947447673434566,-1.4782805,2.1070733,0.33559095930000005,0.6969853558910009,-0.56605977,1.9468694,0.037795403000000026,0.746843583115105,-1.2678642,1.719861,1.1790358468989646,0.7210607526270884,0.1682973969935777,2.8411769292681863,0.7220845106947658,0.983103979797952,2.443457527413965,0.00836885345,0.07026431199409085,-0.09392053,0.20540343,-0.019089538524999998,0.09781032681208532,-0.16432275,0.27550024,-0.03330742719779999,0.040925044160195045,-0.10758864,0.044516806,0.11015290607593912,0.07093379677596133,0.027828436581979754,0.3128152631774599,0.07630387563658397,0.1963768487660967,SLOW
-0.034834903699999996,0.8072202698628614,-1.7910763,2.1070733,-0.02951004020000002,0.7403377551663324,-1.5294455,1.2733598,0.21123361480000002,0.6288320967004029,-0.5474119,1.7390804,1.1212569063900613,0.5664892310428441,0.27616386123280756,2.392458497584009,0.607393965059522,0.8355012154448769,1.7240783820103491,-0.00638354243,0.051903344280478186,-0.09392053,0.13087788,0.007757988000000002,0.06403070709654998,-0.086132,0.14782938,-0.028664851602800002,0.036209637481237206,-0.09903653,0.04879286,0.0820840467406756,0.044539681927447596,0.030292252931003835,0.2063382829417036,0.059467150759604806,0.1708498078671968,SLOW
-0.3521008671,0.6517025085016844,-1.7910763,0.52047014,-0.39731206520000006,0.785919178099245,-1.8780794,1.007838,0.10061747419999997,0.8121296387933102,-1.8749967,1.7390804,1.236930680523321,0.6314569173484021,0.27616386123280756,2.490087562809969,0.6872139553970971,0.898215660902726,1.7240914160443386,0.014202616669999996,0.06506216816746178,-0.10980303,0.1656972,0.005833762774999999,0.06128568600773123,-0.086132,0.14782938,0.042959098679999995,0.07729379287597785,-0.059941154,0.20761782,0.10658707694863064,0.06477174640646531,0.031048113366823057,0.2449722530405901,0.0452844814490924,0.1708498078671968,SLOW
0.011999069549999986,0.9381368924425946,-1.4199386,2.47089,0.24846651915,1.2772505379693995,-1.8780794,3.2738667,0.35419180139999995,1.4515704857868619,-1.8749967,4.6649113,1.724174548309049,1.2986445795592534,0.2707591669367095,5.771825882689479,1.007176192270283,1.41232835405616,4.347849156471402,0.016859880370000004,0.0634697598471724,-0.10980303,0.1656972,-0.007452555800000001,0.03382195291017492,-0.06963864,0.06658431,0.06580545938499999,0.06035823549425951,0.0005345071,0.20761782,0.0956205585634373,0.06408499577527747,0.020977935185065362,0.2449722530405901,0.03573483778118043,0.10760826207169205,SLOW
0.27991670719999995,0.8113800406253153,-0.7969606,2.47089,0.4540295479000001,1.0713881415531776,-0.8051263,3.2738667,0.3607804788,1.4499052998712616,-1.6652117,4.6649113,1.557145675797074,1.3388800564994014,0.23813278232017643,5.771825882689479,0.948932328688401,1.3912753605751915,4.347849156471402,0.0004581488199999999,0.04830310024310392,-0.07009678,0.123547494,-0.005497787135,0.032413749781453005,-0.062308256,0.07086037,0.025641068934999994,0.024977474395326542,-0.022067508,0.07994699,0.06120363902364244,0.028085278041170402,0.020977935185065362,0.13736399096889804,0.02751306293580773,0.10760826207169205,SLOW
0.015434553749999991,0.5683411425961877,-0.7969606,1.2873001,-0.11511075100000001,0.6682055119263425,-1.8717018,1.2037522,0.05933089173,0.7459629317530098,-0.97619057,2.003437,0.9958861121563787,0.5476188888502613,0.23813278232017643,2.3358747330577,0.5384427176676241,0.7343935079475309,1.8107088458336187,0.004978552115500001,0.04539215323079254,-0.07009678,0.0795652,-0.0066889742099999995,0.0433261150564828,-0.062308256,0.077579886,-0.0064293569499999995,0.04104867129025977,-0.10514518,0.046960264,0.06878976248723781,0.027535568168123227,0.03288094131177398,0.1227353968620557,0.023365372301644823,0.06614417594004492,SLOW
-0.5392966866,0.9003448864766063,-2.6751733,1.2873001,0.02685762975000001,0.8149247677533263,-1.8717018,1.4631308,0.19267224943,0.7162854855206755,-1.017025,1.3226175,1.3353434021285469,0.6758554980967126,0.4567089707815138,2.8052830382010456,0.4296609022486136,0.5750628847689543,1.3507245191268815,0.006291912456,0.040720131506589645,-0.059101213,0.0795652,-0.0092546079875,0.049110269598733075,-0.07513642,0.08307768,0.02026545437,0.07544933561866207,-0.10514518,0.14347698,0.09246684166695993,0.036421945420805166,0.03735568743376351,0.16030509474372717,0.02371479402450084,0.06614417594004492,SLOW
-0.35525233219999997,1.2629853989926771,-2.6751733,2.1385262,0.03641951985250001,0.7387833914550207,-1.3708645,1.4631308,0.06324686224999998,0.7912436667258783,-1.3479443,1.3226175,1.5448631817427625,0.6270885911119213,0.3762312835233458,2.8052830382010456,0.6023315188858277,0.778079284439971,1.921347272435208,0.0113620938905,0.04369660094106408,-0.059101213,0.08445212,0.0034819313475000016,0.053232271575821756,-0.08307768,0.08307768,0.055115317014999984,0.06326209770462266,-0.058108557,0.14897476,0.10191408852732112,0.03403311693448817,0.05296884184337512,0.16462572047870652,0.018897458208995133,0.05060271144513481,SLOW
0.33376119300000007,0.9340206193481977,-2.0303946,2.1385262,-0.2911323679674999,0.7074890626553574,-1.3708645,1.2131205,-0.14426327125,0.7501071064951004,-1.5660858,1.1820354,1.3167425078119839,0.5821663837272445,0.3762312835233458,2.297578555958554,0.666724245500385,0.8139882763398465,1.921347272435208,0.012339477999999997,0.044738693892988166,-0.08231409,0.08445212,0.004948007734999998,0.05075384942930436,-0.100792766,0.07391469,0.01965458953,0.04678567985115203,-0.030008756,0.14897476,0.07477762816921579,0.038380893341417574,0.02127160557495005,0.16462572047870652,0.02721785684826798,0.10252651071903365,SLOW
-0.009709990800000023,0.7008168113114559,-1.3899478,1.2460238,-0.19490063162,0.7305434010880328,-1.363667,1.3024081,-0.1534383795,0.7445852585098427,-1.5660858,1.1820354,1.1268066733054538,0.5546107358947975,0.32875944511142235,2.2082180434380616,0.5937167858843301,0.7180545413114466,1.482912798684029,-0.006963863898,0.03864125757158674,-0.08903361,0.05207626,-0.0027488939749999984,0.04991361085327935,-0.100792766,0.08857546,1.5271437199999677e-05,0.02445411334299828,-0.030008756,0.06650795,0.05902816020585784,0.03120596095547045,0.015400325674950806,0.13242197190329058,0.029339313260563167,0.10252651071903365,SLOW
-0.03462318700000002,0.6285020294142853,-1.3899478,1.2460238,0.1955236157,0.681066225593541,-0.9339139,1.3024081,-0.05883436774999997,0.6928615538739178,-1.437891,1.129385,1.053769259407256,0.4638932054017519,0.32875944511142235,1.8171329292549245,0.5348156897249261,0.6554721260895505,1.482912798684029,-0.004123340345500001,0.03856480413611464,-0.08903361,0.08628472,0.007299839525,0.042770889146772996,-0.07147124,0.08857546,0.0028863377821999993,0.031316835809404225,-0.036728274,0.06834055,0.057620561871805295,0.02975269657063082,0.011897423476028094,0.1027499625321936,0.027822090733936468,0.07783886094763925,SLOW
-0.0016624869999999792,0.6064802937571826,-1.603682,1.1104238,0.12489634744999996,0.9926612986112775,-2.1563978,2.1217341,-0.03318161945,1.04039429178702,-1.6010494,2.765564,1.3331423482420512,0.7631435605985212,0.36408024095708275,3.4918242559180155,0.604389542902764,0.7752180876374287,1.800901137312914,0.0018020527524999995,0.04433326212050124,-0.09208794,0.08628472,0.0036651916999999997,0.051518949873871484,-0.070249505,0.118507855,0.010858129635,0.034221598403376706,-0.04344779,0.06834055,0.06820983337091323,0.03217090631472267,0.011897423476028094,0.14129628406433978,0.036332015148923646,0.10938286725807339,SLOW
-0.21180707999999998,0.7301185514536015,-1.603682,0.968379,-0.16870329520000005,0.9451687045493555,-2.1563978,2.1217341,0.049067694299999985,1.1539849833875846,-1.6010494,2.765564,1.408902850377714,0.8650627253406965,0.36408024095708275,3.4918242559180155,0.8231270611175822,1.0401438775082772,2.2239234223742192,0.0097127576,0.0408601470694003,-0.09208794,0.074067414,0.00806342085,0.07412036060866145,-0.18448131,0.118507855,0.016264287354999997,0.031421768313567036,-0.04344779,0.06345363,0.08217234350982518,0.03859044155651246,0.013450528022729369,0.1848297284888921,0.051008314644848715,0.1290865518656149,SLOW
-0.0465049532,0.8059749011556361,-1.5376811,1.5667374,-0.11037018465000004,0.5512086857991658,-1.0320473,1.0874567,0.16927895820000005,1.05875657939817,-1.0411234,2.8749256,1.2094429032376839,0.7615219983626099,0.3760523087360525,3.2821867538491283,0.8741832136366667,1.1682676840700574,2.906134445113076,-0.0008246683500000001,0.03814872921508767,-0.09208794,0.054519724,0.012797626534999999,0.07314785995712174,-0.18448131,0.11301007,0.015012013405,0.028113148188861414,-0.036728274,0.06345363,0.07757303220550299,0.04089414317798296,0.013450528022729369,0.1848297284888921,0.052357565495363176,0.1290865518656149,SLOW
0.1761422468,0.6956263961958832,-0.9248829,1.5667374,0.16070033475,0.5598241858027876,-0.6028745,1.332386,0.17536463840000002,0.9815406741091678,-0.9066706,2.8749256,1.138338822012484,0.6992276969482438,0.2790482126870925,3.2821867538491283,0.7070197135777289,0.9784222054992613,2.906134445113076,-0.018356500999999997,0.034981164032058684,-0.09208794,0.04718934,0.010903944885,0.05597559376665587,-0.09101892,0.11301007,0.025396722470000004,0.03180274774859163,-0.036728274,0.08666651,0.07018296171742998,0.036636881816691454,0.011715691054395058,0.13021904629282796,0.040675976772809964,0.09564127619776538,SLOW
0.09089993260000004,0.5723852759936763,-0.9498848,0.95557094,0.5741588817500001,0.6667028606256828,-0.4549976,1.48809,0.2337012797,0.8391725092494282,-0.9947872,1.5007801,1.2508728409887266,0.49243364119236394,0.2790482126870925,2.091148294369802,0.43955558679934015,0.5488789696541579,1.271991379020839,-0.0016493362849999999,0.031337023364286364,-0.06582073,0.05207626,-0.0035430179500000013,0.09072825830624624,-0.28955013,0.1160644,0.014065172345000002,0.04294127456976584,-0.09476047,0.08666651,0.08101882780622223,0.06612390206554705,0.011715691054395058,0.3055565013775243,0.06926912390964839,0.2734710791478665,SLOW
-0.09795800339999998,0.699719894643204,-1.2781243,1.254137,0.271822973,1.0268834842785364,-1.6581681,1.48809,-0.14576325249999997,0.9981552106808865,-1.7605305,1.4623022,1.5234250759420025,0.4557207552316241,0.8127520024682556,2.622343665599934,0.5461738988229556,0.7597300467120516,1.8095916631316786,0.0076663585399999986,0.03946392537114144,-0.049938235,0.100334615,-0.014263703310000004,0.09851705894953618,-0.28955013,0.1160644,-0.0006566801578000009,0.03789877382287811,-0.09476047,0.050014593,0.0907660511344376,0.06560282707612343,0.01572996551794644,0.3055565013775243,0.07594975564051178,0.2734710791478665,SLOW
-0.19717760250000002,0.7639590318710434,-1.5435797,1.254137,-0.24815268584999997,0.7668135750402033,-1.6581681,1.0562658,-0.25889396600000003,0.8983844718111053,-1.7605305,1.2078037,1.322518249924027,0.5602864784941272,0.4890230004743304,2.622343665599934,0.5545723556130372,0.7723931195328594,1.8095916631316786,0.00018325912499999943,0.045317922222832374,-0.065209866,0.100334615,-0.007360926360000001,0.062424920661783775,-0.14660765,0.111177474,0.0220064202272,0.03231804094057934,-0.06666067,0.06956228,0.07803863239085782,0.033931195750463834,0.03813178290389112,0.16273720852898585,0.04195488441102211,0.12041427758314666,SLOW
0.13396014069999998,0.8104048985770795,-1.5435797,1.7879916,0.0011282379000000006,0.43059581830975663,-0.63224286,0.90299857,-0.0832023555,0.86406912664084,-1.2239532,1.7255592,1.152639007433437,0.46525334470168517,0.4657227837750102,2.167912236198537,0.44105040546149343,0.5707770021997318,0.9036342572216671,-0.011392637299999998,0.045764023823240504,-0.110413894,0.10094548,-0.007360926149999998,0.06492179192861318,-0.1386664,0.0983493,0.024358251334999997,0.028645950017340334,-0.030008756,0.06956228,0.07914141383283375,0.03680993958131275,0.025727713304727198,0.16242076454486232,0.038425048885021476,0.1232892402582792,SLOW
0.3404196501999999,0.8921436958625207,-1.7612741,1.7879916,-0.03211713350000002,0.798273869151195,-2.1912546,0.90299857,-0.2819103925,1.0529682907718887,-1.8345971,1.7255592,1.5358429827537894,0.5154307626784538,0.4657227837750102,2.2730673415118523,0.5150870347828479,0.6183031197799186,0.9036342572216671,-0.0022907453249999985,0.05573886632907847,-0.110413894,0.11133019,-0.023182335800000002,0.13869770512538235,-0.35185838,0.17715092,-0.0029779679999999992,0.05725344857180546,-0.18761198,0.06956228,0.12515934141680302,0.0985549067211228,0.025727713304727198,0.4006781591057752,0.0797249822697161,0.2513874156355602,SLOW
0.11099010049999998,0.9635117182141496,-1.7612741,1.4501154,-0.09428987500000001,0.8977261444746547,-2.1912546,2.0048518,-0.45228535899999994,1.3247994036942694,-3.652553,2.0403156,1.7426734074798127,0.7281941031874141,0.583258248976272,3.95275498083891,0.7879744915875249,1.0212124876159936,2.8317274509024983,0.0035124748849999997,0.06209085791999008,-0.10247265,0.11133019,-0.011789699635000006,0.14016439399522593,-0.35185838,0.17715092,-0.009269879955000001,0.05321801676202142,-0.18761198,0.05245805,0.12742497521371807,0.09742449539795167,0.029172113160267993,0.4006781591057752,0.07542274555841746,0.2513874156355602,SLOW
-0.10173298785,0.7411255504229959,-1.2438471,1.4501154,0.080759199,0.6135349462842633,-0.9008775,2.0048518,-0.151608413,1.2237315057853317,-3.652553,2.0403156,1.3019304876687474,0.8251852900453014,0.46184436263796147,3.95275498083891,0.7009301547992504,0.9740798193986948,2.8317274509024983,-0.0044898594975,0.05827363855700483,-0.09330966,0.10522154,-0.008002335435000002,0.09577580035408613,-0.19853121,0.15332718,-0.007101308720000002,0.022954659750266348,-0.05505423,0.029245174,0.09950621593466816,0.05305496862084351,0.022013011293005983,0.20507482701844731,0.054628375909506546,0.17575279824294368,SLOW
-0.020431911350000005,0.61631493479291,-1.0943198,1.3845072,0.0796772823,0.45429225969770753,-0.77950764,0.90870905,0.07735691385000001,0.6265732258702199,-1.1063299,0.96662426,0.9122985284370495,0.3408040102358541,0.2369824083692047,1.6273844991594857,0.35387145387654756,0.49008134786409724,1.390402090790281,-0.0080939647575,0.04257345282402954,-0.08781188,0.08017606,-0.028588493550000003,0.08888889854550441,-0.19853121,0.15332718,-0.006215554142800001,0.028302094769290256,-0.05505423,0.065897085,0.09278563102734855,0.04921788900838317,0.022013011293005983,0.20507482701844731,0.052061820711966446,0.17575279824294368,SLOW
-0.19362797782500002,0.6755018783672033,-1.0649936,1.3845072,0.14482619841,0.5536252123941144,-0.6139917,1.2894428,-0.0998429277,0.693445009837102,-1.365201,1.7944384,1.0362455488221367,0.43056432637244985,0.2369824083692047,2.1048280087979445,0.446119568840414,0.6566168881083909,1.390402090790281,-0.0007330385800000002,0.03613355520240341,-0.04932737,0.055741455,0.00021380246999999977,0.07460570393580097,-0.09896017,0.18448131,0.025915957822200002,0.04141832079519291,-0.042836927,0.1043816,0.08643359989109049,0.03782534373363364,0.03269885815796117,0.20124448547709012,0.03724063275452688,0.12250486165699336,SLOW
-0.14685742562499998,0.6585717561369657,-1.0649936,1.1614788,0.24054992436,0.6291478260623,-0.4593808,1.3343998,-0.15136284530000005,0.7413317868299035,-1.4031477,1.7944384,1.1149842840385662,0.42216592133593916,0.4407120972319481,2.1048280087979445,0.5492888805346027,0.6777923538749399,1.1901487363054293,-0.0009468414200000001,0.04209193054617367,-0.11835514,0.056352317,0.0007635810699999975,0.09359790232694139,-0.1704314,0.20769419,0.025366179305000004,0.03734584457579848,-0.027565295,0.1043816,0.09112482501612987,0.06216995741739031,0.00783666822676076,0.215782979451837,0.04542605342383159,0.18181680434760086,SLOW
0.2653880397,0.6262793058959875,-0.8197268,1.3140554,0.05155089190000001,0.6113658881544148,-0.85788953,1.3343998,-0.28285446005,0.6942238180686499,-1.7168837,0.7921839,1.0447764680502423,0.5099853195286803,0.31297001135871416,2.2080075692662193,0.6672741641633203,0.7410274825178214,1.4199422130402652,0.0040622533100000005,0.050451700697560505,-0.11835514,0.08078693,0.009437868324999996,0.09865694867322441,-0.1704314,0.20769419,-0.013087788144999998,0.028627502021566296,-0.09048442,0.021914791,0.09378454975399916,0.06427342995593806,0.00783666822676076,0.215782979451837,0.04210111063437021,0.18181680434760086,SLOW
0.15094481819999997,0.6506550123909249,-0.9017956,1.3140554,-0.09795149855,0.5203009710665202,-0.85788953,0.83588785,-0.33938608255,0.5296086563517592,-1.7168837,0.2263813,0.9292557639435353,0.47001492497539193,0.31297001135871416,2.2080075692662193,0.5028603017268908,0.6617392253602694,1.4199422130402652,0.008582656250000001,0.047922697432002566,-0.1085813,0.08078693,0.038270707774999996,0.08274112859567498,-0.1282817,0.16187929,-0.025366179904999998,0.027961352510354094,-0.09048442,0.016417004,0.09774945794133551,0.04651073804112801,0.03156363956089014,0.18003053146633466,0.05118907693130355,0.11595253721098042,SLOW
-0.007421396799999989,0.5947642557896299,-1.0197378,1.1513898,0.09088331525000001,0.5504420732521905,-0.7686675,1.0670342,0.05376677624999998,0.5576031588422043,-0.66447926,1.6125002,0.9048311990191691,0.3429836368922035,0.3691314496959221,1.716835104995726,0.33807477603564196,0.4561707935636772,1.0514224559772087,-0.018539760133000002,0.04845002378345486,-0.1348485,0.04352415,0.04718934104999999,0.10376495663990841,-0.15821409,0.32498032,-0.004169155465000002,0.032970704326149375,-0.06727154,0.062842764,0.10577469770001538,0.07175402614343256,0.02991261916435184,0.3324857349476939,0.075180009752548,0.30257311578334206,SLOW
-0.18352602125,0.5837343117369975,-1.3625555,0.82048106,-0.041581465760000005,0.7220685314754288,-1.8821847,1.0670342,0.07182335899999998,0.608827954469015,-0.79290485,1.6125002,0.9898381953702324,0.49412329613533923,0.25227819034281557,2.3786153868251203,0.5469361892761686,0.7111721591942873,1.6359896361500001,-0.017043140368,0.0442752669881258,-0.1348485,0.038026363,-0.004489858562499998,0.11818330029599128,-0.19975294,0.32498032,0.0005955935971999998,0.033113832045791054,-0.09659307,0.062842764,0.10670701505573728,0.07325159859004667,0.02991261916435184,0.3324857349476939,0.07028257978366723,0.30257311578334206,SLOW
0.0728671053,0.6539086213567434,-1.3625555,1.1500561,-0.42453609746000004,0.7083669876929737,-1.8821847,0.82988083,-0.20192260764999997,0.44473241548152076,-0.79290485,0.5450363,1.0200556231154352,0.519725245474296,0.25227819034281557,2.3786153868251203,0.6642747040453431,0.827310091894909,1.6359896361500001,-0.0030237831800000005,0.039406403248945766,-0.06093381,0.11255192,-0.030543261187499997,0.10804819679389603,-0.19975294,0.28893927,-0.022525656202799997,0.02999491142823413,-0.09659307,0.02313652,0.10167003647421002,0.06907864694416471,0.033995504903434746,0.3100958555341962,0.07544588095217122,0.2694213203706164,SLOW
0.09305548705000001,0.5858303733713695,-1.0048048,1.1500561,-0.5256472937,0.6532778779342368,-1.758366,0.7159623,-0.09259190534999999,0.4357470542234445,-0.75428295,0.5450363,0.9912854754091915,0.484217480802643,0.23048890537467934,1.9600219077280998,0.6095693559326123,0.7447141152924186,1.5207564829375433,0.011087203884999999,0.038673582275767907,-0.046883907,0.11255192,0.0002443473250000008,0.09288226851850388,-0.17837265,0.28893927,0.04692972162,0.12579928824942474,-0.06421721,0.3554472,0.12703197199381566,0.1068155035996255,0.029742163627612336,0.36181046197206196,0.07408550319010587,0.2694213203706164,SLOW
0.41987484649999995,0.8915397746397915,-1.0048048,2.474194,-0.12623988439999997,0.8195945380570071,-1.4644357,1.2738419,-0.06945467050000001,0.5299077699961595,-1.3365383,0.94695187,1.1964394089409343,0.6693277675084938,0.23048890537467934,2.8323807080019625,0.5539339967867896,0.6952719358600804,1.6521406575963675,0.013927727244999999,0.0587860507832784,-0.114689946,0.13148874,-0.030634891250000008,0.11684023413452349,-0.29016098,0.11789699,0.05282457102999999,0.18278466769264945,-0.32016975,0.3554472,0.2020284688668355,0.10808964262963419,0.029742163627612336,0.36181046197206196,0.06391390565009518,0.15771071468597522,SLOW
0.3991587693999999,1.0440223903339725,-1.6471205,2.474194,0.12079053899999996,0.8898267545784684,-1.9035966,1.5219382,0.021602582050000024,0.6222491395699996,-1.3365383,1.0616703,1.3780401361664398,0.6734905998839656,0.35975994092884267,2.8323807080019625,0.5778038966976621,0.7551480736221687,1.6521406575963675,0.012400564414999999,0.0821989194400177,-0.15317446,0.14248432,-0.05082398757500001,0.18930988379430605,-0.5357288,0.24312437,-0.0020311265999999996,0.22475660922626176,-0.32016975,0.34261903,0.2787804292967287,0.11910789396671785,0.020957913779151786,0.609474023322096,0.10217610351027843,0.40748898466914796,SLOW
-0.14195513180000002,0.786721452360591,-1.6471205,1.204869,-0.1283864193,0.7872547000492114,-1.9035966,1.5219382,0.063193991905,0.6267591394219395,-0.93895626,1.1791964,1.152166624064952,0.5262490175526873,0.35975994092884267,2.686694030820219,0.6089767551631948,0.7980617744614281,1.6116533551178722,0.03781255828,0.06749185172994586,-0.15317446,0.14248432,-0.041752639924999994,0.16557707344895128,-0.5357288,0.24312437,0.12967142035499996,0.23631676197161372,-0.2926808,0.39332086,0.28591305932529865,0.15102169622656328,0.020957913779151786,0.609474023322096,0.10011115391466682,0.40748898466914796,SLOW
0.07359969245,0.5509461701987681,-1.2398841,0.8913765,-0.03114038764999999,0.44653519613449105,-0.9941503,0.68935585,0.003779509504999989,0.5730464063233384,-0.8646889,1.1791964,0.8131623377042903,0.3768562562270402,0.17375790220106077,1.5465868962275156,0.46291669938119123,0.6163136657699816,1.6116533551178722,0.043432518196999996,0.035967831909676694,-0.0016798794,0.12965615,-0.024831672860000008,0.0887291578090906,-0.24923302,0.09712757,0.1711186262022,0.13914986523145112,-0.0019089539,0.39332086,0.1982190248199383,0.1436243995905467,0.014779001985541723,0.41463041784584004,0.073986249447549,0.21489434762132326,SLOW
0.21817233644999998,0.41091000701432817,-0.67251706,1.2153583,0.29358613749,0.3412555191705022,-0.35601658,0.9082356,0.11558986029999999,0.4791811807268831,-0.8646889,1.0567284,0.7225312506191648,0.346824261631312,0.1033763145527535,1.4345765211445007,0.400016657873286,0.47075219407977303,0.8075859082708879,0.025320364167,0.029037226342840523,-0.029168816,0.09850202,-0.02067778856,0.08862550661582558,-0.24923302,0.09712757,0.10655017092220001,0.10071751951675913,-0.0019089539,0.4067599,0.1346715505974333,0.11325230730778499,0.014779001985541723,0.4393954115667994,0.08545956238892977,0.29398756773015694,SLOW
-0.03501257370000001,0.6078824674523485,-1.291718,1.2153583,0.15922641643,0.4042373323175494,-0.606896,0.9082356,0.15242137984999998,0.8440343356958723,-1.8639994,1.9778786,0.9712018102577012,0.5521584287875506,0.1033763145527535,2.2586137547714897,0.5482546888302977,0.6757019168664282,1.6133032885797578,0.0215940862105,0.03251894613324602,-0.029168816,0.0917825,0.0034513888599999945,0.1308054065502042,-0.18753563,0.31948254,0.12365439782500001,0.08759306711742225,0.00786489,0.4067599,0.17230904971137348,0.10576187602048441,0.044907231135770845,0.4393954115667994,0.09255004583095891,0.29398756773015694,SLOW
-0.21304369985,0.5359759816450295,-1.291718,0.6796799,-0.30195317321000004,0.6658875710170742,-2.0993726,0.95996857,0.11238922362999999,0.8626317364298348,-1.8639994,1.9778786,1.0768203101546097,0.641316258112795,0.25907603631398624,2.6333716469138455,0.6130527966427193,0.8010687826846302,1.7566765271671236,0.029749137425499995,0.03044954339115416,-0.009010263,0.0917825,0.03457497336,0.11775796314456517,-0.17898351,0.31948254,0.11226175964999999,0.07256354276869552,-0.025732698,0.21250474,0.16527461707140603,0.0822323082368339,0.024793365109601156,0.3704188147829985,0.062334715100693404,0.19801371010192448,SLOW
0.10413804484999996,0.5377754192161022,-1.1554077,1.4664464,-0.21792324585,0.7989240193177255,-2.0993726,1.0565172,0.07350720752999998,0.4616997484983502,-0.6976414,1.0919313,0.9291588904758667,0.5467786570342936,0.16080125113817495,2.6333716469138455,0.5340889897904355,0.7063198684436839,1.7566765271671236,-0.012308934137999997,0.06155617798584495,-0.1611157,0.063682705,0.027336219765000003,0.057209869200743196,-0.13805555,0.10323623,-0.060949079,0.21483050120944425,-0.4967098,0.21250474,0.1857673904871953,0.1474613535229083,0.024793365109601156,0.5138066047348537,0.06629209322521942,0.19358625421304013,SLOW
0.1537368517,0.5662737782701646,-0.9075989,1.4664464,-0.11424861764999998,0.6254270174408731,-1.3148012,1.0565172,0.124742267585,0.4343469722765951,-0.6588383,1.063674,0.8775081106617945,0.3807002436735127,0.16080125113817495,1.602849440586193,0.41043897388278305,0.5104174642173943,1.1919154495130209,-0.029840766911,0.052978494838671675,-0.1611157,0.036193766,0.030054569365,0.17612874835306389,-0.20647246,0.70554936,-0.08953757182,0.18401361612462377,-0.4967098,0.097662084,0.1938306554426005,0.1961337264729611,0.03096236158053645,0.7129508184521732,0.10516348880822193,0.6276578001189544,SLOW
0.1848911835,0.5194996476013016,-0.9075989,1.063465,-0.008458355299999994,0.8102535448793212,-1.3148012,2.062256,0.14723639858499998,0.671800813151233,-1.1455612,1.5055695,1.0666007769323484,0.48895086983215713,0.4047159056967732,2.5634134524937555,0.5278156645833223,0.6617034704479553,1.5763289146918749,-0.0025656341079999994,0.03246973251227866,-0.0786489,0.041691553,0.01777617786,0.17431107311182242,-0.20647246,0.70554936,0.033276884480000005,0.025994301054512357,0.0017562376,0.097662084,0.10217795266507587,0.1504317035537375,0.01776061808525528,0.7129508184521732,0.10130012841129821,0.6523077783903124,SLOW
0.2642396547,0.5750197720494657,-0.76930535,1.1701738,0.24162816800000003,0.9183260957822176,-1.2886099,2.062256,0.1532326744,0.9017149216616173,-1.1455612,1.7945251,1.3312395847284892,0.5303380508921421,0.4698867525134779,2.5634134524937555,0.6703642420261496,0.8028015000412606,1.5763289146918749,0.01960877428,0.07803896176570232,-0.062155537,0.33001995,-0.029932397849999997,0.10719872246352499,-0.44409904,0.077579886,0.014065172320000003,0.02775752977575305,-0.04466952,0.07200574,0.07575928746607073,0.11775680429483303,0.010195744063120073,0.5550968300611655,0.10332434739563216,0.6523077783903124,SLOW
0.18077104435000005,0.7881943742197148,-2.1528187,1.4545887,0.430417061,0.9236830906909942,-1.2886099,1.7774744,0.18947706399999992,1.0977694200039971,-2.4876776,2.2149973,1.5302909388183477,0.6940421753830964,0.49385832228597965,3.32814185561146,0.7987128977011767,0.9812728586653262,2.0745157110891306,0.008735373810000002,0.12973320708872815,-0.41279218,0.33001995,-0.03005457041,0.11106871063627664,-0.44409904,0.059864793,0.0015729778849999996,0.02621751114053359,-0.04466952,0.08972083,0.10069404641497477,0.14217991774232902,0.010195744063120073,0.5550968300611655,0.1190619056875734,0.5135688736679728,SLOW
-0.13447411135,0.9518291412966505,-2.1528187,1.4545887,0.13103829579999995,0.8403375757972407,-1.0619928,1.7774744,-0.1738298862,1.1520011557795409,-2.4876776,2.2149973,1.5120004772803597,0.7756937099978555,0.45541836741071257,3.32814185561146,0.8450402157867494,1.0102504739822153,2.0745157110891306,-0.0003665181200000002,0.11130940262763304,-0.41279218,0.12660182,0.0054672441,0.07511707398513413,-0.15577064,0.14721853,0.015653421865,0.02885830005686686,-0.021456642,0.08972083,0.10285226750029255,0.08955073369069658,0.022934537790003817,0.4310364504045575,0.09159552008656636,0.4081019126145537,SLOW
0.0184431766,1.0256162062550962,-1.971692,1.9675813,-0.07994392650000001,0.7027677130178219,-0.8761068,1.3875325,-0.09188534925000003,1.0439548232200053,-1.9588041,1.4036312,1.4397051617216416,0.6853775326036816,0.45541836741071257,2.5356046121524396,0.7393961904891084,0.8887599884083186,1.6081076454858274,0.0017104229249999988,0.04702659144775515,-0.063988134,0.10399981,-0.006017022407500001,0.08903188534801067,-0.24923302,0.14721853,0.021303925675,0.03237434142933913,-0.050778173,0.071394876,0.09078711185087955,0.05503729669611527,0.031093149354599284,0.25439719694457047,0.06293063896389492,0.2233040475899712,SLOW
0.30589982284999995,0.8045256577260312,-1.200299,1.9675813,0.2110974067,0.784698768745067,-1.2925352,1.3875325,0.42123744519999995,0.9384611777246876,-1.9368443,2.0105429,1.3492590415803067,0.7480604821509953,0.2645236127304529,2.642649100447424,0.8460444677007075,1.1322788946059466,2.3781254877169715,-0.014172073495000001,0.028229832991853103,-0.063988134,0.033750303,-0.025350906907500005,0.1032002643744643,-0.28221974,0.16737708,0.001664608075,0.04016594545449759,-0.075212784,0.071394876,0.09412537427096204,0.06801080516272441,0.030867305589561286,0.28402545514872096,0.07114756315599685,0.2233040475899712,SLOW
0.01391991225000001,0.7135121926556234,-2.0092242,1.3656629,-0.07804351585000001,0.7206028557740441,-1.5893935,1.2911195,0.2621022266499999,0.8110343808849972,-0.907814,2.0105429,1.1009612157397348,0.6994013832750733,0.2645236127304529,2.642649100447424,0.8178416435492954,1.132498802426414,2.3781254877169715,-0.015332717042500003,0.033806081447711016,-0.11530081,0.032528576,-0.02782491135,0.09831674380479404,-0.28221974,0.16737708,-0.02396118905,0.037525594924459234,-0.08071057,0.030466905,0.09954452122040337,0.058765261242099055,0.024642398598142694,0.28402545514872096,0.05209901170862248,0.2067677166082043,SLOW
0.06596931075000001,0.9511714949477814,-2.0092242,1.9569039,-0.22762893685000002,0.832087843654116,-1.5893935,2.2795382,0.08763237565,0.6101506171983963,-0.907814,0.9936781,1.1868467765394677,0.7442079185682333,0.19718425496841585,3.0318727353893005,0.8753061928924465,1.092071622840743,1.9840552229068849,-0.021380282920500003,0.038269249661188186,-0.11530081,0.032528576,-0.040561451920000005,0.08775881167974146,-0.20219639,0.09896017,-0.032146783845,0.04540755412072668,-0.15951219,0.04268421,0.10212630338039566,0.05958251857659847,0.024642398598142694,0.2689284022594808,0.05185061086667546,0.1918284006295787,SLOW
-0.10679845074999997,0.960234190917174,-1.9703019,1.9569039,-0.018972674649999976,0.825003744800878,-1.5322802,2.2795382,0.17484827297129998,0.7446821658681811,-1.6080065,1.5649767,1.2667932041773544,0.7159414530281472,0.06493485706097307,3.0318727353893005,0.8957696232067096,1.0930516845208722,2.0179124643574675,-0.004886921838,0.04163700459141875,-0.07742717,0.065515295,-0.01151480937,0.09565707234331457,-0.20219639,0.11178834,-0.018096883495,0.04020955061491593,-0.15951219,0.04268421,0.09504171104313143,0.05917619200616012,0.02896189515786271,0.2689284022594808,0.053076669757768466,0.1918284006295787,SLOW
-0.02635678524999997,0.8965775684727363,-1.2990555,2.3738081,0.1584878251,0.6387548641070765,-1.1806,1.3217309,0.002983546721300007,0.8266422173505115,-1.7120166,1.5649767,1.2287387252714388,0.5771616230880492,0.06493485706097307,2.396704201588771,0.7304807215500615,0.9386906659296618,2.0179124643574675,0.01020144954,0.03551128610755015,-0.051159963,0.065515295,-0.00986547351,0.07240974788510039,-0.14477506,0.11178834,-0.007101308640000001,0.02481702509716869,-0.072158456,0.031077769,0.07650135571342467,0.03499579937120862,0.031019555703440362,0.1522817661028401,0.034030467566438814,0.10964976803757756,SLOW
0.25155735175,0.9304653373885945,-2.251991,2.3738081,-0.011496129600000016,0.6772849787077108,-1.1806,0.8852278,-0.3256342880000001,0.9523271180356249,-2.0495896,1.6107874,1.3811751690140812,0.633821616226121,0.2555642197017615,2.542181720255336,0.8778390914173574,1.10040762494638,2.2866175005535747,0.0010079278299999995,0.03735432380154846,-0.06154467,0.05757405,-0.02528982146,0.04756060265199546,-0.14477506,0.051923547,-0.0031612276199999997,0.02679572241204908,-0.072158456,0.03352123,0.06289355593492071,0.029940006367952007,0.027935504154207688,0.1522817661028401,0.036055257570552106,0.10964976803757756,SLOW
-0.10482335279999996,0.8925314679709587,-2.251991,1.1682444,-0.020024151750000024,0.7357672914376382,-0.949149,1.8083587,-0.23173381975000001,1.1319178090850148,-2.0495896,2.6865788,1.4404853623958684,0.7095847919562516,0.2555642197017615,3.25372908127731,0.9654663938738594,1.2123660742271054,2.2866175005535747,-0.005375613560000001,0.04800044835347334,-0.13362677,0.059406646,-0.0033597595499999995,0.0803537450544205,-0.23151793,0.15760323,0.01101084585,0.028721454990512565,-0.033673946,0.053679783,0.07909687976722293,0.05630286930914618,0.027935504154207688,0.2702354404551173,0.05638671679967221,0.19068838284602474,SLOW
0.017103810700000006,0.7868451295647539,-1.843416,1.168727,0.23710624310000003,0.9788229454378422,-1.6140176,1.8083587,0.10224094179999998,1.2769341757957582,-2.8857002,2.6865788,1.5940948584856076,0.7767802531844334,0.5248275582825642,3.355402166236038,0.8573844388881806,1.12699635916498,2.438801187923616,0.00113010148,0.043299327196507836,-0.13362677,0.059406646,-0.007024950599999999,0.08825625970497222,-0.23151793,0.15760323,0.007345654229999998,0.039902014026166596,-0.06299548,0.08361218,0.08981575080783874,0.05361733760737738,0.03449538238583796,0.2702354404551173,0.053482631441146324,0.19068838284602474,SLOW
-0.090064369,1.037026364364191,-2.9335115,1.168727,-0.0005109185000000072,1.2369863651832225,-2.8811076,1.6537412,-0.3086907647,1.632245634631832,-3.340671,1.7360449,2.0135791446194875,1.05391320424875,0.666659770858914,4.379840195712883,1.1871976712608743,1.5526942363763392,3.322713724493399,-0.00897971878,0.046935459452069984,-0.08903361,0.09239337,-0.016554448,0.12133390918523412,-0.3145956,0.2443461,0.0003512472300000001,0.03469478009317953,-0.06299548,0.08361218,0.11004588566218206,0.07585904537789792,0.037309458698515006,0.32130761473279806,0.06128878701104802,0.25978336096824833,SLOW
-0.2726054047499999,0.9403312528556009,-2.9335115,1.2518086,-0.3309409528,1.1616774026089074,-2.8811076,1.2327431,-0.11489302875000003,1.6455335526260335,-3.340671,2.2336826,1.937700969578263,1.0938940634048462,0.6276163704204345,4.379840195712883,1.2390971659462449,1.5882727103086787,3.322713724493399,0.01142318078,0.08193160114038468,-0.08903361,0.23167065,-0.0032986716999999976,0.19769012799285415,-0.31764993,0.47158796,0.010613783337199999,0.03664789436601222,-0.042836927,0.1288162,0.17816764789965187,0.11828018457008252,0.04614187334315586,0.4938647344828035,0.1414805772919303,0.414674402396612,SLOW
-0.03425018485000002,0.6186245692671438,-1.0441494,1.2518086,-0.3210078908000001,0.8812616278483315,-2.7007978,1.0767595,0.3230529595,1.174629393753898,-2.254681,2.2336826,1.475390042117119,0.6835861899351132,0.6276163704204345,3.191349468557238,0.6316243459714325,0.892796596907743,2.2669159814898485,0.009010262849999997,0.0782340687054376,-0.07376198,0.23167065,0.015851953100000003,0.17429704991845824,-0.31764993,0.47158796,0.010674870107199998,0.03921194822480347,-0.04100433,0.1288162,0.15565050541202582,0.11404094311191856,0.03593776989602535,0.4938647344828035,0.12464563830211468,0.414674402396612,SLOW
0.09622204144999999,0.636486632979267,-1.0441494,1.1797827,-0.09596107915000003,0.6931852173070021,-1.4086461,1.3111007,-0.13007027525,0.8333960067673369,-2.254681,1.1768417,1.152362960652267,0.46859979868952945,0.49983368958566615,2.512810115528837,0.36250705289571666,0.5089777620281667,1.2617095899033515,-0.01942551505,0.03798263276548853,-0.07376198,0.041080687,-0.006933321775000001,0.09370388812198727,-0.22052236,0.14905111,0.00041233415940000046,0.02931791473937728,-0.056886826,0.049403727,0.09162374056372884,0.051902631286326946,0.023922048221719963,0.23026142726206006,0.05667349307867805,0.1689034339142161,SLOW
0.1295198118,0.7596509684635684,-1.4477551,1.3591342,0.06599876635000002,0.8646486522737141,-1.0354006,2.627583,-0.09963288375000001,0.6558543860514193,-1.3088684,1.295865,1.129813894216134,0.6662295820232672,0.24515810201571542,2.9818406099054195,0.6654354658007985,0.9908197602432777,2.736682507889704,-0.009865473699999999,0.05119788092695122,-0.08903361,0.1217149,-0.021319196425,0.09936161956443132,-0.22052236,0.26267207,-0.007070765130599998,0.02452965162851658,-0.056886826,0.043295074,0.09312823232727814,0.06782205137758435,0.023922048221719963,0.29028432700217965,0.07170824557052408,0.2480546768800125,SLOW
-0.11097763125000001,0.8384848057537406,-1.4477551,1.3591342,0.07004535419999999,0.7981095211485734,-0.72414386,2.627583,0.10288195500000001,0.7809341033798369,-1.5252295,1.295865,1.2290778647187293,0.6237186054987333,0.24515810201571542,2.9818406099054195,0.6956609551627038,0.9980806982823419,2.736682507889704,0.0014966202300000016,0.05811948196748976,-0.08903361,0.1217149,0.0013133626249999934,0.11963265063460647,-0.226631,0.27855456,-0.0027947085700000007,0.022642795709492902,-0.036728274,0.042073343,0.10523751878032347,0.0809759823784302,0.01659292751121242,0.29248365250773944,0.08859451678407249,0.2480546768800125,SLOW
-0.300837112,0.908431570750663,-1.6839535,1.5020665,0.040087185399999975,0.5962036718704001,-1.1636732,1.1522895,0.22348194185000003,0.9846690581602824,-1.5252295,2.0112686,1.3701780617196038,0.5688697053042967,0.5175864214168284,2.6255860033047855,0.582029768773602,0.7771560709888543,1.5950777409964834,0.00696386366,0.04313339585949603,-0.06093381,0.08506299,0.014599680700000001,0.10373921723871246,-0.226631,0.27855456,-0.0010842861349999997,0.02394197679636104,-0.053221636,0.042073343,0.09027270175075411,0.06995801514607633,0.008128826742082509,0.29248365250773944,0.06944979816163252,0.2167515650447508,SLOW
0.0035390770649999124,1.0132510265647592,-1.6839535,1.5020665,-0.07814689279999999,0.7176924151324976,-1.5290445,1.1522895,0.28319897255000004,0.9821515331730479,-1.449851,2.0112686,1.443157263869586,0.6363388930086044,0.49558148999718243,2.6255860033047855,0.7968303818505651,0.9652647238300686,1.5950777409964834,-0.00781907609,0.04596894820734298,-0.13607024,0.06429356,0.025289821325,0.09039988589490033,-0.16982053,0.24984388,-0.022067507455000003,0.03395432317682377,-0.10086913,0.034132097,0.0909876601955408,0.06303887055569393,0.008128826742082509,0.25669050491740575,0.06469031715357569,0.20263204260984352,SLOW
0.04195577681499999,0.8974112476702523,-1.6279942,1.2651529,-0.21208449049999997,0.5510451041537955,-1.5290445,0.56050175,0.018046543700000008,0.8868833220160418,-1.7001681,1.7732124,1.2484601798698778,0.5517385654822413,0.262038896291662,2.090640403554241,0.7584137342259961,0.926261423093726,1.6926618705552263,-0.022357669175,0.06159218230949064,-0.15317446,0.08017606,-0.019761491340000003,0.12116551101169828,-0.26083946,0.24984388,-0.017547104535,0.036149817430606704,-0.10086913,0.038408153,0.11547343819660334,0.08370738995322939,0.005797691128996424,0.3039142560424491,0.1002365963156689,0.2981165649134527,SLOW
-0.060337752750000015,0.9126622040774096,-1.6279942,1.2247293,-0.19535303724999997,0.4622949869472708,-1.4019616,0.6571865,-0.01992964424999999,1.1248107513423846,-2.3040986,2.0830698,1.3808757685622282,0.5908580087052601,0.262038896291662,2.4638459681008573,0.6573494186601049,0.8372778035097952,1.6926618705552263,-0.017623462755,0.055200654662987174,-0.15317446,0.08017606,-0.03170390514,0.11833652508768902,-0.26083946,0.2657264,-0.0201432815628,0.03403536323293592,-0.08071057,0.038408153,0.11440583097790377,0.07901619085687489,0.005797691128996424,0.3039142560424491,0.09588600111552052,0.2981165649134527,SLOW
-0.1553946238,0.8722556218608406,-1.2735605,1.2247293,-0.26929178125000003,0.5045580664745094,-1.4019616,0.6571865,0.335716467265,1.133864021748951,-2.3040986,2.0830698,1.4784682141164003,0.4696094170104912,0.708196872645747,2.4638459681008573,0.5320630014378702,0.6738822032253179,1.6630463405932583,-0.004642575474999998,0.04106009156554967,-0.08597928,0.061850104,0.026908615349999998,0.10241300113479047,-0.122783914,0.2657264,-0.019135353947800002,0.03353152671141551,-0.08071057,0.031688634,0.10191758132567179,0.059456988600004965,0.037912189614312926,0.2700785125752483,0.06436813167679718,0.21568807700937015,SLOW
-0.3518991873,0.7824323454214441,-1.2465625,1.2196026,-0.23196008949999994,0.42351421126461686,-0.8832753,0.662245,0.119428235015,1.0265023442239152,-2.3631043,1.8155394,1.3311765081751985,0.42658850787247177,0.67842921473036,2.5401656702727435,0.4870112194916256,0.6157084052567818,1.3250269322959425,-0.007910704859500002,0.03761065080810296,-0.08597928,0.061850104,0.011881328342499997,0.07971251975393502,-0.09590584,0.20647246,0.0003512474500000001,0.016348162990450492,-0.030008756,0.031688634,0.07361477797743832,0.05045943530681202,0.01633225800476721,0.20777823755123723,0.0586685613448253,0.15904225970708288,SLOW
-0.13524337051,0.7505814612206461,-1.2465625,1.0670545,-0.003730227175000006,0.3641682354913425,-0.524989,0.662245,-0.3376472715,0.9329621151212762,-2.3631043,1.2427435,1.1749850601158838,0.5024250110499192,0.35777283714820995,2.5401656702727435,0.46548393601181604,0.6162248144907924,1.3250269322959425,-0.0065057147045,0.02935092166482029,-0.07376198,0.059406646,-0.0062613688275,0.07084065485008259,-0.13561209,0.1777618,-0.0003207042900000002,0.01446983273172861,-0.022678372,0.029245174,0.0617771383896499,0.04645320878852521,0.01633225800476721,0.18002069333833343,0.07345216209074255,0.15904225970708288,SLOW
0.043629340490000015,0.5875409098504679,-1.0998656,0.9405141,-0.03576218132499997,0.5057287962325632,-1.1460761,0.96482587,-0.09730754149999998,0.8075120468807816,-1.9656897,1.2427435,1.0346745030440379,0.3734468794680279,0.35777283714820995,2.1090687198937026,0.346934295385771,0.4434589417317812,0.9757235581372283,0.00720820994,0.029135723787143367,-0.06154467,0.06612616,0.006994407339999999,0.10279620863835319,-0.13561209,0.28955013,-0.01101084601,0.035413494805062916,-0.114308156,0.029245174,0.08892283628518494,0.06767889463833433,0.024649968275370266,0.2909899948986666,0.08833324036818398,0.23284271985203844,SLOW
0.32804417387499996,0.7871879008765094,-1.1253778,1.8100007,0.034063314349999985,0.5828723350485311,-1.1460761,0.96482587,0.10228848449999998,0.6054087693916975,-1.0500269,0.998085,1.1186802377043712,0.3662315073414569,0.5091903196571912,1.9562245881001867,0.36880325909946865,0.42354829933267485,0.7222648179632997,-0.01490511174,0.08835762555980933,-0.2930626,0.13087788,0.007177666609999996,0.13272527743594012,-0.14172074,0.3304781,-0.042989641445000004,0.056491303317534214,-0.17417295,0.024969118,0.14621420167927263,0.09134559902146538,0.034342244783679816,0.33109450365383347,0.09250784963582029,0.2837974851937034,SLOW
0.12413960357500001,0.8398513377628751,-1.2546338,1.8100007,0.153114865,0.4627591801468696,-0.83344233,0.82932,-0.02760181531,0.6267810227364682,-1.4346743,1.2411814,1.0115577653554209,0.5262586821300601,0.26532527552787893,1.9562245881001867,0.48018439632298904,0.6053326032288634,1.2107210693582418,-0.016859880595000005,0.08752079343813399,-0.2930626,0.13087788,0.005619960150000001,0.12737283987024506,-0.17592919,0.3304781,-0.024877487179999998,0.05983539087188239,-0.17417295,0.03596469,0.1381115953595872,0.09148321423113286,0.020026954822339665,0.33109450365383347,0.07153544849914743,0.2837974851937034,SLOW
-0.11716251550000001,0.5671036215812426,-1.2546338,1.1489701,0.03207214109999999,0.5901776415812178,-1.3353834,1.1461879,-0.18203477918999997,0.5882925935190128,-1.4684925,1.2411814,0.8603920290271436,0.5358927811315637,0.23754847373848018,2.0459194840084542,0.6400463543131403,0.8215243753162796,1.7287338198541715,0.008521570135,0.02842439691191002,-0.051159963,0.061239243,0.005406157539999999,0.09235742408079907,-0.17592919,0.17837265,0.0021838431472,0.022665010979549743,-0.0397826,0.03596469,0.07954827137102415,0.057469910596475084,0.006209472369408386,0.18256423648618292,0.048717345154169284,0.15710271907458997,SLOW
0.34126450665999997,0.774444352410181,-1.1131846,2.061746,-0.010330778099999998,0.7170952922082714,-1.3353834,1.4559568,-0.16269530888,0.6612308756212695,-1.4684925,1.7200041,1.0584319909565345,0.7228706350723759,0.23754847373848018,2.956221411841036,0.8621309239049898,1.132769445179729,2.42000706305716,-0.0034819318449999977,0.03517844489177913,-0.09208794,0.061239243,-0.021288653435,0.1996232846606214,-0.8014552,0.17165314,-0.0383165223228,0.10076546127461548,-0.436845,0.03596469,0.12317035139017399,0.19314890666308984,0.006209472369408386,0.9128425708749829,0.1223505844169845,0.7711161331429613,SLOW
0.36265092886,1.0195144016765427,-1.934667,2.061746,-0.05939202884999999,0.6868678559506923,-1.3170265,1.4559568,-0.1159695615,0.9788990814404321,-2.1904163,1.7200041,1.3888741260948971,0.7715256006539555,0.4617218672019979,2.956221411841036,0.8491079597113028,1.1162349773699065,2.42000706305716,-0.003481932224999999,0.04757467185826466,-0.09208794,0.065515295,-0.002596178525000005,0.23276044704008256,-0.8014552,0.3145956,-0.053099460589999994,0.15923677733464395,-0.436845,0.42569673,0.20055308516138765,0.2060254117912406,0.026207316329357747,0.9128425708749829,0.17302614372628944,0.7711161331429613,SLOW
-0.0058431135999999885,0.9369001280344923,-1.934667,1.9099398,-0.14844476415,0.5447812394655743,-1.3170265,0.5479261,-0.0778544899,0.9667012568408709,-2.1904163,1.5229435,1.296990088821972,0.6066073050383091,0.5101853363758488,2.3959924069556746,0.601224763796894,0.7671889058644498,1.6774029196851297,0.0038179074424999995,0.04710150697182835,-0.076816306,0.065515295,0.0277332806,0.13040572704178827,-0.28344148,0.3145956,0.011743886339999999,0.14565157891345937,-0.21754439,0.42569673,0.15564841191076256,0.1261238349200191,0.035034749779606564,0.46907802788401787,0.11423791238344931,0.39798349894646057,SLOW
0.03475632615,0.5969371489414402,-1.0383031,1.169491,-0.11573583449999998,0.4974985209445806,-1.2708185,0.81218594,-0.0417157163,0.629015104503745,-0.80890846,1.4589005,0.9153093641334756,0.36717349597901233,0.40226133819484233,1.7634380805321472,0.4506787001091889,0.6122344636247089,1.3534612798032422,-0.0084604837675,0.04441018913368677,-0.14095716,0.044745877,0.00800233386,0.05205402625693167,-0.09162979,0.13744467,0.042378777475,0.05781859968935516,-0.036728274,0.2577088,0.08117456929119041,0.05587486376776646,0.02537355150055119,0.25879038625851614,0.05388723668831411,0.2217217457688191,SLOW
0.15798184795,0.4982125696752623,-0.6858568,0.9884007,0.2003730037,0.6274373734981934,-1.2708185,1.3146768,-0.02302866015000001,0.4503148296423933,-0.80890846,0.7396631,0.8561230748563295,0.3771558792900138,0.16324873475030513,1.5513345844757354,0.5209156473493382,0.6781175810083123,1.3880858497254303,0.0008857542899999998,0.05058590095977285,-0.14095716,0.0759,0.005406156659999999,0.05927572536635876,-0.1160644,0.13744467,0.016111570885000003,0.02670690721916215,-0.03795,0.0622319,0.07336581692401198,0.0377465844595059,0.020368744015361817,0.15296115695349644,0.03681352301478318,0.10706851104787304,SLOW
-0.0645989968,0.6049142608255405,-1.5986685,0.9884007,0.3699590022,0.640321213744878,-0.8368263,1.4196396,0.007350068799999998,0.4840543521278294,-0.7560291,1.2273455,0.9358181882023766,0.4867400847489049,0.16324873475030513,1.9067969225428334,0.6065551932638182,0.7576323350727868,1.4722986855754796,0.0073609256475,0.039353537197424335,-0.048716504,0.0759,-0.008277223855000002,0.04953402711587058,-0.1160644,0.089186326,0.032024610935,0.04688228734984225,-0.03795,0.13309227,0.07391871557474661,0.04071144897677048,0.008689075016202625,0.13895046282693174,0.03674239492013341,0.08053070271432625,SLOW
0.18121339350000001,0.8059067400066524,-1.5986685,1.6317908,0.10987002589999999,0.6831742748622676,-1.1791599,1.4196396,-0.30524167544999997,0.6056304581878776,-1.2516298,1.2273455,1.1437788776459186,0.5012647589100385,0.2419746619684402,1.9507398551254906,0.47637798154982514,0.613862140011008,1.4722986855754796,0.015180001947500002,0.04980446051257933,-0.05665775,0.15775596,0.022388211150000004,0.10458286941705244,-0.087964594,0.38056904,0.021151209719999998,0.056425558163439686,-0.08132143,0.13309227,0.09502112857169637,0.09131687172113341,0.008689075016202625,0.4157964896388194,0.04739001968290453,0.3090263507370447,SLOW
0.35068456675,0.8055267237329379,-0.77043355,1.9773753,-0.0869493579,0.5359768859408423,-1.1791599,0.93285495,-0.3207659705,0.6303202647052447,-1.5198679,0.7649317,1.1290566779446598,0.4871371091696378,0.35780858170367064,2.1179059166662486,0.5103771223528014,0.6701157745532718,1.3547271458443673,0.018081611749999997,0.061182027804069616,-0.11407909,0.15775596,0.024037547285000006,0.10804787963191392,-0.14355333,0.38056904,-0.026221389905000003,0.049169948042125725,-0.16562083,0.04024075,0.10137554069602286,0.09323888153977876,0.033500699636185904,0.4157964896388194,0.048227409596750266,0.3090263507370447,SLOW
0.32059259775000004,0.774451002423776,-0.77043355,1.9773753,-0.14266285705,0.4625226915531729,-0.9547074,0.6096486,-0.028677056999999985,0.6830078746474971,-1.6952176,0.7860079,1.0469383667499774,0.5068644778042057,0.35780858170367064,2.3692955484668534,0.553292368017535,0.7226037246846334,1.3547271458443673,-0.008307767383000002,0.05240088126763811,-0.11407909,0.09483683,0.007574729229999999,0.08422048183635224,-0.15210545,0.24495697,-0.045188755525,0.049412868643763944,-0.16562083,0.034742963,0.10340697866961968,0.057509365285795366,0.0352206498209978,0.24707636818565565,0.0447943052582424,0.16547993370322528,SLOW
-0.007928661000000004,1.1537433133148538,-2.9629035,1.6543052,-0.09214473175000001,0.6710435038330536,-2.1218371,0.7559947,-0.03982191222000001,0.7631430099383223,-1.6952176,0.9367714,1.3050267112163945,0.7627266462801396,0.4882034785474997,3.695143730340175,0.674832394361663,1.004699298303531,3.206940251792675,-0.0015577058430000005,0.042462176791907086,-0.07009678,0.082619525,0.01511891441,0.09763266158746067,-0.15210545,0.24495697,0.0001985312899999994,0.07128053898948725,-0.10209085,0.1288162,0.11342822256906245,0.05582274248724719,0.04210576032817675,0.24996469708936084,0.053796066525204134,0.16547993370322528,SLOW
-0.28171111503699997,1.2863628291636369,-2.9629035,1.7543762,-0.0610245257,0.6983489559369328,-2.1218371,0.7559947,0.14971082277999997,0.8496007687819147,-1.6807771,1.6849976,1.4748925400090123,0.8279463667101327,0.44992803316440466,3.695143730340175,0.871928901525935,1.1518398578524307,3.206940251792675,0.015485434025,0.04272881827390399,-0.049938235,0.094225965,-0.014263704125000002,0.08983103518416323,-0.14844026,0.2125811,0.013454306770000004,0.06578601227453917,-0.094149604,0.1288162,0.10876320741473008,0.049277334385591384,0.04210576032817675,0.24996469708936084,0.04617076598998856,0.1633249699280912,SLOW
0.225342226463,1.1665757606691523,-2.3515856,2.006847,0.06142574529999998,0.7556033788062331,-1.4288464,1.4921095,0.3657877895,1.2233877621527391,-1.3615179,4.0029535,1.622177503893358,0.925646589175942,0.44992803316440466,4.719900673166915,0.9471427673464312,1.3220519284208483,3.266769358770085,0.012797626535,0.04799784044248201,-0.08781188,0.094225965,-0.024465153585,0.09344640441703998,-0.226631,0.10751228,-0.034437527695,0.050645762273970274,-0.16134478,0.05062546,0.11041272187624304,0.05309636470181175,0.03189733378685137,0.24118335302111318,0.0656628383047719,0.19284261047510753,SLOW
0.1963745755,0.9635938152991128,-1.2802886,2.006847,0.17523830200000004,0.7062724175096223,-0.94060844,1.4921095,0.04771713649999999,1.2920146321214019,-2.4839916,4.0029535,1.4701647755550962,0.946999524006528,0.4596890497475391,4.719900673166915,0.9422496721191557,1.3482060719611242,3.266769358770085,0.00861319949,0.05278886081515961,-0.11591168,0.08323039,-0.014263703949999998,0.10254941043152282,-0.226631,0.21135938,-0.02597704425999999,0.04708832867472043,-0.16134478,0.056123246,0.1108389061744283,0.05992558947819848,0.03189733378685137,0.24118335302111318,0.07555144673626588,0.19284261047510753,SLOW
0.12403815924999999,0.8609093634538848,-1.2676427,1.9826446,0.057176368999999984,0.6365935074143515,-1.0405898,1.1672602,-0.16443569249999995,0.9904171210034224,-2.4839916,1.2790127,1.3208530252592607,0.5822064827496057,0.4596890497475391,2.690078529432432,0.6338979851533588,0.8470833228550134,1.8898733587493641,0.00497855168,0.07398411802992154,-0.11591168,0.1779145,0.00042760594999999985,0.09655436813554652,-0.16676621,0.21135938,-0.01339322027,0.039579463700033866,-0.06910413,0.07506007,0.11527714989804261,0.05089006804238917,0.03370752033298286,0.2318843855566199,0.05773865318222905,0.1480341693944471,SLOW
0.031087715900000045,0.7895581767676605,-1.2676427,1.2803423,-0.005178482699999989,0.691293039593376,-1.0405898,1.1672602,-0.10777566319999998,0.9395617932136086,-2.3403897,1.2790127,1.3201597389111233,0.4034697369973521,0.6381634784289446,2.3468955373503135,0.479356569378701,0.5775217667591972,1.1346568849597776,0.011178834135,0.06767063448246378,-0.10369437,0.1779145,0.0005497791999999984,0.08322527061507935,-0.16676621,0.14294247,-0.014431691215,0.03429532318767304,-0.06849326,0.07506007,0.1017380897476979,0.04623437484818614,0.027683912628049055,0.2018688510848686,0.05984332010816488,0.1480341693944471,SLOW
-0.47495064135,0.8864212801784964,-2.2443967,1.015653,-0.1752129027,0.6142103950820679,-1.4517559,1.0732441,-0.023809197700000017,0.7772893103500599,-1.5153551,1.3138819,1.2829339382456257,0.5522604648460886,0.3135892984212207,2.4582752152382468,0.5868557940552172,0.6888694112225041,1.1733699129342978,0.020616701734999993,0.0639716063940912,-0.09636399,0.14920384,0.0035124753999999972,0.11264703194959905,-0.14294247,0.25778514,0.018402315625,0.047342678713946644,-0.05261077,0.11171198,0.12146474079354999,0.06564854449594731,0.027683912628049055,0.29838146720040726,0.05980386037215117,0.16871198835515944,SLOW
-0.28345898025,1.1320120297718632,-2.2443967,2.9016612,-0.021474770200000017,0.7166096900236402,-1.4517559,2.029743,-0.072629041,1.151828000594571,-2.1196632,2.698825,1.5077649281574161,0.9051513762758416,0.3135892984212207,3.9922227923996725,0.8752071952760652,1.1418194925964515,3.1022404179955423,-0.0008857544444999983,0.0778138537946221,-0.13362677,0.14920384,-0.018784106190000004,0.12173676840697537,-0.24862215,0.25778514,0.056062157855,0.041494321175737224,-0.01779145,0.13492486,0.1423034062139787,0.07043562105857701,0.03517559469558515,0.29838146720040726,0.06167352919473025,0.2408204753165162,SLOW
0.6939836417499999,1.026072373873828,-0.9676499,2.9016612,0.15036528695,0.6777986352846254,-1.2229905,2.029743,-0.355970023,1.222283106070343,-2.1196632,2.698825,1.672197371300832,0.8526087188837796,0.47253051561682585,3.9922227923996725,0.9795849566227505,1.2363130320723805,3.1022404179955423,-0.0028099796595000017,0.06654116590489316,-0.13362677,0.11010846,-0.03176499289,0.1019978393672918,-0.24862215,0.14782938,-0.0015118917349999992,0.07726222757211428,-0.15340354,0.13492486,0.13084326142355557,0.06206904839636158,0.03517559469558515,0.27599607001210136,0.05899559787788324,0.2408204753165162,SLOW
0.7652049834999999,0.9376833630620914,-0.93602884,2.6419373,-0.10171423435,0.7542865618028345,-1.2431442,1.538697,-0.26270294739999994,0.9936712387497747,-1.4532452,1.749898,1.5986438925259472,0.6673094375989139,0.4447275795419781,2.7612566940421095,0.8630323392468009,0.9858093712694102,1.7248938295785223,0.018325957107500002,0.04787278412721283,-0.08353582,0.11010846,0.0300851127,0.127346202817888,-0.19547687,0.27366763,-0.04952590001,0.04136090542185348,-0.15340354,0.0139735425,0.13466159012666923,0.07084920821530548,0.0351716136176216,0.2868165694998195,0.07356726962470903,0.21606271249948544,SLOW
-0.3411218704999999,0.9930188348903592,-1.8114909,2.036737,-0.016513456999999974,1.0281148499541757,-2.3038049,1.5953244,0.3131042460999999,1.0634393300451428,-1.2782774,2.1087866,1.669860891559462,0.6817508175744472,0.4447275795419781,2.7612566940421095,0.7058480865147615,0.8282995512370857,1.3973183513517524,0.0109039441595,0.06705719772836159,-0.19532417,0.10705414,0.044257186500000004,0.13721499717558294,-0.21868975,0.27366763,0.040362920324999996,0.08220372794776902,-0.09476047,0.15508342,0.16194018143870087,0.07986903640993878,0.0351716136176216,0.31527930737189747,0.07736444236457905,0.21606271249948544,SLOW
-0.7331078865,0.7041155864711532,-1.8492806,0.85288954,0.1713271855,1.0144646180544357,-2.3038049,2.030721,0.4407951809499999,0.9515398240925895,-1.2019444,2.1087866,1.6584304984083702,0.579960838610909,0.7536351994840501,2.6392795236707176,0.6177432099532634,0.7346793181878714,1.3973183513517524,-0.0037262775229999984,0.07593096976232436,-0.19532417,0.10705414,-0.012247847849999998,0.12840939221659994,-0.23823744,0.2687807,0.11015427315,0.040682493355241725,0.018860465,0.16546813,0.17281716755539306,0.07360032454412088,0.03974770354019003,0.31811159346472445,0.06627137040953406,0.21916447560052466,SLOW
0.4186138785000001,1.244150006954197,-1.8492806,2.2529454,0.1213891765,0.7769420518938481,-0.8626312,2.030721,0.01380781859999998,0.7347125736619072,-1.3434515,1.7697401,1.546492132612467,0.6115630284540958,0.7536351994840501,2.63353024850183,0.7338642466087584,0.8746522812485179,1.685538100999545,-0.010415251250000002,0.05433650790256637,-0.15500705,0.085673854,-0.01740965964,0.10577033833434138,-0.23823744,0.18081611,-0.003008514550000003,0.12350592049564321,-0.18272507,0.16546813,0.15302593199969786,0.07202006529390477,0.03974770354019003,0.31811159346472445,0.06716142764857,0.21916447560052466,SLOW
0.65960024555,0.9923528745544162,-1.026499,2.2529454,0.10155784779999999,0.6937325305555518,-1.0135206,1.7045708,-0.15425505485,0.6552739304326887,-1.5707979,0.7287216,1.359248832013665,0.6667012601040981,0.3703687335405194,2.63353024850183,0.7204555532258629,0.8604713564878008,1.685538100999545,0.0008857553499999991,0.04712009990558618,-0.072540246,0.085673854,0.024770584872499998,0.12640591393750703,-0.16554448,0.45081854,-0.043295075675,0.08681820159955898,-0.18272507,0.08116872,0.1310759853061594,0.10134499267113217,0.024644291401346018,0.46420897715396536,0.0894343187372364,0.3949179588906326,SLOW
0.31084301555000005,0.7645150249494956,-1.026499,2.0446403,-0.031173143400000037,0.8526961671907315,-1.5363522,1.8392589,-0.16549305375,0.7164901151148317,-1.5707979,0.7287216,1.2360768852388753,0.5900780400459479,0.3703687335405194,2.26890213295318,0.6645708486069204,0.7814787397041367,1.7054638722255553,0.004153883400000001,0.04892524090478364,-0.11407909,0.08689558,0.024617869072500003,0.1408071900668008,-0.22113322,0.45081854,-0.011316278945,0.05870679557348958,-0.10942124,0.08116872,0.1219336642003167,0.10395861603994386,0.024644291401346018,0.46420897715396536,0.09411333169220214,0.3949179588906326,SLOW
0.27341114350000006,0.9274576351236088,-1.1484358,2.0446403,-0.09367427670000003,0.7967438396159022,-1.5363522,1.8392589,-0.23004364324999999,0.5175221280919979,-1.0879507,0.6895008,1.2361702883294252,0.5457961884279666,0.5517051402025573,2.26890213295318,0.609831966802215,0.7583388943086209,1.7054638722255553,-0.0042455138499999994,0.055169942543450055,-0.11407909,0.10705414,0.0052839842600000035,0.12966473634659467,-0.23151793,0.27855456,-0.0509003475378,0.051544333286691564,-0.13446671,0.034742963,0.13716136124848283,0.07406513284506352,0.03752760662790568,0.28687723274579796,0.06616137802471452,0.1994776878684005,SLOW
-0.20974292909999998,0.7012398597333986,-1.1484358,1.5484638,-0.0876855406,0.520293484121898,-0.87641776,1.2894704,-0.08714079435,0.5714993234627276,-1.3245363,1.3490992,0.94162262743542,0.4670428997938479,0.11380770466802405,2.0436753990179457,0.4634959307142547,0.5991267057243405,1.43058003087775,-0.008949175985,0.042801380560276665,-0.069485925,0.10705414,-0.022693643809999997,0.11044873980290729,-0.23151793,0.13194689,-0.032788192317799995,0.0535806610092142,-0.13446671,0.034742963,0.11059566349896592,0.07605700805229448,0.009360961691755173,0.2754176443343981,0.06563046866420146,0.16189299091746595,SLOW
-0.1671313914,0.48469958966737076,-0.8993983,0.6827185,-0.0220630111,0.6215450562972206,-0.87641776,1.7726643,0.13544974864999998,0.711379790673193,-1.3245363,1.3490992,0.9446417331375645,0.48705971415304145,0.11380770466802405,1.9841143667518315,0.5142779281737935,0.6676182347117171,1.6824361159578742,0.004581488994999999,0.029142059967034468,-0.069485925,0.0777326,-0.015638149910000003,0.0767096937161898,-0.15882497,0.10262536,0.0005345077749999997,0.03675091284076886,-0.12652546,0.06528623,0.0743396932454494,0.050466148386788104,0.009360961691755173,0.20333494645373462,0.04556430417346156,0.14464771025430856,SLOW
0.3080733442,0.7755586003735042,-0.89168906,2.3023639,0.18831734530000002,0.7426368487369529,-0.9742705,1.7726643,0.23549122760000002,0.6988954651846789,-1.1316957,1.3388767,1.176796074049252,0.6158968250477076,0.30167825079395727,2.6647546088826854,0.7649137970848142,0.9739948433007155,2.2909175778296915,0.007391469489999998,0.03353192154789536,-0.06337727,0.0777326,-0.004795291450000001,0.08207501116429888,-0.16920967,0.10995574,0.020234911475,0.05194864484521326,-0.08559749,0.09277516,0.09220377088213953,0.04607700527454288,0.021498447607591856,0.1897639629026039,0.03432815794714854,0.1089581200821259,SLOW
1.0808339395000002,0.9248220476719019,-0.6489413,2.6616812,0.36683275979999996,0.8345988782846686,-0.9742705,2.3633847,-0.0600706199,0.8999704783640763,-2.0971146,1.3388767,1.7098446843700201,0.8120902102432139,0.37383703105299376,3.2339157165599843,0.8954586044419672,1.0983147673064946,2.2909175778296915,-0.032620204400000005,0.05195976100574576,-0.1421789,0.04230242,-0.011728613064999999,0.1249710188091691,-0.21013765,0.27183503,-0.037522398474999996,0.0873896048178119,-0.15279266,0.09277516,0.15356385093717753,0.06227698520207967,0.04122244513083508,0.27207126227757844,0.06127904265039154,0.13730855036522896,SLOW
0.8962698686500001,1.0319990220585338,-0.71941996,2.6616812,0.04043188850000001,0.8879033377148393,-1.0840565,2.3633847,-0.09700375030000001,0.8450335567745718,-2.0971146,1.0629711,1.6636352848964286,0.7150737986727873,0.5599693751850761,3.2339157165599843,0.5809137796164479,0.7947232816449933,1.782678385758039,-0.04019493376,0.04668960926530149,-0.1421789,0.02275473,-0.009865473927500009,0.11728198657709445,-0.21013765,0.27183503,-0.08092437387499998,0.0767175975381876,-0.1961641,0.11415544,0.15357638667926304,0.0754324590903222,0.03311136376289267,0.2759037776835871,0.0653445430886317,0.13730855036522896,SLOW
-0.16424933335000003,1.3303036632575809,-4.636523,1.587379,-0.667551143,0.7663914912140244,-2.1214414,0.58306736,0.22686627,0.7483442895936281,-1.6617284,1.6875048,1.5353225663220744,0.9937086713705462,0.5599693751850761,5.019118866521942,0.696678691758872,1.290688940468781,3.9672357508680682,-0.007147122575000003,0.31881341712552497,-0.7518224,0.6666067,0.03356704278749998,0.5769960537745072,-1.5870279,1.6798794,-0.0679434868,0.45980705191190235,-1.2364676,1.1905,0.4834399599375973,0.637238671271169,0.03311136376289267,1.9570265639297355,0.24697682660890125,1.3552635176869814,SLOW
