Timestamp,AccX,AccY,AccZ,GyroX,GyroY,GyroZ,AccMagnitude,GyroMagnitude,DrivingBehaviour,CrashStatus,CrashConfidence,Severity,Latitude,Longitude
22:49:22.834,-0.664344,1.612804,-2.356186,-0.020164,-0.122508,0.064625,2.931570,0.139969,NORMAL,NO_CRASH,0.0000,,12.971599,77.594598
22:49:22.883,0.112525,-1.192351,-1.819204,0.050005,-0.006920,-0.153099,2.178042,0.161207,NORMAL,NO_CRASH,0.0000,,12.971609,77.594594
22:49:22.934,0.483825,-1.201044,0.242113,-0.160511,-0.003332,0.024769,1.317275,0.162445,NORMAL,NO_CRASH,0.0000,,12.971619,77.594591
22:49:22.985,1.048298,0.271512,-0.113975,0.017499,0.049683,0.212042,1.088870,0.218487,NORMAL,NO_CRASH,0.0000,,12.971612,77.594607
22:49:23.035,0.393966,1.209016,-0.700469,0.013103,0.106188,-0.116002,1.451752,0.157810,NORMAL,NO_CRASH,0.0000,,12.971611,77.594619
22:49:23.086,0.608108,0.411912,-0.490365,-0.027026,-0.036669,-0.065326,0.883134,0.079640,NORMAL,NO_CRASH,0.0000,,12.971611,77.594622
22:49:23.136,-0.645392,-0.539217,-0.403496,-0.056144,0.124017,0.128734,0.932789,0.187363,NORMAL,NO_CRASH,0.0000,,12.971605,77.594620
22:49:23.186,0.603136,0.484345,-0.482134,-0.032365,-0.211817,-0.005163,0.911491,0.214338,NORMAL,NO_CRASH,0.0000,,12.971596,77.594637
22:49:23.237,1.208358,0.122704,1.140366,0.098532,0.189717,0.174553,1.666020,0.275989,NORMAL,NO_CRASH,0.0000,,12.971615,77.594634
22:49:23.288,0.735316,-1.335548,0.092203,0.066251,0.076042,-0.208245,1.527377,0.231382,NORMAL,NO_CRASH,0.0000,,12.971634,77.594628
22:49:23.337,1.395280,-0.236543,-1.808101,0.163242,0.097785,0.033993,2.296082,0.193301,NORMAL,NO_CRASH,0.0000,,12.971621,77.594620
22:49:23.388,0.838257,0.411762,1.960087,-0.048241,-0.059837,-0.061716,2.171212,0.098572,NORMAL,NO_CRASH,0.0000,,12.971630,77.594616
22:49:23.438,-0.887651,-0.271993,1.633909,-0.032479,-0.157728,0.010978,1.879245,0.161411,NORMAL,NO_CRASH,0.0000,,12.971627,77.594603
22:49:23.488,0.430914,0.158229,0.721592,-0.043737,0.211731,-0.088284,0.855230,0.233532,NORMAL,NO_CRASH,0.0000,,12.971642,77.594615
22:49:23.539,-0.434003,-0.091653,0.225530,-0.040261,0.091891,-0.095212,0.497617,0.138311,NORMAL,NO_CRASH,0.0000,,12.971640,77.594603
22:49:23.589,-0.773816,-0.539383,-1.356670,0.015660,0.123626,-0.055741,1.652356,0.136513,NORMAL,NO_CRASH,0.0000,,12.971637,77.594622
22:49:23.639,-0.275002,-0.220894,0.228997,0.117847,-0.107556,0.059928,0.420547,0.170434,NORMAL,NO_CRASH,0.0000,,12.971630,77.594636
22:49:23.690,1.415118,0.438243,-0.637213,0.063668,-0.048070,0.167445,1.612655,0.185478,NORMAL,NO_CRASH,0.0000,,12.971621,77.594641
22:49:23.740,1.710029,-0.245286,-1.034113,-0.040926,0.008220,0.056178,2.013394,0.069989,NORMAL,NO_CRASH,0.0000,,12.971638,77.594633
22:49:23.791,0.486747,-0.060419,-1.113773,0.032359,-0.206570,-0.141315,1.216989,0.252365,NORMAL,NO_CRASH,0.0000,,12.971633,77.594641
22:49:23.841,-1.465098,-1.011010,0.810174,0.047635,0.027101,-0.324861,1.955770,0.329451,NORMAL,NO_CRASH,0.0000,,12.971638,77.594657
22:49:23.892,-0.746153,0.044481,0.275310,-0.114978,-0.110191,-0.151953,0.796567,0.220117,NORMAL,NO_CRASH,0.0000,,12.971638,77.594669
22:49:23.942,-0.236817,0.614687,-0.714217,0.030967,0.080535,0.020028,0.971611,0.088577,NORMAL,NO_CRASH,0.0000,,12.971641,77.594673
22:49:23.992,0.654637,0.338845,-0.104975,0.008255,-0.001301,-0.094021,0.744570,0.094392,NORMAL,NO_CRASH,0.0000,,12.971631,77.594669
22:49:24.042,-1.782246,0.333510,-0.066048,-0.014144,-0.005950,0.216720,1.814385,0.217263,NORMAL,NO_CRASH,0.0000,,12.971649,77.594657
22:49:24.093,-0.938673,-0.808459,0.593696,-0.034799,0.017051,0.155708,1.373750,0.160458,NORMAL,NO_CRASH,0.0000,,12.971656,77.594676
22:49:24.144,1.785978,-0.555154,0.420721,-0.110307,0.269076,-0.000865,1.917008,0.290809,NORMAL,NO_CRASH,0.0000,,12.971660,77.594698
22:49:24.194,-0.802646,-0.358546,0.106213,-0.021807,-0.062299,0.090086,0.885482,0.111679,NORMAL,NO_CRASH,0.0000,,12.971676,77.594710
22:49:24.245,-0.397701,-0.364658,-1.446401,-0.052039,0.114517,0.019461,1.543768,0.127282,NORMAL,NO_CRASH,0.0000,,12.971678,77.594703
22:49:24.295,0.743226,0.124573,0.263029,0.070224,-0.145433,-0.056804,0.798177,0.171198,NORMAL,NO_CRASH,0.0000,,12.971668,77.594694
22:49:24.345,-1.471440,1.008566,0.612975,-0.105335,0.065917,-0.083633,1.886287,0.149783,NORMAL,NO_CRASH,0.0000,,12.971666,77.594695
22:49:24.395,0.046657,-0.435155,0.109166,-0.048910,-0.144782,-0.129135,0.451059,0.200074,NORMAL,NO_CRASH,0.0000,,12.971686,77.594700
22:49:24.446,-1.377086,0.087405,0.179356,0.037366,-0.030101,-0.092682,1.391465,0.104366,NORMAL,NO_CRASH,0.0000,,12.971687,77.594694
22:49:24.496,1.793585,0.786106,-0.003688,0.107977,-0.144863,-0.045012,1.958296,0.186200,NORMAL,NO_CRASH,0.0000,,12.971688,77.594709
22:49:24.546,1.220142,1.322787,0.714665,-0.111212,-0.031960,-0.190032,1.936300,0.222490,NORMAL,NO_CRASH,0.0000,,12.971699,77.594699
22:49:24.596,0.959339,-1.707903,-0.100526,0.045873,-0.098038,0.127039,1.961472,0.166898,NORMAL,NO_CRASH,0.0000,,12.971687,77.594699
22:49:24.647,0.831119,0.213015,-1.705468,-0.098031,0.043414,0.119359,1.909124,0.160441,NORMAL,NO_CRASH,0.0000,,12.971682,77.594697
22:49:24.698,-0.679892,0.066798,-0.184304,0.068929,-0.174858,0.005759,0.707590,0.188042,NORMAL,NO_CRASH,0.0000,,12.971678,77.594688
22:49:24.748,-1.154318,-1.184835,-0.844613,0.060814,-0.186183,0.032368,1.857325,0.198520,NORMAL,NO_CRASH,0.0000,,12.971690,77.594694
22:49:24.800,-1.044179,-0.011402,1.846626,-0.021074,-0.104447,0.070065,2.121431,0.127524,NORMAL,NO_CRASH,0.0000,,12.971691,77.594688
22:49:24.849,0.309169,0.235863,0.278234,0.007865,-0.054965,0.187331,0.478154,0.195387,NORMAL,NO_CRASH,0.0000,,12.971714,77.594685
22:49:24.906,0.101280,0.859675,-1.361884,0.094006,-0.007191,-0.109234,1.613700,0.144294,NORMAL,NO_CRASH,0.0000,,12.971724,77.594680
22:49:24.950,1.296822,-0.775357,-0.335681,-0.021589,0.027998,0.012329,1.547775,0.037443,NORMAL,NO_CRASH,0.0000,,12.971728,77.594685
22:49:25.000,0.097675,-1.538092,0.326550,-0.006917,-0.025333,-0.059607,1.575406,0.065135,NORMAL,NO_CRASH,0.0000,,12.971751,77.594693
22:49:25.050,-0.589488,-0.713075,-1.370692,-0.048522,-0.074999,0.001305,1.653714,0.089336,NORMAL,NO_CRASH,0.0000,,12.971768,77.594716
22:49:25.100,1.539933,-0.909735,-1.992553,-0.078628,0.027581,0.184541,2.677551,0.202481,NORMAL,NO_CRASH,0.0000,,12.971764,77.594715
22:49:25.151,0.258900,0.479634,0.023463,-0.035690,-0.176174,0.138160,0.545554,0.226714,NORMAL,NO_CRASH,0.0000,,12.971779,77.594706
22:49:25.201,-0.622700,0.377423,0.252692,-0.087073,-0.016079,-0.082744,0.770751,0.121189,NORMAL,NO_CRASH,0.0000,,12.971787,77.594717
22:49:25.252,-1.032895,0.363149,0.668485,0.137155,-0.078206,0.100798,1.282818,0.187317,NORMAL,NO_CRASH,0.0000,,12.971794,77.594709
22:49:25.302,-0.950942,1.315992,-0.129721,-0.100762,-0.048740,0.062782,1.628789,0.128336,NORMAL,NO_CRASH,0.0000,,12.971810,77.594725
22:49:25.353,0.080307,0.684250,0.092981,0.017402,0.147602,-0.097938,0.695192,0.177992,NORMAL,NO_CRASH,0.0000,,12.971821,77.594717
22:49:25.403,0.774349,-1.345958,-0.769437,0.060067,0.090912,-0.146981,1.732990,0.182966,NORMAL,NO_CRASH,0.0000,,12.971826,77.594736
22:49:25.453,-0.663703,-1.329454,-0.599702,0.023512,-0.120914,-0.119208,1.602371,0.171417,NORMAL,NO_CRASH,0.0000,,12.971835,77.594725
22:49:25.504,-1.602728,0.618870,-0.080337,0.012011,0.099249,-0.046219,1.719940,0.110140,NORMAL,NO_CRASH,0.0000,,12.971850,77.594727
22:49:25.554,-0.076529,-0.358638,-0.929578,0.055331,-0.031760,0.061941,0.999296,0.088920,NORMAL,NO_CRASH,0.0000,,12.971865,77.594715
22:49:25.604,-1.274437,0.279534,-1.230434,-0.019795,0.083965,0.129842,1.793403,0.155888,NORMAL,NO_CRASH,0.0000,,12.971872,77.594721
22:49:25.655,-0.187698,-0.835245,-1.604004,0.030578,-0.101384,-0.159299,1.818157,0.191285,NORMAL,NO_CRASH,0.0000,,12.971886,77.594716
22:49:25.705,0.265412,0.579095,0.381416,-0.068411,-0.026152,0.010602,0.742478,0.074003,NORMAL,NO_CRASH,0.0000,,12.971882,77.594721
22:49:25.756,0.786008,-0.235412,-1.115222,0.078109,-0.054503,0.015098,1.384539,0.096434,NORMAL,NO_CRASH,0.0000,,12.971885,77.594730
22:49:25.806,1.001400,0.752958,-1.132505,0.096682,-0.231639,-0.238735,1.688880,0.346408,NORMAL,NO_CRASH,0.0000,,12.971908,77.594752
22:49:25.857,0.298898,1.836543,-2.189067,-0.069584,-0.012577,-0.045630,2.873020,0.084156,NORMAL,NO_CRASH,0.0000,,12.971930,77.594748
22:49:25.907,0.224350,0.446529,-0.004959,-0.008644,-0.005186,0.008922,0.499746,0.013462,NORMAL,NO_CRASH,0.0000,,12.971953,77.594766
22:49:25.958,-0.484547,-0.472300,-1.690871,-0.031634,-0.033601,0.033284,1.821235,0.056900,NORMAL,NO_CRASH,0.0000,,12.971946,77.594789
22:49:26.008,-0.567752,-1.069689,0.842871,-0.031862,-0.127266,0.120950,1.475469,0.178439,NORMAL,NO_CRASH,0.0000,,12.971949,77.594776
22:49:26.059,-0.194160,1.124224,-0.224643,-0.069562,-0.179419,-0.111213,1.162773,0.222258,NORMAL,NO_CRASH,0.0000,,12.971942,77.594784
22:49:26.109,0.143978,-0.468057,0.198900,0.023204,0.087432,0.032474,0.528553,0.096111,NORMAL,NO_CRASH,0.0000,,12.971941,77.594805
22:49:26.159,0.231349,-0.101759,0.921039,0.076119,-0.242150,0.074309,0.955086,0.264485,NORMAL,NO_CRASH,0.0000,,12.971964,77.594797
22:49:26.210,-0.920690,-0.161323,-0.082450,0.149061,-0.055878,-0.013411,0.938346,0.159754,NORMAL,NO_CRASH,0.0000,,12.971961,77.594802
22:49:26.260,-1.586808,-0.899248,1.992080,-0.059511,-0.114382,0.078831,2.700924,0.151126,NORMAL,NO_CRASH,0.0000,,12.971952,77.594797
22:49:26.311,-1.117351,-1.448995,-0.907635,0.042392,0.088049,-0.205623,2.042513,0.227663,NORMAL,NO_CRASH,0.0000,,12.971951,77.594819
22:49:26.362,-0.904168,0.439606,0.402832,-0.054827,0.042200,-0.162792,1.083073,0.176884,NORMAL,NO_CRASH,0.0000,,12.971939,77.594842
22:49:26.413,1.290549,-0.715446,-0.907268,0.055567,0.062114,0.033231,1.732200,0.089722,NORMAL,NO_CRASH,0.0000,,12.971962,77.594839
22:49:26.463,-0.254697,0.392010,-0.836944,0.053728,-0.103554,-0.020134,0.958654,0.118387,NORMAL,NO_CRASH,0.0000,,12.971970,77.594858
22:49:26.513,-2.173539,0.532898,-1.481309,0.019045,0.059279,-0.162824,2.683752,0.174323,NORMAL,NO_CRASH,0.0000,,12.971992,77.594865
22:49:26.564,-0.670369,-0.349261,-0.564312,0.024514,0.041210,-0.060574,0.943306,0.077255,NORMAL,NO_CRASH,0.0000,,12.972012,77.594884
22:49:26.614,-0.150455,0.576791,-1.048811,0.061641,-0.030615,-0.014256,1.206370,0.070286,NORMAL,NO_CRASH,0.0000,,12.972019,77.594871
22:49:26.664,-0.433830,-0.069377,-0.146733,-0.004966,0.183538,-0.072403,0.463198,0.197365,NORMAL,NO_CRASH,0.0000,,12.972041,77.594877
22:49:26.715,0.477927,0.583744,-0.967815,-0.018239,-0.211480,-0.080873,1.227126,0.227149,NORMAL,NO_CRASH,0.0000,,12.972051,77.594880
22:49:26.765,-0.419184,1.059057,0.072107,-0.026354,-0.003433,0.015331,1.141278,0.030681,NORMAL,NO_CRASH,0.0000,,12.972045,77.594902
22:49:26.815,0.237345,-0.239873,0.183300,0.039606,0.181351,0.284769,0.384019,0.339926,NORMAL,NO_CRASH,0.0000,,12.972068,77.594920
22:49:26.866,1.192628,-1.147580,0.136744,0.048971,0.107833,0.174671,1.660723,0.211035,NORMAL,NO_CRASH,0.0000,,12.972077,77.594921
22:49:26.916,0.555410,-0.517274,-1.000212,0.034488,-0.063791,0.302752,1.255578,0.311316,NORMAL,NO_CRASH,0.0000,,12.972097,77.594940
22:49:26.967,-1.202398,-1.220515,1.207941,-0.041129,-0.134354,-0.002640,2.096316,0.140533,NORMAL,NO_CRASH,0.0000,,12.972104,77.594929
22:49:27.017,0.616261,0.179668,-1.411670,0.021966,-0.083356,-0.134292,1.550765,0.159578,NORMAL,NO_CRASH,0.0000,,12.972122,77.594923
22:49:27.068,0.573300,-0.150405,-2.098350,-0.039451,-0.071201,0.160486,2.180451,0.179949,NORMAL,NO_CRASH,0.0000,,12.972140,77.594942
22:49:27.118,0.034874,0.217238,0.587703,-0.026799,-0.034233,-0.077685,0.627537,0.089023,NORMAL,NO_CRASH,0.0000,,12.972150,77.594954
22:49:27.169,0.795766,-1.427886,-1.780327,0.008346,0.127216,-0.137854,2.416954,0.187769,NORMAL,NO_CRASH,0.0000,,12.972146,77.594945
22:49:27.219,-0.987357,0.661015,0.785643,-0.121755,0.007602,-0.008905,1.424447,0.122317,NORMAL,NO_CRASH,0.0000,,12.972143,77.594942
22:49:27.269,0.311114,0.152408,0.727555,-0.130361,0.112236,-0.334206,0.805827,0.375878,NORMAL,NO_CRASH,0.0000,,12.972141,77.594963
22:49:27.319,-0.040323,1.181455,-0.532976,-0.022921,0.033737,-0.048531,1.296736,0.063394,NORMAL,NO_CRASH,0.0000,,12.972138,77.594964
22:49:27.370,-0.916546,0.464709,-0.490570,0.048084,0.020145,0.177528,1.138714,0.185025,NORMAL,NO_CRASH,0.0000,,12.972148,77.594987
22:49:27.420,0.785322,1.586278,0.332034,0.008363,0.118856,0.124555,1.800904,0.172367,NORMAL,NO_CRASH,0.0000,,12.972168,77.595006
22:49:27.471,0.621465,1.855667,1.508844,0.030744,0.117783,-0.168668,2.471099,0.208007,NORMAL,NO_CRASH,0.0000,,12.972165,77.595001
22:49:27.521,1.353000,-0.501926,-1.732817,0.030126,0.081832,-0.068724,2.255037,0.111027,NORMAL,NO_CRASH,0.0000,,12.972166,77.595012
22:49:27.571,-0.448808,-0.199771,-0.081124,-0.078403,0.061017,0.190880,0.497914,0.215186,NORMAL,NO_CRASH,0.0000,,12.972164,77.595027
22:49:27.622,1.298754,0.551012,0.679908,-0.047159,-0.110027,-0.001189,1.566094,0.119714,NORMAL,NO_CRASH,0.0000,,12.972153,77.595049
22:49:27.673,0.536385,-0.410298,0.400242,-0.076351,0.107483,-0.000874,0.785014,0.131844,NORMAL,NO_CRASH,0.0000,,12.972172,77.595067
22:49:27.723,0.505942,0.159845,-1.601647,-0.156852,-0.160379,-0.124263,1.687246,0.256448,NORMAL,NO_CRASH,0.0000,,12.972160,77.595089
22:49:27.774,0.900677,0.148372,0.276377,0.002251,0.029052,-0.133627,0.953738,0.136767,NORMAL,NO_CRASH,0.0000,,12.972175,77.595096
22:49:27.824,0.262721,0.516759,0.683520,-0.003367,0.035459,-0.162334,0.896249,0.166195,NORMAL,NO_CRASH,0.0000,,12.972174,77.595115
22:49:27.875,-0.663889,0.310827,0.942133,0.108338,0.167234,-0.024820,1.193724,0.200799,NORMAL,NO_CRASH,0.0000,,12.972184,77.595113
22:49:27.925,1.030988,-0.380263,0.913562,0.128344,-0.179892,0.088603,1.429032,0.238083,NORMAL,NO_CRASH,0.0000,,12.972206,77.595118
22:49:27.975,-0.231269,-0.262595,0.417122,0.065550,0.200672,0.085639,0.544456,0.227816,NORMAL,NO_CRASH,0.0000,,12.972219,77.595128
22:49:28.026,-0.493056,-1.632024,-0.224937,0.018632,0.034284,0.047585,1.719652,0.061538,NORMAL,NO_CRASH,0.0000,,12.972220,77.595126
22:49:28.077,1.273149,0.323867,-0.366634,-0.083884,0.019138,-0.056680,1.363898,0.103031,NORMAL,NO_CRASH,0.0000,,12.972239,77.595147
22:49:28.127,0.581046,0.414079,0.269252,0.029286,-0.058937,-0.061437,0.762609,0.090032,NORMAL,NO_CRASH,0.0000,,12.972234,77.595136
22:49:28.177,-1.397129,1.341418,0.110868,0.050221,0.188135,-0.157447,1.940016,0.250413,NORMAL,NO_CRASH,0.0000,,12.972240,77.595148
22:49:28.227,-0.563922,-0.660116,1.095468,-0.094361,0.083811,0.002911,1.397788,0.126241,NORMAL,NO_CRASH,0.0000,,12.972238,77.595135
22:49:28.278,-0.855736,0.018715,-1.209374,-0.080846,-0.124781,0.025388,1.481627,0.150834,NORMAL,NO_CRASH,0.0000,,12.972260,77.595142
22:49:28.329,1.781626,-0.733086,-0.784265,0.063686,-0.107559,0.078876,2.080067,0.147804,NORMAL,NO_CRASH,0.0000,,12.972259,77.595161
22:49:28.379,1.248443,0.208752,-0.455673,0.011333,0.136791,0.063888,1.345297,0.151400,NORMAL,NO_CRASH,0.0000,,12.972262,77.595156
22:49:28.429,-1.334903,0.071741,-0.117666,-0.006535,0.098815,0.020887,1.341998,0.101210,NORMAL,NO_CRASH,0.0000,,12.972278,77.595166
22:49:28.479,1.616508,-0.246026,-0.646541,-0.081750,0.078574,0.158696,1.758307,0.195042,NORMAL,NO_CRASH,0.0000,,12.972278,77.595166
22:49:28.530,0.622215,-1.281350,-1.300816,-0.015597,0.109997,-0.177666,1.929023,0.209542,NORMAL,NO_CRASH,0.0000,,12.972300,77.595179
22:49:28.580,0.368037,-0.570013,0.003327,-0.035888,0.071455,0.048655,0.678511,0.093601,NORMAL,NO_CRASH,0.0000,,12.972305,77.595174
22:49:28.631,0.775258,0.712083,-0.764813,0.217633,0.151180,0.023423,1.301164,0.266023,NORMAL,NO_CRASH,0.0000,,12.972295,77.595198
22:49:28.681,1.117880,-0.247257,1.143911,-0.043913,0.037039,0.145338,1.618433,0.156279,NORMAL,NO_CRASH,0.0000,,12.972306,77.595210
22:49:28.731,0.056627,-1.053265,-0.155288,0.040220,-0.150042,0.001523,1.066155,0.155347,NORMAL,NO_CRASH,0.0000,,12.972317,77.595214
22:49:28.782,-0.187330,0.311729,0.329464,-0.050434,0.159691,0.218250,0.490728,0.275096,NORMAL,NO_CRASH,0.0000,,12.972308,77.595216
22:49:28.833,0.536260,0.676807,-0.886307,0.033926,0.170369,-0.182677,1.237410,0.252086,NORMAL,NO_CRASH,0.0000,,12.972301,77.595226
22:49:28.883,0.042037,0.736113,0.107721,-0.084695,0.080363,-0.134391,0.745140,0.178024,NORMAL,NO_CRASH,0.0000,,12.972292,77.595229
22:49:28.934,1.514309,0.617651,-0.457811,-0.070768,0.056590,0.045101,1.698298,0.101216,NORMAL,NO_CRASH,0.0000,,12.972288,77.595252
22:49:28.984,-1.422754,0.631033,0.387812,-0.133984,-0.121261,0.004566,1.604005,0.180767,NORMAL,NO_CRASH,0.0000,,12.972281,77.595274
22:49:29.034,-0.704148,-1.394283,-0.488516,0.020070,0.142602,0.123609,1.636612,0.189782,NORMAL,NO_CRASH,0.0000,,12.972304,77.595275
22:49:29.085,0.137434,-0.545204,-0.352278,0.058141,-0.071193,0.191782,0.663503,0.212671,NORMAL,NO_CRASH,0.0000,,12.972301,77.595279
22:49:29.135,-0.410937,-0.937087,1.322643,-0.044860,-0.107219,0.139762,1.672240,0.181774,NORMAL,NO_CRASH,0.0000,,12.972296,77.595287
22:49:29.186,-0.689947,0.762812,0.214015,-0.067185,-0.148549,0.167866,1.050576,0.234007,NORMAL,NO_CRASH,0.0000,,12.972304,77.595289
22:49:29.236,-0.292612,-1.975608,1.784195,0.028900,0.005538,-0.216906,2.678059,0.218892,NORMAL,NO_CRASH,0.0000,,12.972304,77.595278
22:49:29.287,-1.078722,0.793922,-0.920236,-0.029214,-0.131926,0.088371,1.625050,0.161454,NORMAL,NO_CRASH,0.0000,,12.972320,77.595290
22:49:29.337,-0.739093,-0.495050,0.958260,0.023781,-0.012300,-0.040305,1.307515,0.048387,NORMAL,NO_CRASH,0.0000,,12.972338,77.595290
22:49:29.388,-0.837963,-0.720175,0.429464,-0.003371,0.101154,-0.088668,1.185442,0.134557,NORMAL,NO_CRASH,0.0000,,12.972335,77.595298
22:49:29.438,0.449487,0.378862,-0.305465,-0.098405,0.024548,-0.082905,0.662483,0.130994,NORMAL,NO_CRASH,0.0000,,12.972354,77.595289
22:49:29.488,0.070452,-0.078748,1.508116,-0.104110,-0.105059,0.107360,1.511813,0.182763,NORMAL,NO_CRASH,0.0000,,12.972342,77.595283
22:49:29.539,-0.764895,-0.350156,-0.316361,0.102218,0.186048,0.110152,0.898754,0.239157,NORMAL,NO_CRASH,0.0000,,12.972363,77.595272
22:49:29.589,-0.931761,-0.909087,-0.360983,-0.067843,0.099129,0.011315,1.350898,0.120653,NORMAL,NO_CRASH,0.0000,,12.972362,77.595286
22:49:29.639,-0.467759,-0.586313,-0.820012,0.007017,-0.042559,0.060940,1.111297,0.074660,NORMAL,NO_CRASH,0.0000,,12.972369,77.595294
22:49:29.690,0.240204,-0.664210,0.949297,0.125945,-0.016084,-0.113291,1.183232,0.170164,NORMAL,NO_CRASH,0.0000,,12.972357,77.595294
22:49:29.740,-1.030723,1.006378,2.329561,-0.000318,0.145003,0.005247,2.738985,0.145098,NORMAL,NO_CRASH,0.0000,,12.972349,77.595285
22:49:29.791,-0.609940,0.601587,0.559852,-0.060604,-0.019644,0.011508,1.023410,0.064740,NORMAL,NO_CRASH,0.0000,,12.972370,77.595287
22:49:29.841,-0.464173,-1.254987,-0.195046,-0.012808,-0.146122,-0.060718,1.352217,0.158752,NORMAL,NO_CRASH,0.0000,,12.972359,77.595285
22:49:29.892,0.196822,0.171399,-1.058123,-0.081314,0.074720,-0.112824,1.089835,0.157875,NORMAL,NO_CRASH,0.0000,,12.972376,77.595282
22:49:29.942,0.697233,-0.569362,0.442695,0.028480,-0.018305,0.130088,1.003138,0.134422,NORMAL,NO_CRASH,0.0000,,12.972396,77.595273
22:49:29.992,1.615604,0.155656,-0.600146,-0.020917,0.003571,-0.092328,1.730486,0.094735,NORMAL,NO_CRASH,0.0000,,12.972386,77.595269
22:49:30.043,-0.921328,0.030068,-1.498378,0.065528,-0.181522,0.206764,1.759229,0.282835,NORMAL,NO_CRASH,0.0000,,12.972398,77.595263
22:49:30.093,-0.826834,0.473411,1.034734,0.034018,-0.148266,-0.098504,1.406573,0.181227,NORMAL,NO_CRASH,0.0000,,12.972417,77.595286
22:49:30.144,0.272237,-0.200514,1.743181,0.020185,-0.124220,0.328371,1.775668,0.351661,NORMAL,NO_CRASH,0.0000,,12.972440,77.595289
22:49:30.194,-1.207008,-0.653268,0.643292,-0.033887,0.013764,0.130314,1.515735,0.135349,NORMAL,NO_CRASH,0.0000,,12.972447,77.595310
22:49:30.244,0.638362,0.167327,-0.061856,0.007788,0.052737,-0.064033,0.662820,0.083319,NORMAL,NO_CRASH,0.0000,,12.972449,77.595301
22:49:30.295,-0.139164,-0.055013,0.659418,0.053464,-0.160752,-0.088031,0.676184,0.190917,NORMAL,NO_CRASH,0.0000,,12.972472,77.595323
22:49:30.345,-0.576522,-0.420129,0.578379,-0.003870,-0.158654,-0.125521,0.918373,0.202341,NORMAL,NO_CRASH,0.0000,,12.972467,77.595333
22:49:30.396,0.677795,-0.773898,-0.857247,-0.047730,0.142277,-0.065974,1.339103,0.163932,NORMAL,NO_CRASH,0.0000,,12.972489,77.595331
22:49:30.446,-1.732371,-1.322321,0.535824,0.048486,0.096542,0.116151,2.244270,0.158626,NORMAL,NO_CRASH,0.0000,,12.972499,77.595341
22:49:30.497,-1.058708,0.033167,0.840046,0.075362,0.089393,-0.001612,1.351902,0.116932,NORMAL,NO_CRASH,0.0000,,12.972509,77.595356
22:49:30.547,-1.460815,-0.886837,1.667980,-0.001444,-0.163586,-0.010769,2.388015,0.163946,NORMAL,NO_CRASH,0.0000,,12.972525,77.595347
22:49:30.598,0.386087,-0.582035,-0.429678,-0.015808,-0.050763,-0.098775,0.820031,0.112175,NORMAL,NO_CRASH,0.0000,,12.972516,77.595370
22:49:30.648,-1.111835,-0.222996,0.119951,0.043812,0.026640,0.043864,1.140303,0.067477,NORMAL,NO_CRASH,0.0000,,12.972518,77.595365
22:49:30.698,-0.253633,-0.012477,1.967654,-0.014428,-0.098564,0.045159,1.983972,0.109373,NORMAL,NO_CRASH,0.0000,,12.972528,77.595361
22:49:30.748,-0.344901,1.377716,0.147760,-0.003592,0.215518,-0.183928,1.427897,0.283356,NORMAL,NO_CRASH,0.0000,,12.972542,77.595369
22:49:30.799,-0.479349,-0.618044,-1.343929,0.001840,-0.075122,-0.122797,1.554960,0.143964,NORMAL,NO_CRASH,0.0000,,12.972537,77.595364
22:49:30.849,-1.210145,-1.110619,0.769419,0.024205,0.066930,-0.156397,1.813817,0.171829,NORMAL,NO_CRASH,0.0000,,12.972547,77.595355
22:49:30.900,-0.668145,-0.265959,-0.599349,0.025466,0.127324,-0.071400,0.936147,0.148182,NORMAL,NO_CRASH,0.0000,,12.972551,77.595367
22:49:30.950,-0.572712,-1.107910,-0.398013,0.003646,-0.068245,-0.066482,1.309152,0.095344,NORMAL,NO_CRASH,0.0000,,12.972554,77.595389
22:49:31.000,0.038130,-0.164971,0.708049,0.009726,0.052336,-0.052506,0.728013,0.074770,NORMAL,NO_CRASH,0.0000,,12.972569,77.595378
22:49:31.051,0.417678,0.147819,1.163918,-0.026384,0.108775,-0.062687,1.245395,0.128288,NORMAL,NO_CRASH,0.0000,,12.972588,77.595369
22:49:31.101,-1.064285,-0.471483,0.089115,-0.045042,0.073165,0.075206,1.167450,0.114184,NORMAL,NO_CRASH,0.0000,,12.972598,77.595369
22:49:31.152,0.266242,-0.212553,2.233231,-0.139606,0.184568,0.077246,2.259067,0.243972,NORMAL,NO_CRASH,0.0000,,12.972620,77.595391
22:49:31.202,-1.379937,0.559237,-1.418139,0.119872,0.026968,-0.050883,2.056232,0.132987,NORMAL,NO_CRASH,0.0000,,12.972612,77.595410
22:49:31.253,0.004352,0.604299,-0.006496,-0.068234,-0.044774,-0.022172,0.604349,0.084571,NORMAL,NO_CRASH,0.0000,,12.972624,77.595403
22:49:31.304,-0.512466,0.532053,0.109129,0.022074,0.098081,0.015200,0.746733,0.101677,NORMAL,NO_CRASH,0.0000,,12.972644,77.595394
22:49:31.354,-1.090385,-0.346496,-0.069082,-0.053060,-0.040661,0.110213,1.146198,0.128901,NORMAL,NO_CRASH,0.0000,,12.972640,77.595407
22:49:31.404,0.839921,0.503289,-0.557460,-0.102740,0.028112,-0.081889,1.126734,0.134356,NORMAL,NO_CRASH,0.0000,,12.972636,77.595424
22:49:31.455,-0.413868,1.650180,0.463932,0.018189,-0.064009,-0.009957,1.763410,0.067283,NORMAL,NO_CRASH,0.0000,,12.972641,77.595424
22:49:31.505,0.386668,-0.764790,-0.674731,-0.009974,-0.206950,-0.045449,1.090724,0.212116,NORMAL,NO_CRASH,0.0000,,12.972629,77.595437
22:49:31.556,1.321350,0.940734,-0.128827,-0.023156,-0.159853,-0.202409,1.627127,0.258956,NORMAL,NO_CRASH,0.0000,,12.972632,77.595458
22:49:31.606,0.631824,0.676347,-0.218482,0.076045,0.103960,0.072580,0.950990,0.147846,NORMAL,NO_CRASH,0.0000,,12.972647,77.595452
22:49:31.657,-0.021871,-0.507400,0.902731,0.041820,0.018250,-0.031292,1.035788,0.055328,NORMAL,NO_CRASH,0.0000,,12.972668,77.595449
22:49:31.707,-1.088063,0.282290,-1.154503,0.047209,-0.090347,0.194706,1.611349,0.219776,NORMAL,NO_CRASH,0.0000,,12.972659,77.595470
22:49:31.758,-1.127354,-0.648999,-1.561307,-0.007804,-0.061066,0.221497,2.032193,0.229894,NORMAL,NO_CRASH,0.0000,,12.972657,77.595465
22:49:31.808,0.166628,-0.977663,1.253956,0.007734,0.007026,-0.028841,1.598748,0.030675,NORMAL,NO_CRASH,0.0000,,12.972660,77.595487
22:49:31.859,-0.066312,0.601547,1.096173,0.018015,0.162576,0.214231,1.252138,0.269537,NORMAL,NO_CRASH,0.0000,,12.972668,77.595499
22:49:31.909,-0.839277,0.410080,-0.033385,-0.067225,0.030719,0.223724,0.934701,0.235617,NORMAL,NO_CRASH,0.0000,,12.972671,77.595488
22:49:31.960,-0.996244,1.044709,1.731657,-0.000562,0.033879,-0.084453,2.254452,0.090997,NORMAL,NO_CRASH,0.0000,,12.972678,77.595479
22:49:32.011,-1.833329,-0.207061,1.718563,-0.004953,-0.010172,-0.018108,2.521394,0.021352,NORMAL,NO_CRASH,0.0000,,12.972694,77.595499
22:49:32.062,-1.086208,-0.307049,-1.992978,-0.080473,0.010065,0.079387,2.290434,0.113488,NORMAL,NO_CRASH,0.0000,,12.972686,77.595489
22:49:32.112,1.404812,0.736839,-0.216899,-0.075616,0.049212,0.010185,1.601085,0.090793,NORMAL,NO_CRASH,0.0000,,12.972704,77.595512
22:49:32.163,1.883163,-0.226255,0.364146,-0.123621,-0.085489,-0.109351,1.931345,0.185872,NORMAL,NO_CRASH,0.0000,,12.972721,77.595503
22:49:32.213,0.008696,0.262419,0.384642,0.009297,-0.137367,-0.223056,0.465713,0.262126,NORMAL,NO_CRASH,0.0000,,12.972725,77.595498
22:49:32.264,-1.157864,-0.498493,-0.426637,-0.016970,-0.075788,-0.074882,1.330851,0.107885,NORMAL,NO_CRASH,0.0000,,12.972746,77.595518
22:49:32.314,0.073092,-0.948344,-0.401944,-0.029185,-0.072990,-0.084227,1.032598,0.115211,NORMAL,NO_CRASH,0.0000,,12.972763,77.595518
22:49:32.365,0.636817,-1.020183,-0.316359,-0.074516,0.002799,0.073576,1.243540,0.104756,NORMAL,NO_CRASH,0.0000,,12.972770,77.595525
22:49:32.415,-0.695468,0.164866,1.027245,-0.058756,-0.090405,-0.087947,1.251435,0.139140,NORMAL,NO_CRASH,0.0000,,12.972769,77.595531
22:49:32.465,1.627708,-1.007648,-0.654486,0.007848,-0.016830,-0.048034,2.023151,0.051499,NORMAL,NO_CRASH,0.0000,,12.972762,77.595525
22:49:32.516,-0.032773,-0.476657,1.710890,-0.039348,0.137147,-0.002432,1.776350,0.142701,NORMAL,NO_CRASH,0.0000,,12.972772,77.595528
22:49:32.566,-1.402202,0.524573,-1.798259,-0.143767,-0.173956,-0.128060,2.339889,0.259478,NORMAL,NO_CRASH,0.0000,,12.972792,77.595515
22:49:32.617,0.721099,-0.230155,0.692205,0.051322,0.293020,0.097579,1.025721,0.313075,NORMAL,NO_CRASH,0.0000,,12.972793,77.595512
22:49:32.667,-1.489434,-1.090509,0.146248,0.011139,0.028844,0.019285,1.851759,0.036441,NORMAL,NO_CRASH,0.0000,,12.972790,77.595535
22:49:32.718,-0.135327,0.541538,0.889937,0.097940,0.155682,-0.023706,1.050507,0.185449,NORMAL,NO_CRASH,0.0000,,12.972812,77.595525
22:49:32.768,0.198039,-0.277473,0.301972,0.032880,-0.056865,0.106964,0.455409,0.125523,NORMAL,NO_CRASH,0.0000,,12.972806,77.595547
22:49:32.818,-0.849917,1.537218,0.077726,0.027169,0.039122,-0.115184,1.758249,0.124644,NORMAL,NO_CRASH,0.0000,,12.972796,77.595563
22:49:32.869,1.580246,-0.457386,-0.104594,0.127674,0.093000,0.013777,1.648429,0.158554,NORMAL,NO_CRASH,0.0000,,12.972793,77.595556
22:49:32.919,-0.010645,0.806792,-0.391199,0.045608,-0.115816,-0.000219,0.896696,0.124473,NORMAL,NO_CRASH,0.0000,,12.972802,77.595559
22:49:32.981,-0.156388,0.691060,-0.122567,0.019755,0.095893,0.079087,0.719057,0.125859,NORMAL,NO_CRASH,0.0000,,12.972800,77.595555
22:49:33.032,-0.641176,0.624001,-0.802693,-0.031683,-0.180580,-0.060446,1.201998,0.193045,NORMAL,NO_CRASH,0.0000,,12.972803,77.595549
22:49:33.082,0.348131,0.457836,-0.849557,-0.015991,-0.080070,0.029726,1.025942,0.086894,NORMAL,NO_CRASH,0.0000,,12.972824,77.595551
22:49:33.133,1.170246,0.611444,-1.297916,0.097904,-0.037626,-0.064089,1.851466,0.122916,NORMAL,NO_CRASH,0.0000,,12.972818,77.595572
22:49:33.183,0.383992,0.712478,-0.863583,-0.077419,0.147845,0.048355,1.183575,0.173753,NORMAL,NO_CRASH,0.0000,,12.972814,77.595582
22:49:33.234,-0.644045,1.059339,0.185722,-0.066560,0.083313,0.019571,1.253589,0.108417,NORMAL,NO_CRASH,0.0000,,12.972805,77.595601
22:49:33.284,1.881785,-1.301945,-1.509742,0.069305,0.201891,-0.115662,2.741440,0.242778,NORMAL,NO_CRASH,0.0000,,12.972817,77.595612
22:49:33.334,-0.597746,1.629773,-0.067570,0.058229,0.063232,0.051421,1.737247,0.100165,NORMAL,NO_CRASH,0.0000,,12.972807,77.595609
22:49:33.385,-1.203078,1.316294,-0.443670,0.010702,-0.186634,-0.044775,1.837626,0.192228,NORMAL,NO_CRASH,0.0000,,12.972796,77.595620
22:49:33.435,0.257903,0.698664,-0.674327,0.062227,0.020344,0.089107,1.004670,0.110571,NORMAL,NO_CRASH,0.0000,,12.972790,77.595620
22:49:33.486,-1.641956,-0.368135,1.338306,-0.016430,0.018078,0.124545,2.150025,0.126919,NORMAL,NO_CRASH,0.0000,,12.972799,77.595632
22:49:33.536,-0.535061,-0.600795,-0.066643,0.013536,0.007352,0.116985,0.807270,0.117995,NORMAL,NO_CRASH,0.0000,,12.972793,77.595624
22:49:33.587,1.355402,1.233928,0.532388,0.097561,-0.160112,0.079849,1.908698,0.203789,NORMAL,NO_CRASH,0.0000,,12.972806,77.595634
22:49:33.637,0.528256,-0.706885,-2.034942,-0.118572,-0.258168,-0.038422,2.218047,0.286682,NORMAL,NO_CRASH,0.0000,,12.972819,77.595654
22:49:33.691,-0.359460,0.745573,0.319962,-0.038045,-0.070772,0.003356,0.887393,0.080420,NORMAL,NO_CRASH,0.0000,,12.972833,77.595644
22:49:33.742,-0.842561,-1.435414,-0.681221,0.058233,-0.100629,0.048911,1.798439,0.126133,NORMAL,NO_CRASH,0.0000,,12.972826,77.595636
22:49:33.792,-1.721531,0.405689,0.490619,-0.167739,-0.081000,0.152128,1.835472,0.240500,NORMAL,NO_CRASH,0.0000,,12.972818,77.595629
22:49:33.843,1.157287,-0.375056,0.288495,0.099210,-0.030470,-0.158501,1.250284,0.189456,NORMAL,NO_CRASH,0.0000,,12.972833,77.595642
22:49:33.893,-0.453803,-0.532169,0.799251,0.104402,0.085940,0.113627,1.062046,0.176626,NORMAL,NO_CRASH,0.0000,,12.972837,77.595661
22:49:33.944,0.100805,-0.200294,0.931244,0.073331,-0.035002,0.103910,0.957859,0.131909,NORMAL,NO_CRASH,0.0000,,12.972831,77.595682
22:49:33.994,-0.133238,-0.674999,-0.812996,-0.013438,-0.254976,-0.161633,1.065053,0.302189,NORMAL,NO_CRASH,0.0000,,12.972846,77.595702
22:49:34.044,0.423053,0.857491,1.058374,0.012032,-0.038229,-0.121856,1.426331,0.128278,NORMAL,NO_CRASH,0.0000,,12.972859,77.595698
22:49:34.094,-1.185317,-1.135474,0.056859,0.014621,-0.067422,0.012369,1.642409,0.070089,NORMAL,NO_CRASH,0.0000,,12.972858,77.595691
22:49:34.145,0.558006,-0.506382,-1.465281,0.032189,0.122730,-0.050184,1.647678,0.136445,NORMAL,NO_CRASH,0.0000,,12.972854,77.595687
22:49:34.195,-0.520959,0.069208,-0.738246,-0.028808,-0.008838,-0.129994,0.906199,0.133440,NORMAL,NO_CRASH,0.0000,,12.972844,77.595710
22:49:34.246,0.108765,-0.641655,1.909233,0.000388,-0.008405,0.228690,2.017107,0.228845,NORMAL,NO_CRASH,0.0000,,12.972848,77.595725
22:49:34.296,-0.158294,0.245247,1.583473,-0.058582,-0.041149,0.065444,1.610152,0.096995,NORMAL,NO_CRASH,0.0000,,12.972871,77.595748
22:49:34.346,1.583318,-1.183060,-0.824299,0.032364,-0.116776,0.057857,2.141494,0.134282,NORMAL,NO_CRASH,0.0000,,12.972878,77.595749
22:49:34.396,-0.569178,1.200677,1.691767,0.030813,0.137748,0.162508,2.151201,0.215251,NORMAL,NO_CRASH,0.0000,,12.972874,77.595749
22:49:34.447,2.029050,0.062150,0.288692,-0.018511,0.008745,-0.078247,2.050427,0.080881,NORMAL,NO_CRASH,0.0000,,12.972876,77.595764
22:49:34.497,0.640919,-0.786086,0.938818,0.102095,-0.100739,0.135763,1.382059,0.197492,NORMAL,NO_CRASH,0.0000,,12.972877,77.595784
22:49:34.548,0.578993,1.218882,-1.033522,-0.136410,-0.152785,0.009457,1.699727,0.205038,NORMAL,NO_CRASH,0.0000,,12.972889,77.595790
22:49:34.598,0.743715,0.584071,-0.638019,0.082427,0.023055,0.093719,1.140753,0.126921,NORMAL,NO_CRASH,0.0000,,12.972898,77.595791
22:49:34.649,0.742666,0.266570,-1.060309,0.045893,-0.051183,0.151511,1.321692,0.166378,NORMAL,NO_CRASH,0.0000,,12.972896,77.595800
22:49:34.699,0.491499,0.800912,-1.566278,-0.022253,0.064310,0.171640,1.826542,0.184638,NORMAL,NO_CRASH,0.0000,,12.972904,77.595812
22:49:34.749,0.299757,0.278264,-0.068377,0.088703,0.105039,0.251217,0.414681,0.286376,NORMAL,NO_CRASH,0.0000,,12.972915,77.595827
22:49:34.800,0.279168,-0.095064,-0.634690,-0.053032,-0.152469,-0.161589,0.699859,0.228408,NORMAL,NO_CRASH,0.0000,,12.972920,77.595826
22:49:34.850,-0.923911,-0.737027,-0.199136,0.014938,0.040660,-0.184689,1.198531,0.189701,NORMAL,NO_CRASH,0.0000,,12.972932,77.595849
22:49:34.901,-0.163208,-1.739144,1.488424,0.031696,0.082983,-0.131823,2.294921,0.158960,NORMAL,NO_CRASH,0.0000,,12.972934,77.595860
22:49:34.951,1.101183,1.587271,-0.878660,0.079173,-0.022148,0.056216,2.122281,0.099595,NORMAL,NO_CRASH,0.0000,,12.972957,77.595871
22:49:35.002,1.185487,-1.016873,0.829761,0.046393,0.044682,0.272882,1.768591,0.280381,NORMAL,NO_CRASH,0.0000,,12.972964,77.595887
22:49:35.052,0.566518,0.270874,0.630688,-0.025122,-0.026146,0.064280,0.889990,0.073801,NORMAL,NO_CRASH,0.0000,,12.972961,77.595876
22:49:35.103,0.661378,-0.140021,-1.396912,0.060897,-0.085343,0.127541,1.551899,0.165102,NORMAL,NO_CRASH,0.0000,,12.972973,77.595896
22:49:35.153,0.505352,-0.307939,1.174973,0.007191,-0.036233,0.246569,1.315587,0.249321,NORMAL,NO_CRASH,0.0000,,12.972978,77.595901
22:49:35.203,-0.147483,0.590600,0.054303,0.023711,0.248343,-0.016187,0.611153,0.249997,NORMAL,NO_CRASH,0.0000,,12.972990,77.595906
22:49:35.254,-1.843558,0.247009,0.497596,0.098508,0.003469,-0.172267,1.925440,0.198474,NORMAL,NO_CRASH,0.0000,,12.972997,77.595907
22:49:35.304,1.205634,0.165549,-0.654227,0.038202,0.209379,-0.178042,1.381655,0.277485,NORMAL,NO_CRASH,0.0000,,12.973015,77.595922
22:49:35.354,0.222049,0.521689,-0.205271,0.004723,0.040288,-0.034036,0.602994,0.052952,NORMAL,NO_CRASH,0.0000,,12.973030,77.595935
22:49:35.405,0.156883,-0.029259,-0.915116,-0.009283,0.227265,-0.177116,0.928927,0.288280,NORMAL,NO_CRASH,0.0000,,12.973021,77.595947
22:49:35.455,0.044633,-0.915249,1.423837,0.006993,0.022760,0.091595,1.693218,0.094639,NORMAL,NO_CRASH,0.0000,,12.973034,77.595961
22:49:35.505,0.057506,-0.911374,-0.845365,0.093637,0.031264,0.118877,1.244408,0.154522,NORMAL,NO_CRASH,0.0000,,12.973038,77.595976
22:49:35.556,1.441971,1.737387,-0.056370,0.017563,-0.008881,0.057678,2.258533,0.060944,NORMAL,NO_CRASH,0.0000,,12.973055,77.595995
22:49:35.606,-0.125973,-0.027279,-0.357682,0.049848,-0.031311,-0.001347,0.380197,0.058882,NORMAL,NO_CRASH,0.0000,,12.973058,77.596008
22:49:35.656,-0.231606,-0.941926,-1.921111,-0.021671,0.106499,-0.096181,2.152100,0.145129,NORMAL,NO_CRASH,0.0000,,12.973068,77.595997
22:49:35.707,0.190542,0.340724,0.508022,0.010611,-0.001501,-0.039224,0.640691,0.040662,NORMAL,NO_CRASH,0.0000,,12.973057,77.595995
22:49:35.757,0.395542,1.331641,1.637856,-0.047438,0.167193,-0.091823,2.147626,0.196558,NORMAL,NO_CRASH,0.0000,,12.973064,77.596000
22:49:35.807,-0.599350,0.549835,-0.373959,0.092377,-0.169137,0.016064,0.895201,0.193388,NORMAL,NO_CRASH,0.0000,,12.973055,77.596002
22:49:35.858,-0.366065,1.174329,0.288364,-0.032253,0.175069,-0.128482,1.263411,0.219539,NORMAL,NO_CRASH,0.0000,,12.973049,77.596017
22:49:35.909,0.637303,0.363587,-0.809419,0.117223,0.046571,-0.001715,1.092479,0.126147,NORMAL,NO_CRASH,0.0000,,12.973057,77.596037
22:49:35.959,1.643156,-1.453935,0.245674,0.034003,0.076016,-0.010070,2.207769,0.083881,NORMAL,NO_CRASH,0.0000,,12.973066,77.596041
22:49:36.010,-0.723034,-0.590476,-1.130629,0.082291,0.194903,-0.080927,1.466207,0.226513,NORMAL,NO_CRASH,0.0000,,12.973073,77.596044
22:49:36.060,0.513471,-0.040821,-0.855950,0.020256,0.033195,-0.092275,0.998984,0.100135,NORMAL,NO_CRASH,0.0000,,12.973072,77.596049
22:49:36.111,1.353190,-0.330656,0.497580,-0.009883,0.008425,-0.144389,1.479203,0.144972,NORMAL,NO_CRASH,0.0000,,12.973085,77.596042
22:49:36.161,-0.818168,-0.288479,-0.202841,0.034708,-0.175965,0.078560,0.890934,0.195806,NORMAL,NO_CRASH,0.0000,,12.973079,77.596035
22:49:36.211,-0.508487,-0.325443,0.761413,-0.157768,0.088287,-0.016494,0.971711,0.181542,NORMAL,NO_CRASH,0.0000,,12.973087,77.596036
22:49:36.261,-0.055476,-0.245463,0.463748,0.152159,-0.175264,0.090607,0.527628,0.249157,NORMAL,NO_CRASH,0.0000,,12.973079,77.596033
22:49:36.312,0.666050,-0.079334,1.639915,0.001207,-0.099106,-0.205646,1.771789,0.228284,NORMAL,NO_CRASH,0.0000,,12.973094,77.596052
22:49:36.362,-0.308114,0.423199,0.077782,0.100915,0.116038,0.050747,0.529228,0.161938,NORMAL,NO_CRASH,0.0000,,12.973109,77.596044
22:49:36.412,-0.328361,-0.746143,-0.173895,0.031833,-0.051498,0.111824,0.833541,0.127161,NORMAL,NO_CRASH,0.0000,,12.973119,77.596038
22:49:36.463,1.016762,-0.650731,-0.569067,-0.064978,-0.041017,0.086107,1.334576,0.115407,NORMAL,NO_CRASH,0.0000,,12.973115,77.596054
22:49:36.513,-1.362087,-0.276383,-0.586886,0.088356,0.084239,0.079402,1.508677,0.145628,NORMAL,NO_CRASH,0.0000,,12.973117,77.596074
22:49:36.564,0.620772,-0.056356,0.415637,0.099006,-0.070511,0.085262,0.749192,0.148471,NORMAL,NO_CRASH,0.0000,,12.973123,77.596098
22:49:36.614,-1.255550,1.229012,-0.757171,0.054167,-0.068897,0.058031,1.913161,0.105111,NORMAL,NO_CRASH,0.0000,,12.973130,77.596107
22:49:36.664,0.427940,-0.385012,0.513034,-0.050061,-0.106304,-0.084976,0.771084,0.145009,NORMAL,NO_CRASH,0.0000,,12.973146,77.596097
22:49:36.715,0.323153,-0.161309,-0.127312,-0.058022,-0.082310,-0.169144,0.382958,0.196854,NORMAL,NO_CRASH,0.0000,,12.973164,77.596092
22:49:36.787,-0.495632,-0.756299,0.054779,0.000625,0.265677,0.135957,0.905892,0.298445,NORMAL,NO_CRASH,0.0000,,12.973174,77.596091
22:49:36.837,0.143015,-1.375150,2.118315,0.042570,-0.175509,-0.001196,2.529575,0.180602,NORMAL,NO_CRASH,0.0000,,12.973172,77.596105
22:49:36.888,-0.441665,1.054668,0.575574,0.100334,-0.345667,-0.038014,1.280108,0.361936,NORMAL,NO_CRASH,0.0000,,12.973184,77.596114
22:49:36.938,0.791576,-0.079843,0.614293,0.077314,0.008700,-0.266116,1.005148,0.277256,NORMAL,NO_CRASH,0.0000,,12.973201,77.596106
22:49:36.988,0.201434,0.147303,0.989528,0.011051,-0.103732,-0.040842,1.020509,0.112029,NORMAL,NO_CRASH,0.0000,,12.973202,77.596106
22:49:37.039,0.048222,-0.254067,-0.897588,0.101268,0.023148,0.139213,0.934098,0.173699,NORMAL,NO_CRASH,0.0000,,12.973225,77.596112
22:49:37.090,1.143594,0.248278,0.857781,0.037525,0.130452,-0.015415,1.450944,0.136614,NORMAL,NO_CRASH,0.0000,,12.973229,77.596119
22:49:37.140,-0.043965,-0.131750,0.811910,-0.052018,-0.142848,0.065101,0.823704,0.165377,NORMAL,NO_CRASH,0.0000,,12.973240,77.596116
22:49:37.190,0.892413,0.601476,1.428288,-0.057053,-0.115587,-0.023265,1.788346,0.130983,NORMAL,NO_CRASH,0.0000,,12.973229,77.596124
22:49:37.241,-0.336445,-0.502571,-0.145717,0.058621,0.190993,-0.155154,0.622098,0.252957,NORMAL,NO_CRASH,0.0000,,12.973220,77.596144
22:49:37.291,0.477353,-0.027010,0.022096,0.033324,0.042631,0.015411,0.478627,0.056262,NORMAL,NO_CRASH,0.0000,,12.973241,77.596159
22:49:37.341,-0.696812,-0.654898,-1.495383,0.003789,0.029812,-0.134799,1.774996,0.138108,NORMAL,NO_CRASH,0.0000,,12.973236,77.596147
22:49:37.392,-1.211822,0.124226,-1.183335,0.093559,-0.046802,0.093998,1.698301,0.140639,NORMAL,NO_CRASH,0.0000,,12.973244,77.596148
22:49:37.442,-0.925088,0.754286,0.595918,0.039225,-0.133197,-0.046796,1.334112,0.146526,NORMAL,NO_CRASH,0.0000,,12.973264,77.596156
22:49:37.493,1.477872,-1.512037,-0.063077,0.121895,0.108427,0.062581,2.115264,0.174732,NORMAL,NO_CRASH,0.0000,,12.973252,77.596145
22:49:37.543,0.432109,-0.733439,-1.202028,-0.001858,-0.070025,0.150316,1.472930,0.165836,NORMAL,NO_CRASH,0.0000,,12.973264,77.596140
22:49:37.594,0.133532,-1.103291,-0.006926,-0.092541,0.106147,0.155832,1.111364,0.210035,NORMAL,NO_CRASH,0.0000,,12.973258,77.596138
22:49:37.644,0.432271,-0.646869,0.551162,0.097984,-0.014633,-0.039977,0.953456,0.106832,NORMAL,NO_CRASH,0.0000,,12.973276,77.596135
22:49:37.695,-0.353610,-0.307596,0.467829,0.028881,0.136797,-0.004200,0.662208,0.139876,NORMAL,NO_CRASH,0.0000,,12.973285,77.596147
22:49:37.745,-0.558151,-0.092617,-0.401488,-0.001201,0.021079,0.081291,0.693760,0.083988,NORMAL,NO_CRASH,0.0000,,12.973289,77.596149
22:49:37.795,0.001680,1.373318,-0.826147,-0.052337,-0.036843,0.073120,1.602661,0.097176,NORMAL,NO_CRASH,0.0000,,12.973297,77.596144
22:49:37.846,-1.234694,1.083097,-0.935009,0.011543,0.318242,0.082268,1.889924,0.328907,AGGRESSIVE,NO_CRASH,0.0000,,12.973318,77.596145
22:49:37.896,0.450173,0.474587,-1.112833,-0.002572,0.128033,0.051926,1.290846,0.138186,AGGRESSIVE,NO_CRASH,0.0000,,12.973337,77.596145
22:49:37.947,-0.026149,1.387953,1.150092,-0.019328,0.003458,-0.118184,1.802723,0.119804,AGGRESSIVE,NO_CRASH,0.0000,,12.973344,77.596136
22:49:37.997,1.778795,0.240494,-1.979270,0.008567,0.109359,-0.028976,2.671976,0.113456,AGGRESSIVE,NO_CRASH,0.0000,,12.973338,77.596150
22:49:38.048,-0.109901,0.556467,-1.150541,-0.123665,0.147686,-0.214957,1.282762,0.288636,AGGRESSIVE,NO_CRASH,0.0000,,12.973358,77.596164
22:49:38.099,3.008461,-0.464020,1.938533,-0.014766,0.096095,0.170591,3.608887,0.196351,AGGRESSIVE,NO_CRASH,0.0000,,12.973374,77.596165
22:49:38.149,-1.312501,0.721369,-0.409972,0.012329,0.123029,0.067270,1.552775,0.140760,AGGRESSIVE,NO_CRASH,0.0000,,12.973375,77.596164
22:49:38.200,-1.704912,-0.632589,1.255515,-0.071528,0.006801,-0.053897,2.209799,0.089819,AGGRESSIVE,NO_CRASH,0.0000,,12.973371,77.596165
22:49:38.250,1.802622,-0.641113,-0.964767,-0.021077,0.252938,-0.060453,2.142720,0.260915,AGGRESSIVE,NO_CRASH,0.0000,,12.973388,77.596181
22:49:38.301,2.295402,0.087837,-0.652012,-0.042829,-0.192884,0.103534,2.387824,0.223065,AGGRESSIVE,NO_CRASH,0.0000,,12.973403,77.596199
22:49:38.351,0.819216,-1.390545,0.435532,0.118036,0.090396,0.188500,1.671652,0.240075,AGGRESSIVE,NO_CRASH,0.0000,,12.973405,77.596217
22:49:38.401,-1.351691,-0.554564,2.652045,0.060525,-0.016303,0.167034,3.027863,0.178408,AGGRESSIVE,NO_CRASH,0.0000,,12.973424,77.596230
22:49:38.452,-0.659766,0.821594,-0.754234,0.063513,0.041240,0.071488,1.295831,0.104140,AGGRESSIVE,NO_CRASH,0.0000,,12.973420,77.596242
22:49:38.502,0.795286,-1.268668,0.505242,-0.061362,0.046366,0.142198,1.580275,0.161664,AGGRESSIVE,NO_CRASH,0.0000,,12.973438,77.596250
22:49:38.552,-1.325133,-1.180666,-1.172486,0.062286,-0.168685,-0.042488,2.127128,0.184768,AGGRESSIVE,NO_CRASH,0.0000,,12.973434,77.596266
22:49:38.603,2.580385,-0.681444,0.034188,0.193485,-0.084517,-0.057636,2.669068,0.218864,AGGRESSIVE,NO_CRASH,0.0000,,12.973428,77.596263
22:49:38.653,-0.183599,0.282634,0.255862,0.077115,-0.059453,0.024126,0.423150,0.100317,AGGRESSIVE,NO_CRASH,0.0000,,12.973419,77.596266
22:49:38.704,-0.589957,-1.200399,-1.407841,-0.096652,0.259933,0.202586,1.941912,0.343436,AGGRESSIVE,NO_CRASH,0.0000,,12.973444,77.596281
22:49:38.755,-0.172673,1.818934,-0.101038,-0.089636,0.114718,0.270376,1.829903,0.307080,AGGRESSIVE,NO_CRASH,0.0000,,12.973455,77.596282
22:49:38.805,-0.241886,-0.185737,-1.201121,0.084289,-0.077411,0.069051,1.239233,0.133661,AGGRESSIVE,NO_CRASH,0.0000,,12.973457,77.596302
22:49:38.855,-1.345917,0.943222,1.471207,0.020519,-0.081994,-0.027281,2.205813,0.088816,AGGRESSIVE,NO_CRASH,0.0000,,12.973449,77.596291
22:49:38.905,-0.180698,0.522885,3.731007,-0.017558,0.011615,-0.001313,3.771800,0.021093,AGGRESSIVE,NO_CRASH,0.0000,,12.973470,77.596307
22:49:38.956,1.152268,-0.294155,2.717110,0.101514,0.120471,-0.059733,2.965963,0.168483,AGGRESSIVE,NO_CRASH,0.0000,,12.973473,77.596313
22:49:39.007,1.769180,2.243112,0.254271,-0.021829,-0.029298,0.072810,2.868136,0.081463,AGGRESSIVE,NO_CRASH,0.0000,,12.973492,77.596307
22:49:39.057,-0.823025,-0.963743,0.447548,0.119371,-0.213594,-0.287424,1.344049,0.377471,AGGRESSIVE,NO_CRASH,0.0000,,12.973512,77.596306
22:49:39.107,-0.616901,0.892594,0.952266,-0.162495,0.146943,-0.295229,1.443642,0.367637,AGGRESSIVE,NO_CRASH,0.0000,,12.973509,77.596297
22:49:39.158,0.200312,-2.327852,-2.809915,0.046735,-0.036351,-0.039903,3.654400,0.071399,AGGRESSIVE,NO_CRASH,0.0000,,12.973530,77.596300
22:49:39.208,-1.715168,-0.253330,1.225790,0.041298,0.043792,-0.011523,2.123332,0.061287,AGGRESSIVE,NO_CRASH,0.0000,,12.973524,77.596319
22:49:39.258,-0.549867,2.470961,-0.133619,0.031741,0.078794,-0.151919,2.534927,0.174056,AGGRESSIVE,NO_CRASH,0.0000,,12.973538,77.596315
22:49:39.308,1.349763,0.429377,-2.818737,0.111829,0.119199,-0.067134,3.154600,0.176695,AGGRESSIVE,NO_CRASH,0.0000,,12.973552,77.596331
22:49:39.358,0.338440,-1.716042,1.938968,-0.052580,0.037561,0.073485,2.611310,0.097855,AGGRESSIVE,NO_CRASH,0.0000,,12.973553,77.596325
22:49:39.409,0.864224,-0.051954,0.353663,0.015257,0.169923,-0.240664,0.935232,0.295001,AGGRESSIVE,NO_CRASH,0.0000,,12.973574,77.596314
22:49:39.460,2.196979,0.879503,-0.479550,0.040387,0.149205,0.038142,2.414583,0.159211,AGGRESSIVE,NO_CRASH,0.0000,,12.973598,77.596306
22:49:39.510,1.483554,0.413583,0.697456,0.074372,0.013627,0.070873,1.690688,0.103633,AGGRESSIVE,NO_CRASH,0.0000,,12.973592,77.596319
22:49:39.562,1.190439,-3.377768,1.065987,-0.031427,-0.058302,0.130026,3.736682,0.145923,AGGRESSIVE,NO_CRASH,0.0000,,12.973603,77.596314
22:49:39.613,0.988746,-0.227928,0.888939,0.060559,-0.038386,0.146454,1.348993,0.163064,AGGRESSIVE,NO_CRASH,0.0000,,12.973627,77.596305
22:49:39.663,0.576150,-0.089410,2.587553,0.017456,-0.042144,0.050820,2.652428,0.068290,AGGRESSIVE,NO_CRASH,0.0000,,12.973641,77.596311
22:49:39.714,1.635820,1.071414,-0.906000,-0.031398,0.208135,0.012790,2.155149,0.210878,AGGRESSIVE,NO_CRASH,0.0000,,12.973649,77.596329
22:49:39.764,-1.683596,-1.276944,0.773180,-0.058166,0.086820,0.304715,2.250086,0.322137,AGGRESSIVE,NO_CRASH,0.0000,,12.973646,77.596336
22:49:39.815,-1.398156,-1.560344,-1.000012,-0.091171,-0.047083,0.027797,2.321538,0.106309,AGGRESSIVE,NO_CRASH,0.0000,,12.973638,77.596340
22:49:39.865,-0.741097,0.108294,-0.502900,0.025006,0.099449,0.217641,0.902142,0.240589,AGGRESSIVE,NO_CRASH,0.0000,,12.973653,77.596335
22:49:39.915,0.473094,-0.010211,0.701436,0.044309,-0.020069,0.047401,0.846129,0.067918,AGGRESSIVE,NO_CRASH,0.0000,,12.973665,77.596326
22:49:39.966,0.459171,-0.633312,0.894685,-0.096209,0.016439,-0.144815,1.188437,0.174636,AGGRESSIVE,NO_CRASH,0.0000,,12.973661,77.596336
22:49:40.028,-0.697453,0.112893,-0.752530,-0.078121,-0.211919,-0.037024,1.032225,0.228874,AGGRESSIVE,NO_CRASH,0.0000,,12.973657,77.596342
22:49:40.078,-0.043603,-1.535342,1.718623,0.062498,-0.169972,-0.022824,2.304960,0.182531,AGGRESSIVE,NO_CRASH,0.0000,,12.973675,77.596353
22:49:40.129,1.148657,-0.493520,-1.372293,-0.033646,-0.061609,-0.080241,1.856384,0.106613,AGGRESSIVE,NO_CRASH,0.0000,,12.973691,77.596350
22:49:40.179,0.716182,1.411603,0.405019,0.009739,0.082470,0.014698,1.633885,0.084334,AGGRESSIVE,NO_CRASH,0.0000,,12.973707,77.596347
22:49:40.229,1.600837,0.337997,-0.265882,0.025370,0.047771,0.193137,1.657593,0.200568,AGGRESSIVE,NO_CRASH,0.0000,,12.973725,77.596357
22:49:40.280,-0.420530,-0.025323,-0.164405,0.095565,0.132573,0.085911,0.452234,0.184632,AGGRESSIVE,NO_CRASH,0.0000,,12.973747,77.596360
22:49:40.330,1.976410,-0.054637,0.236941,0.160507,0.138915,-0.013912,1.991312,0.212728,AGGRESSIVE,NO_CRASH,0.0000,,12.973744,77.596384
22:49:40.380,1.611196,-1.637276,0.579513,0.079717,0.027272,0.025350,2.369063,0.087984,AGGRESSIVE,NO_CRASH,0.0000,,12.973768,77.596386
22:49:40.431,1.554451,-0.060120,1.225276,-0.025246,-0.206219,-0.079174,1.980210,0.222333,AGGRESSIVE,NO_CRASH,0.0000,,12.973769,77.596396
22:49:40.481,-2.047607,0.284782,1.028704,0.062919,0.162503,-0.052476,2.309118,0.181988,AGGRESSIVE,NO_CRASH,0.0000,,12.973768,77.596398
22:49:40.532,-0.763199,-1.390677,2.088199,-0.014293,-0.131217,0.232022,2.622410,0.266939,AGGRESSIVE,NO_CRASH,0.0000,,12.973781,77.596392
22:49:40.583,1.871790,-1.121773,0.438501,0.049180,-0.453184,0.149481,2.225815,0.479728,AGGRESSIVE,NO_CRASH,0.0000,,12.973774,77.596392
22:49:40.633,1.619674,-0.042758,0.922166,-0.010008,0.110215,0.251905,1.864286,0.275143,AGGRESSIVE,NO_CRASH,0.0000,,12.973782,77.596407
22:49:40.683,-1.341326,-0.057960,-0.089945,-0.017940,-0.070141,-0.097401,1.345587,0.121362,AGGRESSIVE,NO_CRASH,0.0000,,12.973793,77.596406
22:49:40.733,-0.230370,1.357258,1.544760,-0.005952,0.151219,0.032885,2.069179,0.154868,AGGRESSIVE,NO_CRASH,0.0000,,12.973791,77.596413
22:49:40.784,0.461077,0.210483,-0.487207,0.043026,0.074934,0.019506,0.703040,0.088582,AGGRESSIVE,NO_CRASH,0.0000,,12.973804,77.596425
22:49:40.835,0.247467,-0.740875,1.240801,0.122517,0.178390,-0.074030,1.466194,0.228722,AGGRESSIVE,NO_CRASH,0.0000,,12.973801,77.596439
22:49:40.885,0.586505,3.575038,-0.083166,-0.066188,-0.250212,-0.126912,3.623783,0.288259,AGGRESSIVE,NO_CRASH,0.0000,,12.973793,77.596429
22:49:40.935,-1.078160,-0.711055,-0.211333,0.049238,0.155813,0.202410,1.308698,0.260138,AGGRESSIVE,NO_CRASH,0.0000,,12.973808,77.596443
22:49:40.986,0.181758,-0.411609,0.690863,0.078582,-0.099563,-0.000473,0.824469,0.126839,AGGRESSIVE,NO_CRASH,0.0000,,12.973810,77.596435
22:49:41.036,1.595665,0.764706,0.324188,0.054679,-0.161135,0.094021,1.798894,0.194407,AGGRESSIVE,NO_CRASH,0.0000,,12.973825,77.596453
22:49:41.086,-1.753440,0.150785,0.496442,0.060766,0.076118,0.071119,1.828590,0.120600,AGGRESSIVE,NO_CRASH,0.0000,,12.973820,77.596457
22:49:41.137,1.216068,-0.493373,1.332456,-0.085443,-0.232593,-0.013463,1.870208,0.248155,AGGRESSIVE,NO_CRASH,0.0000,,12.973835,77.596455
22:49:41.188,1.640071,1.258357,0.455331,0.035154,-0.085787,0.043870,2.116748,0.102566,AGGRESSIVE,NO_CRASH,0.0000,,12.973839,77.596473
22:49:41.238,-0.442311,-0.295021,0.269308,0.032373,0.143401,0.327903,0.595989,0.359350,AGGRESSIVE,NO_CRASH,0.0000,,12.973835,77.596491
22:49:41.288,1.895434,-0.464420,0.334040,0.072860,0.269919,-0.147163,1.979883,0.315946,AGGRESSIVE,NO_CRASH,0.0000,,12.973834,77.596488
22:49:41.339,-1.085102,-0.742716,3.087399,-0.142768,-0.174959,0.088844,3.355757,0.242666,AGGRESSIVE,NO_CRASH,0.0000,,12.973853,77.596510
22:49:41.389,-1.220675,-0.609579,-0.340371,-0.042773,0.009482,0.238560,1.406231,0.242550,AGGRESSIVE,NO_CRASH,0.0000,,12.973843,77.596529
22:49:41.440,-0.520444,0.373574,1.018870,0.015475,-0.047430,-0.007921,1.203543,0.050516,AGGRESSIVE,NO_CRASH,0.0000,,12.973849,77.596537
22:49:41.490,0.886806,-1.266756,-0.801437,-0.062403,0.028288,0.134902,1.741665,0.151304,AGGRESSIVE,NO_CRASH,0.0000,,12.973839,77.596548
22:49:41.541,-2.520864,-1.550946,1.747778,-0.033999,-0.139027,0.063777,3.437283,0.156690,AGGRESSIVE,NO_CRASH,0.0000,,12.973863,77.596550
22:49:41.591,1.813241,1.563236,0.611869,-0.030819,0.123896,-0.086783,2.471019,0.154374,AGGRESSIVE,NO_CRASH,0.0000,,12.973858,77.596574
22:49:41.641,-1.884710,-1.115013,-0.738950,0.010397,-0.047246,0.088433,2.311154,0.100801,AGGRESSIVE,NO_CRASH,0.0000,,12.973868,77.596591
22:49:41.692,0.530842,0.515093,1.136258,-0.108038,-0.220516,0.101045,1.355801,0.265537,AGGRESSIVE,NO_CRASH,0.0000,,12.973890,77.596607
22:49:41.742,0.288161,-0.578982,-0.281493,-0.027740,-0.193151,0.089226,0.705333,0.214565,AGGRESSIVE,NO_CRASH,0.0000,,12.973913,77.596624
22:49:41.792,1.871387,-0.322319,1.101777,-0.006088,-0.061079,-0.129752,2.195425,0.143539,AGGRESSIVE,NO_CRASH,0.0000,,12.973906,77.596631
22:49:41.842,1.757273,1.740644,1.053461,-0.048542,0.178954,0.279312,2.688425,0.335255,AGGRESSIVE,NO_CRASH,0.0000,,12.973929,77.596638
22:49:41.893,-1.874324,2.139725,1.953905,0.083757,-0.222011,-0.095282,3.450980,0.255700,AGGRESSIVE,NO_CRASH,0.0000,,12.973944,77.596632
22:49:41.944,0.573139,1.014524,1.381611,-0.074839,0.050106,0.104183,1.807373,0.137716,AGGRESSIVE,NO_CRASH,0.0000,,12.973945,77.596647
22:49:41.994,-1.189687,-0.898287,-0.271204,-0.029909,0.070924,0.218063,1.515199,0.231249,AGGRESSIVE,NO_CRASH,0.0000,,12.973941,77.596662
22:49:42.044,-0.724035,1.156658,-1.747479,0.048028,0.054844,-0.049633,2.217153,0.088193,AGGRESSIVE,NO_CRASH,0.0000,,12.973956,77.596652
22:49:42.094,-1.155477,-0.805622,0.840429,-0.051615,0.007228,-0.206945,1.640267,0.213407,AGGRESSIVE,NO_CRASH,0.0000,,12.973952,77.596670
22:49:42.145,-2.237476,-1.221807,-1.473701,0.070265,0.092855,-0.266097,2.944641,0.290459,AGGRESSIVE,NO_CRASH,0.0000,,12.973959,77.596686
22:49:42.195,-0.529782,0.994391,-1.031568,0.030721,0.205607,-0.138342,1.527617,0.249712,AGGRESSIVE,NO_CRASH,0.0000,,12.973979,77.596676
22:49:42.246,1.023835,-0.641770,0.189322,0.208478,0.215714,0.195555,1.223090,0.358103,AGGRESSIVE,NO_CRASH,0.0000,,12.973975,77.596679
22:49:42.297,-0.659424,2.078266,0.695929,-0.021815,-0.158686,0.108558,2.288744,0.193500,AGGRESSIVE,NO_CRASH,0.0000,,12.973993,77.596704
22:49:42.347,1.923280,-1.007692,0.312214,0.052426,0.055997,0.193938,2.193610,0.208557,AGGRESSIVE,NO_CRASH,0.0000,,12.974004,77.596719
22:49:42.398,0.460544,1.888194,1.785684,-0.199713,0.093031,0.136737,2.639326,0.259301,AGGRESSIVE,NO_CRASH,0.0000,,12.974005,77.596711
22:49:42.448,-0.899725,-2.828946,0.549974,-0.023385,-0.009958,-0.238215,3.019092,0.239567,AGGRESSIVE,NO_CRASH,0.0000,,12.974021,77.596717
22:49:42.498,1.707904,0.299667,-1.164893,-0.097281,-0.156775,0.070893,2.088950,0.197656,AGGRESSIVE,NO_CRASH,0.0000,,12.974025,77.596720
22:49:42.548,-0.188325,2.787808,-0.103871,0.032174,0.000448,-0.148060,2.796092,0.151516,AGGRESSIVE,NO_CRASH,0.0000,,12.974030,77.596740
22:49:42.599,0.825253,-0.019669,2.151295,-0.090730,-0.259573,-0.019631,2.304235,0.275673,AGGRESSIVE,NO_CRASH,0.0000,,12.974038,77.596744
22:49:42.649,-0.310096,0.099383,-0.356761,-0.069903,0.162675,0.052733,0.483027,0.184744,AGGRESSIVE,NO_CRASH,0.0000,,12.974037,77.596734
22:49:42.700,0.077850,-1.266979,-0.336211,0.047259,0.143327,0.100857,1.313139,0.181516,AGGRESSIVE,NO_CRASH,0.0000,,12.974033,77.596742
22:49:42.750,0.561140,-0.581503,0.167705,-0.123432,-0.113327,-0.120710,0.825317,0.206518,AGGRESSIVE,NO_CRASH,0.0000,,12.974027,77.596747
22:49:42.801,1.071556,2.016202,-0.853906,-0.086025,-0.336718,0.267618,2.437716,0.438632,AGGRESSIVE,NO_CRASH,0.0000,,12.974050,77.596768
22:49:42.851,1.108198,-2.245971,-3.267142,0.015838,-0.035521,0.019439,4.116637,0.043480,AGGRESSIVE,NO_CRASH,0.0000,,12.974063,77.596767
22:49:42.902,-0.291945,0.837070,1.443094,-0.093056,0.185087,-0.002857,1.693646,0.207183,AGGRESSIVE,NO_CRASH,0.0000,,12.974080,77.596775
22:49:42.953,-2.182623,-0.092756,0.092711,-0.027418,-0.032503,-0.137536,2.186560,0.143959,AGGRESSIVE,NO_CRASH,0.0000,,12.974073,77.596792
22:49:43.003,-0.215306,-0.898255,-1.197337,-0.083665,0.009493,0.014780,1.512228,0.085489,AGGRESSIVE,NO_CRASH,0.0000,,12.974069,77.596789
22:49:43.054,-2.120435,-1.174001,0.718812,-0.122959,0.026179,0.245412,2.528085,0.275738,AGGRESSIVE,NO_CRASH,0.0000,,12.974090,77.596781
22:49:43.104,0.843194,0.727506,-0.978850,0.099217,-0.144245,0.042400,1.482696,0.180134,AGGRESSIVE,NO_CRASH,0.0000,,12.974099,77.596782
22:49:43.154,-0.055892,-0.586935,-1.244075,0.093502,0.029273,-0.110930,1.376713,0.148003,AGGRESSIVE,NO_CRASH,0.0000,,12.974100,77.596793
22:49:43.205,2.101241,-1.723380,1.331109,0.055127,0.020943,-0.069444,3.026071,0.091105,AGGRESSIVE,NO_CRASH,0.0000,,12.974114,77.596797
22:49:43.255,1.811569,-1.222804,-0.601878,0.041567,0.123563,-0.045176,2.267000,0.137973,AGGRESSIVE,NO_CRASH,0.0000,,12.974121,77.596803
22:49:43.306,0.156625,0.757940,-1.460289,-0.056567,0.109853,-0.290618,1.652709,0.315795,AGGRESSIVE,NO_CRASH,0.0000,,12.974112,77.596798
22:49:43.356,-0.898130,0.130035,-0.482821,-0.195496,-0.245071,-0.209720,1.027941,0.377174,AGGRESSIVE,NO_CRASH,0.0000,,12.974126,77.596812
22:49:43.407,-1.432808,0.165365,0.490373,0.101599,0.149930,0.060467,1.523401,0.190939,AGGRESSIVE,NO_CRASH,0.0000,,12.974119,77.596833
22:49:43.457,-0.381407,-1.167485,-0.750677,-0.000594,-0.308349,-0.086258,1.439448,0.320188,AGGRESSIVE,NO_CRASH,0.0000,,12.974128,77.596849
22:49:43.507,0.723698,-1.431483,0.403380,-0.116502,0.319531,0.077485,1.653964,0.348822,AGGRESSIVE,NO_CRASH,0.0000,,12.974125,77.596861
22:49:43.593,0.272266,0.802626,-0.287606,0.002636,-0.213432,-0.147569,0.895017,0.259493,AGGRESSIVE,NO_CRASH,0.0000,,12.974120,77.596863
22:49:43.637,-0.537470,-0.273019,-0.792232,-0.031195,0.115923,-0.234472,0.995512,0.263417,AGGRESSIVE,NO_CRASH,0.0000,,12.974116,77.596866
22:49:43.687,1.815179,-0.811414,-0.529616,0.034387,0.142175,0.116150,2.057611,0.186781,AGGRESSIVE,NO_CRASH,0.0000,,12.974133,77.596863
22:49:43.737,1.668357,-1.257527,0.398590,-0.065297,0.366535,0.024694,2.126890,0.373123,AGGRESSIVE,NO_CRASH,0.0000,,12.974139,77.596852
22:49:43.787,2.555411,-1.871729,-0.968873,-0.002042,-0.047784,-0.048827,3.312433,0.068349,AGGRESSIVE,NO_CRASH,0.0000,,12.974156,77.596851
22:49:43.838,-0.564471,1.245148,-0.264887,-0.015558,-0.184816,0.129824,1.392547,0.226392,AGGRESSIVE,NO_CRASH,0.0000,,12.974167,77.596853
22:49:43.888,1.304931,-0.080663,1.407135,0.067994,-0.202150,-0.085769,1.920776,0.229879,AGGRESSIVE,NO_CRASH,0.0000,,12.974161,77.596856
22:49:43.938,0.104025,1.576950,0.720002,0.037632,0.189922,-0.061658,1.736663,0.203195,AGGRESSIVE,NO_CRASH,0.0000,,12.974153,77.596879
22:49:43.988,-0.200403,-0.404654,0.270967,0.020243,-0.101557,-0.046664,0.526620,0.113583,AGGRESSIVE,NO_CRASH,0.0000,,12.974144,77.596894
22:49:44.039,0.521570,-0.154434,1.554714,0.143404,-0.000230,0.079537,1.647125,0.163984,AGGRESSIVE,NO_CRASH,0.0000,,12.974159,77.596910
22:49:44.089,1.926534,0.683814,-0.657388,-0.103592,-0.239825,0.070661,2.147393,0.270629,AGGRESSIVE,NO_CRASH,0.0000,,12.974161,77.596923
22:49:44.140,0.259893,-1.671757,1.069483,-0.027598,0.031500,0.045482,2.001527,0.061827,AGGRESSIVE,NO_CRASH,0.0000,,12.974152,77.596923
22:49:44.190,1.567732,1.426266,-1.258427,-0.036811,0.052826,0.213124,2.464885,0.222638,AGGRESSIVE,NO_CRASH,0.0000,,12.974172,77.596925
22:49:44.240,-0.998027,-1.863691,0.061766,0.041480,-0.064626,-0.088923,2.114998,0.117493,AGGRESSIVE,NO_CRASH,0.0000,,12.974190,77.596948
22:49:44.291,-2.166500,0.180649,0.233410,-0.036012,-0.073721,0.383788,2.186513,0.392460,AGGRESSIVE,NO_CRASH,0.0000,,12.974205,77.596942
22:49:44.341,0.224236,-1.558219,1.634280,0.031135,0.066742,0.053189,2.269185,0.090846,AGGRESSIVE,NO_CRASH,0.0000,,12.974200,77.596935
22:49:44.391,0.368685,0.065255,0.739856,0.046724,0.022879,0.078184,0.829201,0.093911,AGGRESSIVE,NO_CRASH,0.0000,,12.974208,77.596943
22:49:44.442,-0.891633,-1.295853,-1.257222,0.131081,-0.022955,0.306577,2.013666,0.334213,AGGRESSIVE,NO_CRASH,0.0000,,12.974214,77.596945
22:49:44.492,0.711765,-1.834757,-0.132923,0.005205,0.053123,0.242302,1.972463,0.248112,AGGRESSIVE,NO_CRASH,0.0000,,12.974235,77.596951
22:49:44.543,-0.185801,-1.240803,0.458859,0.042173,0.094856,0.001571,1.335914,0.103820,AGGRESSIVE,NO_CRASH,0.0000,,12.974253,77.596946
22:49:44.593,-1.333791,-0.638703,0.066837,0.018739,0.010554,0.035045,1.480340,0.041118,AGGRESSIVE,NO_CRASH,0.0000,,12.974244,77.596943
22:49:44.643,0.161499,1.091371,-0.258238,0.081132,0.148250,-0.054607,1.133076,0.177602,AGGRESSIVE,NO_CRASH,0.0000,,12.974243,77.596944
22:49:44.694,-0.475326,0.622155,0.017680,-0.008840,-0.156715,-0.228605,0.783150,0.277305,AGGRESSIVE,NO_CRASH,0.0000,,12.974244,77.596962
22:49:44.745,0.498456,-1.107981,-0.296400,-0.089912,0.056005,-0.146262,1.250574,0.180592,AGGRESSIVE,NO_CRASH,0.0000,,12.974255,77.596984
22:49:44.795,-2.274190,0.714410,-1.022730,0.059961,-0.072268,0.136302,2.593896,0.165518,AGGRESSIVE,NO_CRASH,0.0000,,12.974268,77.596996
22:49:44.845,0.495291,-0.763822,-1.983976,0.051602,0.124983,-0.199326,2.182865,0.240862,AGGRESSIVE,NO_CRASH,0.0000,,12.974276,77.597004
22:49:44.895,0.260284,-0.083567,1.573375,0.079820,0.017759,0.224006,1.596947,0.238465,AGGRESSIVE,NO_CRASH,0.0000,,12.974291,77.597008
22:49:44.946,1.103290,1.486338,1.278594,-0.038333,-0.019569,0.064404,2.249722,0.077461,AGGRESSIVE,NO_CRASH,0.0000,,12.974312,77.597023
22:49:44.996,-0.319494,2.724699,-1.232914,-0.008342,-0.388955,-0.158443,3.007679,0.420071,AGGRESSIVE,NO_CRASH,0.0000,,12.974321,77.597046
22:49:45.047,0.738705,-3.620410,-0.306989,-0.033224,0.078280,0.359879,3.707734,0.369789,AGGRESSIVE,NO_CRASH,0.0000,,12.974319,77.597068
22:49:45.097,-0.262168,1.094645,-0.299848,0.046339,-0.186404,-0.150638,1.164856,0.244102,AGGRESSIVE,NO_CRASH,0.0000,,12.974310,77.597080
22:49:45.147,0.227760,0.156275,-1.554995,0.008814,-0.015653,0.098368,1.579338,0.099995,AGGRESSIVE,NO_CRASH,0.0000,,12.974333,77.597090
22:49:45.198,0.212214,0.874787,-0.840005,-0.034253,0.200132,0.019890,1.231217,0.204014,AGGRESSIVE,NO_CRASH,0.0000,,12.974341,77.597093
22:49:45.248,1.188633,-0.256984,-0.200555,-0.101428,-0.125852,-0.052223,1.232522,0.169864,AGGRESSIVE,NO_CRASH,0.0000,,12.974339,77.597088
22:49:45.299,-1.424382,1.413035,1.281061,-0.197260,0.051424,0.021625,2.380473,0.204996,AGGRESSIVE,NO_CRASH,0.0000,,12.974338,77.597097
22:49:45.350,-0.130506,-0.141464,0.212700,-0.072671,-0.108775,0.246878,0.286854,0.279395,AGGRESSIVE,NO_CRASH,0.0000,,12.974333,77.597105
22:49:45.400,1.644162,0.577066,-1.276258,-0.014846,0.001220,0.217040,2.159886,0.217550,AGGRESSIVE,NO_CRASH,0.0000,,12.974345,77.597130
22:49:45.450,-0.800120,-0.053792,-1.203397,0.060030,0.067577,0.062192,1.446116,0.109718,AGGRESSIVE,NO_CRASH,0.0000,,12.974368,77.597126
22:49:45.501,-0.011195,-0.460481,-0.578409,-0.115220,0.006571,0.087314,0.739408,0.144715,AGGRESSIVE,NO_CRASH,0.0000,,12.974383,77.597138
22:49:45.551,0.601007,-1.454476,1.546534,0.028651,0.040875,-0.275813,2.206462,0.280293,AGGRESSIVE,NO_CRASH,0.0000,,12.974391,77.597131
22:49:45.601,-0.185085,0.535229,-0.409552,-0.026816,-0.051838,-0.016630,0.698899,0.060687,AGGRESSIVE,NO_CRASH,0.0000,,12.974402,77.597124
22:49:45.652,-0.153465,0.998482,0.304320,-0.007707,-0.297688,0.001850,1.055049,0.297793,AGGRESSIVE,NO_CRASH,0.0000,,12.974411,77.597138
22:49:45.702,-0.692097,-0.092075,-0.162205,0.003349,-0.212726,0.075466,0.716789,0.225741,AGGRESSIVE,NO_CRASH,0.0000,,12.974417,77.597130
22:49:45.753,0.766973,-1.015088,-0.812689,0.109471,-0.005317,0.240934,1.509673,0.264691,AGGRESSIVE,NO_CRASH,0.0000,,12.974437,77.597131
22:49:45.804,0.175817,-1.215475,0.019710,0.006379,-0.067801,0.123539,1.228283,0.141066,AGGRESSIVE,NO_CRASH,0.0000,,12.974430,77.597129
22:49:45.854,-1.173484,-0.356771,-0.379388,-0.088167,-0.088599,0.001633,1.283856,0.125003,AGGRESSIVE,NO_CRASH,0.0000,,12.974427,77.597145
22:49:45.905,0.524186,2.649246,-1.180903,-0.021082,-0.273899,0.065045,2.947509,0.282305,AGGRESSIVE,NO_CRASH,0.0000,,12.974429,77.597153
22:49:45.955,0.186453,0.489696,1.831471,-0.048576,-0.102344,0.223121,1.904955,0.250234,AGGRESSIVE,NO_CRASH,0.0000,,12.974421,77.597158
22:49:46.005,-1.494609,0.477775,0.685937,0.033662,-0.023903,0.104943,1.712494,0.112772,AGGRESSIVE,NO_CRASH,0.0000,,12.974427,77.597181
22:49:46.056,-0.267513,1.538885,-0.970067,0.148669,-0.250216,0.115880,1.838685,0.313271,AGGRESSIVE,NO_CRASH,0.0000,,12.974451,77.597171
22:49:46.106,2.816098,0.042084,1.705530,-0.053440,0.022264,-0.189348,3.292569,0.198000,AGGRESSIVE,NO_CRASH,0.0000,,12.974466,77.597164
22:49:46.157,-0.276549,1.158795,-1.391685,-0.037783,0.066439,-0.120979,1.831959,0.143100,AGGRESSIVE,NO_CRASH,0.0000,,12.974461,77.597168
22:49:46.207,0.082028,0.036725,-1.368498,-0.023614,0.085692,0.385482,1.371446,0.395597,AGGRESSIVE,NO_CRASH,0.0000,,12.974459,77.597165
22:49:46.257,-0.979378,0.450511,1.563707,0.009573,0.109113,0.106038,1.899295,0.152451,AGGRESSIVE,NO_CRASH,0.0000,,12.974480,77.597188
22:49:46.308,0.493970,0.442800,1.234001,-0.002749,-0.208714,0.185352,1.401013,0.279149,AGGRESSIVE,NO_CRASH,0.0000,,12.974481,77.597200
22:49:46.358,0.807720,0.442431,2.960502,-0.078712,-0.128643,0.008311,3.100440,0.151042,AGGRESSIVE,NO_CRASH,0.0000,,12.974491,77.597218
22:49:46.408,0.661077,-2.420078,-0.506097,0.075417,-0.061993,-0.014468,2.559283,0.098692,AGGRESSIVE,NO_CRASH,0.0000,,12.974488,77.597221
22:49:46.458,0.131161,0.625817,1.148503,0.040728,-0.117251,-0.075723,1.314500,0.145398,AGGRESSIVE,NO_CRASH,0.0000,,12.974510,77.597237
22:49:46.509,-0.837386,0.239195,0.541879,0.021478,0.288610,-0.051404,1.025701,0.293938,AGGRESSIVE,NO_CRASH,0.0000,,12.974522,77.597227
22:49:46.559,-1.768591,0.235610,2.067065,-0.123972,-0.024362,-0.017903,2.730601,0.127605,AGGRESSIVE,NO_CRASH,0.0000,,12.974547,77.597247
22:49:46.610,-0.756417,-0.184774,0.178957,0.099224,-0.027216,-0.071497,0.798958,0.125291,AGGRESSIVE,NO_CRASH,0.0000,,12.974550,77.597273
22:49:46.661,-0.073689,0.726906,-1.305094,0.045549,-0.056540,0.083046,1.495691,0.110310,AGGRESSIVE,NO_CRASH,0.0000,,12.974559,77.597282
22:49:46.711,1.329375,-2.073822,1.245303,0.031167,-0.190656,-0.024763,2.760209,0.194767,AGGRESSIVE,NO_CRASH,0.0000,,12.974568,77.597301
22:49:46.761,1.101162,-0.634567,-0.325024,-0.003650,-0.136867,0.161437,1.311821,0.211679,AGGRESSIVE,NO_CRASH,0.0000,,12.974588,77.597305
22:49:46.812,0.790064,0.814948,-2.389461,-0.027086,0.060362,0.029571,2.645348,0.072469,AGGRESSIVE,NO_CRASH,0.0000,,12.974585,77.597312
22:49:46.862,0.884770,1.800881,1.140358,-0.036203,0.022148,-0.163996,2.307900,0.169399,AGGRESSIVE,NO_CRASH,0.0000,,12.974585,77.597333
22:49:46.913,1.500664,0.914262,1.982138,0.072894,-0.112924,0.161306,2.648913,0.209964,AGGRESSIVE,NO_CRASH,0.0000,,12.974599,77.597349
22:49:46.964,-1.108457,-0.297755,1.023157,-0.105654,-0.136513,-0.049609,1.537591,0.179610,AGGRESSIVE,NO_CRASH,0.0000,,12.974610,77.597346
22:49:47.014,-2.241440,0.511110,-1.806740,-0.029392,-0.070307,0.265576,2.923969,0.276292,AGGRESSIVE,NO_CRASH,0.0000,,12.974608,77.597352
22:49:47.065,1.108769,-2.504829,-0.025343,-0.084374,-0.139086,-0.020422,2.739375,0.163954,AGGRESSIVE,NO_CRASH,0.0000,,12.974600,77.597346
22:49:47.115,0.589060,0.865636,2.522898,-0.060271,0.266143,0.045362,2.731544,0.276627,AGGRESSIVE,NO_CRASH,0.0000,,12.974620,77.597342
22:49:47.165,1.427719,1.446740,1.018671,0.029252,-0.046125,0.260227,2.273572,0.265897,AGGRESSIVE,NO_CRASH,0.0000,,12.974615,77.597344
22:49:47.216,-0.449306,-0.196034,-0.174869,0.162971,-0.138448,0.111912,0.520465,0.241354,AGGRESSIVE,NO_CRASH,0.0000,,12.974613,77.597361
22:49:47.266,-0.149886,-0.644787,1.782649,0.060982,-0.091217,-0.077092,1.901593,0.134099,AGGRESSIVE,NO_CRASH,0.0000,,12.974610,77.597378
22:49:47.317,1.120497,0.317231,-0.417725,0.080216,-0.225116,0.073075,1.237192,0.249904,AGGRESSIVE,NO_CRASH,0.0000,,12.974631,77.597377
22:49:47.367,1.141159,0.265102,0.002614,-0.070604,-0.186271,0.209630,1.171550,0.289182,AGGRESSIVE,NO_CRASH,0.0000,,12.974648,77.597379
22:49:47.418,1.072649,-0.252809,0.611719,-0.009260,-0.033727,-0.123486,1.260432,0.128343,AGGRESSIVE,NO_CRASH,0.0000,,12.974673,77.597402
22:49:47.468,-1.157369,-1.196972,0.163625,-0.043595,-0.160411,-0.176329,1.673026,0.242331,AGGRESSIVE,NO_CRASH,0.0000,,12.974663,77.597419
22:49:47.519,-0.110633,-0.995962,1.214343,-0.100362,-0.009435,-0.080018,1.574423,0.128703,AGGRESSIVE,NO_CRASH,0.0000,,12.974656,77.597416
22:49:47.570,-0.301309,-1.105691,0.182748,-0.131217,-0.114082,-0.002038,1.160490,0.173887,AGGRESSIVE,NO_CRASH,0.0000,,12.974673,77.597438
22:49:47.620,-0.185650,-1.049795,-1.030804,0.006273,0.108808,-0.133008,1.482933,0.171959,AGGRESSIVE,NO_CRASH,0.0000,,12.974686,77.597427
22:49:47.670,-0.464151,-0.504459,1.603132,-0.078893,-0.053069,-0.093671,1.743545,0.133472,AGGRESSIVE,NO_CRASH,0.0000,,12.974708,77.597442
22:49:47.721,-0.529679,-1.858345,-0.586515,0.093358,0.241663,0.011647,2.019407,0.259331,AGGRESSIVE,NO_CRASH,0.0000,,12.974728,77.597431
22:49:47.772,1.220984,-0.057792,0.163963,-0.082049,0.034632,0.061711,1.233299,0.108350,AGGRESSIVE,NO_CRASH,0.0000,,12.974725,77.597425
22:49:47.822,-0.231700,-0.287760,-1.392975,-0.137054,-0.104738,-0.027945,1.441135,0.174742,AGGRESSIVE,NO_CRASH,0.0000,,12.974728,77.597440
22:49:47.873,-1.109494,-0.330273,-0.862922,0.023982,0.044218,0.222735,1.443846,0.228344,AGGRESSIVE,NO_CRASH,0.0000,,12.974740,77.597450
22:49:47.923,-0.386410,0.796035,0.187327,0.053984,0.092932,0.131533,0.904475,0.169857,AGGRESSIVE,NO_CRASH,0.0000,,12.974757,77.597448
22:49:47.973,0.916607,0.058313,1.747792,-0.018005,-0.063955,0.265667,1.974423,0.273849,AGGRESSIVE,NO_CRASH,0.0000,,12.974759,77.597470
22:49:48.024,-0.028958,-0.425689,-0.593693,0.099551,0.030922,0.104815,0.731109,0.147826,AGGRESSIVE,NO_CRASH,0.0000,,12.974762,77.597459
22:49:48.074,-2.661550,-0.722234,-0.611988,-0.059810,-0.012330,0.119364,2.824889,0.134079,AGGRESSIVE,NO_CRASH,0.0000,,12.974759,77.597474
22:49:48.124,0.070498,-1.045943,-1.236150,0.088031,0.286312,-0.114375,1.620812,0.320633,AGGRESSIVE,NO_CRASH,0.0000,,12.974772,77.597478
22:49:48.175,-0.335196,-0.066114,0.404117,0.066909,0.183629,-0.111561,0.529186,0.225039,AGGRESSIVE,NO_CRASH,0.0000,,12.974788,77.597499
22:49:48.225,0.802850,-0.723449,1.630453,-0.000599,-0.092134,0.091906,1.956099,0.130137,AGGRESSIVE,NO_CRASH,0.0000,,12.974793,77.597490
22:49:48.275,-2.713946,0.569526,0.021102,-0.098807,-0.275703,-0.051231,2.773141,0.297321,AGGRESSIVE,NO_CRASH,0.0000,,12.974806,77.597512
22:49:48.326,2.078768,-1.357312,0.884709,-0.013019,-0.186059,0.065140,2.635580,0.197562,AGGRESSIVE,NO_CRASH,0.0000,,12.974811,77.597505
22:49:48.376,-1.454909,0.160315,-0.644948,0.074478,0.068273,0.120266,1.599506,0.157073,AGGRESSIVE,NO_CRASH,0.0000,,12.974818,77.597527
22:49:48.427,-0.211312,-0.303742,-0.498668,-0.096383,-0.254981,-0.103890,0.620952,0.291716,AGGRESSIVE,NO_CRASH,0.0000,,12.974811,77.597545
22:49:48.477,0.379616,-2.142177,-1.150397,0.077693,-0.015136,-0.069893,2.460985,0.105595,AGGRESSIVE,NO_CRASH,0.0000,,12.974825,77.597540
22:49:48.528,0.505459,0.058222,-0.449836,-0.076655,0.208093,0.174821,0.679140,0.282385,AGGRESSIVE,NO_CRASH,0.0000,,12.974840,77.597534
22:49:48.578,-1.060973,-1.407004,-0.409645,-0.061500,-0.230070,0.099004,1.809180,0.257908,AGGRESSIVE,NO_CRASH,0.0000,,12.974847,77.597557
22:49:48.628,0.611074,0.129233,-0.277155,0.015761,0.360067,0.011811,0.683321,0.360606,AGGRESSIVE,NO_CRASH,0.0000,,12.974856,77.597569
22:49:48.679,0.576901,-0.735009,-1.692022,0.052863,-0.054207,-0.021905,1.932872,0.078820,AGGRESSIVE,NO_CRASH,0.0000,,12.974853,77.597579
22:49:48.729,1.589223,2.706978,-0.865223,-0.035249,0.071612,0.062220,3.256066,0.101203,AGGRESSIVE,NO_CRASH,0.0000,,12.974876,77.597573
22:49:48.779,0.518337,-0.414158,-0.802073,-0.046706,0.128948,-0.046270,1.040924,0.144741,AGGRESSIVE,NO_CRASH,0.0000,,12.974867,77.597587
22:49:48.830,-1.493629,-1.203474,1.755076,0.106011,0.139341,0.090343,2.599917,0.197018,AGGRESSIVE,NO_CRASH,0.0000,,12.974882,77.597578
22:49:48.880,-1.453620,-0.105153,-0.929318,-0.060637,-0.052453,-0.006179,1.728496,0.080414,AGGRESSIVE,NO_CRASH,0.0000,,12.974890,77.597585
22:49:48.931,0.594781,-0.459845,-0.506335,-0.189171,-0.045038,0.098433,0.906420,0.217952,AGGRESSIVE,NO_CRASH,0.0000,,12.974911,77.597599
22:49:48.982,0.145510,-0.582446,0.619981,0.040078,-0.111322,-0.038135,0.863014,0.124311,AGGRESSIVE,NO_CRASH,0.0000,,12.974931,77.597619
22:49:49.032,0.304781,0.457078,-0.207302,-0.057452,0.207863,-0.051244,0.587185,0.221661,AGGRESSIVE,NO_CRASH,0.0000,,12.974932,77.597625
22:49:49.082,-0.589667,-1.128820,0.580648,-0.037178,0.224639,0.064009,1.399676,0.236521,AGGRESSIVE,NO_CRASH,0.0000,,12.974947,77.597616
22:49:49.133,-0.719449,-2.135959,2.577671,-0.051879,0.152192,-0.053819,3.424079,0.169560,AGGRESSIVE,NO_CRASH,0.0000,,12.974945,77.597636
22:49:49.184,0.547811,-0.314205,2.474249,-0.115353,0.174318,-0.109351,2.553572,0.235904,AGGRESSIVE,NO_CRASH,0.0000,,12.974958,77.597635
22:49:49.234,1.843774,-0.784976,1.794017,-0.078784,-0.000506,0.015294,2.689644,0.080257,AGGRESSIVE,NO_CRASH,0.0000,,12.974961,77.597639
22:49:49.285,2.279916,-0.684980,0.966759,0.143014,-0.041537,0.109941,2.569404,0.185109,AGGRESSIVE,NO_CRASH,0.0000,,12.974969,77.597631
22:49:49.335,0.781786,-1.910223,0.230860,0.036942,0.166901,-0.043665,2.076881,0.176429,AGGRESSIVE,NO_CRASH,0.0000,,12.974961,77.597646
22:49:49.386,0.065347,-1.572762,1.345509,-0.057820,-0.158493,0.026151,2.070807,0.170725,AGGRESSIVE,NO_CRASH,0.0000,,12.974965,77.597640
22:49:49.436,1.083063,1.634219,-0.152111,-0.136027,0.137475,0.120838,1.966427,0.228045,AGGRESSIVE,NO_CRASH,0.0000,,12.974982,77.597651
22:49:49.486,-0.314448,-1.558542,-0.289528,0.074072,0.190120,-0.092986,1.616093,0.224229,AGGRESSIVE,NO_CRASH,0.0000,,12.974994,77.597653
22:49:49.537,0.618743,-3.868762,3.065648,0.106974,0.010598,-0.192905,4.974773,0.220835,AGGRESSIVE,NO_CRASH,0.0000,,12.974984,77.597674
22:49:49.587,2.164939,-2.101735,-0.775836,-0.031353,0.121807,0.293508,3.115473,0.319322,AGGRESSIVE,NO_CRASH,0.0000,,12.974999,77.597685
22:49:49.638,2.664734,0.639491,0.601713,0.030784,-0.039816,0.089779,2.805676,0.102924,AGGRESSIVE,NO_CRASH,0.0000,,12.975008,77.597707
22:49:49.688,-1.031531,-0.484993,-0.188445,-0.038742,-0.163733,-0.012465,1.155330,0.168716,AGGRESSIVE,NO_CRASH,0.0000,,12.975024,77.597707
22:49:49.738,-0.463434,-0.929704,1.360795,-0.063207,0.042628,0.174788,1.711983,0.190691,AGGRESSIVE,NO_CRASH,0.0000,,12.975021,77.597702
22:49:49.789,1.223280,-1.051604,-0.711636,-0.164177,-0.062063,0.120421,1.763154,0.212855,AGGRESSIVE,NO_CRASH,0.0000,,12.975040,77.597709
22:49:49.839,-0.000294,1.584497,0.624488,-0.024611,-0.081741,-0.016971,1.703120,0.087036,AGGRESSIVE,NO_CRASH,0.0000,,12.975037,77.597726
22:49:49.890,-0.019068,-0.915235,1.707927,-0.013935,-0.096327,0.055337,1.937791,0.111961,AGGRESSIVE,NO_CRASH,0.0000,,12.975027,77.597749
22:49:49.940,-1.462820,1.026303,0.606879,-0.116978,-0.226793,0.057306,1.887178,0.261539,AGGRESSIVE,NO_CRASH,0.0000,,12.975048,77.597749
22:49:49.990,0.787484,-2.682097,-0.563021,0.012602,-0.073771,-0.059142,2.851450,0.095388,AGGRESSIVE,NO_CRASH,0.0000,,12.975066,77.597748
22:49:50.041,-0.807854,-0.903627,-0.334576,0.022025,0.148200,-0.012771,1.257423,0.150371,AGGRESSIVE,NO_CRASH,0.0000,,12.975090,77.597739
22:49:50.091,-0.793627,0.380541,1.721105,-0.088291,-0.157470,-0.176699,1.933096,0.252616,AGGRESSIVE,NO_CRASH,0.0000,,12.975115,77.597756
22:49:50.141,-0.054806,0.917044,-0.283430,-0.060682,0.050277,0.279742,0.961408,0.290630,AGGRESSIVE,NO_CRASH,0.0000,,12.975123,77.597745
22:49:50.192,-0.353962,-1.305154,-0.481260,0.054664,0.023887,-0.031534,1.435384,0.067477,AGGRESSIVE,NO_CRASH,0.0000,,12.975124,77.597744
22:49:50.242,-0.951647,-0.687284,-1.170247,-0.088745,0.040573,-0.126231,1.657549,0.159550,AGGRESSIVE,NO_CRASH,0.0000,,12.975139,77.597764
22:49:50.293,-1.399624,0.370302,1.267180,0.106291,-0.064311,-0.273189,1.924010,0.300110,AGGRESSIVE,NO_CRASH,0.0000,,12.975129,77.597767
22:49:50.343,3.126879,-0.816323,0.966120,-0.074906,-0.034805,-0.236108,3.373002,0.250138,AGGRESSIVE,NO_CRASH,0.0000,,12.975144,77.597760
22:49:50.393,-1.661910,-0.033086,-1.164919,0.068372,0.116402,0.341629,2.029797,0.367334,AGGRESSIVE,NO_CRASH,0.0000,,12.975143,77.597772
22:49:50.443,0.342117,-0.370920,-1.663459,0.106726,0.075526,0.119303,1.738310,0.176997,AGGRESSIVE,NO_CRASH,0.0000,,12.975149,77.597770
22:49:50.494,2.185698,-1.190857,0.728121,-0.013088,0.097080,-0.044310,2.593372,0.107514,AGGRESSIVE,NO_CRASH,0.0000,,12.975165,77.597759
22:49:50.544,-1.001254,-0.926564,0.620702,0.041742,-0.090000,-0.079549,1.498767,0.127163,AGGRESSIVE,NO_CRASH,0.0000,,12.975166,77.597769
22:49:50.594,-0.007828,0.207125,-1.126615,-0.005777,0.183986,0.116654,1.145523,0.217927,AGGRESSIVE,NO_CRASH,0.0000,,12.975163,77.597770
22:49:50.645,1.138430,0.234580,-1.361405,0.102685,-0.034607,-0.353674,1.790105,0.369902,AGGRESSIVE,NO_CRASH,0.0000,,12.975177,77.597782
22:49:50.695,0.528541,1.335378,1.797644,-0.134119,-0.062358,0.084189,2.300894,0.170189,AGGRESSIVE,NO_CRASH,0.0000,,12.975181,77.597773
22:49:50.746,-0.248369,0.449783,1.222850,-0.101292,-0.044168,-0.000328,1.326406,0.110503,AGGRESSIVE,NO_CRASH,0.0000,,12.975205,77.597790
22:49:50.796,-1.699982,-0.551382,1.454321,0.007275,0.238661,-0.155517,2.304128,0.284952,AGGRESSIVE,NO_CRASH,0.0000,,12.975218,77.597812
22:49:50.846,-2.114849,-1.267617,0.820003,-0.049464,0.129762,0.125023,2.598431,0.186857,AGGRESSIVE,NO_CRASH,0.0000,,12.975237,77.597821
22:49:50.897,2.200249,-0.409858,-1.171719,-0.023512,0.174858,-0.144507,2.526263,0.228058,AGGRESSIVE,NO_CRASH,0.0000,,12.975235,77.597816
22:49:50.947,1.984599,-0.867521,0.331024,-0.034408,0.038199,0.020093,2.191073,0.055198,AGGRESSIVE,NO_CRASH,0.0000,,12.975253,77.597825
22:49:50.997,1.739948,-0.214768,0.537845,-0.017448,0.073297,0.120599,1.833799,0.142201,AGGRESSIVE,NO_CRASH,0.0000,,12.975245,77.597845
22:49:51.067,0.584590,-0.951255,-1.754733,-0.073317,-0.058038,0.061046,2.079836,0.111671,AGGRESSIVE,NO_CRASH,0.0000,,12.975260,77.597854
22:49:51.117,-0.048912,0.461248,1.423777,-0.002022,-0.058629,0.156504,1.497426,0.167137,AGGRESSIVE,NO_CRASH,0.0000,,12.975285,77.597860
22:49:51.168,-0.233794,-2.358639,0.191618,0.055347,-0.124416,-0.097901,2.377931,0.167711,AGGRESSIVE,NO_CRASH,0.0000,,12.975289,77.597863
22:49:51.218,-1.671574,-1.605886,-2.336127,-0.114650,-0.064215,0.009239,3.290976,0.131733,AGGRESSIVE,NO_CRASH,0.0000,,12.975298,77.597870
22:49:51.269,-1.242154,-1.964288,0.096252,0.010546,0.056360,-0.208064,2.326078,0.215820,AGGRESSIVE,NO_CRASH,0.0000,,12.975297,77.597864
22:49:51.319,-3.922403,-0.187990,0.256513,0.014119,0.018872,-0.035286,3.935274,0.042433,AGGRESSIVE,NO_CRASH,0.0000,,12.975293,77.597867
22:49:51.370,0.143784,1.207309,1.463306,-0.087696,0.205886,-0.084462,1.902507,0.239193,AGGRESSIVE,NO_CRASH,0.0000,,12.975300,77.597881
22:49:51.420,-1.048730,-0.009839,0.025722,0.044214,-0.210961,0.087650,1.049091,0.232684,AGGRESSIVE,NO_CRASH,0.0000,,12.975324,77.597872
22:49:51.470,0.177996,-0.969660,1.107367,0.069241,0.027149,0.221967,1.482628,0.234096,AGGRESSIVE,NO_CRASH,0.0000,,12.975322,77.597879
22:49:51.521,-1.288536,-0.241847,1.327251,-0.023487,-0.120332,-0.170415,1.865586,0.209935,AGGRESSIVE,NO_CRASH,0.0000,,12.975330,77.597885
22:49:51.571,-0.805839,-2.820263,-0.667651,-0.013436,0.165952,-0.052588,3.008159,0.174603,AGGRESSIVE,NO_CRASH,0.0000,,12.975351,77.597881
22:49:51.621,0.017045,1.017190,-0.196870,-0.032006,0.218687,0.043826,1.036206,0.225320,AGGRESSIVE,NO_CRASH,0.0000,,12.975357,77.597879
22:49:51.672,-0.876707,-0.451252,-0.899313,0.063289,-0.038247,0.067323,1.334544,0.100003,AGGRESSIVE,NO_CRASH,0.0000,,12.975365,77.597885
22:49:51.722,1.843239,1.413793,-0.102727,-0.027851,0.107412,0.138588,2.325272,0.177538,AGGRESSIVE,NO_CRASH,0.0000,,12.975373,77.597885
22:49:51.773,-1.969740,0.592829,-1.476060,0.055114,0.026543,0.135572,2.531813,0.148734,AGGRESSIVE,NO_CRASH,0.0000,,12.975397,77.597883
22:49:51.823,0.079279,1.549325,0.208105,-0.025233,-0.149207,-0.149164,1.565248,0.212484,AGGRESSIVE,NO_CRASH,0.0000,,12.975391,77.597878
22:49:51.873,0.980901,0.843387,0.237064,0.026236,-0.434190,-0.171615,1.315169,0.467612,AGGRESSIVE,NO_CRASH,0.0000,,12.975382,77.597890
22:49:51.924,0.584744,0.489158,0.488875,-0.017144,-0.075044,0.245025,0.905649,0.256832,AGGRESSIVE,NO_CRASH,0.0000,,12.975383,77.597901
22:49:51.974,1.173225,1.478850,-2.098097,-0.031245,-0.118666,-0.085695,2.822316,0.149671,AGGRESSIVE,NO_CRASH,0.0000,,12.975383,77.597900
22:49:52.024,-1.951279,1.430800,-1.212202,0.072163,-0.129737,0.169792,2.706310,0.225540,AGGRESSIVE,NO_CRASH,0.0000,,12.975388,77.597907
22:49:52.075,-0.007509,0.092119,-0.210672,-0.000003,-0.037367,0.213124,0.230055,0.216375,AGGRESSIVE,NO_CRASH,0.0000,,12.975386,77.597912
22:49:52.125,0.194670,0.328753,1.602854,-0.116496,-0.091403,-0.035644,1.647761,0.152303,AGGRESSIVE,NO_CRASH,0.0000,,12.975395,77.597907
22:49:52.176,0.580427,-0.324675,-1.601291,0.020153,-0.094165,0.008161,1.733909,0.096642,AGGRESSIVE,NO_CRASH,0.0000,,12.975413,77.597933
22:49:52.226,1.052088,0.362524,0.918267,0.030733,-0.088762,-0.207094,1.442750,0.227401,AGGRESSIVE,NO_CRASH,0.0000,,12.975420,77.597927
22:49:52.277,-0.124694,-0.212125,1.146076,-0.071754,-0.133407,-0.107462,1.172192,0.185726,AGGRESSIVE,NO_CRASH,0.0000,,12.975440,77.597947
22:49:52.327,-0.440663,-0.913193,-0.428600,0.044532,-0.054163,0.244719,1.100820,0.254566,AGGRESSIVE,NO_CRASH,0.0000,,12.975452,77.597966
22:49:52.378,-2.395821,0.713126,0.923953,0.015660,-0.037412,-0.179157,2.664994,0.183691,AGGRESSIVE,NO_CRASH,0.0000,,12.975457,77.597984
22:49:52.428,-0.401220,-0.916037,-1.397959,0.045058,-0.188366,-0.111291,1.718834,0.223377,AGGRESSIVE,NO_CRASH,0.0000,,12.975457,77.598000
22:49:52.478,2.621527,-1.571561,-1.343126,-0.024114,0.005694,-0.043125,3.338591,0.049736,AGGRESSIVE,NO_CRASH,0.0000,,12.975450,77.598015
22:49:52.529,-2.241473,-0.384179,1.144609,-0.038184,0.094636,0.043838,2.545962,0.111067,AGGRESSIVE,NO_CRASH,0.0000,,12.975472,77.598017
22:49:52.579,1.650157,1.173190,0.470204,0.144745,0.179096,0.210966,2.078578,0.312303,AGGRESSIVE,NO_CRASH,0.0000,,12.975480,77.598023
22:49:52.629,0.075692,-0.155556,-0.230862,-0.029942,-0.037992,-0.013614,0.288487,0.050252,AGGRESSIVE,NO_CRASH,0.0000,,12.975484,77.598023
22:49:52.680,-1.355172,-0.314105,-0.105065,0.060074,-0.059271,0.091228,1.395060,0.124276,AGGRESSIVE,NO_CRASH,0.0000,,12.975507,77.598019
22:49:52.730,0.169921,0.268187,-1.388975,-0.055396,0.167659,0.196860,1.424798,0.264447,AGGRESSIVE,NO_CRASH,0.0000,,12.975531,77.598036
22:49:52.781,0.387129,0.149332,0.603302,0.115212,-0.102544,0.109732,0.732218,0.189289,AGGRESSIVE,NO_CRASH,0.0000,,12.975530,77.598050
22:49:52.831,0.192604,-2.264074,-0.956257,0.021238,-0.232427,0.130752,2.465270,0.267525,AGGRESSIVE,NO_CRASH,0.0000,,12.975525,77.598070
22:49:52.885,-4.365045,1.096197,1.805186,-0.387390,-0.053027,0.549813,4.849120,0.674668,CRASH,NO_CRASH,0.0000,,12.975523,77.598075
22:49:52.932,2.400019,1.407560,-1.570437,-0.070182,0.266268,0.235427,3.194932,0.362285,CRASH,NO_CRASH,0.0000,,12.975507,77.598088
22:49:52.982,-1.840434,4.053351,0.447640,0.246777,0.720691,0.385293,4.474063,0.853665,CRASH,NO_CRASH,0.0000,,12.975499,77.598086
22:49:53.033,-0.066824,4.367559,1.438570,0.633152,-0.013661,0.237796,4.598861,0.676472,CRASH,NO_CRASH,0.0000,,12.975504,77.598102
22:49:53.083,3.326660,4.007142,0.180784,-0.446749,-0.075131,1.506035,5.211194,1.572696,CRASH,NO_CRASH,0.0000,,12.975517,77.598115
22:49:53.133,0.327404,0.553560,-6.355810,-0.229788,0.701021,0.069906,6.388266,0.741026,CRASH,NO_CRASH,0.0000,,12.975521,77.598103
22:49:53.184,-5.381827,-0.131237,0.237183,-0.514767,0.340683,0.586513,5.388650,0.851497,CRASH,NO_CRASH,0.0000,,12.975509,77.598115
22:49:53.234,-0.845663,-0.162530,-3.346153,0.392308,0.660263,-0.014139,3.455185,0.768149,CRASH,NO_CRASH,0.0000,,12.975506,77.598132
22:49:53.285,-0.165577,-8.018857,-2.332530,-0.111312,0.181181,0.833493,8.352854,0.860190,CRASH,NO_CRASH,0.0835,,12.975493,77.598142
22:49:53.335,-0.193881,0.287373,-3.963393,-0.175227,-0.704196,0.800783,3.978524,1.080671,CRASH,NO_CRASH,0.0835,,12.975510,77.598135
22:49:53.385,1.535237,-1.596018,0.684135,0.050178,-0.520994,-0.520852,2.317815,0.738403,CRASH,NO_CRASH,0.0835,,12.975518,77.598142
22:49:53.436,-0.248341,1.430134,3.212408,0.073716,-0.468256,0.027273,3.525127,0.474806,CRASH,NO_CRASH,0.0835,,12.975501,77.598136
22:49:53.486,-0.428146,-1.643791,-1.041141,-0.100393,0.551977,0.550273,1.992318,0.785848,CRASH,NO_CRASH,0.0835,,12.975512,77.598123
22:49:53.537,-1.329590,-2.603169,-1.276780,0.366576,-0.246170,0.129382,3.189744,0.460127,CRASH,NO_CRASH,0.0835,,12.975523,77.598131
22:49:53.587,2.011474,-1.226367,5.635285,0.436206,-1.059922,0.104741,6.107900,1.150948,CRASH,NO_CRASH,0.0835,,12.975516,77.598118
22:49:53.637,1.097091,-3.197611,0.597691,-0.342939,-0.848377,1.125414,3.433011,1.450485,CRASH,NO_CRASH,0.0835,,12.975534,77.598119
22:49:53.688,-4.694737,-3.661302,1.853201,1.117691,-0.728885,0.148108,6.235386,1.342551,CRASH,NO_CRASH,0.0835,,12.975524,77.598105
22:49:53.738,-1.688813,0.124861,1.879833,1.265975,0.082248,0.342695,2.530108,1.314114,CRASH,NO_CRASH,0.0835,,12.975520,77.598095
22:49:53.789,2.458444,-1.326716,2.137738,-0.785603,0.238821,0.258406,3.517676,0.860803,CRASH,NO_CRASH,0.0835,,12.975511,77.598089
22:49:53.839,2.254063,-1.187600,-0.117731,0.015702,-0.115117,-0.594778,2.550501,0.606019,CRASH,NO_CRASH,0.0835,,12.975509,77.598086
22:49:53.890,3.902670,-1.689297,-2.665853,0.000000,-0.000000,-0.000000,5.019097,0.000000,CRASH,NO_CRASH,0.0835,,12.975508,77.598075
22:49:53.940,16.432636,2.756085,1.153374,-1.466988,-0.722405,-2.217525,16.702030,2.755239,CRASH,NO_CRASH,0.5117,,12.975491,77.598088
22:49:53.991,29.805585,3.041992,-1.087570,2.082695,0.735091,4.752658,29.980150,5.240776,CRASH,POSSIBLE_CRASH,0.7759,,12.975486,77.598076
22:49:54.042,40.081939,2.302816,-1.084716,-1.042366,-6.335859,3.286667,40.162687,7.213309,CRASH,POSSIBLE_CRASH,0.8156,,12.975472,77.598077
22:49:54.092,44.043364,-3.078101,1.787597,-0.489654,-1.379376,-8.352471,44.186968,8.479753,CRASH,POSSIBLE_CRASH,0.8409,,12.975486,77.598090
22:49:54.143,44.605247,-1.132899,1.676011,-1.533671,-1.636555,-8.629432,44.651098,8.916140,CRASH,CRASH_DETECTED,0.9496,SERIOUS,12.975478,77.598107
22:49:54.388,45.695357,2.221275,0.154297,5.513916,1.689042,6.216919,45.749574,8.479753,CRASH,CRASH_DETECTED,0.9496,SERIOUS,12.975478,77.598107
22:49:54.438,39.752829,-1.152280,1.447120,3.069369,4.203472,-4.994159,39.795845,7.213309,CRASH,CRASH_DETECTED,0.9496,SERIOUS,12.975478,77.598107
22:49:54.489,28.713933,-0.507596,-0.393504,-2.389598,1.845191,-4.283786,28.721115,5.240776,CRASH,CRASH_DETECTED,0.9496,SERIOUS,12.975478,77.598107
22:49:54.540,18.924192,-1.344718,-0.795354,-2.743455,0.226712,0.115746,18.988573,2.755239,CRASH,CRASH_DETECTED,0.9496,SERIOUS,12.975478,77.598107
22:49:54.590,12.348627,-1.411096,0.658071,1.095982,3.319357,0.707320,12.446399,3.566456,CRASH,CRASH_DETECTED,0.9496,SERIOUS,12.975478,77.598107
22:49:54.640,12.869170,-0.583791,-0.031096,2.765024,-0.486086,1.364065,12.882442,3.121267,CRASH,CRASH_DETECTED,0.9496,SERIOUS,12.975478,77.598107
22:49:54.691,11.916482,-0.165954,-0.255004,0.471581,-1.765592,-2.030322,11.920366,2.731650,CRASH,CRASH_DETECTED,0.9496,SERIOUS,12.975478,77.598107
22:49:54.741,10.574114,-0.497586,-0.553625,-2.346319,-0.389821,0.241068,10.600282,2.390667,CRASH,CRASH_DETECTED,0.9496,SERIOUS,12.975478,77.598107
22:49:54.792,9.048084,-0.141353,-0.460445,-0.892047,0.894191,-1.667986,9.060895,2.092248,CRASH,CRASH_DETECTED,0.9496,SERIOUS,12.975478,77.598107
22:49:54.843,6.886618,0.663380,0.154604,0.631995,-1.680235,-0.360894,6.920223,1.831080,CRASH,NO_CRASH,0.8496,SERIOUS,12.975478,77.598107
22:49:54.893,6.534522,0.075110,-0.834473,-1.413845,0.513083,0.553022,6.588017,1.602512,CRASH,NO_CRASH,0.8496,SERIOUS,12.975478,77.598107
22:49:54.944,4.918770,0.401435,0.127787,0.508257,-0.454365,1.225629,4.936778,1.402476,CRASH,NO_CRASH,0.8496,SERIOUS,12.975478,77.598107
22:49:54.994,5.105350,0.105813,-0.835612,0.727657,0.976276,-0.154706,5.174364,1.227409,CRASH,NO_CRASH,0.8496,SERIOUS,12.975478,77.598107
22:49:55.045,4.237918,0.198203,0.190097,0.036809,-0.990513,0.414037,4.246807,1.074196,CRASH,NO_CRASH,0.8496,SERIOUS,12.975478,77.598107
22:49:55.095,3.681570,0.188331,0.427202,-0.390819,-0.139806,-0.843515,3.711054,0.940108,CRASH,NO_CRASH,0.8496,SERIOUS,12.975478,77.598107
22:49:55.145,3.363962,-0.262809,0.088093,0.097563,-0.596205,-0.558525,3.375362,0.822757,CRASH,NO_CRASH,0.8129,SERIOUS,12.975478,77.598107
22:49:55.196,2.438709,-0.387771,-0.404416,0.357446,0.283711,-0.556974,2.502243,0.720055,CRASH,NO_CRASH,0.8129,SERIOUS,12.975478,77.598107
22:49:55.246,2.103934,0.305556,0.086221,-0.059107,0.108524,-0.617938,2.127753,0.630173,CRASH,NO_CRASH,0.8129,SERIOUS,12.975478,77.598107
22:49:55.296,1.958421,-0.216031,-0.165841,-0.182095,0.423496,0.302747,1.977267,0.551511,CRASH,NO_CRASH,0.8129,SERIOUS,12.975478,77.598107
22:49:55.347,1.682027,-0.139547,-0.020731,-0.211291,0.365111,-0.234559,1.687934,0.482667,CRASH,NO_CRASH,0.8042,SERIOUS,12.975478,77.598107
22:49:55.397,1.595034,-0.151516,-0.097838,-0.008050,0.264632,0.329153,1.605199,0.422418,CRASH,NO_CRASH,0.7788,SERIOUS,12.975478,77.598107
22:49:55.447,1.641405,-0.314645,-0.094617,0.323225,-0.103163,0.146808,1.673966,0.369689,CRASH,NO_CRASH,0.7042,SERIOUS,12.975478,77.598107
22:49:55.498,1.206223,0.100754,0.109209,-0.240089,-0.096420,0.194267,1.215341,0.323542,CRASH,NO_CRASH,0.5203,SERIOUS,12.975478,77.598107
22:49:55.548,1.096843,-0.332492,0.224978,0.049746,0.277805,0.022943,1.168003,0.283155,CRASH,NO_CRASH,0.2002,SERIOUS,12.975478,77.598107
22:49:55.598,1.001349,0.099876,-0.048418,-0.007447,-0.094279,-0.229054,1.007482,0.247810,CRASH,NO_CRASH,0.1912,SERIOUS,12.975478,77.598107
22:49:55.648,0.793127,0.043444,0.028119,-0.116635,-0.178591,-0.039203,0.794814,0.216876,CRASH,NO_CRASH,0.1192,SERIOUS,12.975478,77.598107
22:49:55.699,0.870351,-0.097496,0.030673,-0.028735,0.051654,-0.180366,0.876332,0.189804,CRASH,NO_CRASH,0.1060,SERIOUS,12.975478,77.598107
22:49:55.749,0.604730,-0.073800,-0.004303,-0.024757,-0.104575,0.126666,0.609232,0.166112,CRASH,NO_CRASH,0.0906,SERIOUS,12.975478,77.598107
22:49:55.800,0.583157,0.009287,-0.105532,-0.069739,0.019636,-0.126037,0.592702,0.145377,CRASH,NO_CRASH,0.0000,SERIOUS,12.975478,77.598107
22:49:55.850,0.425419,0.043799,0.055143,-0.034036,0.030616,0.118708,0.431208,0.127230,CRASH,NO_CRASH,0.0000,SERIOUS,12.975478,77.598107
22:49:55.900,0.446450,0.033570,-0.039066,-0.022270,0.108324,-0.012977,0.449412,0.111348,CRASH,NO_CRASH,0.0000,SERIOUS,12.975478,77.598107
22:49:55.951,0.361794,-0.046592,0.022806,0.011211,0.092442,-0.028724,0.365494,0.097449,CRASH,NO_CRASH,0.0000,SERIOUS,12.975478,77.598107
22:49:56.001,0.362477,0.050509,0.002024,0.033285,-0.040407,0.067327,0.365984,0.085285,CRASH,NO_CRASH,0.0000,SERIOUS,12.975478,77.598107
22:49:56.051,0.324646,0.009086,0.079869,0.073980,-0.009720,0.001845,0.334450,0.074639,CRASH,NO_CRASH,0.0000,SERIOUS,12.975478,77.598107
22:49:56.102,0.100608,-0.689212,-0.017833,-0.050463,-0.069975,-0.067060,0.696745,0.109271,CRASH,NO_CRASH,0.0000,SERIOUS,12.975478,77.598107
22:49:56.152,0.215573,0.712310,-0.492218,-0.025509,-0.106284,-0.167387,0.892264,0.199914,CRASH,NO_CRASH,0.0000,SERIOUS,12.975478,77.598107
22:49:56.203,0.042777,-1.220145,-1.267263,0.076930,-0.016986,-0.026238,1.759698,0.083037,CRASH,NO_CRASH,0.0000,SERIOUS,12.975478,77.598107
22:49:56.253,-2.093383,0.463201,1.396106,-0.131663,0.083163,-0.061936,2.558500,0.167593,CRASH,NO_CRASH,0.0000,SERIOUS,12.975478,77.598107
22:49:56.303,-0.100965,-0.000032,-0.042657,-0.082020,0.034682,-0.120051,0.109606,0.149474,CRASH,NO_CRASH,0.0000,SERIOUS,12.975478,77.598107
22:49:56.354,-0.052837,-0.718288,-0.098722,-0.065543,-0.054042,-0.027224,0.726963,0.089205,CRASH,NO_CRASH,0.0000,SERIOUS,12.975478,77.598107
22:49:56.405,-1.065145,-0.595878,-0.266668,0.054198,-0.144444,0.011578,1.249286,0.154711,CRASH,NO_CRASH,0.0000,SERIOUS,12.975478,77.598107
22:49:56.455,-0.467629,0.551700,-0.184146,-0.159393,-0.004836,0.015142,0.746297,0.160184,CRASH,NO_CRASH,0.0000,SERIOUS,12.975478,77.598107
22:49:56.505,0.427809,0.765495,0.057107,0.077312,-0.060807,-0.030347,0.878786,0.102935,CRASH,NO_CRASH,0.0000,SERIOUS,12.975478,77.598107
22:49:56.556,-0.489415,-0.128477,0.009410,0.054958,0.084162,-0.014026,0.506085,0.101491,CRASH,NO_CRASH,0.0000,SERIOUS,12.975478,77.598107
22:49:56.606,-0.226241,-0.720251,0.159227,0.091156,0.040259,0.081130,0.771556,0.128500,CRASH,NO_CRASH,0.0000,SERIOUS,12.975478,77.598107
22:49:56.657,0.282008,-0.250277,-0.131313,0.004235,-0.194262,-0.016060,0.399262,0.194970,CRASH,NO_CRASH,0.0000,SERIOUS,12.975478,77.598107
22:49:56.707,-0.462191,-0.211337,-0.294068,0.051974,-0.068180,-0.008957,0.587163,0.086198,CRASH,NO_CRASH,0.0000,SERIOUS,12.975478,77.598107
22:49:56.757,-0.060750,0.280836,0.078657,-0.031830,0.013237,0.008159,0.297903,0.035425,CRASH,NO_CRASH,0.0000,SERIOUS,12.975478,77.598107
22:49:56.808,0.137732,-0.220636,-0.153350,0.063975,0.022813,-0.054376,0.301938,0.087005,CRASH,NO_CRASH,0.0000,SERIOUS,12.975478,77.598107
22:49:56.858,0.025966,0.022227,-0.022172,0.012742,0.019570,0.007090,0.040742,0.024405,CRASH,NO_CRASH,0.0000,SERIOUS,12.975478,77.598107
22:49:56.909,0.038730,0.340901,0.005353,-0.062311,0.053269,0.040330,0.343136,0.091360,CRASH,NO_CRASH,0.0000,SERIOUS,12.975478,77.598107
22:49:56.959,-0.058195,-0.085833,0.620233,0.047697,-0.082365,0.006123,0.628842,0.095375,CRASH,NO_CRASH,0.0000,SERIOUS,12.975478,77.598107
22:49:57.009,-0.022946,-0.011880,-0.265871,-0.026245,0.035728,-0.044801,0.267124,0.063027,CRASH,NO_CRASH,0.0000,SERIOUS,12.975478,77.598107
22:49:57.059,-0.163492,0.057916,0.594030,-0.067477,-0.008800,-0.041667,0.618834,0.079792,CRASH,NO_CRASH,0.0000,SERIOUS,12.975478,77.598107
22:49:57.110,-0.185053,-0.785021,-0.524256,-0.021611,-0.010321,-0.041001,0.961949,0.047483,CRASH,NO_CRASH,0.0000,SERIOUS,12.975478,77.598107
22:49:57.160,-0.015279,-0.226089,-0.083697,0.026618,0.006344,0.036636,0.241567,0.045727,CRASH,NO_CRASH,0.0000,SERIOUS,12.975478,77.598107
22:49:57.210,0.226253,-0.273446,-0.074147,-0.003665,-0.010079,0.006133,0.362575,0.012354,CRASH,NO_CRASH,0.0000,SERIOUS,12.975478,77.598107
22:49:57.261,0.275700,0.199215,-0.794037,0.017978,0.026335,-0.006009,0.863824,0.032447,CRASH,NO_CRASH,0.0000,SERIOUS,12.975478,77.598107
22:49:57.311,-0.067834,0.078209,0.467620,0.054546,0.032012,-0.008308,0.478943,0.063789,CRASH,NO_CRASH,0.0000,SERIOUS,12.975478,77.598107
22:49:57.361,-0.122496,0.247486,-0.075271,-0.012133,0.028368,-0.022683,0.286217,0.038295,CRASH,NO_CRASH,0.0000,SERIOUS,12.975478,77.598107
22:49:57.412,0.174358,0.171135,0.195642,0.006563,0.020590,0.013644,0.312991,0.025558,CRASH,NO_CRASH,0.0000,SERIOUS,12.975478,77.598107
22:49:57.463,0.050104,-0.227920,-0.078959,-0.007686,0.000669,0.002040,0.246358,0.007980,CRASH,NO_CRASH,0.0000,SERIOUS,12.975478,77.598107
22:49:57.513,0.038533,0.067555,0.554553,-0.033622,0.017345,-0.011355,0.559980,0.039500,CRASH,NO_CRASH,0.0000,SERIOUS,12.975478,77.598107
22:49:57.564,-0.190835,0.002955,0.212727,-0.005111,0.022405,-0.058114,0.285796,0.062493,CRASH,NO_CRASH,0.0000,SERIOUS,12.975478,77.598107
22:49:57.614,0.062338,-0.102574,0.375209,0.012583,-0.004269,-0.025926,0.393941,0.029132,CRASH,NO_CRASH,0.0000,SERIOUS,12.975478,77.598107
22:49:57.664,0.014496,0.108382,0.017320,-0.032776,-0.029359,-0.018272,0.110710,0.047646,CRASH,NO_CRASH,0.0000,SERIOUS,12.975478,77.598107
22:49:57.715,0.149785,0.291689,-0.200118,0.044511,0.001515,-0.002072,0.384142,0.044585,CRASH,NO_CRASH,0.0000,SERIOUS,12.975478,77.598107
22:49:57.765,-0.030596,0.115797,-0.032966,0.018002,0.023103,-0.003352,0.124225,0.029480,CRASH,NO_CRASH,0.0000,SERIOUS,12.975478,77.598107
22:49:57.816,0.214618,0.341504,-0.030660,-0.000421,0.003802,0.003311,0.404507,0.005059,CRASH,NO_CRASH,0.0000,SERIOUS,12.975478,77.598107
22:49:57.867,0.088587,-0.195623,-0.138648,0.005436,-0.011141,0.005546,0.255616,0.013580,CRASH,NO_CRASH,0.0000,SERIOUS,12.975478,77.598107
22:49:57.917,-0.133295,-0.111350,-0.052820,0.027191,-0.007456,-0.016609,0.181538,0.032723,CRASH,NO_CRASH,0.0000,SERIOUS,12.975478,77.598107
22:49:57.968,0.184008,0.164310,-0.027943,0.000887,0.013779,-0.035951,0.248269,0.038512,CRASH,NO_CRASH,0.0000,SERIOUS,12.975478,77.598107
22:49:58.018,0.138254,-0.088182,0.223377,-0.027151,0.010517,0.021698,0.277106,0.036312,CRASH,NO_CRASH,0.0000,SERIOUS,12.975478,77.598107
22:49:58.069,0.047845,0.094223,0.003629,0.016109,0.002764,0.017234,0.105737,0.023752,CRASH,NO_CRASH,0.0000,SERIOUS,12.975478,77.598107
22:49:58.119,-1.895052,-0.374349,-1.521958,-0.059343,0.066677,-0.010029,2.459210,0.089823,NORMAL,NO_CRASH,0.0000,SERIOUS,12.975478,77.598107
22:49:58.169,-0.406794,0.117649,-0.541831,-0.068321,-0.040736,0.020700,0.687680,0.082193,NORMAL,NO_CRASH,0.0000,SERIOUS,12.975478,77.598107
22:49:58.220,-0.620297,0.059726,-0.562923,-0.050095,0.001421,-0.032279,0.839773,0.059611,NORMAL,NO_CRASH,0.0000,SERIOUS,12.975478,77.598107
22:49:58.270,0.217002,1.563751,0.382836,0.029191,-0.037459,-0.003037,1.624491,0.047587,NORMAL,NO_CRASH,0.0000,SERIOUS,12.975478,77.598107
22:49:58.320,-0.480714,0.332233,0.722924,-0.043436,-0.053262,-0.258941,0.929561,0.267907,NORMAL,NO_CRASH,0.0000,SERIOUS,12.975478,77.598107
22:49:58.371,-1.531576,-0.159389,0.161269,-0.026411,0.080741,-0.010483,1.548269,0.085596,NORMAL,NO_CRASH,0.0000,SERIOUS,12.975478,77.598107
22:49:58.421,-1.549755,-0.036765,1.447556,-0.043865,0.165965,0.116287,2.120969,0.207343,NORMAL,NO_CRASH,0.0000,SERIOUS,12.975478,77.598107
22:49:58.472,-0.053027,-0.793432,-0.287590,0.011165,0.130219,0.195721,0.845609,0.235347,NORMAL,NO_CRASH,0.0000,SERIOUS,12.975478,77.598107
22:49:58.522,-1.055056,0.202538,-1.244240,-0.029247,-0.169775,-0.044204,1.643866,0.177856,NORMAL,NO_CRASH,0.0000,SERIOUS,12.975478,77.598107
22:49:58.572,0.809718,-0.177233,-1.276641,-0.042946,0.023098,-0.062689,1.522126,0.079422,NORMAL,NO_CRASH,0.0000,SERIOUS,12.975478,77.598107
22:49:58.623,-0.040289,-0.097499,0.270988,-0.014285,-0.024994,0.047259,0.290798,0.055337,NORMAL,NO_CRASH,0.0000,SERIOUS,12.975478,77.598107
22:49:58.673,0.332870,0.245299,2.868842,-0.117567,0.139275,0.050334,2.898487,0.189085,NORMAL,NO_CRASH,0.0000,SERIOUS,12.975478,77.598107
22:49:58.724,1.351842,-1.188543,-0.152208,-0.036902,-0.011660,0.133917,1.806455,0.139397,NORMAL,NO_CRASH,0.0000,SERIOUS,12.975478,77.598107
22:49:58.774,-1.620063,-1.509451,-0.869643,0.006088,0.006226,0.042607,2.378933,0.043487,NORMAL,NO_CRASH,0.0000,SERIOUS,12.975478,77.598107
22:49:58.824,1.308527,-0.188686,1.160421,-0.043717,-0.140839,0.109846,1.759097,0.183883,NORMAL,NO_CRASH,0.0000,SERIOUS,12.975478,77.598107
22:49:58.875,1.137801,0.191070,2.390302,0.055600,0.107466,0.135796,2.654175,0.181881,NORMAL,NO_CRASH,0.0000,SERIOUS,12.975478,77.598107
22:49:58.926,0.000672,1.197434,-0.451470,-0.017993,0.156418,0.031879,1.279717,0.160645,NORMAL,NO_CRASH,0.0000,SERIOUS,12.975478,77.598107
22:49:58.977,-1.207268,-1.275896,0.555962,0.033244,0.047188,0.071652,1.842417,0.092010,NORMAL,NO_CRASH,0.0000,SERIOUS,12.975478,77.598107
22:49:59.027,0.246914,0.382665,1.229591,-0.076882,-0.164120,0.172620,1.311219,0.250288,NORMAL,NO_CRASH,0.0000,SERIOUS,12.975478,77.598107
22:49:59.077,-0.569775,-0.268743,1.363664,-0.060458,0.035051,-0.101080,1.502147,0.122886,NORMAL,NO_CRASH,0.0000,SERIOUS,12.975478,77.598107
22:49:59.128,0.518652,-0.036568,-0.936142,0.022376,-0.070812,-0.152891,1.070840,0.169972,NORMAL,NO_CRASH,0.0000,SERIOUS,12.975478,77.598107
22:49:59.178,-0.417739,-1.286931,0.223094,-0.000943,0.218677,-0.185042,1.371302,0.286463,NORMAL,NO_CRASH,0.0000,SERIOUS,12.975478,77.598107
22:49:59.228,-1.294107,0.053610,0.270929,0.111281,-0.026380,-0.076775,1.323249,0.137745,NORMAL,NO_CRASH,0.0000,SERIOUS,12.975478,77.598107
22:49:59.279,-0.152304,-0.623432,0.792518,-0.001223,0.062279,-0.025324,1.019778,0.067242,NORMAL,NO_CRASH,0.0000,SERIOUS,12.975478,77.598107
22:49:59.329,-1.808815,-0.406959,1.626520,0.009299,-0.032971,0.079488,2.466373,0.086556,NORMAL,NO_CRASH,0.0000,SERIOUS,12.975478,77.598107
22:49:59.380,-0.236678,0.429177,-0.194335,0.071784,-0.098155,-0.276199,0.527234,0.301784,NORMAL,NO_CRASH,0.0000,SERIOUS,12.975478,77.598107
22:49:59.430,-0.482087,1.275920,0.437493,-0.010569,0.186869,-0.111179,1.432404,0.217698,NORMAL,NO_CRASH,0.0000,SERIOUS,12.975478,77.598107
22:49:59.481,0.418340,0.085142,-1.513589,0.029295,0.001814,-0.041130,1.572644,0.050529,NORMAL,NO_CRASH,0.0000,SERIOUS,12.975478,77.598107
22:49:59.531,0.749926,0.553347,2.091907,0.114983,-0.056239,0.120237,2.290121,0.175616,NORMAL,NO_CRASH,0.0000,SERIOUS,12.975478,77.598107
22:49:59.581,0.257969,-1.747976,-0.542282,-0.008777,-0.086381,-0.079092,1.848252,0.117449,NORMAL,NO_CRASH,0.0000,SERIOUS,12.975478,77.598107
22:49:59.632,-0.004419,-0.083564,0.567135,-0.200028,0.081302,-0.054969,0.573275,0.222806,NORMAL,NO_CRASH,0.0000,SERIOUS,12.975478,77.598107
22:49:59.682,-0.677864,0.019521,0.657576,0.021671,0.028100,-0.055214,0.944610,0.065634,NORMAL,NO_CRASH,0.0000,SERIOUS,12.975478,77.598107
22:49:59.733,0.806126,0.674853,0.727722,0.089116,-0.252788,-0.063359,1.278610,0.275423,NORMAL,NO_CRASH,0.0000,SERIOUS,12.975478,77.598107
22:49:59.783,-0.185967,-1.342745,-2.087532,0.018840,0.091962,0.123536,2.489043,0.155155,NORMAL,NO_CRASH,0.0000,SERIOUS,12.975478,77.598107
22:49:59.834,1.418429,-0.913946,-1.225071,-0.015589,-0.130928,-0.050661,2.085195,0.141251,NORMAL,NO_CRASH,0.0000,SERIOUS,12.975478,77.598107
22:49:59.885,-0.900102,-0.718445,-1.012362,-0.127252,0.065361,0.112088,1.533370,0.181738,NORMAL,NO_CRASH,0.0000,SERIOUS,12.975478,77.598107
22:49:59.935,0.297721,-0.009922,1.076168,0.058333,0.061860,-0.013269,1.116635,0.086055,NORMAL,NO_CRASH,0.0000,SERIOUS,12.975478,77.598107
22:49:59.986,0.739066,-1.560790,0.762683,0.054816,-0.090965,-0.053235,1.887848,0.118800,NORMAL,NO_CRASH,0.0000,SERIOUS,12.975478,77.598107
22:50:00.036,-0.366951,-0.343876,1.765641,-0.050184,-0.022626,-0.066361,1.835862,0.086222,NORMAL,NO_CRASH,0.0000,SERIOUS,12.975478,77.598107
22:50:00.087,-1.185244,0.601993,-0.340411,0.067895,-0.073393,-0.049470,1.372253,0.111551,NORMAL,NO_CRASH,0.0000,SERIOUS,12.975478,77.598107
22:50:00.137,0.083374,-0.244466,-2.294877,-0.088467,-0.073721,-0.015716,2.309366,0.116224,NORMAL,NO_CRASH,0.0000,SERIOUS,12.975478,77.598107
22:50:00.188,-1.456178,-1.077030,-0.358229,0.082030,-0.107107,-0.009731,1.846287,0.135261,NORMAL,NO_CRASH,0.0000,SERIOUS,12.975478,77.598107
22:50:00.239,-1.028513,-0.904225,1.300253,0.043024,-0.044492,0.007596,1.888417,0.062357,NORMAL,NO_CRASH,0.0000,SERIOUS,12.975478,77.598107
22:50:00.289,0.558464,1.087585,0.615305,0.017750,-0.088435,0.038264,1.368695,0.097980,NORMAL,NO_CRASH,0.0000,SERIOUS,12.975478,77.598107
22:50:00.340,1.464743,-0.441115,1.566813,0.039158,-0.120465,0.087980,2.189739,0.154226,NORMAL,NO_CRASH,0.0000,SERIOUS,12.975478,77.598107
22:50:00.390,-0.409864,-0.416471,0.043804,-0.033825,0.057382,0.105741,0.585965,0.124972,NORMAL,NO_CRASH,0.0000,SERIOUS,12.975478,77.598107
22:50:00.441,-0.849025,0.127061,0.139562,-0.093121,-0.017047,0.114656,0.869750,0.148688,NORMAL,NO_CRASH,0.0000,SERIOUS,12.975478,77.598107
22:50:00.491,0.460852,-0.084935,-0.119648,0.015437,-0.092313,-0.030818,0.483647,0.098538,NORMAL,NO_CRASH,0.0000,SERIOUS,12.975478,77.598107
22:50:00.542,-0.549530,0.889588,-0.885563,0.112353,-0.027171,-0.169775,1.370245,0.205389,NORMAL,NO_CRASH,0.0000,SERIOUS,12.975478,77.598107
22:50:00.593,0.493245,1.212499,-1.294308,-0.071623,-0.083882,-0.145090,1.840836,0.182256,NORMAL,NO_CRASH,0.0000,SERIOUS,12.975478,77.598107
22:50:00.643,0.863072,-0.150449,0.161807,-0.006338,-0.013824,-0.130069,0.890904,0.130955,NORMAL,NO_CRASH,0.0000,SERIOUS,12.975478,77.598107
22:50:00.694,-1.403459,-0.627418,-2.728549,-0.151209,-0.102770,0.074862,3.131825,0.197560,NORMAL,NO_CRASH,0.0000,SERIOUS,12.975478,77.598107
22:50:00.744,-0.097509,1.030277,-0.837935,-0.063532,-0.198229,0.040951,1.331584,0.212151,NORMAL,NO_CRASH,0.0000,SERIOUS,12.975478,77.598107
22:50:00.795,1.248698,-0.578596,0.610000,0.031815,-0.120998,0.003793,1.505364,0.125168,NORMAL,NO_CRASH,0.0000,SERIOUS,12.975478,77.598107
22:50:00.845,1.561825,0.064885,-0.234519,0.001037,0.181070,-0.040615,1.580666,0.185573,NORMAL,NO_CRASH,0.0000,SERIOUS,12.975478,77.598107
22:50:00.895,0.687549,-2.166504,-1.261448,-0.005534,0.032483,-0.109741,2.599560,0.114581,NORMAL,NO_CRASH,0.0000,SERIOUS,12.975478,77.598107
22:50:00.946,0.319076,-0.335464,-0.229731,-0.002547,-0.096562,0.109018,0.516838,0.145655,NORMAL,NO_CRASH,0.0000,SERIOUS,12.975478,77.598107
22:50:00.996,1.271657,-0.486068,-0.429700,-0.013146,0.064663,0.001997,1.427591,0.066016,NORMAL,NO_CRASH,0.0000,SERIOUS,12.975478,77.598107
22:50:01.047,-1.715535,-0.576123,-1.767148,0.055722,-0.249872,0.068548,2.529385,0.265028,NORMAL,NO_CRASH,0.0000,SERIOUS,12.975478,77.598107
22:50:01.097,-0.266726,-0.216545,0.428388,-0.047169,-0.024015,0.023929,0.549136,0.058088,NORMAL,NO_CRASH,0.0000,SERIOUS,12.975478,77.598107
22:50:01.147,-0.556773,0.448333,-0.314897,0.030021,0.179082,-0.041427,0.781127,0.186247,NORMAL,NO_CRASH,0.0000,SERIOUS,12.975478,77.598107
22:50:01.198,0.543305,-0.033297,-0.736134,-0.012254,0.041743,-0.080334,0.915523,0.091358,NORMAL,NO_CRASH,0.0000,SERIOUS,12.975478,77.598107
22:50:01.248,-0.597138,1.499346,0.021619,-0.020137,-0.009523,-0.044458,1.614026,0.049726,NORMAL,NO_CRASH,0.0000,SERIOUS,12.975478,77.598107
22:50:01.299,0.468001,1.044054,-0.241624,0.071359,0.173362,-0.069673,1.169383,0.200002,NORMAL,NO_CRASH,0.0000,SERIOUS,12.975478,77.598107
22:50:01.349,-0.916267,1.534208,0.452051,0.126606,0.157457,0.148558,1.843282,0.250781,NORMAL,NO_CRASH,0.0000,SERIOUS,12.975478,77.598107
22:50:01.399,-0.949264,-0.044107,0.160876,0.046024,0.139585,-0.007757,0.963809,0.147182,NORMAL,NO_CRASH,0.0000,SERIOUS,12.975478,77.598107
22:50:01.450,-0.808652,-0.030461,0.244547,0.007067,-0.099863,0.400584,0.845370,0.412904,NORMAL,NO_CRASH,0.0000,SERIOUS,12.975478,77.598107
22:50:01.500,0.024242,-1.047655,2.245264,-0.001224,-0.103502,0.010785,2.477777,0.104070,NORMAL,NO_CRASH,0.0000,SERIOUS,12.975478,77.598107
22:50:01.550,0.784336,0.385668,1.340986,-0.055007,0.013283,-0.206789,1.600677,0.214392,NORMAL,NO_CRASH,0.0000,SERIOUS,12.975478,77.598107
22:50:01.615,-0.092387,-0.510288,-0.829303,-0.010293,-0.166227,-0.057874,0.978096,0.176315,NORMAL,NO_CRASH,0.0000,SERIOUS,12.975478,77.598107
22:50:01.654,-0.445628,1.021393,1.220778,-0.062863,0.040146,-0.129292,1.652915,0.149265,NORMAL,NO_CRASH,0.0000,SERIOUS,12.975478,77.598107
22:50:01.705,0.989846,0.991852,-0.121576,-0.066062,0.071826,0.035624,1.406537,0.103886,NORMAL,NO_CRASH,0.0000,SERIOUS,12.975478,77.598107
22:50:01.755,1.213811,0.336430,0.143157,0.017069,0.119386,0.081720,1.267682,0.145680,NORMAL,NO_CRASH,0.0000,SERIOUS,12.975478,77.598107
22:50:01.805,-1.412830,-0.940507,-0.848245,0.036637,0.192093,-0.167119,1.897409,0.257236,NORMAL,NO_CRASH,0.0000,SERIOUS,12.975478,77.598107
22:50:01.856,-0.625538,0.550416,0.058427,-0.028400,-0.148907,0.001227,0.835266,0.151596,NORMAL,NO_CRASH,0.0000,SERIOUS,12.975478,77.598107
22:50:01.906,-0.579065,0.707137,1.578891,0.003136,0.021905,0.185685,1.824351,0.186999,NORMAL,NO_CRASH,0.0000,SERIOUS,12.975478,77.598107
22:50:01.957,0.985541,0.092667,-1.698593,0.034304,0.249765,-0.160001,1.965985,0.298597,NORMAL,NO_CRASH,0.0000,SERIOUS,12.975478,77.598107
22:50:02.007,0.827292,0.906748,1.521999,-0.094368,-0.039976,0.044790,1.955271,0.111846,NORMAL,NO_CRASH,0.0000,SERIOUS,12.975478,77.598107
22:50:02.058,0.316318,0.724413,1.545525,0.098656,-0.159662,0.061341,1.735937,0.197453,NORMAL,NO_CRASH,0.0000,SERIOUS,12.975478,77.598107
22:50:02.108,-0.958187,0.041653,0.336995,-0.002948,-0.027973,-0.079505,1.016574,0.084334,NORMAL,NO_CRASH,0.0000,SERIOUS,12.975478,77.598107
22:50:02.159,1.083418,-0.131005,0.439351,0.000504,-0.100314,-0.149878,1.176429,0.180351,NORMAL,NO_CRASH,0.0000,SERIOUS,12.975478,77.598107
22:50:02.210,0.167450,0.269715,-1.987852,-0.049200,-0.019383,-0.084230,2.013043,0.099453,NORMAL,NO_CRASH,0.0000,SERIOUS,12.975478,77.598107
22:50:02.260,-0.568938,0.341936,-0.907732,-0.026425,-0.005012,0.066230,1.124539,0.071483,NORMAL,NO_CRASH,0.0000,SERIOUS,12.975478,77.598107
22:50:02.311,-1.707175,1.268041,2.058032,-0.088748,-0.011128,-0.021510,2.959370,0.091993,NORMAL,NO_CRASH,0.0000,SERIOUS,12.975478,77.598107
22:50:02.361,0.435088,-0.369032,-0.907533,-0.070527,0.141044,0.102177,1.071962,0.187903,NORMAL,NO_CRASH,0.0000,SERIOUS,12.975478,77.598107
22:50:02.412,0.315518,0.228607,1.961041,-0.098015,-0.208989,0.098777,1.999373,0.251078,NORMAL,NO_CRASH,0.0000,SERIOUS,12.975478,77.598107
22:50:02.462,0.223245,1.011159,0.824539,-0.022287,-0.004718,-0.045684,1.323686,0.051049,NORMAL,NO_CRASH,0.0000,SERIOUS,12.975478,77.598107
22:50:02.513,1.037413,-0.310022,-0.984892,0.022711,0.038807,-0.006912,1.463677,0.045492,NORMAL,NO_CRASH,0.0000,SERIOUS,12.975478,77.598107
22:50:02.564,0.372690,-0.394566,-0.235232,-0.037469,-0.329175,-0.058883,0.591535,0.336493,NORMAL,NO_CRASH,0.0000,SERIOUS,12.975478,77.598107
22:50:02.614,-0.831210,1.302563,-0.380528,-0.079971,-0.334343,-0.126047,1.591346,0.366154,NORMAL,NO_CRASH,0.0000,SERIOUS,12.975478,77.598107
22:50:02.665,-1.381596,0.322783,-1.741551,0.011768,-0.043245,-0.057489,2.246329,0.072895,NORMAL,NO_CRASH,0.0000,SERIOUS,12.975478,77.598107
22:50:02.715,0.483020,0.569684,-1.220151,0.015748,-0.040539,-0.042736,1.430600,0.060974,NORMAL,NO_CRASH,0.0000,SERIOUS,12.975478,77.598107
22:50:02.765,0.015655,-0.089620,-0.414548,-0.061359,-0.061088,-0.077185,0.424414,0.115992,NORMAL,NO_CRASH,0.0000,SERIOUS,12.975478,77.598107
22:50:02.816,-0.140929,-0.913494,0.628962,-0.030009,0.102824,0.069184,1.118001,0.127514,NORMAL,NO_CRASH,0.0000,SERIOUS,12.975478,77.598107
22:50:02.866,1.480526,0.104290,0.005066,0.093114,0.037773,0.203568,1.484203,0.227018,NORMAL,NO_CRASH,0.0000,SERIOUS,12.975478,77.598107
22:50:02.917,2.895695,0.000229,-0.306211,-0.022837,0.051720,0.091275,2.911841,0.107367,NORMAL,NO_CRASH,0.0000,SERIOUS,12.975478,77.598107
22:50:02.968,-1.232643,0.093607,-0.167341,-0.033376,-0.018144,-0.000052,1.247467,0.037989,NORMAL,NO_CRASH,0.0000,SERIOUS,12.975478,77.598107
22:50:03.019,-0.913074,-0.101919,-0.102791,-0.002920,0.008739,-0.018793,0.924477,0.020930,NORMAL,NO_CRASH,0.0000,SERIOUS,12.975478,77.598107
22:50:03.069,0.957626,-0.553977,-0.177679,0.062703,-0.086670,0.101101,1.120495,0.147190,NORMAL,NO_CRASH,0.0000,SERIOUS,12.975478,77.598107
22:50:03.119,0.715984,1.260432,0.523970,0.065070,-0.048438,-0.102745,1.541385,0.130908,NORMAL,NO_CRASH,0.0000,SERIOUS,12.975478,77.598107
22:50:03.170,-0.710072,0.477590,1.169313,0.027057,-0.112756,-0.193903,1.448996,0.225930,NORMAL,NO_CRASH,0.0000,SERIOUS,12.975478,77.598107
22:50:03.220,-0.546002,-1.592328,-1.196745,-0.024888,0.122935,-0.081708,2.065388,0.149695,NORMAL,NO_CRASH,0.0000,SERIOUS,12.975478,77.598107
22:50:03.271,0.750270,0.316692,-0.839743,0.029711,0.178115,0.099664,1.169772,0.206253,NORMAL,NO_CRASH,0.0000,SERIOUS,12.975478,77.598107
22:50:03.321,0.786704,0.817644,-0.002261,-0.057656,0.069700,-0.032726,1.134659,0.096194,NORMAL,NO_CRASH,0.0000,SERIOUS,12.975478,77.598107
22:50:03.371,-0.480469,-0.506991,-0.839181,0.081375,0.087534,-0.127584,1.091841,0.174819,NORMAL,NO_CRASH,0.0000,SERIOUS,12.975478,77.598107
22:50:03.422,-0.640123,-0.658061,0.546453,-0.060835,0.047679,0.016468,1.068369,0.079027,NORMAL,NO_CRASH,0.0000,SERIOUS,12.975478,77.598107
22:50:03.472,0.676870,-0.421807,0.085118,-0.047539,-0.188868,0.087332,0.802072,0.213443,NORMAL,NO_CRASH,0.0000,SERIOUS,12.975478,77.598107
22:50:03.523,0.155802,0.476863,-0.700603,0.025479,-0.065324,-0.029972,0.861694,0.076254,NORMAL,NO_CRASH,0.0000,SERIOUS,12.975478,77.598107
22:50:03.573,0.540167,0.250838,0.364871,-0.021179,-0.109973,0.151586,0.698449,0.188470,NORMAL,NO_CRASH,0.0000,SERIOUS,12.975478,77.598107
22:50:03.623,-0.157168,-0.926007,-0.425903,-0.010706,-0.046262,0.064375,1.031302,0.079993,NORMAL,NO_CRASH,0.0000,SERIOUS,12.975478,77.598107
22:50:03.673,-0.418730,-0.667435,0.730941,-0.016566,0.129045,-0.055599,1.074746,0.141486,NORMAL,NO_CRASH,0.0000,SERIOUS,12.975478,77.598107
22:50:03.724,-0.971165,0.458454,0.164570,-0.182080,-0.121779,0.065203,1.086474,0.228549,NORMAL,NO_CRASH,0.0000,SERIOUS,12.975478,77.598107
22:50:03.774,0.092126,-0.352587,0.748256,0.128906,-0.144919,-0.080022,0.832281,0.209813,NORMAL,NO_CRASH,0.0000,SERIOUS,12.975478,77.598107
22:50:03.825,-0.293217,-0.606817,-1.642872,0.092708,-0.106715,-0.206047,1.775734,0.249876,NORMAL,NO_CRASH,0.0000,SERIOUS,12.975478,77.598107
22:50:03.875,-1.092980,0.548625,0.557722,-0.119430,-0.015068,-0.062465,1.344116,0.135619,NORMAL,NO_CRASH,0.0000,SERIOUS,12.975478,77.598107
22:50:03.926,0.016732,0.173539,2.011859,-0.024442,-0.029139,-0.028561,2.019399,0.047563,NORMAL,NO_CRASH,0.0000,SERIOUS,12.975478,77.598107
22:50:03.977,-0.047885,0.896643,1.045089,0.085526,0.158619,0.132794,1.377851,0.223850,NORMAL,NO_CRASH,0.0000,SERIOUS,12.975478,77.598107
22:50:04.027,0.875055,-1.446854,-0.049014,0.085112,-0.103406,0.049364,1.691600,0.142736,NORMAL,NO_CRASH,0.0000,SERIOUS,12.975478,77.598107
22:50:04.077,-0.306319,0.088780,-1.896716,-0.016564,0.196761,-0.051399,1.923342,0.204037,NORMAL,NO_CRASH,0.0000,SERIOUS,12.975478,77.598107
22:50:04.128,0.344439,-1.052693,-0.464851,0.019798,-0.071942,0.134523,1.201202,0.153831,NORMAL,NO_CRASH,0.0000,SERIOUS,12.975478,77.598107
22:50:04.178,1.681847,-0.113254,1.501754,-0.054352,-0.195344,-0.183818,2.257588,0.273684,NORMAL,NO_CRASH,0.0000,SERIOUS,12.975478,77.598107
22:50:04.229,0.902536,0.101378,-0.206856,-0.012847,0.023030,0.008165,0.931471,0.027606,NORMAL,NO_CRASH,0.0000,SERIOUS,12.975478,77.598107
22:50:04.279,0.084648,-0.425329,-0.686009,0.070146,-0.054461,0.105484,0.811590,0.137889,NORMAL,NO_CRASH,0.0000,SERIOUS,12.975478,77.598107
22:50:04.330,0.898458,-0.185202,-0.339915,0.009853,-0.002047,-0.023889,0.978299,0.025922,NORMAL,NO_CRASH,0.0000,SERIOUS,12.975478,77.598107
22:50:04.380,0.461597,-0.682458,1.158477,-0.114069,0.033354,0.006268,1.421580,0.119010,NORMAL,NO_CRASH,0.0000,SERIOUS,12.975478,77.598107
22:50:04.430,0.721021,-0.254087,0.524808,0.062406,-0.115595,-0.125955,0.927284,0.181993,NORMAL,NO_CRASH,0.0000,SERIOUS,12.975478,77.598107
22:50:04.481,-0.326448,-0.791833,-0.784022,0.147910,0.156886,0.149897,1.161145,0.262602,NORMAL,NO_CRASH,0.0000,SERIOUS,12.975478,77.598107
22:50:04.531,-0.513235,-2.065034,0.234898,-0.101651,0.133314,0.042121,2.140783,0.172857,NORMAL,NO_CRASH,0.0000,SERIOUS,12.975478,77.598107
22:50:04.581,-0.797543,1.028709,0.318301,-0.129813,0.022968,-0.002658,1.340012,0.131856,NORMAL,NO_CRASH,0.0000,SERIOUS,12.975478,77.598107
22:50:04.632,0.348515,0.364765,0.635288,0.111928,0.013790,-0.028508,0.811238,0.116322,NORMAL,NO_CRASH,0.0000,SERIOUS,12.975478,77.598107
22:50:04.682,-1.424801,1.458094,-0.730060,-0.033447,0.070578,-0.075223,2.165429,0.108436,NORMAL,NO_CRASH,0.0000,SERIOUS,12.975478,77.598107
22:50:04.732,-1.494433,-1.095254,-0.223908,0.028551,-0.070115,0.079034,1.866292,0.109442,NORMAL,NO_CRASH,0.0000,SERIOUS,12.975478,77.598107
22:50:04.783,0.397608,1.247707,0.389434,-0.016756,-0.081193,-0.054902,1.366208,0.099435,NORMAL,NO_CRASH,0.0000,SERIOUS,12.975478,77.598107
22:50:04.834,-0.640233,-1.545133,0.123319,0.074507,0.205335,0.234839,1.677063,0.320723,NORMAL,NO_CRASH,0.0000,SERIOUS,12.975478,77.598107
22:50:04.884,0.156268,-0.082226,-0.340799,0.021825,-0.235510,0.018986,0.383830,0.237280,NORMAL,NO_CRASH,0.0000,SERIOUS,12.975478,77.598107
22:50:04.935,0.456372,-0.536573,-0.748206,-0.063905,-0.035284,-0.102832,1.027618,0.126108,NORMAL,NO_CRASH,0.0000,SERIOUS,12.975478,77.598107
22:50:04.985,0.340891,-0.238068,0.395994,0.025798,0.131909,0.019685,0.574190,0.135842,NORMAL,NO_CRASH,0.0000,SERIOUS,12.975478,77.598107
22:50:05.036,0.047129,0.334173,0.539189,-0.029041,0.081871,0.143786,0.636096,0.167990,NORMAL,NO_CRASH,0.0000,SERIOUS,12.975478,77.598107
22:50:05.086,0.206405,-1.269420,1.082839,0.094616,-0.016727,0.178315,1.681241,0.202554,NORMAL,NO_CRASH,0.0000,SERIOUS,12.975478,77.598107
22:50:05.136,-1.511080,-0.396069,0.355265,0.028305,0.101306,0.181788,1.602013,0.210026,NORMAL,NO_CRASH,0.0000,SERIOUS,12.975478,77.598107
22:50:05.187,1.063717,-0.166271,0.852822,0.072028,-0.071796,0.040220,1.373479,0.109363,NORMAL,NO_CRASH,0.0000,SERIOUS,12.975478,77.598107
22:50:05.238,0.400273,0.713072,-1.096386,0.002220,0.126976,0.289773,1.367755,0.316380,NORMAL,NO_CRASH,0.0000,SERIOUS,12.975478,77.598107
22:50:05.288,-0.062282,-0.078608,0.431078,0.026716,0.127207,-0.158960,0.442591,0.205338,NORMAL,NO_CRASH,0.0000,SERIOUS,12.975478,77.598107
22:50:05.338,0.823602,-2.198209,1.268041,0.093916,-0.074556,-0.059043,2.668027,0.133660,NORMAL,NO_CRASH,0.0000,SERIOUS,12.975478,77.598107
22:50:05.389,0.333967,-0.016563,0.209545,-0.085120,0.164803,-0.101922,0.394610,0.211645,NORMAL,NO_CRASH,0.0000,SERIOUS,12.975478,77.598107
22:50:05.439,0.416770,1.092216,-0.068725,-0.039457,0.020859,-0.140383,1.171049,0.147307,NORMAL,NO_CRASH,0.0000,SERIOUS,12.975478,77.598107
22:50:05.490,-0.248105,0.205470,-0.198209,-0.051992,0.063929,0.042259,0.378234,0.092607,NORMAL,NO_CRASH,0.0000,SERIOUS,12.975478,77.598107
22:50:05.540,0.245116,-0.381072,0.580051,0.096822,-0.197007,-0.249268,0.736041,0.332146,NORMAL,NO_CRASH,0.0000,SERIOUS,12.975478,77.598107
22:50:05.590,1.229998,0.877867,-0.046801,0.083794,-0.141252,-0.108791,1.511865,0.197000,NORMAL,NO_CRASH,0.0000,SERIOUS,12.975478,77.598107
22:50:05.641,-0.664524,0.361733,-0.442671,0.032807,-0.161738,0.131262,0.876585,0.210868,NORMAL,NO_CRASH,0.0000,SERIOUS,12.975478,77.598107
22:50:05.692,0.038460,1.712954,0.082418,-0.047981,0.019818,-0.020117,1.715366,0.055675,NORMAL,NO_CRASH,0.0000,SERIOUS,12.975478,77.598107
22:50:05.742,0.900201,-1.288140,0.384852,-0.047898,-0.017834,0.184411,1.617954,0.191363,NORMAL,NO_CRASH,0.0000,SERIOUS,12.975478,77.598107
22:50:05.792,-1.352945,-0.148273,-0.919332,0.094443,-0.029728,0.012012,1.642442,0.099737,NORMAL,NO_CRASH,0.0000,SERIOUS,12.975478,77.598107
22:50:05.843,0.515160,-0.784593,1.521941,0.004918,-0.021215,-0.023647,1.788094,0.032147,NORMAL,NO_CRASH,0.0000,SERIOUS,12.975478,77.598107
22:50:05.893,0.930943,-0.085618,-1.151277,0.004396,-0.061698,-0.057202,1.483045,0.084250,NORMAL,NO_CRASH,0.0000,SERIOUS,12.975478,77.598107
22:50:05.943,0.170380,-2.750358,-1.538081,0.081623,0.014068,0.027739,3.155819,0.087348,NORMAL,NO_CRASH,0.0000,SERIOUS,12.975478,77.598107
22:50:05.994,0.462905,-0.624744,0.691008,0.026140,-0.022432,-0.019523,1.040230,0.039593,NORMAL,NO_CRASH,0.0000,SERIOUS,12.975478,77.598107
22:50:06.044,0.470693,-1.528033,-1.828909,-0.059112,0.222951,0.171609,2.429269,0.287491,NORMAL,NO_CRASH,0.0000,SERIOUS,12.975478,77.598107
22:50:06.094,-0.746807,-0.474502,1.986344,0.023988,0.067707,0.123203,2.174497,0.142614,NORMAL,NO_CRASH,0.0000,SERIOUS,12.975478,77.598107
22:50:06.144,-0.451019,0.433272,0.502632,0.033025,0.431772,0.114782,0.802360,0.447987,NORMAL,NO_CRASH,0.0000,SERIOUS,12.975478,77.598107
22:50:06.195,1.005060,-1.037961,0.170906,-0.160213,-0.070165,-0.167268,1.454895,0.242012,NORMAL,NO_CRASH,0.0000,SERIOUS,12.975478,77.598107
22:50:06.245,-1.330685,-0.566346,0.941168,-0.046492,0.051922,-0.096588,1.725476,0.119107,NORMAL,NO_CRASH,0.0000,SERIOUS,12.975478,77.598107
22:50:06.296,0.477117,-0.794377,0.129766,0.090502,-0.003073,-0.053740,0.935690,0.105300,NORMAL,NO_CRASH,0.0000,SERIOUS,12.975478,77.598107
22:50:06.346,0.366263,-0.555178,-0.466179,0.045916,-0.085346,-0.290012,0.812215,0.305776,NORMAL,NO_CRASH,0.0000,SERIOUS,12.975478,77.598107
22:50:06.397,-0.335242,0.225252,-0.069273,0.034720,-0.079820,0.119202,0.409786,0.147601,NORMAL,NO_CRASH,0.0000,SERIOUS,12.975478,77.598107
22:50:06.448,-0.150467,-1.634306,0.378121,0.003869,-0.011740,-0.164420,1.684213,0.164884,NORMAL,NO_CRASH,0.0000,SERIOUS,12.975478,77.598107
22:50:06.498,0.592895,0.450027,0.460130,0.015109,-0.162978,-0.074169,0.875083,0.179698,NORMAL,NO_CRASH,0.0000,SERIOUS,12.975478,77.598107
22:50:06.549,-1.668207,1.032339,1.800932,0.093167,-0.292949,0.114307,2.663080,0.327972,NORMAL,NO_CRASH,0.0000,SERIOUS,12.975478,77.598107
22:50:06.599,-0.213183,0.744284,-0.812379,-0.015878,0.132606,0.109846,1.122215,0.172924,NORMAL,NO_CRASH,0.0000,SERIOUS,12.975478,77.598107
22:50:06.649,0.532738,0.948725,-0.908339,0.048876,-0.086423,0.075117,1.417381,0.124501,NORMAL,NO_CRASH,0.0000,SERIOUS,12.975478,77.598107
22:50:06.700,0.280431,-0.117464,0.871824,-0.115147,-0.030301,0.067377,0.923318,0.136809,NORMAL,NO_CRASH,0.0000,SERIOUS,12.975478,77.598107
22:50:06.750,1.778915,0.140088,0.751973,-0.013175,0.009359,0.137223,1.936395,0.138171,NORMAL,NO_CRASH,0.0000,SERIOUS,12.975478,77.598107
22:50:06.801,0.535417,0.400057,0.038271,-0.078545,0.055696,-0.066625,0.669464,0.117091,NORMAL,NO_CRASH,0.0000,SERIOUS,12.975478,77.598107
22:50:06.851,0.657475,-1.139212,0.367708,0.061207,-0.175026,0.094873,1.365755,0.208282,NORMAL,NO_CRASH,0.0000,SERIOUS,12.975478,77.598107
22:50:06.901,-0.271200,0.944502,2.668093,0.013570,-0.091728,-0.072411,2.843299,0.117650,NORMAL,NO_CRASH,0.0000,SERIOUS,12.975478,77.598107
22:50:06.952,0.438876,0.211435,1.392779,-0.025809,0.064381,0.052321,1.475517,0.086882,NORMAL,NO_CRASH,0.0000,SERIOUS,12.975478,77.598107
22:50:07.002,0.018336,0.646955,0.364822,0.005611,0.140250,0.079970,0.742955,0.161545,NORMAL,NO_CRASH,0.0000,SERIOUS,12.975478,77.598107
22:50:07.053,-0.354688,-1.055959,0.764417,0.067782,0.079054,0.149228,1.350994,0.181970,NORMAL,NO_CRASH,0.0000,SERIOUS,12.975478,77.598107
22:50:07.104,-0.850272,-0.614374,1.178581,0.051068,0.144365,0.090091,1.577806,0.177667,NORMAL,NO_CRASH,0.0000,SERIOUS,12.975478,77.598107
22:50:07.154,1.332606,-0.575454,1.491069,0.029751,-0.053017,0.055466,2.080930,0.082295,NORMAL,NO_CRASH,0.0000,SERIOUS,12.975478,77.598107
22:50:07.204,0.269833,0.339962,-0.223079,-0.047424,0.045723,-0.037329,0.488004,0.075717,NORMAL,NO_CRASH,0.0000,SERIOUS,12.975478,77.598107
22:50:07.255,0.679381,0.161871,0.516605,0.027925,0.032444,-0.133704,0.868701,0.140390,NORMAL,NO_CRASH,0.0000,SERIOUS,12.975478,77.598107
22:50:07.306,-0.513728,-0.391116,1.211369,0.027246,-0.109471,-0.034257,1.372699,0.117897,NORMAL,NO_CRASH,0.0000,SERIOUS,12.975478,77.598107
22:50:07.356,0.861463,0.549285,0.272833,-0.030600,0.069859,0.094290,1.057483,0.121274,NORMAL,NO_CRASH,0.0000,SERIOUS,12.975478,77.598107
22:50:07.406,-0.918890,0.221827,0.925054,0.037434,-0.040176,0.036837,1.322608,0.066123,NORMAL,NO_CRASH,0.0000,SERIOUS,12.975478,77.598107
22:50:07.457,-2.476748,-0.568402,-0.133541,0.040122,0.024337,0.079246,2.544640,0.092097,NORMAL,NO_CRASH,0.0000,SERIOUS,12.975478,77.598107
22:50:07.507,-0.849724,-0.129107,0.273523,0.005570,-0.022799,0.023482,0.901950,0.033199,NORMAL,NO_CRASH,0.0000,SERIOUS,12.975478,77.598107
22:50:07.558,-0.722606,-0.898828,-0.537129,0.056481,-0.029109,-0.062238,1.272226,0.088944,NORMAL,NO_CRASH,0.0000,SERIOUS,12.975478,77.598107
22:50:07.608,0.151383,0.264067,-2.045993,-0.031608,0.035392,0.004945,2.068511,0.047709,NORMAL,NO_CRASH,0.0000,SERIOUS,12.975478,77.598107
22:50:07.658,0.031243,-0.620191,0.871162,-0.088830,0.032117,0.005442,1.069830,0.094614,NORMAL,NO_CRASH,0.0000,SERIOUS,12.975478,77.598107
22:50:07.709,-0.615621,-0.175710,0.345342,0.047972,0.024108,-0.046620,0.727409,0.071105,NORMAL,NO_CRASH,0.0000,SERIOUS,12.975478,77.598107
22:50:07.759,-1.080194,2.267038,-1.649001,-0.105140,-0.157202,0.288284,3.004245,0.344782,NORMAL,NO_CRASH,0.0000,SERIOUS,12.975478,77.598107
22:50:07.809,0.840257,1.501759,-1.208817,0.081373,0.273332,-0.202121,2.102986,0.349549,NORMAL,NO_CRASH,0.0000,SERIOUS,12.975478,77.598107
