Timestamp,AccX,AccY,AccZ,GyroX,GyroY,GyroZ,AccMagnitude,GyroMagnitude,DrivingBehaviour,CrashStatus,CrashConfidence,Severity,Latitude,Longitude
13:57:22.111,0.015732,-1.478396,-0.424837,0.043319,0.220325,-0.072135,1.538307,0.235846,NORMAL,NO_CRASH,0.0000,,12.971600,77.594619
13:57:22.162,-0.301195,0.287986,1.185397,0.053018,-0.052276,0.065127,1.256511,0.098921,NORMAL,NO_CRASH,0.0000,,12.971621,77.594639
13:57:22.212,-0.392246,-0.132936,-0.731551,-0.183460,-0.173867,0.173766,0.840652,0.306728,NORMAL,NO_CRASH,0.0000,,12.971629,77.594646
13:57:22.263,-0.235871,-0.128784,-0.626904,-0.060966,0.098302,0.066482,0.682077,0.133417,NORMAL,NO_CRASH,0.0000,,12.971640,77.594670
13:57:22.313,1.407229,-0.225251,-0.248705,-0.019658,-0.039179,-0.220434,1.446681,0.224750,NORMAL,NO_CRASH,0.0000,,12.971633,77.594658
13:57:22.363,-1.159600,1.103469,1.104716,-0.006131,-0.170434,0.065429,1.944920,0.182664,NORMAL,NO_CRASH,0.0000,,12.971647,77.594678
13:57:22.414,0.652923,-0.062431,0.508495,0.014986,0.172489,0.101591,0.829923,0.200743,NORMAL,NO_CRASH,0.0000,,12.971635,77.594697
13:57:22.464,-0.975416,0.203579,-0.786669,-0.017563,-0.285400,-0.213709,1.269539,0.356978,NORMAL,NO_CRASH,0.0000,,12.971635,77.594704
13:57:22.515,1.295975,-1.501552,-1.238156,-0.019255,0.116675,0.036764,2.338213,0.123836,NORMAL,NO_CRASH,0.0000,,12.971658,77.594709
13:57:22.565,0.283187,0.419469,1.069751,0.052665,-0.007584,0.094073,1.183434,0.108078,NORMAL,NO_CRASH,0.0000,,12.971657,77.594714
13:57:22.615,0.209796,0.044191,0.847057,-0.006436,0.010595,-0.109857,0.873769,0.110554,NORMAL,NO_CRASH,0.0000,,12.971677,77.594708
13:57:22.666,-0.277453,0.362236,0.183118,-0.059969,-0.079097,0.031415,0.491658,0.104113,NORMAL,NO_CRASH,0.0000,,12.971679,77.594730
13:57:22.717,0.217165,-0.447379,-0.651168,-0.161959,-0.133157,0.084250,0.819346,0.225964,NORMAL,NO_CRASH,0.0000,,12.971682,77.594736
13:57:22.767,0.025923,0.142147,-0.051316,0.048782,0.040803,0.074883,0.153333,0.098244,NORMAL,NO_CRASH,0.0000,,12.971674,77.594745
13:57:22.817,0.565551,0.255473,1.925639,0.069931,0.176012,0.019606,2.023166,0.190408,NORMAL,NO_CRASH,0.0000,,12.971666,77.594733
13:57:22.868,0.314713,0.486160,-0.833434,0.079336,0.082442,0.045987,1.014893,0.123312,NORMAL,NO_CRASH,0.0000,,12.971681,77.594725
13:57:22.918,1.050641,-0.813457,0.421307,0.064039,0.008585,-0.009597,1.393936,0.065321,NORMAL,NO_CRASH,0.0000,,12.971695,77.594718
13:57:22.969,0.495017,-0.410659,0.427498,-0.133014,-0.049091,-0.049577,0.772294,0.150201,NORMAL,NO_CRASH,0.0000,,12.971705,77.594731
13:57:23.019,-0.265629,-0.889224,-0.183637,0.029967,0.080716,0.073820,0.946044,0.113413,NORMAL,NO_CRASH,0.0000,,12.971723,77.594732
13:57:23.070,-1.304827,-0.546710,-0.229192,-0.068432,-0.050461,-0.076034,1.433176,0.114064,NORMAL,NO_CRASH,0.0000,,12.971714,77.594734
13:57:23.120,-0.726532,-0.976156,-0.861114,0.102265,-0.080365,0.053750,1.490720,0.140733,NORMAL,NO_CRASH,0.0000,,12.971717,77.594746
13:57:23.170,0.927933,-0.589510,1.103446,0.021092,-0.082119,0.023886,1.557619,0.088085,NORMAL,NO_CRASH,0.0000,,12.971725,77.594753
13:57:23.221,-1.017473,0.232003,-1.614540,-0.042271,0.252311,-0.000630,1.922451,0.255828,NORMAL,NO_CRASH,0.0000,,12.971735,77.594744
13:57:23.271,0.212166,-0.233575,-0.225150,-0.018180,-0.037600,-0.057305,0.387639,0.070909,NORMAL,NO_CRASH,0.0000,,12.971744,77.594763
13:57:23.321,-1.549321,0.484683,-0.251480,0.000330,0.081867,-0.002280,1.642728,0.081899,NORMAL,NO_CRASH,0.0000,,12.971735,77.594778
13:57:23.372,0.945527,0.728216,-2.696670,-0.049469,0.018487,-0.020394,2.948957,0.056612,NORMAL,NO_CRASH,0.0000,,12.971734,77.594790
13:57:23.424,0.261228,-1.404498,0.934569,-0.111149,0.117598,-0.006408,1.707125,0.161940,NORMAL,NO_CRASH,0.0000,,12.971732,77.594813
13:57:23.475,-0.669401,-0.532496,1.081699,-0.125147,0.229023,0.003591,1.379029,0.261010,NORMAL,NO_CRASH,0.0000,,12.971751,77.594822
13:57:23.525,-0.905189,0.784598,0.558216,0.084537,0.062221,-0.161848,1.321577,0.192906,NORMAL,NO_CRASH,0.0000,,12.971748,77.594824
13:57:23.576,0.354403,-0.025877,-0.233013,0.010739,0.112092,0.177936,0.424931,0.210573,NORMAL,NO_CRASH,0.0000,,12.971766,77.594836
13:57:23.626,-1.844361,-0.821204,0.581361,-0.057148,-0.013003,-0.011822,2.100958,0.059789,NORMAL,NO_CRASH,0.0000,,12.971757,77.594853
13:57:23.677,-0.142209,-0.511805,0.801009,-0.040016,0.014863,-0.048933,0.961136,0.064936,NORMAL,NO_CRASH,0.0000,,12.971776,77.594851
13:57:23.727,-1.857945,-0.440948,-0.084003,-0.014328,-0.000790,-0.076702,1.911401,0.078033,NORMAL,NO_CRASH,0.0000,,12.971793,77.594845
13:57:23.777,0.389166,-0.908922,0.559187,0.108979,-0.212793,-0.000629,1.135905,0.239077,NORMAL,NO_CRASH,0.0000,,12.971793,77.594842
13:57:23.827,-0.342440,-0.450665,-1.453809,0.024102,-0.126955,-0.098942,1.560104,0.162751,NORMAL,NO_CRASH,0.0000,,12.971789,77.594843
13:57:23.878,-0.436197,-1.413543,0.826095,-0.015126,-0.101318,0.201877,1.694345,0.226381,NORMAL,NO_CRASH,0.0000,,12.971782,77.594859
13:57:23.929,1.868935,1.359298,-0.569564,-0.096756,0.079429,-0.226582,2.380129,0.258863,NORMAL,NO_CRASH,0.0000,,12.971804,77.594878
13:57:23.979,-0.954091,0.327039,-0.296290,0.031810,-0.023667,0.029775,1.051205,0.049584,NORMAL,NO_CRASH,0.0000,,12.971819,77.594882
13:57:24.029,-0.376763,-1.376729,1.173780,0.086721,0.026596,-0.086929,1.847997,0.125637,NORMAL,NO_CRASH,0.0000,,12.971812,77.594898
13:57:24.090,1.155580,-0.841108,-0.502269,0.089733,0.150387,0.030805,1.514960,0.177812,NORMAL,NO_CRASH,0.0000,,12.971830,77.594909
13:57:24.146,-1.090860,-0.633146,0.700251,-0.019756,0.032248,-0.260756,1.442637,0.263484,NORMAL,NO_CRASH,0.0000,,12.971828,77.594929
13:57:24.196,1.140351,-1.135049,0.570027,0.043003,-0.064919,0.079245,1.706946,0.111102,NORMAL,NO_CRASH,0.0000,,12.971831,77.594945
13:57:24.247,-0.159184,1.010448,0.308463,0.008257,-0.001389,0.035237,1.068407,0.036218,NORMAL,NO_CRASH,0.0000,,12.971818,77.594934
13:57:24.297,-0.479498,-0.727950,-0.822681,-0.086520,0.058168,0.097799,1.198596,0.142947,NORMAL,NO_CRASH,0.0000,,12.971837,77.594929
13:57:24.348,0.501250,-0.514217,1.133367,0.011062,0.169810,-0.084509,1.341712,0.189999,NORMAL,NO_CRASH,0.0000,,12.971842,77.594931
13:57:24.399,-0.052686,-0.199949,0.082582,0.147210,-0.072577,0.085058,0.222655,0.184859,NORMAL,NO_CRASH,0.0000,,12.971860,77.594934
13:57:24.449,-1.453602,-1.687737,0.172031,0.086130,0.034978,0.078155,2.234057,0.121450,NORMAL,NO_CRASH,0.0000,,12.971849,77.594950
13:57:24.499,-0.946902,-0.366472,-0.572943,0.095891,-0.034872,0.055108,1.165842,0.115965,NORMAL,NO_CRASH,0.0000,,12.971857,77.594953
13:57:24.550,-1.160366,-1.234324,2.080962,-0.098172,-0.076977,-0.118609,2.683358,0.172137,NORMAL,NO_CRASH,0.0000,,12.971865,77.594953
13:57:24.600,-0.903014,-1.210663,0.976819,0.030782,0.037099,0.128785,1.798698,0.137512,NORMAL,NO_CRASH,0.0000,,12.971853,77.594973
13:57:24.650,-0.668519,-0.299360,-0.882725,-0.024458,0.006762,-0.004984,1.147056,0.025861,NORMAL,NO_CRASH,0.0000,,12.971841,77.594972
13:57:24.701,-1.183528,0.167809,-0.953252,-0.000836,-0.090222,0.140729,1.528917,0.167169,NORMAL,NO_CRASH,0.0000,,12.971854,77.594983
13:57:24.751,0.334814,-0.284789,0.856849,0.129825,-0.039310,-0.194428,0.963013,0.237070,NORMAL,NO_CRASH,0.0000,,12.971873,77.594996
13:57:24.801,1.012113,-1.213415,2.371390,-0.127886,-0.300154,0.083953,2.849603,0.336891,NORMAL,NO_CRASH,0.0000,,12.971890,77.595018
13:57:24.852,0.791740,-0.361280,-1.339504,0.104224,0.051059,-0.021812,1.597387,0.118091,NORMAL,NO_CRASH,0.0000,,12.971886,77.595014
13:57:24.903,0.913506,1.118996,1.065799,0.045267,-0.018310,-0.161404,1.795153,0.168629,NORMAL,NO_CRASH,0.0000,,12.971907,77.595010
13:57:24.953,-0.230014,-0.108461,0.123059,-0.074167,-0.229644,0.040156,0.282514,0.244642,NORMAL,NO_CRASH,0.0000,,12.971927,77.595004
13:57:25.003,1.558263,0.237365,-1.895710,-0.005908,0.150450,-0.018406,2.465409,0.151687,NORMAL,NO_CRASH,0.0000,,12.971923,77.595001
13:57:25.056,0.726811,1.629459,-0.579292,0.059327,-0.042366,-0.027498,1.875892,0.077915,NORMAL,NO_CRASH,0.0000,,12.971936,77.594990
13:57:25.106,1.402721,0.348939,-0.409274,0.034546,-0.110857,0.078809,1.502295,0.140334,NORMAL,NO_CRASH,0.0000,,12.971926,77.594988
13:57:25.156,-0.001367,0.121556,0.116446,0.018231,0.073630,0.160273,0.168337,0.177317,NORMAL,NO_CRASH,0.0000,,12.971916,77.595005
13:57:25.207,-0.872198,-0.824973,-1.251938,-0.019351,-0.038857,-0.071570,1.734548,0.083705,NORMAL,NO_CRASH,0.0000,,12.971904,77.595018
13:57:25.257,0.237165,-0.318459,0.278616,-0.011502,-0.186178,-0.037501,0.485067,0.190265,NORMAL,NO_CRASH,0.0000,,12.971901,77.595015
13:57:25.307,-0.827703,-1.384543,-0.827496,-0.082673,0.015317,-0.043793,1.812953,0.094801,NORMAL,NO_CRASH,0.0000,,12.971914,77.595017
13:57:25.358,-1.366291,-0.121459,0.814301,-0.066589,0.060880,-0.181562,1.595177,0.202744,NORMAL,NO_CRASH,0.0000,,12.971904,77.595015
13:57:25.408,-0.612127,-0.171471,0.965196,-0.093387,-0.007042,-0.085927,1.155727,0.127098,NORMAL,NO_CRASH,0.0000,,12.971892,77.595029
13:57:25.458,-0.901739,-2.009715,-0.368224,-0.030999,-0.155114,-0.242990,2.233311,0.289940,NORMAL,NO_CRASH,0.0000,,12.971897,77.595036
13:57:25.509,-0.280465,0.270399,1.575749,-0.055521,-0.144144,0.084766,1.623194,0.176197,NORMAL,NO_CRASH,0.0000,,12.971913,77.595049
13:57:25.559,0.525488,-1.101505,1.072785,0.011846,-0.160199,0.014724,1.624906,0.161310,NORMAL,NO_CRASH,0.0000,,12.971932,77.595048
13:57:25.610,-0.176087,0.407614,1.444464,0.056903,-0.189067,0.051917,1.511169,0.204156,NORMAL,NO_CRASH,0.0000,,12.971949,77.595059
13:57:25.660,-0.276556,-2.051376,1.713392,-0.048738,-0.097035,0.001719,2.687069,0.108601,NORMAL,NO_CRASH,0.0000,,12.971968,77.595052
13:57:25.711,-0.407494,0.071114,-0.934631,-0.031471,0.011198,-0.013142,1.022078,0.035896,NORMAL,NO_CRASH,0.0000,,12.971979,77.595065
13:57:25.761,0.885177,-1.113058,-0.037460,0.003584,0.118035,-0.004218,1.422617,0.118165,NORMAL,NO_CRASH,0.0000,,12.971985,77.595068
13:57:25.811,-0.737676,1.228551,-0.125178,-0.003910,0.012989,0.129068,1.438462,0.129779,NORMAL,NO_CRASH,0.0000,,12.971993,77.595090
13:57:25.861,-0.701492,0.050346,-0.837273,-0.114322,0.029065,-0.125770,1.093459,0.172431,NORMAL,NO_CRASH,0.0000,,12.971999,77.595082
13:57:25.912,-0.990156,0.776671,0.510641,-0.056720,0.025715,0.124484,1.358080,0.139193,NORMAL,NO_CRASH,0.0000,,12.972001,77.595101
13:57:25.962,0.494977,-1.666495,0.757623,0.032844,-0.006332,0.033955,1.896365,0.047663,NORMAL,NO_CRASH,0.0000,,12.972013,77.595090
13:57:26.013,1.016592,0.691930,-1.306944,-0.043338,0.057326,-0.108379,1.794528,0.130040,NORMAL,NO_CRASH,0.0000,,12.972026,77.595096
13:57:26.063,-0.158730,-1.500775,-0.467789,-0.011257,0.265296,0.198569,1.579983,0.331570,NORMAL,NO_CRASH,0.0000,,12.972036,77.595084
13:57:26.114,-1.427683,-1.582624,-2.096191,0.051968,0.050977,0.069284,2.989481,0.100497,NORMAL,NO_CRASH,0.0000,,12.972058,77.595075
13:57:26.164,0.106309,-0.719743,1.718746,0.013929,0.148245,-0.016682,1.866392,0.149830,NORMAL,NO_CRASH,0.0000,,12.972062,77.595081
13:57:26.215,1.726921,0.904801,-1.888017,-0.081943,0.023598,-0.020196,2.713951,0.087633,NORMAL,NO_CRASH,0.0000,,12.972054,77.595068
13:57:26.265,1.080180,0.897878,1.316580,0.000623,0.009871,-0.028236,1.925190,0.029918,NORMAL,NO_CRASH,0.0000,,12.972052,77.595069
13:57:26.315,0.312587,-0.687006,1.658582,0.091118,-0.108012,0.008191,1.822246,0.141549,NORMAL,NO_CRASH,0.0000,,12.972075,77.595077
13:57:26.366,-0.499703,0.658305,-0.580929,0.037137,-0.116227,-0.106831,1.010221,0.162175,NORMAL,NO_CRASH,0.0000,,12.972091,77.595090
13:57:26.416,1.565945,0.050072,1.757531,0.038072,0.114529,-0.010298,2.354487,0.121130,NORMAL,NO_CRASH,0.0000,,12.972091,77.595113
13:57:26.467,-1.171119,0.377751,1.433664,0.091151,-0.070351,0.019893,1.889341,0.116848,NORMAL,NO_CRASH,0.0000,,12.972107,77.595116
13:57:26.517,1.095352,0.666436,-1.611328,-0.057190,0.083454,-0.121348,2.059202,0.157989,NORMAL,NO_CRASH,0.0000,,12.972122,77.595121
13:57:26.568,0.159050,1.004215,-0.311586,0.044587,0.181958,-0.004077,1.063405,0.187386,NORMAL,NO_CRASH,0.0000,,12.972111,77.595111
13:57:26.618,0.561173,0.909642,-1.777331,-0.017882,0.087776,-0.049514,2.073951,0.102353,NORMAL,NO_CRASH,0.0000,,12.972125,77.595104
13:57:26.669,-0.484375,-1.423470,-0.429705,-0.105526,-0.185343,0.010975,1.563820,0.213561,NORMAL,NO_CRASH,0.0000,,12.972141,77.595094
13:57:26.719,-1.294264,0.249010,0.631288,-0.079572,-0.020317,0.033492,1.461386,0.088692,NORMAL,NO_CRASH,0.0000,,12.972152,77.595114
13:57:26.769,-0.332635,0.910961,-1.144530,0.023642,-0.073860,0.031411,1.500149,0.083672,NORMAL,NO_CRASH,0.0000,,12.972170,77.595135
13:57:26.820,1.200380,-1.074299,1.112908,0.091713,-0.056439,0.059514,1.957957,0.123039,NORMAL,NO_CRASH,0.0000,,12.972184,77.595128
13:57:26.870,-0.057746,-0.030483,-0.284234,0.067808,-0.183606,0.017767,0.291638,0.196532,NORMAL,NO_CRASH,0.0000,,12.972183,77.595134
13:57:26.921,-0.070880,0.218290,1.818635,0.063621,-0.031655,-0.007758,1.833060,0.071483,NORMAL,NO_CRASH,0.0000,,12.972171,77.595145
13:57:26.971,0.637861,1.055826,-0.120456,-0.050148,-0.115164,0.016574,1.239413,0.126697,NORMAL,NO_CRASH,0.0000,,12.972166,77.595133
13:57:27.021,0.866916,-0.389075,2.963036,0.062681,0.125757,0.136347,3.111672,0.195791,NORMAL,NO_CRASH,0.0000,,12.972165,77.595140
13:57:27.072,0.345559,0.777400,-1.448908,-0.005005,0.050892,-0.157663,1.680207,0.165749,NORMAL,NO_CRASH,0.0000,,12.972180,77.595157
13:57:27.122,-0.276313,0.878969,-0.244314,0.062878,0.118951,0.082780,0.953218,0.157973,NORMAL,NO_CRASH,0.0000,,12.972200,77.595176
13:57:27.173,-1.473064,0.430575,-0.571955,-0.025170,-0.104159,-0.123835,1.637817,0.163761,NORMAL,NO_CRASH,0.0000,,12.972222,77.595183
13:57:27.223,-0.572012,-0.896408,-0.582501,-0.070109,-0.005770,0.019054,1.212457,0.072881,NORMAL,NO_CRASH,0.0000,,12.972225,77.595196
13:57:27.273,0.542309,0.021276,1.187762,0.048622,-0.143993,0.017792,1.305883,0.153018,NORMAL,NO_CRASH,0.0000,,12.972220,77.595199
13:57:27.324,-2.525463,1.115335,-0.508003,0.147209,0.244055,0.035546,2.807134,0.287222,NORMAL,NO_CRASH,0.0000,,12.972219,77.595216
13:57:27.374,0.381749,-0.885515,1.096185,-0.029951,-0.023230,-0.063206,1.459963,0.073701,NORMAL,NO_CRASH,0.0000,,12.972241,77.595225
13:57:27.425,0.304155,-0.156662,0.732970,-0.095531,-0.107480,-0.085696,0.808887,0.167397,NORMAL,NO_CRASH,0.0000,,12.972251,77.595247
13:57:27.475,0.103321,0.124426,1.253375,0.083205,-0.042250,-0.053520,1.263767,0.107576,NORMAL,NO_CRASH,0.0000,,12.972252,77.595269
13:57:27.526,-0.042607,-0.130880,2.116974,-0.032393,0.076441,-0.078080,2.121444,0.113969,NORMAL,NO_CRASH,0.0000,,12.972258,77.595264
13:57:27.576,0.296144,0.332714,-0.828605,-0.037087,-0.035961,-0.147063,0.940737,0.155872,NORMAL,NO_CRASH,0.0000,,12.972258,77.595264
13:57:27.626,0.691872,-1.430492,-1.419021,-0.040751,-0.129424,-0.096916,2.130402,0.166745,NORMAL,NO_CRASH,0.0000,,12.972249,77.595272
13:57:27.677,-1.635301,-0.113589,-1.110602,0.026936,0.139617,0.184058,1.980038,0.232584,NORMAL,NO_CRASH,0.0000,,12.972238,77.595285
13:57:27.727,-0.214164,-0.328755,1.761406,0.069684,0.079791,-0.025464,1.804577,0.108953,NORMAL,NO_CRASH,0.0000,,12.972235,77.595307
13:57:27.778,-1.379566,-0.061782,-1.505504,-0.005472,-0.031845,0.019966,2.042930,0.037983,NORMAL,NO_CRASH,0.0000,,12.972237,77.595331
13:57:27.828,0.640362,0.957812,2.107084,-0.041112,-0.285166,-0.012899,2.401514,0.288402,NORMAL,NO_CRASH,0.0000,,12.972231,77.595348
13:57:27.878,-0.749811,1.262942,-0.300791,-0.040927,0.086694,-0.215643,1.499238,0.235993,NORMAL,NO_CRASH,0.0000,,12.972236,77.595345
13:57:27.929,-0.093584,-0.419790,-0.471470,-0.001276,0.071149,-0.161410,0.638173,0.176400,NORMAL,NO_CRASH,0.0000,,12.972244,77.595357
13:57:27.979,-0.025397,-1.691840,0.640543,0.033687,0.011762,-0.092713,1.809216,0.099342,NORMAL,NO_CRASH,0.0000,,12.972233,77.595372
13:57:28.029,-0.523128,0.018074,1.135168,0.017277,-0.239939,0.033031,1.250038,0.242817,NORMAL,NO_CRASH,0.0000,,12.972243,77.595362
13:57:28.080,0.411264,-0.397648,0.316382,-0.019493,0.175717,-0.103250,0.653728,0.204736,NORMAL,NO_CRASH,0.0000,,12.972256,77.595363
13:57:28.130,-0.441559,-0.682973,0.561231,0.105983,0.102598,-0.162943,0.988133,0.219794,NORMAL,NO_CRASH,0.0000,,12.972272,77.595385
13:57:28.181,0.385070,-0.360373,-0.588106,0.038830,-0.042491,0.062049,0.789948,0.084636,NORMAL,NO_CRASH,0.0000,,12.972281,77.595395
13:57:28.231,-0.755028,1.065759,0.394012,0.047401,0.022203,0.311195,1.364242,0.315567,NORMAL,NO_CRASH,0.0000,,12.972289,77.595419
13:57:28.282,-0.081158,0.228377,-0.384818,-0.024886,-0.049608,0.053804,0.454783,0.077299,NORMAL,NO_CRASH,0.0000,,12.972287,77.595419
13:57:28.332,-0.493184,-0.357162,1.045388,-0.002537,0.124740,-0.172340,1.209806,0.212762,NORMAL,NO_CRASH,0.0000,,12.972306,77.595442
13:57:28.383,0.174535,0.315073,0.174497,0.050700,0.179904,-0.076748,0.400228,0.202055,NORMAL,NO_CRASH,0.0000,,12.972322,77.595429
13:57:28.433,-1.095480,0.592061,-0.176853,-0.011836,0.145932,-0.058282,1.257732,0.157585,NORMAL,NO_CRASH,0.0000,,12.972335,77.595426
13:57:28.483,-0.447378,1.283690,0.363325,-0.067779,0.008499,0.020187,1.407129,0.071230,NORMAL,NO_CRASH,0.0000,,12.972353,77.595420
13:57:28.534,1.259937,-0.848151,0.113496,-0.056343,-0.042698,0.024290,1.523051,0.074751,NORMAL,NO_CRASH,0.0000,,12.972374,77.595425
13:57:28.584,0.353215,-1.255204,-1.124778,0.102762,0.096137,-0.015109,1.722040,0.141530,NORMAL,NO_CRASH,0.0000,,12.972385,77.595422
13:57:28.634,-0.158473,1.486803,1.166446,0.055764,-0.148616,0.020662,1.896390,0.160073,NORMAL,NO_CRASH,0.0000,,12.972400,77.595412
13:57:28.685,0.954903,0.380477,-0.095125,0.034718,-0.058288,0.077719,1.032304,0.103165,NORMAL,NO_CRASH,0.0000,,12.972403,77.595430
13:57:28.735,0.423712,1.557209,1.253895,0.010008,0.022277,0.002518,2.043694,0.024551,NORMAL,NO_CRASH,0.0000,,12.972420,77.595445
13:57:28.786,-0.205208,-0.429597,1.333774,-0.015080,-0.079554,0.042398,1.416198,0.091400,NORMAL,NO_CRASH,0.0000,,12.972428,77.595448
13:57:28.836,0.267578,0.653080,-1.130883,-0.027426,-0.144516,-0.257917,1.333045,0.296915,NORMAL,NO_CRASH,0.0000,,12.972442,77.595447
13:57:28.887,0.252349,-0.629917,-0.301967,-0.070214,0.001698,0.156331,0.742738,0.171384,NORMAL,NO_CRASH,0.0000,,12.972438,77.595458
13:57:28.937,0.831390,-0.696079,-0.163821,0.030193,0.106820,-0.073012,1.096619,0.132864,NORMAL,NO_CRASH,0.0000,,12.972448,77.595465
13:57:28.988,0.628301,-0.268912,1.489959,0.082869,-0.039902,-0.104109,1.639224,0.138918,NORMAL,NO_CRASH,0.0000,,12.972456,77.595465
13:57:29.038,-0.404661,0.518535,-1.000944,0.032123,0.051083,-0.008940,1.197714,0.061002,NORMAL,NO_CRASH,0.0000,,12.972472,77.595478
13:57:29.092,-1.238480,0.896502,0.014850,0.034664,0.187253,0.085203,1.528977,0.208626,NORMAL,NO_CRASH,0.0000,,12.972473,77.595484
13:57:29.142,-0.642349,-0.798269,-0.199271,-0.080498,-0.071695,-0.184840,1.043817,0.213976,NORMAL,NO_CRASH,0.0000,,12.972478,77.595506
13:57:29.192,0.135233,-0.089851,-0.468934,0.046523,0.003156,-0.018389,0.496246,0.050125,NORMAL,NO_CRASH,0.0000,,12.972501,77.595495
13:57:29.243,0.543020,0.235898,-1.134793,-0.064247,0.183475,-0.090997,1.279951,0.214642,NORMAL,NO_CRASH,0.0000,,12.972510,77.595514
13:57:29.293,0.392295,0.245656,-0.222134,-0.012911,-0.294926,0.079788,0.513406,0.305801,NORMAL,NO_CRASH,0.0000,,12.972531,77.595504
13:57:29.344,-0.282802,0.963751,-0.113314,-0.023513,-0.035219,0.040148,1.010759,0.058354,NORMAL,NO_CRASH,0.0000,,12.972541,77.595514
13:57:29.394,0.944876,-1.146363,-2.018888,0.071011,-0.045903,0.076204,2.506561,0.113827,NORMAL,NO_CRASH,0.0000,,12.972547,77.595533
13:57:29.445,-0.067281,0.250706,0.292919,0.042128,0.006447,0.074273,0.391384,0.085631,NORMAL,NO_CRASH,0.0000,,12.972543,77.595520
13:57:29.495,0.020111,0.416232,1.291050,0.105279,-0.146459,-0.017257,1.356637,0.181195,NORMAL,NO_CRASH,0.0000,,12.972531,77.595539
13:57:29.546,-0.851768,-0.301700,-0.461090,-0.071279,0.113790,0.117569,1.014463,0.178469,NORMAL,NO_CRASH,0.0000,,12.972532,77.595535
13:57:29.596,-1.345091,1.212913,0.029731,0.038109,0.043883,0.008090,1.811439,0.058681,NORMAL,NO_CRASH,0.0000,,12.972520,77.595550
13:57:29.647,0.080478,0.385036,-0.798367,0.005195,0.031088,-0.026433,0.890010,0.041135,NORMAL,NO_CRASH,0.0000,,12.972542,77.595573
13:57:29.697,0.602269,0.384258,-1.894285,0.043084,-0.128707,-0.021027,2.024524,0.137346,NORMAL,NO_CRASH,0.0000,,12.972560,77.595565
13:57:29.748,-0.193071,1.146936,-1.751135,0.002555,-0.054263,-0.012359,2.102193,0.055711,NORMAL,NO_CRASH,0.0000,,12.972583,77.595576
13:57:29.798,1.303690,0.402515,1.877215,-0.017923,-0.078026,-0.066671,2.320681,0.104184,NORMAL,NO_CRASH,0.0000,,12.972600,77.595569
13:57:29.849,-1.309867,0.100936,-0.667658,0.017953,-0.045269,0.088803,1.473672,0.101279,NORMAL,NO_CRASH,0.0000,,12.972591,77.595561
13:57:29.899,0.001866,0.981588,-1.225227,-0.006324,0.165384,-0.148527,1.569936,0.222378,NORMAL,NO_CRASH,0.0000,,12.972582,77.595564
13:57:29.950,0.192980,1.367269,-1.149481,0.068090,0.082534,-0.139018,1.796655,0.175425,NORMAL,NO_CRASH,0.0000,,12.972591,77.595570
13:57:30.000,0.937438,-0.545453,-0.867242,-0.018195,-0.184979,-0.024907,1.388674,0.187533,NORMAL,NO_CRASH,0.0000,,12.972588,77.595566
13:57:30.051,0.792947,-0.490862,-0.923572,0.010516,0.005297,-0.231352,1.312515,0.231652,NORMAL,NO_CRASH,0.0000,,12.972589,77.595581
13:57:30.101,0.278484,-0.935090,2.449632,-0.024049,0.197669,0.097657,2.636786,0.221784,NORMAL,NO_CRASH,0.0000,,12.972599,77.595583
13:57:30.152,-0.423094,0.708757,1.475067,0.075850,-0.078030,0.001390,1.690315,0.108829,NORMAL,NO_CRASH,0.0000,,12.972592,77.595588
13:57:30.202,-0.264209,-0.207206,0.817661,0.106051,0.080869,0.095304,0.883917,0.163918,NORMAL,NO_CRASH,0.0000,,12.972587,77.595598
13:57:30.252,-0.061116,0.064694,1.384952,-0.002784,0.008677,0.066600,1.387809,0.067221,NORMAL,NO_CRASH,0.0000,,12.972591,77.595614
13:57:30.303,0.961162,1.213120,2.120544,0.036247,0.141908,-0.070792,2.625300,0.162675,NORMAL,NO_CRASH,0.0000,,12.972595,77.595619
13:57:30.353,0.783922,0.584992,1.044059,0.064235,0.105811,-0.074788,1.430667,0.144622,NORMAL,NO_CRASH,0.0000,,12.972588,77.595637
13:57:30.404,0.190571,-0.582764,-1.946445,0.010934,0.019830,0.084857,2.040730,0.087827,NORMAL,NO_CRASH,0.0000,,12.972584,77.595629
13:57:30.454,0.176591,0.310565,0.606415,0.033087,0.071527,0.039144,0.703828,0.087995,NORMAL,NO_CRASH,0.0000,,12.972594,77.595646
13:57:30.504,0.296107,-0.260039,0.011679,-0.023042,0.171544,-0.258579,0.394254,0.311161,NORMAL,NO_CRASH,0.0000,,12.972590,77.595637
13:57:30.555,-1.533286,-0.145288,-0.036447,0.062479,0.016872,0.134306,1.540585,0.149085,NORMAL,NO_CRASH,0.0000,,12.972590,77.595658
13:57:30.605,-0.390155,0.650765,0.325375,0.016350,0.376799,-0.075121,0.825582,0.384563,NORMAL,NO_CRASH,0.0000,,12.972607,77.595654
13:57:30.656,-0.381398,0.413215,0.146411,-0.120888,0.141618,0.063552,0.581075,0.196745,NORMAL,NO_CRASH,0.0000,,12.972613,77.595651
13:57:30.706,-0.379377,-0.708988,0.735860,-0.039990,0.060710,0.126284,1.089991,0.145714,NORMAL,NO_CRASH,0.0000,,12.972607,77.595653
13:57:30.756,-0.667638,2.285141,0.442156,-0.052686,0.109276,-0.005874,2.421387,0.121456,NORMAL,NO_CRASH,0.0000,,12.972621,77.595664
13:57:30.807,0.381222,-0.425826,-1.260397,-0.007186,-0.034806,-0.079985,1.383929,0.087526,NORMAL,NO_CRASH,0.0000,,12.972615,77.595675
13:57:30.857,-0.194813,1.517443,-0.360499,-0.000549,0.122169,-0.179790,1.571797,0.217370,NORMAL,NO_CRASH,0.0000,,12.972633,77.595672
13:57:30.908,-0.420172,0.584419,0.130138,0.029861,-0.062407,0.053042,0.731454,0.087177,NORMAL,NO_CRASH,0.0000,,12.972650,77.595680
13:57:30.958,-1.221026,-0.824494,-1.528629,0.015694,-0.155232,0.058989,2.123064,0.166802,NORMAL,NO_CRASH,0.0000,,12.972644,77.595684
13:57:31.009,-0.631289,-1.311536,2.154367,-0.045471,0.051042,-0.027780,2.599990,0.073787,NORMAL,NO_CRASH,0.0000,,12.972634,77.595700
13:57:31.059,-0.465527,-1.209099,0.106921,0.035247,0.142361,0.209421,1.300026,0.255668,NORMAL,NO_CRASH,0.0000,,12.972634,77.595689
13:57:31.110,-0.785474,0.504240,0.383459,-0.171954,-0.022637,-0.094456,1.009093,0.197490,NORMAL,NO_CRASH,0.0000,,12.972626,77.595712
13:57:31.160,1.554413,-1.253862,-1.591073,-0.002229,0.028300,-0.179760,2.553407,0.181988,NORMAL,NO_CRASH,0.0000,,12.972619,77.595706
13:57:31.210,0.568400,-0.735389,1.183037,-0.012545,0.128717,0.070889,1.504478,0.147481,NORMAL,NO_CRASH,0.0000,,12.972641,77.595724
13:57:31.261,-0.279220,-0.455164,-0.804872,0.019099,-0.005906,-0.005540,0.965897,0.020745,NORMAL,NO_CRASH,0.0000,,12.972661,77.595743
13:57:31.311,-0.980470,0.875474,-1.476453,0.084856,0.055290,0.083458,1.976788,0.131236,NORMAL,NO_CRASH,0.0000,,12.972653,77.595735
13:57:31.362,-1.336040,-0.660526,0.475588,0.051274,0.000291,-0.050370,1.564443,0.071876,NORMAL,NO_CRASH,0.0000,,12.972667,77.595722
13:57:31.412,1.255574,-1.286381,0.842412,0.033183,-0.056067,-0.236936,1.985170,0.245730,NORMAL,NO_CRASH,0.0000,,12.972671,77.595730
13:57:31.463,0.963389,-0.754529,1.254616,-0.053867,0.166750,-0.100056,1.752567,0.201788,NORMAL,NO_CRASH,0.0000,,12.972680,77.595742
13:57:31.513,0.821649,-0.157860,-2.369773,-0.042266,0.148385,-0.072852,2.513136,0.170622,NORMAL,NO_CRASH,0.0000,,12.972700,77.595765
13:57:31.564,-0.678642,-1.629616,-0.452387,0.077214,0.217664,0.061920,1.822322,0.239110,NORMAL,NO_CRASH,0.0000,,12.972718,77.595758
13:57:31.614,-1.222558,1.087563,1.113013,-0.034800,-0.131495,0.091980,1.978949,0.164202,NORMAL,NO_CRASH,0.0000,,12.972709,77.595763
13:57:31.664,-0.831947,-1.130436,-0.409222,0.049044,-0.015517,-0.096829,1.462014,0.109645,NORMAL,NO_CRASH,0.0000,,12.972723,77.595754
13:57:31.715,-0.383256,0.697199,0.527831,-0.047010,0.013055,-0.193362,0.954766,0.199422,NORMAL,NO_CRASH,0.0000,,12.972714,77.595756
13:57:31.765,0.231341,1.252941,-0.523677,0.074536,-0.326516,-0.167365,1.377540,0.374405,NORMAL,NO_CRASH,0.0000,,12.972719,77.595752
13:57:31.816,0.330071,0.162307,0.501882,0.073154,-0.045135,0.019838,0.622235,0.088217,NORMAL,NO_CRASH,0.0000,,12.972708,77.595739
13:57:31.866,0.176579,-1.403199,-0.918450,0.123717,-0.097702,0.009215,1.686327,0.157913,NORMAL,NO_CRASH,0.0000,,12.972699,77.595762
13:57:31.917,-0.702829,0.757241,0.866774,0.032803,-0.228421,0.042321,1.348584,0.234612,NORMAL,NO_CRASH,0.0000,,12.972700,77.595775
13:57:31.967,-1.157777,0.608660,1.423744,0.030354,-0.013444,0.030994,1.933380,0.045417,NORMAL,NO_CRASH,0.0000,,12.972689,77.595791
13:57:32.018,-0.985700,-1.417543,0.080938,0.048497,0.032064,-0.043218,1.728462,0.072442,NORMAL,NO_CRASH,0.0000,,12.972692,77.595814
13:57:32.069,-0.290695,-2.228529,-1.235233,0.045514,-0.010124,0.090343,2.564497,0.101665,NORMAL,NO_CRASH,0.0000,,12.972698,77.595814
13:57:32.120,-0.398542,0.415516,2.103724,0.004088,0.060886,0.069013,2.181088,0.092123,NORMAL,NO_CRASH,0.0000,,12.972717,77.595830
13:57:32.170,-0.472113,-0.965252,2.293130,-0.031055,-0.182319,0.057120,2.532399,0.193565,NORMAL,NO_CRASH,0.0000,,12.972717,77.595824
13:57:32.220,0.333912,-0.102631,-1.520294,0.073506,0.002725,-0.059086,1.559912,0.094349,NORMAL,NO_CRASH,0.0000,,12.972737,77.595817
13:57:32.271,-1.767115,-1.753321,0.752624,0.010583,0.077899,-0.030036,2.600630,0.084157,NORMAL,NO_CRASH,0.0000,,12.972728,77.595827
13:57:32.322,-0.569074,0.188707,-2.772641,-0.066266,-0.215697,-0.117598,2.836723,0.254452,NORMAL,NO_CRASH,0.0000,,12.972718,77.595844
13:57:32.372,-0.063828,-0.843146,-0.826733,0.058731,-0.058475,0.024297,1.182564,0.086366,NORMAL,NO_CRASH,0.0000,,12.972716,77.595838
13:57:32.423,-0.007098,-0.299135,1.152523,-0.056655,-0.161542,0.039276,1.190731,0.175637,NORMAL,NO_CRASH,0.0000,,12.972729,77.595831
13:57:32.473,-0.721921,0.017410,0.740525,-0.014913,-0.089723,0.008137,1.034336,0.091317,NORMAL,NO_CRASH,0.0000,,12.972720,77.595819
13:57:32.523,0.696695,0.330706,0.407558,0.045598,0.278238,-0.100847,0.872269,0.299442,NORMAL,NO_CRASH,0.0000,,12.972708,77.595831
13:57:32.574,-3.192949,0.245578,0.496002,0.017337,0.077353,-0.171828,3.240563,0.189232,NORMAL,NO_CRASH,0.0000,,12.972718,77.595850
13:57:32.624,0.079551,-0.271676,0.447687,-0.057652,0.101519,0.048830,0.529679,0.126547,NORMAL,NO_CRASH,0.0000,,12.972715,77.595839
13:57:32.675,0.572605,1.138356,-0.323376,-0.099379,0.188299,0.019767,1.314650,0.213831,NORMAL,NO_CRASH,0.0000,,12.972719,77.595844
13:57:32.725,-1.492904,-0.707497,-0.521796,0.083392,-0.090282,0.172360,1.732508,0.211691,NORMAL,NO_CRASH,0.0000,,12.972739,77.595853
13:57:32.776,-1.162291,1.055974,-0.174275,0.086952,-0.173977,-0.086909,1.579992,0.213030,NORMAL,NO_CRASH,0.0000,,12.972738,77.595858
13:57:32.826,-0.556751,1.080982,-0.381084,-0.021212,-0.040612,0.122336,1.274252,0.130634,NORMAL,NO_CRASH,0.0000,,12.972741,77.595855
13:57:32.876,1.377575,0.878434,0.342495,-0.028621,0.080504,0.036955,1.669329,0.093090,NORMAL,NO_CRASH,0.0000,,12.972762,77.595865
13:57:32.927,0.058094,1.110184,-1.665615,0.017252,-0.029215,0.001329,2.002538,0.033955,NORMAL,NO_CRASH,0.0000,,12.972777,77.595866
13:57:32.977,0.740155,-0.115309,-0.876005,0.005089,-0.141138,-0.145505,1.152610,0.202775,NORMAL,NO_CRASH,0.0000,,12.972790,77.595869
13:57:33.028,-0.474798,-1.407957,0.096116,-0.059725,0.011771,0.148430,1.488964,0.160428,NORMAL,NO_CRASH,0.0000,,12.972787,77.595883
13:57:33.078,0.074494,-0.705247,0.902212,-0.064699,-0.174186,0.252434,1.147567,0.313448,NORMAL,NO_CRASH,0.0000,,12.972777,77.595881
13:57:33.128,0.453763,-0.216158,0.631377,-0.004782,0.075970,-0.050690,0.807008,0.091453,NORMAL,NO_CRASH,0.0000,,12.972787,77.595877
13:57:33.179,-0.065670,-1.050294,0.331521,0.005208,-0.066536,-0.053811,1.103329,0.085730,NORMAL,NO_CRASH,0.0000,,12.972799,77.595884
13:57:33.229,-0.864956,0.382804,-2.943594,0.045288,-0.069588,-0.050958,3.091834,0.097418,NORMAL,NO_CRASH,0.0000,,12.972806,77.595873
13:57:33.280,-0.656854,0.595715,0.470536,0.020716,0.074559,0.010070,1.003862,0.078036,NORMAL,NO_CRASH,0.0000,,12.972812,77.595892
13:57:33.330,-1.463981,0.735789,-0.252874,0.059413,0.031017,-0.095946,1.657882,0.117036,NORMAL,NO_CRASH,0.0000,,12.972815,77.595907
13:57:33.381,0.502855,-0.554542,-0.435778,-0.007168,-0.187970,0.024933,0.866189,0.189752,NORMAL,NO_CRASH,0.0000,,12.972835,77.595901
13:57:33.431,-0.550365,-0.827343,-0.066322,0.050404,-0.019980,-0.110328,0.995890,0.122931,NORMAL,NO_CRASH,0.0000,,12.972832,77.595896
13:57:33.482,0.581326,0.404341,-1.046477,-0.048127,-0.042809,-0.139232,1.263545,0.153409,NORMAL,NO_CRASH,0.0000,,12.972854,77.595917
13:57:33.532,1.845906,0.531595,0.175975,0.034203,-0.107829,-0.004109,1.928972,0.113198,NORMAL,NO_CRASH,0.0000,,12.972845,77.595930
13:57:33.583,-0.846580,0.730567,0.886977,-0.052222,-0.134626,-0.045719,1.427289,0.151465,NORMAL,NO_CRASH,0.0000,,12.972854,77.595945
13:57:33.633,-0.118414,-0.957607,0.245993,0.088493,-0.015120,-0.019228,0.995764,0.091812,NORMAL,NO_CRASH,0.0000,,12.972851,77.595958
13:57:33.683,0.366816,0.317204,-0.100214,-0.060955,0.039237,0.019117,0.495191,0.074970,NORMAL,NO_CRASH,0.0000,,12.972853,77.595949
13:57:33.734,-0.458980,0.513701,0.837883,-0.099143,0.194020,-0.048171,1.084712,0.223145,NORMAL,NO_CRASH,0.0000,,12.972846,77.595952
13:57:33.784,-0.653472,0.011235,-0.329345,-0.009615,-0.010279,-0.175518,0.731861,0.176081,NORMAL,NO_CRASH,0.0000,,12.972856,77.595968
13:57:33.834,0.886952,-0.407788,-1.143596,0.060546,0.055166,-0.200950,1.503591,0.217002,NORMAL,NO_CRASH,0.0000,,12.972875,77.595984
13:57:33.885,0.095914,-1.029093,-0.813140,0.075397,0.042129,0.099535,1.315078,0.131783,NORMAL,NO_CRASH,0.0000,,12.972873,77.596002
13:57:33.935,1.243534,0.027624,-0.432535,0.076265,-0.064221,-0.053662,1.316900,0.113227,NORMAL,NO_CRASH,0.0000,,12.972864,77.595991
13:57:33.985,0.348179,0.990198,-0.943890,0.063658,-0.067857,-0.157233,1.411613,0.182699,NORMAL,NO_CRASH,0.0000,,12.972871,77.596007
13:57:34.035,-0.274448,-1.828260,0.426433,-0.111070,-0.016164,-0.009920,1.897288,0.112678,NORMAL,NO_CRASH,0.0000,,12.972868,77.595996
13:57:34.086,0.284315,-1.803751,0.809693,0.101051,-0.050532,-0.122914,1.997487,0.166951,NORMAL,NO_CRASH,0.0000,,12.972862,77.595999
13:57:34.136,-2.091835,0.309884,-0.483957,-0.050997,-0.149901,0.147590,2.169336,0.216458,NORMAL,NO_CRASH,0.0000,,12.972859,77.596004
13:57:34.186,-0.130043,-0.054980,2.172874,-0.017160,-0.138380,0.003329,2.177456,0.139480,NORMAL,NO_CRASH,0.0000,,12.972868,77.596001
13:57:34.237,1.370343,-0.378273,0.411161,0.010719,0.112139,0.248281,1.479859,0.272642,NORMAL,NO_CRASH,0.0000,,12.972863,77.595992
13:57:34.287,-2.504137,0.115927,-0.485524,-0.003803,-0.029534,0.039089,2.553405,0.049139,NORMAL,NO_CRASH,0.0000,,12.972862,77.596011
13:57:34.338,-0.406779,0.709957,0.235309,0.130187,0.302194,0.119976,0.851398,0.350234,NORMAL,NO_CRASH,0.0000,,12.972864,77.596005
13:57:34.388,-0.578977,-1.258591,0.905786,-0.103446,0.129570,0.256513,1.655208,0.305431,NORMAL,NO_CRASH,0.0000,,12.972863,77.596006
13:57:34.438,-0.118489,0.746768,-2.071654,0.046624,-0.021931,0.114959,2.205323,0.125978,NORMAL,NO_CRASH,0.0000,,12.972868,77.596025
13:57:34.489,0.274556,0.430712,0.759195,0.105914,-0.104881,0.103436,0.915025,0.181430,NORMAL,NO_CRASH,0.0000,,12.972870,77.596018
13:57:34.539,1.508645,-0.225506,1.128271,-0.021784,-0.209712,-0.032525,1.897329,0.213335,NORMAL,NO_CRASH,0.0000,,12.972877,77.596029
13:57:34.590,-0.858219,-0.472775,0.669037,-0.003254,-0.189013,-0.070035,1.186451,0.201597,NORMAL,NO_CRASH,0.0000,,12.972875,77.596034
13:57:34.640,-1.352667,0.173015,-0.529359,0.115740,-0.127565,0.098348,1.462827,0.198346,NORMAL,NO_CRASH,0.0000,,12.972878,77.596029
13:57:34.691,1.051609,0.649930,1.749522,0.097043,0.163967,0.029115,2.142223,0.192744,NORMAL,NO_CRASH,0.0000,,12.972877,77.596036
13:57:34.741,-0.092284,-1.310970,0.503490,0.120045,0.023720,0.205035,1.407360,0.238773,NORMAL,NO_CRASH,0.0000,,12.972884,77.596054
13:57:34.792,-0.557818,-0.472199,0.782673,0.037097,0.258653,0.070075,1.070845,0.270533,NORMAL,NO_CRASH,0.0000,,12.972905,77.596063
13:57:34.842,0.616368,-0.988790,-0.254840,-0.003867,-0.053207,0.318180,1.192710,0.322621,NORMAL,NO_CRASH,0.0000,,12.972917,77.596063
13:57:34.893,0.257184,-0.325024,0.330334,0.040282,0.025095,-0.120620,0.530005,0.129621,NORMAL,NO_CRASH,0.0000,,12.972916,77.596066
13:57:34.943,-1.037539,-0.410983,1.697829,0.034011,0.130182,-0.092983,2.031752,0.163555,NORMAL,NO_CRASH,0.0000,,12.972930,77.596067
13:57:34.993,0.000299,-1.109656,1.411473,0.092529,-0.105194,0.016501,1.795437,0.141066,NORMAL,NO_CRASH,0.0000,,12.972944,77.596065
13:57:35.044,1.704841,-0.985943,0.134606,0.053929,-0.167242,-0.051447,1.974002,0.183099,NORMAL,NO_CRASH,0.0000,,12.972940,77.596061
13:57:35.094,-1.168693,0.347231,0.405843,0.086685,-0.133440,0.036254,1.284960,0.163202,NORMAL,NO_CRASH,0.0000,,12.972930,77.596080
13:57:35.144,-0.533094,0.019398,0.369744,-0.116207,-0.036015,0.024196,0.649058,0.124043,NORMAL,NO_CRASH,0.0000,,12.972947,77.596071
13:57:35.195,-0.289847,-0.314148,1.084446,0.103618,0.097581,0.039441,1.165643,0.147696,NORMAL,NO_CRASH,0.0000,,12.972961,77.596058
13:57:35.245,-0.526468,2.081718,-0.379696,-0.060928,-0.014639,0.293233,2.180571,0.299854,NORMAL,NO_CRASH,0.0000,,12.972955,77.596051
13:57:35.296,1.398630,-1.518040,-0.914486,0.012009,0.097239,0.044164,2.257631,0.107471,NORMAL,NO_CRASH,0.0000,,12.972977,77.596060
13:57:35.347,-1.551190,0.633225,-0.707517,0.152833,-0.032161,-0.052647,1.818721,0.164815,NORMAL,NO_CRASH,0.0000,,12.972991,77.596055
13:57:35.397,-0.877007,0.586932,-0.058641,-0.057009,-0.007155,-0.260970,1.056915,0.267221,NORMAL,NO_CRASH,0.0000,,12.972981,77.596049
13:57:35.447,0.633111,-1.023476,1.682209,-0.001366,-0.057804,0.074918,2.068371,0.094635,NORMAL,NO_CRASH,0.0000,,12.972973,77.596051
13:57:35.498,0.556532,1.742794,-0.932082,0.072591,0.145028,0.025406,2.053250,0.164158,NORMAL,NO_CRASH,0.0000,,12.972990,77.596041
13:57:35.548,0.070318,0.400939,0.849977,-0.031584,-0.249735,-0.152963,0.942421,0.294555,NORMAL,NO_CRASH,0.0000,,12.973006,77.596047
13:57:35.599,0.292165,0.133169,0.022167,-0.073671,0.016373,0.131202,0.321847,0.151359,NORMAL,NO_CRASH,0.0000,,12.973025,77.596059
13:57:35.649,-1.201336,0.238588,-0.540027,-0.012545,-0.114920,-0.174684,1.338566,0.209472,NORMAL,NO_CRASH,0.0000,,12.973016,77.596080
13:57:35.700,-0.025732,-0.112635,0.615622,-0.053921,0.203893,0.065983,0.626370,0.220983,NORMAL,NO_CRASH,0.0000,,12.973027,77.596087
13:57:35.750,0.110693,0.178954,0.333855,-0.018350,-0.051601,0.171820,0.394635,0.180337,NORMAL,NO_CRASH,0.0000,,12.973045,77.596109
13:57:35.801,-0.962451,0.267065,-0.841880,-0.067933,-0.085076,-0.035705,1.306292,0.114576,NORMAL,NO_CRASH,0.0000,,12.973047,77.596100
13:57:35.852,-1.652440,0.574891,-0.386918,0.030554,0.214639,0.016574,1.791860,0.217435,NORMAL,NO_CRASH,0.0000,,12.973055,77.596098
13:57:35.902,-0.016552,0.071353,-0.537802,0.045529,-0.026536,0.023723,0.542767,0.057791,NORMAL,NO_CRASH,0.0000,,12.973073,77.596119
13:57:35.952,-0.469218,0.798582,0.221745,-0.035413,-0.038379,-0.005811,0.952402,0.052543,NORMAL,NO_CRASH,0.0000,,12.973086,77.596140
13:57:36.003,-0.478393,-0.766944,1.978408,-0.056243,-0.114892,0.055993,2.175123,0.139638,NORMAL,NO_CRASH,0.0000,,12.973075,77.596142
13:57:36.053,-0.369683,0.562635,0.509801,0.053728,0.100824,0.040642,0.844465,0.121260,NORMAL,NO_CRASH,0.0000,,12.973081,77.596148
13:57:36.104,-0.751529,-0.071260,1.062328,-0.058114,0.017235,0.008626,1.303232,0.061227,NORMAL,NO_CRASH,0.0000,,12.973099,77.596137
13:57:36.154,0.927712,-0.661184,-0.624024,0.024314,0.072437,-0.046455,1.298930,0.089422,NORMAL,NO_CRASH,0.0000,,12.973116,77.596134
13:57:36.204,-0.232830,-0.011659,0.623503,0.012503,-0.000833,-0.182897,0.665659,0.183325,NORMAL,NO_CRASH,0.0000,,12.973114,77.596138
13:57:36.255,0.007465,-0.670459,1.458331,0.030051,0.046960,0.071274,1.605086,0.090489,NORMAL,NO_CRASH,0.0000,,12.973114,77.596133
13:57:36.305,-2.333995,0.653294,-0.165424,-0.044746,-0.071041,0.049871,2.429340,0.097654,NORMAL,NO_CRASH,0.0000,,12.973120,77.596136
13:57:36.355,-0.406427,-0.916865,1.930558,0.036740,0.169547,0.058843,2.175518,0.183190,NORMAL,NO_CRASH,0.0000,,12.973140,77.596128
13:57:36.406,-0.035735,0.193958,0.180624,-0.020152,0.160040,0.206670,0.267435,0.262167,NORMAL,NO_CRASH,0.0000,,12.973138,77.596149
13:57:36.456,-0.632490,1.411852,0.607370,0.046243,0.028506,0.020060,1.662007,0.057908,NORMAL,NO_CRASH,0.0000,,12.973141,77.596145
13:57:36.506,-0.142809,0.747003,-0.394420,-0.028404,0.078442,-0.183434,0.856723,0.201514,NORMAL,NO_CRASH,0.0000,,12.973156,77.596135
13:57:36.557,0.153138,-0.087031,0.018084,-0.018599,0.027117,0.013925,0.177067,0.035709,NORMAL,NO_CRASH,0.0000,,12.973160,77.596144
13:57:36.607,-0.354774,-1.013266,0.068908,-0.005373,0.057917,0.064176,1.075788,0.086613,NORMAL,NO_CRASH,0.0000,,12.973158,77.596149
13:57:36.658,0.465877,0.587679,0.742014,-0.020562,-0.046871,-0.077307,1.054985,0.092715,NORMAL,NO_CRASH,0.0000,,12.973153,77.596163
13:57:36.708,-0.848393,1.991935,0.452546,0.125510,0.056653,0.034332,2.211871,0.141919,NORMAL,NO_CRASH,0.0000,,12.973156,77.596153
13:57:36.759,0.702214,-0.578083,0.350505,0.045244,-0.016021,-0.072507,0.974751,0.086953,NORMAL,NO_CRASH,0.0000,,12.973162,77.596148
13:57:36.809,0.997525,0.703548,-0.347740,-0.030491,-0.008714,-0.049754,1.269236,0.059001,NORMAL,NO_CRASH,0.0000,,12.973160,77.596166
13:57:36.860,0.989935,-1.249550,0.707377,0.112205,-0.099036,-0.032569,1.744055,0.153163,NORMAL,NO_CRASH,0.0000,,12.973156,77.596156
13:57:36.910,-1.987795,1.322427,-0.365353,0.003234,-0.034020,0.047883,2.415289,0.058827,NORMAL,NO_CRASH,0.0000,,12.973144,77.596162
13:57:36.961,-0.228920,-0.329178,-1.584694,-0.046278,-0.051228,0.047395,1.634631,0.083739,NORMAL,NO_CRASH,0.0000,,12.973158,77.596173
13:57:37.011,0.591671,0.315670,-0.917642,0.005617,-0.140458,0.105310,1.136569,0.175642,NORMAL,NO_CRASH,0.0000,,12.973170,77.596168
13:57:37.062,0.603874,-0.808842,-0.177407,0.103781,-0.161335,0.108964,1.024872,0.220619,NORMAL,NO_CRASH,0.0000,,12.973162,77.596183
13:57:37.112,-1.890880,0.362849,-0.447484,-0.043222,0.136211,-0.095929,1.976696,0.172116,AGGRESSIVE,NO_CRASH,0.0000,,12.973158,77.596206
13:57:37.162,0.559099,-0.407432,0.631400,-0.020329,0.092100,0.223270,0.936621,0.242374,AGGRESSIVE,NO_CRASH,0.0000,,12.973154,77.596201
13:57:37.212,-0.310686,0.512047,1.242527,-0.047511,0.038734,-0.123189,1.379345,0.137598,AGGRESSIVE,NO_CRASH,0.0000,,12.973146,77.596204
13:57:37.263,1.342958,0.452453,0.761219,0.062364,0.111828,0.267987,1.608634,0.297005,AGGRESSIVE,NO_CRASH,0.0000,,12.973143,77.596227
13:57:37.314,-1.603987,-0.589412,0.262281,0.118816,-0.034957,0.030131,1.728864,0.127464,AGGRESSIVE,NO_CRASH,0.0000,,12.973155,77.596218
13:57:37.364,-0.900403,0.381846,0.416185,-0.058556,-0.055028,0.351302,1.062893,0.360375,AGGRESSIVE,NO_CRASH,0.0000,,12.973147,77.596226
13:57:37.415,-0.186685,1.034422,-0.023946,-0.017369,0.072139,-0.104516,1.051406,0.128176,AGGRESSIVE,NO_CRASH,0.0000,,12.973149,77.596218
13:57:37.465,2.743690,-0.077255,0.650405,0.137498,0.110904,-0.209688,2.820785,0.274180,AGGRESSIVE,NO_CRASH,0.0000,,12.973161,77.596225
13:57:37.515,-0.822274,-1.241912,-0.018602,-0.101498,0.060046,0.032225,1.489573,0.122254,AGGRESSIVE,NO_CRASH,0.0000,,12.973186,77.596239
13:57:37.565,-0.065914,-0.498196,0.208032,0.051735,-0.272182,0.190169,0.543895,0.336042,AGGRESSIVE,NO_CRASH,0.0000,,12.973178,77.596250
13:57:37.616,-1.655795,0.783587,-1.971948,-0.098958,0.326820,-0.243861,2.691514,0.419610,AGGRESSIVE,NO_CRASH,0.0000,,12.973176,77.596261
13:57:37.666,0.524145,-0.414980,0.158666,-0.003977,0.198929,0.134517,0.687103,0.240173,AGGRESSIVE,NO_CRASH,0.0000,,12.973200,77.596277
13:57:37.716,-1.940998,-2.168607,2.816166,0.045523,-0.246208,0.064199,4.049829,0.258481,AGGRESSIVE,NO_CRASH,0.0000,,12.973200,77.596285
13:57:37.767,0.670751,-0.089250,-1.643889,0.154561,-0.139094,-0.049120,1.777707,0.213656,AGGRESSIVE,NO_CRASH,0.0000,,12.973190,77.596277
13:57:37.817,-0.770611,0.814921,-1.244864,0.085416,-0.079098,0.037505,1.675596,0.122307,AGGRESSIVE,NO_CRASH,0.0000,,12.973210,77.596299
13:57:37.868,-0.050460,0.368719,0.729384,0.004235,0.030387,-0.143215,0.818842,0.146465,AGGRESSIVE,NO_CRASH,0.0000,,12.973213,77.596303
13:57:37.918,-0.199332,-0.509677,-0.343392,0.117094,0.035313,-0.107718,0.646082,0.162976,AGGRESSIVE,NO_CRASH,0.0000,,12.973224,77.596296
13:57:37.968,0.309085,0.066685,-0.810744,0.058949,-0.069778,0.047148,0.870222,0.102795,AGGRESSIVE,NO_CRASH,0.0000,,12.973214,77.596296
13:57:38.019,0.558902,1.696427,1.339494,0.002292,-0.213473,0.084243,2.232595,0.229505,AGGRESSIVE,NO_CRASH,0.0000,,12.973237,77.596285
13:57:38.069,1.369717,1.137081,-0.201682,0.024307,0.125061,0.076284,1.791578,0.148494,AGGRESSIVE,NO_CRASH,0.0000,,12.973247,77.596294
13:57:38.119,-0.425652,0.774682,-1.261272,-0.029875,0.070502,-0.018261,1.540168,0.078718,AGGRESSIVE,NO_CRASH,0.0000,,12.973237,77.596310
13:57:38.170,0.048215,-0.535176,0.646607,-0.005489,0.135799,-0.159380,0.840737,0.209460,AGGRESSIVE,NO_CRASH,0.0000,,12.973231,77.596335
13:57:38.220,-0.622401,-0.275745,-0.342163,-0.080128,-0.153129,0.015194,0.761901,0.173493,AGGRESSIVE,NO_CRASH,0.0000,,12.973241,77.596358
13:57:38.271,0.658921,0.459617,-0.651629,0.045693,0.005798,-0.047388,1.034429,0.066084,AGGRESSIVE,NO_CRASH,0.0000,,12.973237,77.596372
13:57:38.321,0.042417,-0.605350,0.958821,-0.089146,-0.065960,0.480321,1.134719,0.492956,AGGRESSIVE,NO_CRASH,0.0000,,12.973233,77.596391
13:57:38.372,0.366754,-1.102410,-1.696951,0.036380,-0.088813,-0.045702,2.056565,0.106301,AGGRESSIVE,NO_CRASH,0.0000,,12.973242,77.596410
13:57:38.422,-1.251891,0.165267,-1.102487,0.095305,-0.016479,0.150726,1.676312,0.179089,AGGRESSIVE,NO_CRASH,0.0000,,12.973258,77.596409
13:57:38.473,1.586561,-0.982190,1.700560,0.028585,-0.280482,0.092009,2.524634,0.296569,AGGRESSIVE,NO_CRASH,0.0000,,12.973281,77.596426
13:57:38.523,1.545215,0.966617,-0.391699,0.038294,-0.018557,0.084793,1.864260,0.094872,AGGRESSIVE,NO_CRASH,0.0000,,12.973302,77.596447
13:57:38.573,-1.466990,1.499497,1.069139,-0.112539,0.051078,0.099713,2.354487,0.158798,AGGRESSIVE,NO_CRASH,0.0000,,12.973307,77.596462
13:57:38.624,0.917181,-1.375507,-0.079736,0.002209,-0.162427,-0.034255,1.655173,0.166014,AGGRESSIVE,NO_CRASH,0.0000,,12.973331,77.596454
13:57:38.674,-2.388972,0.882257,0.245799,-0.068789,0.200328,-0.223885,2.558512,0.308201,AGGRESSIVE,NO_CRASH,0.0000,,12.973354,77.596454
13:57:38.725,0.950526,0.158939,-1.177102,-0.000810,0.110728,0.058781,1.521293,0.125366,AGGRESSIVE,NO_CRASH,0.0000,,12.973350,77.596472
13:57:38.775,-0.261060,-2.615028,-1.195344,-0.036891,0.156906,0.039397,2.887104,0.165930,AGGRESSIVE,NO_CRASH,0.0000,,12.973372,77.596474
13:57:38.826,0.679410,0.592810,-1.472912,-0.021978,0.029289,0.139046,1.726989,0.143787,AGGRESSIVE,NO_CRASH,0.0000,,12.973390,77.596468
13:57:38.876,0.364815,3.361690,1.011106,0.042324,0.178918,-0.222091,3.529360,0.288318,AGGRESSIVE,NO_CRASH,0.0000,,12.973387,77.596463
13:57:38.927,-0.147848,-0.702958,0.416406,-0.096984,-0.132841,0.045993,0.830303,0.170786,AGGRESSIVE,NO_CRASH,0.0000,,12.973412,77.596463
13:57:38.977,0.947074,-1.342067,-0.874642,-0.143440,-0.144955,0.108339,1.860938,0.230921,AGGRESSIVE,NO_CRASH,0.0000,,12.973408,77.596455
13:57:39.028,0.389900,0.599242,0.598771,-0.035596,-0.307616,-0.199607,0.932545,0.368426,AGGRESSIVE,NO_CRASH,0.0000,,12.973417,77.596463
13:57:39.078,-0.072174,1.415726,-1.702039,0.021958,-0.166782,0.024941,2.215046,0.170060,AGGRESSIVE,NO_CRASH,0.0000,,12.973415,77.596459
13:57:39.129,-0.500082,0.308891,-0.741600,0.044658,-0.113063,-0.032582,0.946291,0.125854,AGGRESSIVE,NO_CRASH,0.0000,,12.973440,77.596456
13:57:39.180,-1.185656,-0.998839,0.754148,0.026611,-0.066065,0.097193,1.724006,0.120496,AGGRESSIVE,NO_CRASH,0.0000,,12.973440,77.596470
13:57:39.229,2.624309,-0.365328,-0.484211,0.027682,-0.155663,0.015491,2.693496,0.158862,AGGRESSIVE,NO_CRASH,0.0000,,12.973451,77.596478
13:57:39.280,2.555539,-0.056189,2.311137,-0.017936,0.034317,0.359601,3.446054,0.361680,AGGRESSIVE,NO_CRASH,0.0000,,12.973451,77.596498
13:57:39.331,1.248505,-1.128222,0.969678,0.110483,-0.012533,0.114892,1.942144,0.159887,AGGRESSIVE,NO_CRASH,0.0000,,12.973470,77.596516
13:57:39.381,0.137255,0.343575,1.046036,-0.007953,0.131861,0.164623,1.109537,0.211072,AGGRESSIVE,NO_CRASH,0.0000,,12.973477,77.596526
13:57:39.431,0.645719,0.360077,-0.788114,0.056653,-0.350838,-0.130506,1.080617,0.378588,AGGRESSIVE,NO_CRASH,0.0000,,12.973497,77.596547
13:57:39.481,-1.454727,-0.320119,1.009667,0.018391,-0.129271,0.121123,1.799481,0.178101,AGGRESSIVE,NO_CRASH,0.0000,,12.973514,77.596566
13:57:39.532,-2.204352,0.914922,0.357254,-0.077269,0.026265,0.058781,2.413271,0.100576,AGGRESSIVE,NO_CRASH,0.0000,,12.973517,77.596575
13:57:39.582,-2.865379,0.277635,-0.694470,0.099586,0.006501,0.136923,2.961379,0.169433,AGGRESSIVE,NO_CRASH,0.0000,,12.973529,77.596570
13:57:39.633,1.696572,0.752260,1.366360,-0.127438,-0.094830,-0.028573,2.304602,0.161399,AGGRESSIVE,NO_CRASH,0.0000,,12.973549,77.596580
13:57:39.683,-1.760263,-0.704236,-1.087377,0.079892,-0.074511,0.067720,2.185603,0.128532,AGGRESSIVE,NO_CRASH,0.0000,,12.973563,77.596578
13:57:39.734,0.524827,0.629431,-0.587038,-0.031202,-0.115676,-0.082211,1.008087,0.145304,AGGRESSIVE,NO_CRASH,0.0000,,12.973567,77.596603
13:57:39.784,0.885626,-1.660424,-1.084557,-0.072573,-0.193074,-0.015253,2.172005,0.206826,AGGRESSIVE,NO_CRASH,0.0000,,12.973583,77.596615
13:57:39.834,0.355172,-0.754797,0.355043,-0.032838,0.155615,-0.035958,0.906599,0.163057,AGGRESSIVE,NO_CRASH,0.0000,,12.973579,77.596624
13:57:39.884,-0.991769,-2.318908,0.392530,0.068230,-0.039489,0.131119,2.552454,0.152993,AGGRESSIVE,NO_CRASH,0.0000,,12.973582,77.596635
13:57:39.934,2.028826,-0.491754,0.036752,0.046982,-0.049501,0.100794,2.087895,0.121726,AGGRESSIVE,NO_CRASH,0.0000,,12.973588,77.596631
13:57:39.985,-0.095962,-2.179069,1.156924,0.050954,0.044199,-0.222960,2.469012,0.232940,AGGRESSIVE,NO_CRASH,0.0000,,12.973585,77.596652
13:57:40.035,0.902874,0.118131,-0.869334,0.032560,-0.078158,-0.249893,1.258919,0.263847,AGGRESSIVE,NO_CRASH,0.0000,,12.973605,77.596658
13:57:40.085,0.353923,-1.884527,0.983340,0.039405,0.009760,0.075609,2.154915,0.085818,AGGRESSIVE,NO_CRASH,0.0000,,12.973620,77.596675
13:57:40.136,-0.340111,1.449117,2.638814,0.069410,-0.309371,0.041698,3.029679,0.319792,AGGRESSIVE,NO_CRASH,0.0000,,12.973610,77.596692
13:57:40.186,-0.699559,0.640655,-1.772387,-0.003769,-0.009332,0.102378,2.010268,0.102871,AGGRESSIVE,NO_CRASH,0.0000,,12.973626,77.596711
13:57:40.237,1.436564,0.476943,0.166949,-0.006457,-0.051713,-0.026717,1.522847,0.058564,AGGRESSIVE,NO_CRASH,0.0000,,12.973625,77.596706
13:57:40.287,-3.115485,-0.581873,1.146875,-0.083966,-0.210264,-0.163734,3.370482,0.279410,AGGRESSIVE,NO_CRASH,0.0000,,12.973643,77.596712
13:57:40.337,-0.671337,-1.586384,1.470535,-0.062233,0.141325,0.037166,2.264902,0.158830,AGGRESSIVE,NO_CRASH,0.0000,,12.973643,77.596729
13:57:40.388,-0.356009,-1.879648,-0.601086,0.134163,0.165503,-0.193485,2.005274,0.287798,AGGRESSIVE,NO_CRASH,0.0000,,12.973665,77.596742
13:57:40.438,-0.443707,-2.455392,0.805383,-0.021778,0.060733,0.192150,2.621921,0.202692,AGGRESSIVE,NO_CRASH,0.0000,,12.973689,77.596747
13:57:40.489,-1.006135,-1.104895,-0.425529,0.038623,-0.239758,-0.063405,1.553762,0.250989,AGGRESSIVE,NO_CRASH,0.0000,,12.973706,77.596751
13:57:40.539,1.251909,-0.885053,0.743175,-0.028334,-0.213628,0.008013,1.703791,0.215648,AGGRESSIVE,NO_CRASH,0.0000,,12.973711,77.596768
13:57:40.589,0.298600,-0.454599,-1.942962,0.071355,0.086456,-0.100959,2.017653,0.150861,AGGRESSIVE,NO_CRASH,0.0000,,12.973720,77.596787
13:57:40.639,1.542015,1.039295,-2.410008,0.039640,-0.042799,0.205677,3.044024,0.213790,AGGRESSIVE,NO_CRASH,0.0000,,12.973730,77.596807
13:57:40.690,0.100698,1.035161,3.126298,-0.097003,0.014827,0.263327,3.294759,0.281017,AGGRESSIVE,NO_CRASH,0.0000,,12.973745,77.596805
13:57:40.740,1.129773,-2.238691,-0.093041,0.024294,0.045662,0.031901,2.509339,0.060769,AGGRESSIVE,NO_CRASH,0.0000,,12.973767,77.596810
13:57:40.791,-0.372080,0.000896,1.888748,0.121538,-0.217081,0.060413,1.925049,0.256018,AGGRESSIVE,NO_CRASH,0.0000,,12.973785,77.596809
13:57:40.841,-3.867650,-0.769719,2.688870,-0.072700,0.193387,-0.026272,4.772966,0.208265,AGGRESSIVE,NO_CRASH,0.0000,,12.973809,77.596814
13:57:40.892,-1.511343,-0.607201,-0.722523,0.106300,-0.204458,0.179488,1.781822,0.292094,AGGRESSIVE,NO_CRASH,0.0000,,12.973811,77.596822
13:57:40.942,0.906407,-1.401083,-0.000776,-0.092764,-0.095600,-0.178393,1.668714,0.222640,AGGRESSIVE,NO_CRASH,0.0000,,12.973815,77.596831
13:57:40.992,1.475873,-1.814006,1.356091,-0.081621,0.017024,-0.120362,2.703294,0.146420,AGGRESSIVE,NO_CRASH,0.0000,,12.973816,77.596820
13:57:41.043,-2.104121,0.836504,-0.135878,0.007947,0.161497,0.310633,2.268376,0.350196,AGGRESSIVE,NO_CRASH,0.0000,,12.973819,77.596813
13:57:41.093,1.803558,0.516118,1.469219,0.046024,-0.018233,0.036648,2.382815,0.061593,AGGRESSIVE,NO_CRASH,0.0000,,12.973825,77.596811
13:57:41.144,0.888408,1.282403,-0.350317,0.031340,-0.196659,-0.086590,1.598921,0.217152,AGGRESSIVE,NO_CRASH,0.0000,,12.973838,77.596825
13:57:41.194,2.081317,-0.114791,1.528978,-0.033090,-0.116269,0.102081,2.585117,0.158221,AGGRESSIVE,NO_CRASH,0.0000,,12.973856,77.596834
13:57:41.245,0.111921,-0.804578,-0.256522,-0.058906,0.083739,-0.141841,0.851866,0.174931,AGGRESSIVE,NO_CRASH,0.0000,,12.973849,77.596842
13:57:41.295,0.561495,-0.900286,-0.538659,0.157697,-0.059351,-0.103562,1.189935,0.197778,AGGRESSIVE,NO_CRASH,0.0000,,12.973869,77.596844
13:57:41.346,-0.111680,-0.899816,0.456279,0.020137,0.038412,0.135763,1.015053,0.142523,AGGRESSIVE,NO_CRASH,0.0000,,12.973875,77.596843
13:57:41.396,0.768562,-0.231567,0.205877,-0.090135,0.024282,0.006402,0.828671,0.093568,AGGRESSIVE,NO_CRASH,0.0000,,12.973865,77.596866
13:57:41.446,3.304430,3.100055,0.405263,0.063241,-0.025584,-0.092953,4.549047,0.115300,AGGRESSIVE,NO_CRASH,0.0000,,12.973889,77.596876
13:57:41.497,0.795184,-1.359746,0.990934,-0.124704,0.252733,-0.130495,1.860961,0.310570,AGGRESSIVE,NO_CRASH,0.0000,,12.973913,77.596894
13:57:41.547,-1.702857,-1.578230,-0.646215,-0.007775,-0.275306,0.284816,2.410005,0.396199,AGGRESSIVE,NO_CRASH,0.0000,,12.973933,77.596906
13:57:41.597,-0.284414,2.077714,0.052069,0.051113,0.339110,0.076986,2.097736,0.351476,AGGRESSIVE,NO_CRASH,0.0000,,12.973926,77.596910
13:57:41.648,0.578080,-0.151051,-0.477003,0.007909,-0.154680,0.040650,0.764542,0.160127,AGGRESSIVE,NO_CRASH,0.0000,,12.973920,77.596907
13:57:41.698,-0.490578,-0.628875,0.394407,0.052318,-0.002265,0.113472,0.889780,0.124973,AGGRESSIVE,NO_CRASH,0.0000,,12.973935,77.596912
13:57:41.748,-0.328869,0.100145,0.390036,-0.145669,0.074288,0.076696,0.519916,0.180611,AGGRESSIVE,NO_CRASH,0.0000,,12.973958,77.596932
13:57:41.799,-0.689776,0.639134,-1.306639,0.118621,-0.148266,-0.012359,1.609841,0.190280,AGGRESSIVE,NO_CRASH,0.0000,,12.973953,77.596931
13:57:41.849,1.190841,0.444272,0.939484,0.009753,-0.153734,0.259791,1.580542,0.302028,AGGRESSIVE,NO_CRASH,0.0000,,12.973957,77.596936
13:57:41.899,0.480817,-2.026465,-1.866244,-0.121218,0.187354,0.154527,2.796536,0.271430,AGGRESSIVE,NO_CRASH,0.0000,,12.973963,77.596941
13:57:41.950,-0.963470,-0.047235,-0.058393,-0.018568,-0.127123,0.034515,0.966393,0.133027,AGGRESSIVE,NO_CRASH,0.0000,,12.973953,77.596932
13:57:42.000,0.867546,1.962345,0.573864,0.072427,0.046960,0.230077,2.220980,0.245737,AGGRESSIVE,NO_CRASH,0.0000,,12.973951,77.596921
13:57:42.050,-0.696332,-2.250394,0.261173,0.071563,-0.075069,-0.002560,2.370098,0.103746,AGGRESSIVE,NO_CRASH,0.0000,,12.973945,77.596932
13:57:42.100,-1.102014,1.300965,-0.161018,-0.011655,0.164906,-0.044299,1.712563,0.171150,AGGRESSIVE,NO_CRASH,0.0000,,12.973968,77.596939
13:57:42.151,-0.541354,-0.500396,0.429543,-0.036289,-0.034247,-0.040038,0.853210,0.063975,AGGRESSIVE,NO_CRASH,0.0000,,12.973967,77.596940
13:57:42.201,1.492418,0.579617,-1.458115,-0.009961,-0.200194,0.041985,2.165494,0.204792,AGGRESSIVE,NO_CRASH,0.0000,,12.973959,77.596934
13:57:42.252,-0.341487,-0.660803,0.546292,-0.081981,0.080254,0.084892,0.922881,0.142717,AGGRESSIVE,NO_CRASH,0.0000,,12.973961,77.596951
13:57:42.302,1.414425,-0.137624,0.391732,-0.017487,-0.117642,0.166804,1.474107,0.204863,AGGRESSIVE,NO_CRASH,0.0000,,12.973983,77.596969
13:57:42.353,1.547229,-0.650195,1.524782,0.014884,-0.119662,0.077988,2.267516,0.143606,AGGRESSIVE,NO_CRASH,0.0000,,12.973994,77.596977
13:57:42.403,1.740362,-1.516175,0.436162,0.032032,-0.317382,0.003222,2.349017,0.319011,AGGRESSIVE,NO_CRASH,0.0000,,12.973997,77.596968
13:57:42.454,-0.850034,-0.997252,1.512169,-0.023888,-0.084246,0.128045,2.000931,0.155124,AGGRESSIVE,NO_CRASH,0.0000,,12.974004,77.596983
13:57:42.504,-0.359905,-1.203355,1.434802,-0.026761,0.116272,-0.010294,1.906896,0.119755,AGGRESSIVE,NO_CRASH,0.0000,,12.974005,77.597006
13:57:42.555,-2.880654,0.821677,-0.029774,0.005851,0.039649,-0.152305,2.995698,0.157490,AGGRESSIVE,NO_CRASH,0.0000,,12.974025,77.597018
13:57:42.605,0.694042,-0.873914,0.414080,-0.105249,0.086898,-0.089296,1.190329,0.163102,AGGRESSIVE,NO_CRASH,0.0000,,12.974024,77.597014
13:57:42.656,-1.500793,-0.093322,-1.008965,-0.055521,0.097600,-0.000534,1.810829,0.112288,AGGRESSIVE,NO_CRASH,0.0000,,12.974030,77.597029
13:57:42.706,-1.415026,0.715316,0.898391,-0.094928,-0.129427,0.197438,1.822384,0.254449,AGGRESSIVE,NO_CRASH,0.0000,,12.974021,77.597035
13:57:42.756,0.063983,0.502366,-1.313424,-0.090327,0.080010,-0.164874,1.407675,0.204314,AGGRESSIVE,NO_CRASH,0.0000,,12.974041,77.597053
13:57:42.807,1.159392,-0.739606,0.720857,0.115057,0.068683,0.171645,1.552688,0.217755,AGGRESSIVE,NO_CRASH,0.0000,,12.974048,77.597053
13:57:42.857,-0.400277,-2.276567,-2.264828,-0.018434,-0.000900,0.019799,3.236112,0.027067,AGGRESSIVE,NO_CRASH,0.0000,,12.974042,77.597059
13:57:42.907,0.309149,1.043100,-2.017675,0.010482,0.118286,0.022023,2.292301,0.120775,AGGRESSIVE,NO_CRASH,0.0000,,12.974064,77.597056
13:57:42.958,1.005748,-1.446798,0.100440,-0.105894,-0.177792,0.186861,1.764891,0.278820,AGGRESSIVE,NO_CRASH,0.0000,,12.974055,77.597070
13:57:43.008,1.627574,0.199540,0.413278,-0.039036,-0.206124,0.055946,1.691039,0.217120,AGGRESSIVE,NO_CRASH,0.0000,,12.974067,77.597078
13:57:43.059,-1.640495,-1.218777,-0.845043,-0.097227,-0.176700,-0.045353,2.211502,0.206719,AGGRESSIVE,NO_CRASH,0.0000,,12.974070,77.597095
13:57:43.109,-1.184287,-0.453536,0.110051,0.112656,-0.354087,0.146197,1.272927,0.399302,AGGRESSIVE,NO_CRASH,0.0000,,12.974068,77.597117
13:57:43.159,0.519077,0.420435,2.174131,0.021066,0.286499,0.178653,2.274434,0.338293,AGGRESSIVE,NO_CRASH,0.0000,,12.974088,77.597139
13:57:43.210,0.282518,-0.600066,1.038028,0.061740,-0.262548,-0.198426,1.231827,0.334837,AGGRESSIVE,NO_CRASH,0.0000,,12.974083,77.597130
13:57:43.260,0.729053,0.797054,-0.057295,0.025886,-0.207270,0.045281,1.081709,0.213732,AGGRESSIVE,NO_CRASH,0.0000,,12.974081,77.597126
13:57:43.311,0.596315,0.325236,-0.931792,-0.000195,-0.018266,0.087338,1.153086,0.089227,AGGRESSIVE,NO_CRASH,0.0000,,12.974076,77.597128
13:57:43.361,0.753680,0.968895,0.540218,0.194723,-0.109966,-0.029552,1.341129,0.225573,AGGRESSIVE,NO_CRASH,0.0000,,12.974074,77.597118
13:57:43.412,2.502805,-0.955077,0.675637,-0.170735,-0.102722,-0.197336,2.762732,0.280435,AGGRESSIVE,NO_CRASH,0.0000,,12.974077,77.597120
13:57:43.462,-0.047349,-1.100482,1.171297,-0.004194,0.154671,-0.088609,1.607868,0.178304,AGGRESSIVE,NO_CRASH,0.0000,,12.974068,77.597134
13:57:43.512,-0.113391,0.323185,-1.953896,-0.051978,-0.012113,-0.096861,1.983687,0.110592,AGGRESSIVE,NO_CRASH,0.0000,,12.974082,77.597144
13:57:43.563,0.595619,-2.154140,1.229424,0.018787,-0.247868,-0.052646,2.550797,0.254093,AGGRESSIVE,NO_CRASH,0.0000,,12.974106,77.597166
13:57:43.614,1.093440,-0.107377,0.817800,-0.035957,-0.054152,0.069323,1.369648,0.095032,AGGRESSIVE,NO_CRASH,0.0000,,12.974111,77.597160
13:57:43.664,3.387999,1.451719,-1.349550,-0.098131,0.049795,0.064436,3.925215,0.127520,AGGRESSIVE,NO_CRASH,0.0000,,12.974125,77.597182
13:57:43.714,1.974276,0.363645,4.501504,0.088909,-0.182331,0.049297,4.928848,0.208757,AGGRESSIVE,NO_CRASH,0.0000,,12.974120,77.597205
13:57:43.765,0.054017,1.136278,-0.074171,-0.025624,-0.217487,-0.085141,1.139976,0.234960,AGGRESSIVE,NO_CRASH,0.0000,,12.974121,77.597194
13:57:43.815,1.792602,-1.257455,0.479880,0.024424,-0.025887,0.070159,2.241629,0.078670,AGGRESSIVE,NO_CRASH,0.0000,,12.974130,77.597206
13:57:43.866,1.605049,1.254334,-0.464368,0.051067,-0.339306,-0.005151,2.089300,0.343166,AGGRESSIVE,NO_CRASH,0.0000,,12.974148,77.597214
13:57:43.916,1.115396,1.026160,-0.226503,-0.021900,0.303919,0.053701,1.532454,0.309403,AGGRESSIVE,NO_CRASH,0.0000,,12.974139,77.597212
13:57:43.966,-0.882845,1.091247,-0.167583,-0.011132,0.034843,0.130575,1.413619,0.135601,AGGRESSIVE,NO_CRASH,0.0000,,12.974143,77.597221
13:57:44.017,-0.218642,1.029824,-1.388735,-0.061372,0.001669,0.190666,1.742678,0.200307,AGGRESSIVE,NO_CRASH,0.0000,,12.974150,77.597232
13:57:44.068,0.331538,1.007326,0.312868,0.061368,-0.128199,0.121425,1.105671,0.186936,AGGRESSIVE,NO_CRASH,0.0000,,12.974174,77.597240
13:57:44.118,0.389022,-0.139560,1.900296,-0.059506,0.057323,0.056139,1.944721,0.099892,AGGRESSIVE,NO_CRASH,0.0000,,12.974199,77.597248
13:57:44.168,-0.627117,2.211046,1.030143,-0.059767,-0.080229,-0.112546,2.518570,0.150584,AGGRESSIVE,NO_CRASH,0.0000,,12.974189,77.597250
13:57:44.219,-1.755117,0.194333,0.023129,0.053236,-0.113874,-0.013686,1.765994,0.126446,AGGRESSIVE,NO_CRASH,0.0000,,12.974207,77.597251
13:57:44.270,0.563195,0.264997,-2.805538,0.033273,-0.085984,-0.094766,2.873753,0.132215,AGGRESSIVE,NO_CRASH,0.0000,,12.974223,77.597242
13:57:44.320,-0.393007,0.541656,-1.548869,-0.031440,-0.087964,-0.120132,1.687258,0.152177,AGGRESSIVE,NO_CRASH,0.0000,,12.974224,77.597258
13:57:44.370,-0.594335,-0.158632,-0.806866,0.028524,-0.077201,0.042475,1.014609,0.092616,AGGRESSIVE,NO_CRASH,0.0000,,12.974223,77.597265
13:57:44.421,0.926733,-0.323836,0.624228,-0.081842,0.073603,-0.002364,1.163342,0.110096,AGGRESSIVE,NO_CRASH,0.0000,,12.974237,77.597288
13:57:44.471,1.006966,-0.728889,0.739006,0.082819,0.284945,-0.066092,1.446163,0.304008,AGGRESSIVE,NO_CRASH,0.0000,,12.974244,77.597296
13:57:44.522,0.535880,2.491896,-0.741208,-0.044783,-0.083885,-0.242064,2.654449,0.260071,AGGRESSIVE,NO_CRASH,0.0000,,12.974239,77.597310
13:57:44.572,-0.453300,-0.667833,-1.229950,-0.080284,-0.051381,-0.185813,1.471142,0.208835,AGGRESSIVE,NO_CRASH,0.0000,,12.974239,77.597323
13:57:44.623,-1.471017,0.221555,0.972450,-0.028579,0.193396,0.176934,1.777255,0.263675,AGGRESSIVE,NO_CRASH,0.0000,,12.974248,77.597327
13:57:44.673,0.084469,-0.207855,1.250905,-0.044136,-0.144897,-0.213541,1.270867,0.261807,AGGRESSIVE,NO_CRASH,0.0000,,12.974270,77.597351
13:57:44.723,-0.054020,-1.410889,-1.635028,0.031843,0.143909,-0.120910,2.160288,0.190639,AGGRESSIVE,NO_CRASH,0.0000,,12.974294,77.597371
13:57:44.774,0.677435,1.218935,-1.099139,-0.048046,-0.074226,0.097138,1.775620,0.131353,AGGRESSIVE,NO_CRASH,0.0000,,12.974291,77.597381
13:57:44.824,-0.278635,0.442191,-0.277659,-0.115430,-0.078539,0.055730,0.591832,0.150327,AGGRESSIVE,NO_CRASH,0.0000,,12.974291,77.597388
13:57:44.875,0.312110,-0.990832,0.464615,-0.040885,-0.115916,-0.204604,1.137993,0.238686,AGGRESSIVE,NO_CRASH,0.0000,,12.974316,77.597395
13:57:44.925,0.601872,0.120670,1.645136,0.027415,-0.239057,0.095142,1.755928,0.258750,AGGRESSIVE,NO_CRASH,0.0000,,12.974325,77.597396
13:57:44.976,-0.916631,1.374655,0.586424,-0.017687,-0.187692,-0.250189,1.753221,0.313266,AGGRESSIVE,NO_CRASH,0.0000,,12.974337,77.597414
13:57:45.026,0.955970,-1.100532,0.724649,0.030825,-0.030216,0.101443,1.627932,0.110244,AGGRESSIVE,NO_CRASH,0.0000,,12.974330,77.597439
13:57:45.077,-0.736864,-1.086159,0.213560,-0.083830,0.056938,0.059773,1.329781,0.117653,AGGRESSIVE,NO_CRASH,0.0000,,12.974319,77.597461
13:57:45.127,0.018674,0.298242,-2.424656,-0.072564,-0.223492,-0.100180,2.443001,0.255441,AGGRESSIVE,NO_CRASH,0.0000,,12.974312,77.597468
13:57:45.178,-1.191396,-0.516543,-0.266089,0.184308,0.011428,-0.090228,1.325536,0.205526,AGGRESSIVE,NO_CRASH,0.0000,,12.974327,77.597484
13:57:45.228,0.728035,1.445072,-0.024471,0.068864,-0.118692,-0.067324,1.618292,0.152848,AGGRESSIVE,NO_CRASH,0.0000,,12.974349,77.597479
13:57:45.279,-0.667312,-0.013384,1.370394,-0.028295,0.177869,-0.110252,1.524292,0.211171,AGGRESSIVE,NO_CRASH,0.0000,,12.974353,77.597504
13:57:45.329,-1.910780,-0.096961,0.516033,0.033913,0.224229,-0.211034,1.981608,0.309780,AGGRESSIVE,NO_CRASH,0.0000,,12.974377,77.597511
13:57:45.380,0.935101,-3.129724,0.185195,0.041471,-0.052732,0.234744,3.271679,0.244142,AGGRESSIVE,NO_CRASH,0.0000,,12.974376,77.597511
13:57:45.430,1.248125,-0.435480,0.712315,-0.055220,0.112863,0.014743,1.501616,0.126510,AGGRESSIVE,NO_CRASH,0.0000,,12.974385,77.597507
13:57:45.480,-1.650015,0.460624,0.214215,0.008188,0.071487,-0.057453,1.726445,0.092078,AGGRESSIVE,NO_CRASH,0.0000,,12.974394,77.597532
13:57:45.530,0.881956,-1.710187,-1.105925,0.080196,0.069125,0.231149,2.219382,0.254243,AGGRESSIVE,NO_CRASH,0.0000,,12.974413,77.597554
13:57:45.581,1.336069,-0.086138,0.691483,0.032851,-0.105487,-0.110434,1.506867,0.156212,AGGRESSIVE,NO_CRASH,0.0000,,12.974423,77.597545
13:57:45.631,1.295659,1.222335,0.153742,-0.025177,-0.043105,0.046069,1.787868,0.067928,AGGRESSIVE,NO_CRASH,0.0000,,12.974443,77.597559
13:57:45.682,0.853439,0.056625,0.048584,-0.018187,-0.169927,0.038855,0.856694,0.175259,AGGRESSIVE,NO_CRASH,0.0000,,12.974441,77.597568
13:57:45.732,0.571483,-0.571606,-1.385906,-0.012860,-0.078034,0.078166,1.604389,0.111196,AGGRESSIVE,NO_CRASH,0.0000,,12.974456,77.597581
13:57:45.783,-0.016551,-1.035664,-0.595752,0.084614,0.043545,-0.050734,1.194904,0.107840,AGGRESSIVE,NO_CRASH,0.0000,,12.974456,77.597576
13:57:45.833,0.430904,-1.088511,-0.280806,-0.049114,0.002581,0.029739,1.203905,0.057474,AGGRESSIVE,NO_CRASH,0.0000,,12.974449,77.597574
13:57:45.883,1.222104,-0.835541,-0.498450,0.001946,-0.016091,-0.096286,1.562088,0.097641,AGGRESSIVE,NO_CRASH,0.0000,,12.974471,77.597593
13:57:45.933,1.931178,-2.030950,-0.712751,0.044417,-0.181007,0.093047,2.891750,0.208313,AGGRESSIVE,NO_CRASH,0.0000,,12.974495,77.597599
13:57:45.983,0.493242,-0.772263,0.076686,0.150090,-0.022727,0.064428,0.919542,0.164908,AGGRESSIVE,NO_CRASH,0.0000,,12.974514,77.597607
13:57:46.034,-0.958034,-0.111762,0.078239,-0.018555,0.171314,-0.184397,0.967699,0.252378,AGGRESSIVE,NO_CRASH,0.0000,,12.974528,77.597602
13:57:46.084,0.481840,-2.590939,-0.991127,0.040110,0.056482,0.012975,2.815576,0.070479,AGGRESSIVE,NO_CRASH,0.0000,,12.974552,77.597592
13:57:46.134,1.086254,-1.647174,0.178412,-0.031071,0.124474,-0.144858,1.981151,0.193502,AGGRESSIVE,NO_CRASH,0.0000,,12.974556,77.597607
13:57:46.185,1.751428,-1.234714,-0.119924,-0.075990,0.068439,-0.055349,2.146253,0.116284,AGGRESSIVE,NO_CRASH,0.0000,,12.974564,77.597609
13:57:46.235,-0.913854,-0.482959,-2.007789,-0.116619,0.138319,-0.131403,2.258228,0.223604,AGGRESSIVE,NO_CRASH,0.0000,,12.974565,77.597624
13:57:46.285,-1.809941,0.064284,1.044043,0.003963,-0.027477,0.102820,2.090465,0.106502,AGGRESSIVE,NO_CRASH,0.0000,,12.974579,77.597624
13:57:46.335,-0.439188,0.995431,-0.196944,-0.049581,-0.099443,0.034352,1.105692,0.116307,AGGRESSIVE,NO_CRASH,0.0000,,12.974596,77.597615
13:57:46.386,-1.464691,-0.183193,-1.227160,0.019004,-0.028924,0.180425,1.919583,0.183714,AGGRESSIVE,NO_CRASH,0.0000,,12.974612,77.597611
13:57:46.436,1.600730,-2.990763,0.747193,-0.044921,0.152326,0.025066,3.473514,0.160778,AGGRESSIVE,NO_CRASH,0.0000,,12.974617,77.597635
13:57:46.487,1.027087,0.717628,-3.025994,0.057103,0.009868,-0.034795,3.275139,0.067593,AGGRESSIVE,NO_CRASH,0.0000,,12.974611,77.597627
13:57:46.537,0.889724,-0.628988,0.758467,0.018575,0.163195,0.056103,1.327594,0.173566,AGGRESSIVE,NO_CRASH,0.0000,,12.974605,77.597642
13:57:46.587,0.920074,0.950265,0.850531,-0.072760,0.002128,-0.040940,1.572559,0.083514,AGGRESSIVE,NO_CRASH,0.0000,,12.974614,77.597650
13:57:46.638,1.719093,-0.465244,0.125031,0.138542,0.018938,-0.098794,1.785320,0.171210,AGGRESSIVE,NO_CRASH,0.0000,,12.974625,77.597653
13:57:46.688,-0.472551,-0.566780,2.343056,0.162509,-0.060655,-0.118501,2.456513,0.210073,AGGRESSIVE,NO_CRASH,0.0000,,12.974626,77.597663
13:57:46.738,-0.383833,-1.319543,0.492095,-0.022606,-0.022741,-0.143828,1.459684,0.147359,AGGRESSIVE,NO_CRASH,0.0000,,12.974616,77.597668
13:57:46.789,1.762043,0.887170,1.140960,0.055655,0.088304,0.176270,2.278959,0.204857,AGGRESSIVE,NO_CRASH,0.0000,,12.974641,77.597674
13:57:46.839,-0.189546,1.870702,-1.690715,0.079221,0.113823,0.153658,2.528630,0.206984,AGGRESSIVE,NO_CRASH,0.0000,,12.974631,77.597664
13:57:46.890,-0.223750,-1.731252,1.080840,0.055797,-0.232436,-0.016225,2.053172,0.239590,AGGRESSIVE,NO_CRASH,0.0000,,12.974641,77.597686
13:57:46.940,1.007001,0.380851,-1.340570,-0.037364,-0.125511,0.080051,1.719368,0.153484,AGGRESSIVE,NO_CRASH,0.0000,,12.974657,77.597686
13:57:46.990,0.125530,-1.291258,2.043038,0.027763,0.015249,0.049111,2.420146,0.058440,AGGRESSIVE,NO_CRASH,0.0000,,12.974674,77.597685
13:57:47.041,-0.019469,-1.423337,2.500732,-0.003509,0.106555,0.057643,2.877486,0.121198,AGGRESSIVE,NO_CRASH,0.0000,,12.974687,77.597697
13:57:47.091,0.164497,-1.097154,1.047469,-0.061254,-0.035034,0.303062,1.525778,0.311168,AGGRESSIVE,NO_CRASH,0.0000,,12.974680,77.597691
13:57:47.141,-0.180225,-2.046438,1.290957,-0.053284,0.170709,-0.181545,2.426306,0.254831,AGGRESSIVE,NO_CRASH,0.0000,,12.974669,77.597701
13:57:47.192,0.129406,0.640088,0.203543,0.027007,0.379516,0.069110,0.684023,0.386701,AGGRESSIVE,NO_CRASH,0.0000,,12.974679,77.597708
13:57:47.242,-0.419011,1.353219,0.227005,0.047748,0.202212,-0.195243,1.434679,0.285113,AGGRESSIVE,NO_CRASH,0.0000,,12.974675,77.597719
13:57:47.294,1.762156,-0.016229,-1.439972,0.031189,-0.013289,-0.256096,2.275736,0.258331,AGGRESSIVE,NO_CRASH,0.0000,,12.974666,77.597712
13:57:47.343,-2.352826,-1.810939,-0.421775,-0.077682,-0.093727,-0.358562,2.998864,0.378663,AGGRESSIVE,NO_CRASH,0.0000,,12.974677,77.597728
13:57:47.394,0.432902,-2.233050,-1.119745,-0.118819,0.120786,0.175875,2.535300,0.244211,AGGRESSIVE,NO_CRASH,0.0000,,12.974698,77.597737
13:57:47.444,-0.711434,-0.163764,1.871823,0.019930,-0.175007,0.047896,2.009149,0.182534,AGGRESSIVE,NO_CRASH,0.0000,,12.974702,77.597757
13:57:47.494,-0.121298,-0.132043,0.766502,0.123007,-0.146074,0.194640,0.787193,0.272678,AGGRESSIVE,NO_CRASH,0.0000,,12.974715,77.597764
13:57:47.545,2.926709,0.765861,0.558109,0.145429,0.338164,-0.023562,3.076305,0.368863,AGGRESSIVE,NO_CRASH,0.0000,,12.974714,77.597764
13:57:47.595,0.307850,-0.773937,-0.283518,-0.083090,-0.058535,0.037518,0.879848,0.108341,AGGRESSIVE,NO_CRASH,0.0000,,12.974725,77.597766
13:57:47.645,-1.417314,0.615166,-2.005018,0.033014,-0.193422,-0.004500,2.531266,0.196271,AGGRESSIVE,NO_CRASH,0.0000,,12.974731,77.597759
13:57:47.696,-0.162252,-0.773179,1.414756,0.014780,0.128582,-0.108239,1.620391,0.168722,AGGRESSIVE,NO_CRASH,0.0000,,12.974751,77.597768
13:57:47.746,2.586532,-0.727813,-0.491473,0.091920,0.013697,-0.017892,2.731557,0.094641,AGGRESSIVE,NO_CRASH,0.0000,,12.974750,77.597781
13:57:47.797,1.440882,-1.341438,1.377890,-0.008808,0.133033,-0.177276,2.402952,0.221816,AGGRESSIVE,NO_CRASH,0.0000,,12.974739,77.597777
13:57:47.847,-1.029990,1.402804,1.473906,0.044567,0.175218,0.025711,2.280600,0.182616,AGGRESSIVE,NO_CRASH,0.0000,,12.974737,77.597792
13:57:47.897,0.896110,0.673811,0.472184,0.019053,0.323844,0.026109,1.216549,0.325453,AGGRESSIVE,NO_CRASH,0.0000,,12.974738,77.597792
13:57:47.948,0.222000,-0.181695,-2.029339,0.142861,-0.056793,0.139231,2.049516,0.207413,AGGRESSIVE,NO_CRASH,0.0000,,12.974742,77.597801
13:57:47.998,-1.142898,0.963339,-1.646172,-0.061276,0.127605,0.105140,2.223538,0.176329,AGGRESSIVE,NO_CRASH,0.0000,,12.974747,77.597818
13:57:48.048,0.237856,-0.410058,0.115119,0.002325,0.002065,-0.097351,0.487827,0.097401,AGGRESSIVE,NO_CRASH,0.0000,,12.974762,77.597809
13:57:48.099,2.125529,1.962987,-1.584585,0.039954,0.011604,0.080577,3.298803,0.090684,AGGRESSIVE,NO_CRASH,0.0000,,12.974770,77.597805
13:57:48.149,1.746687,0.971632,1.683453,0.044466,-0.158380,0.298279,2.613235,0.340635,AGGRESSIVE,NO_CRASH,0.0000,,12.974762,77.597819
13:57:48.199,1.337906,-0.018706,-0.441195,-0.011062,0.078366,0.124771,1.408899,0.147754,AGGRESSIVE,NO_CRASH,0.0000,,12.974775,77.597830
13:57:48.250,-2.078219,0.160596,-1.671386,0.008141,0.096885,-0.084497,2.671763,0.128813,AGGRESSIVE,NO_CRASH,0.0000,,12.974795,77.597849
13:57:48.300,1.007284,0.430787,0.188238,0.048582,-0.028445,-0.161242,1.111590,0.170787,AGGRESSIVE,NO_CRASH,0.0000,,12.974796,77.597840
13:57:48.350,0.456115,-0.788733,2.092583,0.063548,0.022237,-0.118925,2.282333,0.136660,AGGRESSIVE,NO_CRASH,0.0000,,12.974806,77.597854
13:57:48.401,1.715045,1.475209,-0.843073,-0.051536,0.047699,-0.016870,2.414206,0.072220,AGGRESSIVE,NO_CRASH,0.0000,,12.974809,77.597870
13:57:48.451,-0.080399,-1.844485,0.728497,-0.055202,0.073571,0.045760,1.984766,0.102732,AGGRESSIVE,NO_CRASH,0.0000,,12.974805,77.597875
13:57:48.502,-3.551025,0.132463,0.128975,-0.006595,0.136951,-0.069444,3.555835,0.153693,AGGRESSIVE,NO_CRASH,0.0000,,12.974806,77.597872
13:57:48.552,-0.656355,1.552012,0.784286,0.099775,-0.042600,-0.072371,1.858668,0.130412,AGGRESSIVE,NO_CRASH,0.0000,,12.974813,77.597897
13:57:48.602,0.713345,-0.069674,-0.779106,-0.019299,-0.086542,-0.095711,1.058641,0.130470,AGGRESSIVE,NO_CRASH,0.0000,,12.974837,77.597887
13:57:48.653,-0.585966,-1.097867,-1.307954,-0.002047,0.231147,-0.040390,1.805384,0.234658,AGGRESSIVE,NO_CRASH,0.0000,,12.974853,77.597876
13:57:48.703,-0.082153,0.739950,-1.096408,-0.010919,-0.158706,-0.039280,1.325287,0.163859,AGGRESSIVE,NO_CRASH,0.0000,,12.974871,77.597887
13:57:48.753,0.515892,0.811728,1.086568,0.000575,-0.302851,0.051541,1.451095,0.307206,AGGRESSIVE,NO_CRASH,0.0000,,12.974894,77.597910
13:57:48.804,-1.894436,-1.597808,0.549422,0.076059,0.011579,0.113674,2.538452,0.137262,AGGRESSIVE,NO_CRASH,0.0000,,12.974902,77.597924
13:57:48.855,0.221027,1.425558,1.085922,0.136031,0.029536,0.155474,1.805628,0.208684,AGGRESSIVE,NO_CRASH,0.0000,,12.974924,77.597917
13:57:48.905,-0.672954,-1.810044,0.853234,-0.073161,0.008683,0.181758,2.111193,0.196122,AGGRESSIVE,NO_CRASH,0.0000,,12.974946,77.597938
13:57:48.955,-2.240099,0.763310,-1.007337,-0.021516,0.155942,-0.087792,2.572045,0.180245,AGGRESSIVE,NO_CRASH,0.0000,,12.974950,77.597928
13:57:49.005,0.120280,-1.005445,1.100105,0.011076,-0.024656,0.034328,1.495198,0.043693,AGGRESSIVE,NO_CRASH,0.0000,,12.974953,77.597924
13:57:49.056,1.784608,-0.588324,0.796554,0.010202,-0.028581,0.086706,2.040943,0.091863,AGGRESSIVE,NO_CRASH,0.0000,,12.974947,77.597926
13:57:49.107,1.411605,0.315570,-0.800083,0.000125,0.102403,-0.244611,1.652981,0.265181,AGGRESSIVE,NO_CRASH,0.0000,,12.974965,77.597915
13:57:49.157,0.635926,0.430835,1.033669,-0.027184,0.082485,0.188410,1.287824,0.207463,AGGRESSIVE,NO_CRASH,0.0000,,12.974984,77.597925
13:57:49.207,0.509961,0.569097,-0.591042,0.005204,0.107983,0.024725,0.966055,0.110899,AGGRESSIVE,NO_CRASH,0.0000,,12.974985,77.597947
13:57:49.258,1.361302,1.627972,1.024003,0.066412,-0.048225,0.260248,2.356272,0.272883,AGGRESSIVE,NO_CRASH,0.0000,,12.974993,77.597946
13:57:49.309,1.872884,-1.322128,0.117503,-0.123144,-0.220769,-0.221881,2.295544,0.336355,AGGRESSIVE,NO_CRASH,0.0000,,12.974985,77.597970
13:57:49.359,0.507963,-0.150857,1.068403,0.021911,0.127385,-0.248643,1.192589,0.280233,AGGRESSIVE,NO_CRASH,0.0000,,12.975001,77.597964
13:57:49.409,1.469807,1.511361,1.253367,0.094206,-0.013847,0.043995,2.452646,0.104891,AGGRESSIVE,NO_CRASH,0.0000,,12.975015,77.597985
13:57:49.460,-0.601421,0.258696,-0.206447,0.036701,-0.095817,0.118960,0.686478,0.157097,AGGRESSIVE,NO_CRASH,0.0000,,12.975008,77.597983
13:57:49.510,0.656881,-0.261840,-1.314040,0.068358,0.121835,-0.066771,1.492231,0.154838,AGGRESSIVE,NO_CRASH,0.0000,,12.975018,77.598005
13:57:49.560,-1.030890,0.366345,1.133580,-0.096612,-0.209609,-0.130780,1.575420,0.265279,AGGRESSIVE,NO_CRASH,0.0000,,12.975038,77.598018
13:57:49.611,0.193050,0.808099,0.773213,0.009011,-0.042755,0.059708,1.134967,0.073988,AGGRESSIVE,NO_CRASH,0.0000,,12.975029,77.598043
13:57:49.661,0.795212,1.027389,-0.105354,-0.027086,-0.136514,-0.118867,1.303453,0.183027,AGGRESSIVE,NO_CRASH,0.0000,,12.975031,77.598060
13:57:49.712,0.133090,-2.334879,-1.270935,0.015285,-0.059262,0.115999,2.661700,0.131154,AGGRESSIVE,NO_CRASH,0.0000,,12.975047,77.598062
13:57:49.762,-0.534545,0.142625,-0.232246,0.023658,0.101832,-0.033738,0.600015,0.109853,AGGRESSIVE,NO_CRASH,0.0000,,12.975049,77.598062
13:57:49.813,0.554948,0.144582,-0.005961,0.059782,-0.010030,-0.123561,0.573504,0.137629,AGGRESSIVE,NO_CRASH,0.0000,,12.975058,77.598088
13:57:49.863,1.269768,-0.778928,1.882828,-0.186805,-0.204272,-0.177287,2.400850,0.328716,AGGRESSIVE,NO_CRASH,0.0000,,12.975055,77.598101
13:57:49.913,1.177139,0.495373,-0.125091,0.056441,-0.016984,-0.374071,1.283237,0.378686,AGGRESSIVE,NO_CRASH,0.0000,,12.975060,77.598109
13:57:49.964,0.167336,-1.617849,0.272013,0.095977,-0.034161,0.259286,1.649069,0.278582,AGGRESSIVE,NO_CRASH,0.0000,,12.975076,77.598102
13:57:50.014,-0.407443,-0.073602,0.313214,-0.038249,0.083132,0.287259,0.519163,0.301483,AGGRESSIVE,NO_CRASH,0.0000,,12.975075,77.598122
13:57:50.064,-0.883197,0.219989,-0.751906,-0.004083,-0.064036,0.196413,1.180591,0.206628,AGGRESSIVE,NO_CRASH,0.0000,,12.975086,77.598119
13:57:50.115,1.407647,0.498460,0.261896,-0.025695,0.163122,-0.011665,1.516087,0.165545,AGGRESSIVE,NO_CRASH,0.0000,,12.975108,77.598134
13:57:50.165,-1.927426,-1.820317,-1.426216,0.025255,0.255312,-0.192461,3.010418,0.320723,AGGRESSIVE,NO_CRASH,0.0000,,12.975113,77.598137
13:57:50.215,0.709303,-0.009400,-0.024184,-0.057954,0.047190,-0.162303,0.709778,0.178684,AGGRESSIVE,NO_CRASH,0.0000,,12.975117,77.598145
13:57:50.266,-0.322507,0.070558,1.278368,-0.092236,0.193949,-0.026075,1.320309,0.216342,AGGRESSIVE,NO_CRASH,0.0000,,12.975136,77.598155
13:57:50.316,1.397581,-0.982979,-1.599323,0.040259,0.088096,0.018762,2.340367,0.098660,AGGRESSIVE,NO_CRASH,0.0000,,12.975144,77.598151
13:57:50.367,0.727217,1.143803,-0.424443,-0.155116,-0.269030,-0.092475,1.420311,0.324021,AGGRESSIVE,NO_CRASH,0.0000,,12.975169,77.598153
13:57:50.417,-2.015266,-1.159404,-0.856361,-0.013647,-0.146848,0.050338,2.477674,0.155835,AGGRESSIVE,NO_CRASH,0.0000,,12.975179,77.598146
13:57:50.468,-1.640903,-0.722774,-0.802521,0.002577,0.226739,-0.074968,1.964435,0.238825,AGGRESSIVE,NO_CRASH,0.0000,,12.975172,77.598151
13:57:50.518,-1.820186,-0.634986,1.981963,-0.037923,-0.013224,-0.175350,2.764862,0.179890,AGGRESSIVE,NO_CRASH,0.0000,,12.975169,77.598163
13:57:50.569,-0.837931,-1.767785,-0.259440,-0.120840,-0.100831,-0.052496,1.973449,0.165906,AGGRESSIVE,NO_CRASH,0.0000,,12.975173,77.598156
13:57:50.619,0.268428,3.259358,0.691685,-0.147506,0.108445,0.017355,3.342738,0.183901,AGGRESSIVE,NO_CRASH,0.0000,,12.975189,77.598152
13:57:50.670,1.459748,-0.666439,-0.381993,-0.030022,0.118419,-0.353667,1.649522,0.374172,AGGRESSIVE,NO_CRASH,0.0000,,12.975184,77.598167
13:57:50.720,-0.157122,-0.379528,0.169074,-0.126731,0.042199,0.022800,0.444201,0.135504,AGGRESSIVE,NO_CRASH,0.0000,,12.975200,77.598158
13:57:50.770,-2.642883,0.723457,0.868610,0.047966,0.196766,-0.079061,2.874492,0.217413,AGGRESSIVE,NO_CRASH,0.0000,,12.975212,77.598160
13:57:50.821,1.369285,-0.561247,2.159276,-0.036168,-0.176345,0.146071,2.617711,0.231824,AGGRESSIVE,NO_CRASH,0.0000,,12.975223,77.598170
13:57:50.871,-0.962408,-0.308083,-1.265227,-0.107653,-0.137191,0.166978,1.619242,0.241438,AGGRESSIVE,NO_CRASH,0.0000,,12.975237,77.598172
13:57:50.921,0.489023,1.341883,0.683331,0.073365,0.005657,0.148521,1.583267,0.165750,AGGRESSIVE,NO_CRASH,0.0000,,12.975243,77.598182
13:57:50.972,-0.024353,-0.437443,1.285510,-0.079110,0.350867,0.134099,1.358119,0.383860,AGGRESSIVE,NO_CRASH,0.0000,,12.975239,77.598185
13:57:51.022,-0.017130,-0.054412,2.393095,0.112749,-0.153005,-0.074105,2.393775,0.203996,AGGRESSIVE,NO_CRASH,0.0000,,12.975244,77.598175
13:57:51.072,1.769580,-0.238666,0.751558,-0.083999,0.027437,-0.037021,1.937321,0.095808,AGGRESSIVE,NO_CRASH,0.0000,,12.975241,77.598187
13:57:51.123,-0.102993,0.386013,0.204583,0.051673,-0.167954,-0.053328,0.448851,0.183637,AGGRESSIVE,NO_CRASH,0.0000,,12.975243,77.598187
13:57:51.173,1.225195,1.003511,1.414141,0.103510,-0.097521,-0.251752,2.123189,0.289143,AGGRESSIVE,NO_CRASH,0.0000,,12.975242,77.598209
13:57:51.223,-2.012130,-0.531989,0.707381,0.089418,0.356795,-0.032919,2.198196,0.369299,AGGRESSIVE,NO_CRASH,0.0000,,12.975254,77.598225
13:57:51.274,-0.318416,0.332472,-0.805844,-0.014069,-0.198017,-0.013597,0.928069,0.198982,AGGRESSIVE,NO_CRASH,0.0000,,12.975262,77.598232
13:57:51.324,1.225722,-1.566511,-0.380148,-0.112190,0.048107,0.234764,2.025059,0.264603,AGGRESSIVE,NO_CRASH,0.0000,,12.975285,77.598247
13:57:51.374,0.615268,-0.248132,-1.300187,-0.006490,0.033570,-0.077938,1.459661,0.085109,AGGRESSIVE,NO_CRASH,0.0000,,12.975299,77.598267
13:57:51.425,2.004286,-0.617031,-0.072185,0.032683,0.020157,-0.100577,2.098357,0.107658,AGGRESSIVE,NO_CRASH,0.0000,,12.975323,77.598287
13:57:51.476,-0.567387,-0.299527,1.879454,0.053336,0.046779,-0.184668,1.985949,0.197827,AGGRESSIVE,NO_CRASH,0.0000,,12.975347,77.598300
13:57:51.526,2.459265,-0.595442,1.109772,0.113924,0.064570,-0.086390,2.762993,0.156880,AGGRESSIVE,NO_CRASH,0.0000,,12.975359,77.598290
13:57:51.576,1.361758,0.880500,1.049923,-0.060643,0.094297,0.039235,1.931840,0.118781,AGGRESSIVE,NO_CRASH,0.0000,,12.975380,77.598284
13:57:51.626,-0.514445,-1.294745,0.386498,-0.027797,0.027360,-0.141977,1.445821,0.147237,AGGRESSIVE,NO_CRASH,0.0000,,12.975386,77.598282
13:57:51.677,0.467413,2.758165,-0.197089,-0.135117,0.042975,0.088153,2.804424,0.166956,AGGRESSIVE,NO_CRASH,0.0000,,12.975381,77.598298
13:57:51.728,2.196245,-0.520899,0.812287,-0.130012,-0.103934,0.204204,2.398882,0.263448,AGGRESSIVE,NO_CRASH,0.0000,,12.975400,77.598294
13:57:51.778,0.772223,0.374255,0.327508,-0.013628,0.055185,0.138406,0.918508,0.149624,AGGRESSIVE,NO_CRASH,0.0000,,12.975390,77.598285
13:57:51.828,-0.014061,-1.005470,0.581745,0.059004,-0.106491,0.023603,1.161721,0.124011,AGGRESSIVE,NO_CRASH,0.0000,,12.975391,77.598290
13:57:51.878,0.372741,-1.488619,-2.421769,0.011885,0.007903,0.017251,2.867035,0.022390,AGGRESSIVE,NO_CRASH,0.0000,,12.975381,77.598308
13:57:51.928,-2.419723,2.142324,-0.331403,-0.022568,-0.106323,0.136286,3.248760,0.174321,AGGRESSIVE,NO_CRASH,0.0000,,12.975373,77.598299
13:57:51.980,0.188478,-0.326332,-0.137152,0.050333,0.158151,0.237517,0.401032,0.289758,AGGRESSIVE,NO_CRASH,0.0000,,12.975386,77.598308
13:57:52.029,-0.785341,-0.699664,0.141763,0.030681,-0.005775,0.185369,1.061314,0.187980,AGGRESSIVE,NO_CRASH,0.0000,,12.975393,77.598331
13:57:52.080,1.025487,0.349944,1.853651,0.104973,0.088855,-0.065606,2.147116,0.152377,AGGRESSIVE,NO_CRASH,0.0000,,12.975403,77.598356
13:57:52.131,0.492935,2.266303,1.295049,-1.105575,-0.322685,-0.126567,2.656364,1.158638,CRASH,NO_CRASH,0.0000,,12.975393,77.598366
13:57:52.181,-3.789129,-2.702747,1.861856,0.253965,-0.233234,0.099314,5.012868,0.358831,CRASH,NO_CRASH,0.0000,,12.975386,77.598365
13:57:52.231,5.088594,-3.094858,-3.522552,-0.329029,-0.753593,-0.011703,6.919560,0.822374,CRASH,NO_CRASH,0.0000,,12.975400,77.598347
13:57:52.282,-4.043478,1.934314,-1.974658,-0.636815,-1.451172,0.141738,4.898016,1.591076,CRASH,NO_CRASH,0.0000,,12.975403,77.598332
13:57:52.332,-2.642368,4.567038,-2.215780,-0.491827,0.065675,0.030361,5.722729,0.497120,CRASH,NO_CRASH,0.0000,,12.975401,77.598331
13:57:52.382,2.489297,-7.741734,4.865620,0.735469,0.034049,0.263060,9.476566,0.781841,CRASH,NO_CRASH,0.0948,,12.975418,77.598317
13:57:52.432,-0.865108,1.662698,-0.645618,-0.243368,-1.015184,-0.024741,1.982372,1.044240,CRASH,POSSIBLE_CRASH,0.2197,,12.975410,77.598334
13:57:52.483,-1.249233,2.481757,-1.877022,0.430966,-0.553513,0.111582,3.353045,0.710323,CRASH,NO_CRASH,0.2197,,12.975423,77.598332
13:57:52.533,-2.619005,3.301137,-1.893944,0.528852,-0.665259,0.930640,4.619926,1.260295,CRASH,NO_CRASH,0.2197,,12.975408,77.598314
13:57:52.583,0.364249,-3.713752,-0.074909,-0.135356,0.002044,0.455034,3.732324,0.474743,CRASH,NO_CRASH,0.2197,,12.975417,77.598319
13:57:52.634,-3.252488,-1.322060,-3.253155,0.169433,-0.462188,0.481693,4.786391,0.688733,CRASH,NO_CRASH,0.2197,,12.975431,77.598326
13:57:52.684,2.443760,2.870988,0.197981,0.222444,-0.573465,0.051784,3.775411,0.617273,CRASH,NO_CRASH,0.2197,,12.975429,77.598333
13:57:52.735,-2.187676,3.332449,1.133796,-0.592696,-0.108819,-0.105604,4.144471,0.611787,CRASH,NO_CRASH,0.2197,,12.975419,77.598323
13:57:52.785,0.627250,4.800669,1.314661,0.694543,0.435055,-0.664334,5.016792,1.054989,CRASH,NO_CRASH,0.2197,,12.975414,77.598340
13:57:52.835,2.124886,0.692108,0.545172,0.618619,0.037884,1.103130,2.300297,1.265314,CRASH,NO_CRASH,0.2197,,12.975428,77.598356
13:57:52.886,-0.230271,0.401056,-0.747085,-0.663070,0.377799,0.075991,0.878639,0.766922,CRASH,NO_CRASH,0.2197,,12.975440,77.598343
13:57:52.936,4.838410,3.731367,0.378686,0.031021,0.395496,0.150369,6.121823,0.424252,CRASH,NO_CRASH,0.2197,,12.975426,77.598352
13:57:52.987,2.264409,-5.885862,-0.560474,0.168523,0.789355,-0.128914,6.331276,0.817374,CRASH,NO_CRASH,0.2197,,12.975430,77.598353
13:57:53.037,0.920242,0.629190,2.511672,0.422166,-0.098494,-0.384699,2.747948,0.579585,CRASH,NO_CRASH,0.2197,,12.975420,77.598356
13:57:53.087,-3.173657,1.333176,-0.825991,0.343013,0.834332,0.435260,3.540017,1.001609,CRASH,NO_CRASH,0.2197,,12.975415,77.598364
13:57:53.138,1.285582,-3.581078,0.656031,-0.000000,0.000000,-0.000000,3.860986,0.000000,CRASH,NO_CRASH,0.2197,,12.975427,77.598381
13:57:53.188,9.224965,1.729856,0.959372,0.634331,-4.197631,1.731852,9.434658,4.584953,CRASH,NO_CRASH,0.3114,,12.975424,77.598390
13:57:53.238,22.519335,3.253425,1.658467,-4.310004,-7.489217,-1.180276,22.813499,8.721098,CRASH,POSSIBLE_CRASH,0.7755,,12.975409,77.598395
13:57:53.289,28.111984,0.768423,2.005163,5.446964,4.994429,9.458952,28.193878,12.003562,CRASH,POSSIBLE_CRASH,0.8549,,12.975400,77.598396
13:57:53.339,34.246398,-0.462483,0.641330,9.228934,-4.856669,9.505830,34.255525,14.111033,CRASH,POSSIBLE_CRASH,0.8730,,12.975389,77.598396
13:57:53.389,37.749218,-2.814835,-1.836793,2.937840,-7.270513,-12.595706,37.898556,14.837219,CRASH,CRASH_DETECTED,0.9730,SERIOUS,12.975394,77.598404
13:57:53.782,32.300745,2.334290,-0.546456,1.683316,13.574465,3.467219,32.389591,14.111034,CRASH,CRASH_DETECTED,0.9730,SERIOUS,12.975394,77.598404
13:57:53.832,31.428316,-2.880070,1.778898,4.397224,11.166648,-0.236415,31.610099,12.003562,CRASH,CRASH_DETECTED,0.9730,SERIOUS,12.975394,77.598404
13:57:53.883,22.207155,-0.029660,0.330402,-7.012450,4.452174,-2.657303,22.209633,8.721098,CRASH,CRASH_DETECTED,0.9730,SERIOUS,12.975394,77.598404
13:57:53.933,16.030465,-0.292678,-0.490338,-2.075595,-0.954758,-3.975190,16.040632,4.584953,CRASH,CRASH_DETECTED,0.9730,SERIOUS,12.975394,77.598404
13:57:53.984,9.561316,0.386276,0.061664,1.962305,-0.324133,5.591707,9.569315,5.934887,CRASH,CRASH_DETECTED,0.9730,SERIOUS,12.975394,77.598404
13:57:54.034,7.647953,-0.667049,1.806718,3.098366,3.487507,-2.283776,7.886721,5.194055,CRASH,CRASH_DETECTED,0.9730,SERIOUS,12.975394,77.598404
13:57:54.084,5.191460,-0.118451,0.400829,-0.009346,-4.540818,-0.210378,5.208258,4.545699,CRASH,CRASH_DETECTED,0.9730,SERIOUS,12.975394,77.598404
13:57:54.135,6.628721,-0.302044,0.402155,3.082185,2.488428,-0.366784,6.647774,3.978274,CRASH,CRASH_DETECTED,0.9730,SERIOUS,12.975394,77.598404
13:57:54.185,5.554125,-0.816554,-0.871751,1.459599,0.625188,-3.098516,5.681111,3.481679,CRASH,CRASH_DETECTED,0.9730,SERIOUS,12.975394,77.598404
13:57:54.236,6.099726,-0.580352,-0.165005,-1.308438,-2.560158,1.009076,6.129493,3.047073,CRASH,CRASH_DETECTED,0.9730,SERIOUS,12.975394,77.598404
13:57:54.286,5.059860,-0.387286,-0.771648,-2.163220,-0.048841,1.558677,5.132993,2.666717,CRASH,NO_CRASH,0.8730,SERIOUS,12.975394,77.598404
13:57:54.337,4.252717,-1.069753,-0.047252,1.611448,1.581971,0.589413,4.385454,2.333839,CRASH,NO_CRASH,0.8730,SERIOUS,12.975394,77.598404
13:57:54.387,3.694665,-0.678419,-0.564256,1.903423,-0.573501,-0.468980,3.798577,2.042514,CRASH,NO_CRASH,0.8730,SERIOUS,12.975394,77.598404
13:57:54.438,3.452294,0.025084,0.257551,-1.738104,-0.417546,0.000075,3.461978,1.787554,CRASH,NO_CRASH,0.8730,SERIOUS,12.975394,77.598404
13:57:54.488,3.259590,-0.718407,0.218027,0.779369,0.040304,1.355864,3.344933,1.564419,CRASH,NO_CRASH,0.8730,SERIOUS,12.975394,77.598404
13:57:54.538,3.415928,-0.110364,0.085493,-1.118050,-0.430635,0.662613,3.418779,1.369138,CRASH,NO_CRASH,0.8067,SERIOUS,12.975394,77.598404
13:57:54.589,2.378181,0.159294,0.241237,-0.773713,0.702022,0.586767,2.395687,1.198233,CRASH,NO_CRASH,0.8067,SERIOUS,12.975394,77.598404
13:57:54.640,2.405885,0.023150,-0.154823,-0.248313,0.344617,0.958786,2.410973,1.048662,CRASH,NO_CRASH,0.8067,SERIOUS,12.975394,77.598404
13:57:54.690,1.356267,-0.076884,0.039683,0.301376,-0.853309,-0.152713,1.359024,0.917761,CRASH,NO_CRASH,0.8067,SERIOUS,12.975394,77.598404
13:57:54.741,1.468747,-0.262229,-0.138056,-0.451228,-0.566586,0.347136,1.498346,0.803200,CRASH,NO_CRASH,0.8067,SERIOUS,12.975394,77.598404
13:57:54.791,1.127423,-0.029004,0.106321,0.369954,0.426155,0.419105,1.132797,0.702939,CRASH,NO_CRASH,0.8067,SERIOUS,12.975394,77.598404
13:57:54.842,1.163115,-0.199789,0.001098,-0.094188,-0.601364,0.089181,1.180150,0.615193,CRASH,NO_CRASH,0.6544,SERIOUS,12.975394,77.598404
13:57:54.892,1.094405,-0.121075,0.167666,-0.394357,0.187074,-0.315217,1.113774,0.538401,CRASH,NO_CRASH,0.5370,SERIOUS,12.975394,77.598404
13:57:54.942,0.856979,-0.092652,-0.012404,0.401343,-0.233583,0.079917,0.862062,0.471194,CRASH,NO_CRASH,0.2144,SERIOUS,12.975394,77.598404
13:57:54.993,0.862456,-0.004294,-0.060646,0.229873,0.101407,0.327001,0.864596,0.412376,CRASH,NO_CRASH,0.1039,SERIOUS,12.975394,77.598404
13:57:55.043,0.823061,-0.002676,0.000284,-0.114610,-0.337635,-0.055826,0.823065,0.360901,CRASH,NO_CRASH,0.0909,SERIOUS,12.975394,77.598404
13:57:55.094,0.507956,-0.014943,-0.001497,-0.077700,0.224348,0.208309,0.508178,0.315851,CRASH,NO_CRASH,0.0796,SERIOUS,12.975394,77.598404
13:57:55.144,0.495476,0.000814,0.040055,0.260749,0.091412,-0.008026,0.497093,0.276424,CRASH,NO_CRASH,0.0696,SERIOUS,12.975394,77.598404
13:57:55.195,0.477635,0.003785,-0.028236,0.178322,-0.163178,0.009947,0.478484,0.241919,CRASH,NO_CRASH,0.0609,SERIOUS,12.975394,77.598404
13:57:55.245,0.323390,0.002575,-0.038003,0.071643,0.041274,0.194909,0.325625,0.211721,CRASH,NO_CRASH,0.0000,SERIOUS,12.975394,77.598404
13:57:55.296,0.360554,0.052963,-0.063356,-0.088679,0.159675,-0.031195,0.369890,0.185293,CRASH,NO_CRASH,0.0000,SERIOUS,12.975394,77.598404
13:57:55.346,0.241621,-0.002954,0.011899,-0.124516,0.102928,-0.014090,0.241932,0.162163,CRASH,NO_CRASH,0.0000,SERIOUS,12.975394,77.598404
13:57:55.396,0.289329,-0.010341,-0.043634,-0.112218,0.085321,0.016402,0.292784,0.141921,CRASH,NO_CRASH,0.0000,SERIOUS,12.975394,77.598404
13:57:55.447,0.235296,0.025592,-0.001206,0.122218,0.019520,-0.010425,0.236687,0.124205,CRASH,NO_CRASH,0.0000,SERIOUS,12.975394,77.598404
13:57:55.497,-0.327791,0.512540,-1.224937,-0.112297,0.141004,0.025634,1.367705,0.182071,CRASH,NO_CRASH,0.0000,SERIOUS,12.975394,77.598404
13:57:55.547,-0.138861,-0.821535,0.551994,0.027071,-0.013514,0.157776,0.999450,0.160651,CRASH,NO_CRASH,0.0000,SERIOUS,12.975394,77.598404
13:57:55.598,1.340827,0.244888,-0.308279,0.008543,0.129987,-0.057663,1.397434,0.142459,CRASH,NO_CRASH,0.0000,SERIOUS,12.975394,77.598404
13:57:55.649,-0.192102,-1.038280,0.756112,-0.097431,0.084351,0.133486,1.298705,0.185544,CRASH,NO_CRASH,0.0000,SERIOUS,12.975394,77.598404
13:57:55.699,0.406425,-0.711354,0.327322,-0.136520,0.033399,0.011381,0.882239,0.141006,CRASH,NO_CRASH,0.0000,SERIOUS,12.975394,77.598404
13:57:55.749,1.232726,0.414616,0.700831,0.154059,-0.011914,0.028746,1.477391,0.157170,CRASH,NO_CRASH,0.0000,SERIOUS,12.975394,77.598404
13:57:55.800,-0.660173,0.599660,-0.900995,0.079540,-0.123591,0.013442,1.267759,0.147588,CRASH,NO_CRASH,0.0000,SERIOUS,12.975394,77.598404
13:57:55.850,0.577140,0.849950,0.200523,-0.084983,-0.082192,0.045330,1.046764,0.126619,CRASH,NO_CRASH,0.0000,SERIOUS,12.975394,77.598404
13:57:55.901,-0.137938,0.710987,-0.105485,-0.009601,0.022711,-0.068225,0.731885,0.072544,CRASH,NO_CRASH,0.0000,SERIOUS,12.975394,77.598404
13:57:55.951,0.226707,-0.095888,-0.392405,0.058870,-0.045234,0.011659,0.463220,0.075151,CRASH,NO_CRASH,0.0000,SERIOUS,12.975394,77.598404
13:57:56.002,0.897813,0.039133,0.361361,-0.044902,0.059966,0.018426,0.968598,0.077147,CRASH,NO_CRASH,0.0000,SERIOUS,12.975394,77.598404
13:57:56.054,-0.040851,0.279905,-1.009520,-0.027293,0.034074,-0.025332,1.048401,0.050474,CRASH,NO_CRASH,0.0000,SERIOUS,12.975394,77.598404
13:57:56.104,0.045772,0.109184,-0.689473,-0.001619,0.098740,0.017383,0.699564,0.100272,CRASH,NO_CRASH,0.0000,SERIOUS,12.975394,77.598404
13:57:56.155,-0.119085,-0.065673,0.102894,0.000987,-0.016650,-0.002148,0.170532,0.016817,CRASH,NO_CRASH,0.0000,SERIOUS,12.975394,77.598404
13:57:56.205,-0.451447,-0.094450,-0.100249,0.006227,-0.063560,0.034394,0.471990,0.072537,CRASH,NO_CRASH,0.0000,SERIOUS,12.975394,77.598404
13:57:56.256,0.027577,-0.226987,0.043305,0.052620,-0.060231,-0.014746,0.232721,0.081327,CRASH,NO_CRASH,0.0000,SERIOUS,12.975394,77.598404
13:57:56.306,-0.303993,0.755912,-0.965199,-0.036430,-0.065480,-0.000058,1.263101,0.074932,CRASH,NO_CRASH,0.0000,SERIOUS,12.975394,77.598404
13:57:56.357,0.401423,0.622669,-0.296861,0.028208,-0.053372,-0.030881,0.798112,0.067807,CRASH,NO_CRASH,0.0000,SERIOUS,12.975394,77.598404
13:57:56.407,0.626535,0.588850,0.051256,0.062507,0.039574,-0.006581,0.861346,0.074274,CRASH,NO_CRASH,0.0000,SERIOUS,12.975394,77.598404
13:57:56.458,-0.021137,0.186400,0.392378,0.046067,-0.037571,0.016306,0.434917,0.061641,CRASH,NO_CRASH,0.0000,SERIOUS,12.975394,77.598404
13:57:56.509,-0.187914,-0.231951,0.350525,-0.044366,-0.067491,0.029448,0.460413,0.085969,CRASH,NO_CRASH,0.0000,SERIOUS,12.975394,77.598404
13:57:56.559,0.038777,0.016333,0.311934,0.061773,-0.010118,-0.059961,0.314759,0.086681,CRASH,NO_CRASH,0.0000,SERIOUS,12.975394,77.598404
13:57:56.610,-0.293583,-0.126299,-0.017092,-0.018920,-0.018296,-0.000333,0.320054,0.026321,CRASH,NO_CRASH,0.0000,SERIOUS,12.975394,77.598404
13:57:56.660,-0.378755,0.073774,0.795668,0.046501,0.004143,-0.010292,0.884299,0.047806,CRASH,NO_CRASH,0.0000,SERIOUS,12.975394,77.598404
13:57:56.711,-0.050621,-0.171884,-0.075664,-0.009189,-0.004643,0.007062,0.194503,0.012484,CRASH,NO_CRASH,0.0000,SERIOUS,12.975394,77.598404
13:57:56.761,0.236637,0.118204,0.362524,-0.033805,-0.005749,0.017633,0.448768,0.038558,CRASH,NO_CRASH,0.0000,SERIOUS,12.975394,77.598404
13:57:56.812,-0.185578,0.173382,-0.242040,-0.015444,0.007059,-0.053603,0.350833,0.056229,CRASH,NO_CRASH,0.0000,SERIOUS,12.975394,77.598404
13:57:56.862,-0.097975,0.068095,0.168148,-0.015788,0.026062,0.048560,0.206179,0.057329,CRASH,NO_CRASH,0.0000,SERIOUS,12.975394,77.598404
13:57:56.912,-0.066941,-0.108241,0.278331,-0.014494,0.008272,0.020632,0.306048,0.026536,CRASH,NO_CRASH,0.0000,SERIOUS,12.975394,77.598404
13:57:56.962,0.299621,-0.062231,0.046568,-0.032356,0.020632,-0.037430,0.309538,0.053606,CRASH,NO_CRASH,0.0000,SERIOUS,12.975394,77.598404
13:57:57.013,-0.168106,0.008583,-0.179321,-0.018378,-0.018408,0.026936,0.245946,0.037446,CRASH,NO_CRASH,0.0000,SERIOUS,12.975394,77.598404
13:57:57.064,-0.097011,-0.020824,-0.001580,0.008631,-0.000270,-0.033699,0.099234,0.034788,CRASH,NO_CRASH,0.0000,SERIOUS,12.975394,77.598404
13:57:57.114,-0.203578,0.286682,0.255947,-0.027685,-0.001648,-0.004307,0.434902,0.028066,CRASH,NO_CRASH,0.0000,SERIOUS,12.975394,77.598404
13:57:57.165,0.206548,-0.323081,0.144520,0.025985,0.007930,-0.007103,0.409793,0.028081,CRASH,NO_CRASH,0.0000,SERIOUS,12.975394,77.598404
13:57:57.215,0.211070,-0.245430,-0.101637,0.028012,0.032801,0.000317,0.339288,0.043136,CRASH,NO_CRASH,0.0000,SERIOUS,12.975394,77.598404
13:57:57.266,-0.282115,-0.059714,-0.179905,0.030500,0.011436,0.017797,0.339883,0.037118,CRASH,NO_CRASH,0.0000,SERIOUS,12.975394,77.598404
13:57:57.318,-0.121191,0.099941,-0.015153,-0.025936,0.009586,0.007152,0.157813,0.028560,CRASH,NO_CRASH,0.0000,SERIOUS,12.975394,77.598404
13:57:57.369,0.012461,0.008644,-0.040465,-0.008680,0.021003,-0.009494,0.043213,0.024629,CRASH,NO_CRASH,0.0000,SERIOUS,12.975394,77.598404
13:57:57.419,0.145399,0.014275,-0.044531,0.000670,-0.010546,0.008611,0.152734,0.013632,CRASH,NO_CRASH,0.0000,SERIOUS,12.975394,77.598404
13:57:57.470,0.184368,-0.002962,0.131943,0.007155,0.007862,-0.024428,0.226736,0.026641,CRASH,NO_CRASH,0.0000,SERIOUS,12.975394,77.598404
13:57:57.520,-0.917674,0.013757,1.480529,0.001399,-0.128816,-0.063436,1.741919,0.143595,NORMAL,NO_CRASH,0.0000,SERIOUS,12.975394,77.598404
13:57:57.571,-0.432156,-0.527858,0.098341,0.007575,0.005610,-0.050363,0.689248,0.051237,NORMAL,NO_CRASH,0.0000,SERIOUS,12.975394,77.598404
13:57:57.621,-0.200018,-0.520542,0.637723,0.037343,0.070182,0.041050,0.847149,0.089471,NORMAL,NO_CRASH,0.0000,SERIOUS,12.975394,77.598404
13:57:57.671,-0.584959,0.080898,1.066924,0.117683,-0.041321,0.066159,1.219446,0.141187,NORMAL,NO_CRASH,0.0000,SERIOUS,12.975394,77.598404
13:57:57.722,-0.002378,0.438595,-0.640154,-0.001522,-0.022067,-0.053182,0.775995,0.057598,NORMAL,NO_CRASH,0.0000,SERIOUS,12.975394,77.598404
13:57:57.773,1.244645,0.323892,0.405073,-0.082140,-0.079027,-0.194394,1.348381,0.225348,NORMAL,NO_CRASH,0.0000,SERIOUS,12.975394,77.598404
13:57:57.823,-0.365164,-0.079590,0.834934,-0.058325,0.072844,-0.072664,0.914764,0.118271,NORMAL,NO_CRASH,0.0000,SERIOUS,12.975394,77.598404
13:57:57.873,0.426241,-1.644008,-0.731003,-0.022278,-0.134463,0.081570,1.849002,0.158840,NORMAL,NO_CRASH,0.0000,SERIOUS,12.975394,77.598404
13:57:57.924,0.538699,0.269232,0.797771,0.045543,0.119155,-0.127889,0.999561,0.180631,NORMAL,NO_CRASH,0.0000,SERIOUS,12.975394,77.598404
13:57:57.974,1.057664,0.079707,1.453434,0.013704,-0.060080,0.013742,1.799299,0.063136,NORMAL,NO_CRASH,0.0000,SERIOUS,12.975394,77.598404
13:57:58.025,1.532675,0.801955,1.523492,0.047062,0.119116,0.015027,2.305049,0.128954,NORMAL,NO_CRASH,0.0000,SERIOUS,12.975394,77.598404
13:57:58.075,0.327783,1.492279,-1.372049,0.052284,0.087067,-0.000484,2.053499,0.101561,NORMAL,NO_CRASH,0.0000,SERIOUS,12.975394,77.598404
13:57:58.126,0.814978,0.059860,-0.266953,0.003188,-0.157012,-0.068301,0.859673,0.171254,NORMAL,NO_CRASH,0.0000,SERIOUS,12.975394,77.598404
13:57:58.176,0.597899,1.100236,0.322880,-0.118176,-0.044052,0.050113,1.293157,0.135711,NORMAL,NO_CRASH,0.0000,SERIOUS,12.975394,77.598404
13:57:58.227,0.638625,-0.443752,1.558135,-0.012676,-0.081926,-0.041790,1.741419,0.092838,NORMAL,NO_CRASH,0.0000,SERIOUS,12.975394,77.598404
13:57:58.278,0.967164,-1.194020,0.248119,-0.063210,0.234813,0.088741,1.556488,0.258858,NORMAL,NO_CRASH,0.0000,SERIOUS,12.975394,77.598404
13:57:58.328,-0.509119,0.402687,-0.413497,-0.004373,-0.141024,0.034428,0.769636,0.145231,NORMAL,NO_CRASH,0.0000,SERIOUS,12.975394,77.598404
13:57:58.378,-0.134757,-0.190043,-0.394983,0.052498,-0.017748,0.024451,0.458571,0.060571,NORMAL,NO_CRASH,0.0000,SERIOUS,12.975394,77.598404
13:57:58.429,0.624669,0.253105,-1.126802,0.056271,0.170052,0.073946,1.312995,0.193783,NORMAL,NO_CRASH,0.0000,SERIOUS,12.975394,77.598404
13:57:58.479,-0.663334,0.090986,-1.570812,-0.064942,0.019467,0.140400,1.707554,0.155912,NORMAL,NO_CRASH,0.0000,SERIOUS,12.975394,77.598404
13:57:58.529,-1.360573,-0.591219,0.739961,0.105017,-0.241249,0.134003,1.657782,0.295273,NORMAL,NO_CRASH,0.0000,SERIOUS,12.975394,77.598404
13:57:58.580,-0.276430,0.149832,-1.341296,-0.037357,0.029983,-0.012206,1.377657,0.049432,NORMAL,NO_CRASH,0.0000,SERIOUS,12.975394,77.598404
13:57:58.631,0.250970,0.928681,1.018539,-0.063440,0.192068,-0.089461,1.401020,0.221174,NORMAL,NO_CRASH,0.0000,SERIOUS,12.975394,77.598404
13:57:58.681,0.325708,0.737399,1.316190,-0.081177,-0.078075,-0.054571,1.543437,0.125153,NORMAL,NO_CRASH,0.0000,SERIOUS,12.975394,77.598404
13:57:58.732,1.059950,-0.433230,0.209165,0.000858,0.153369,0.089198,1.164015,0.177423,NORMAL,NO_CRASH,0.0000,SERIOUS,12.975394,77.598404
13:57:58.782,1.669265,0.571337,0.554489,0.007050,0.020749,0.180197,1.849413,0.181525,NORMAL,NO_CRASH,0.0000,SERIOUS,12.975394,77.598404
13:57:58.832,-1.267160,-0.149017,-0.394244,-0.093362,-0.178036,-0.253101,1.335413,0.323223,NORMAL,NO_CRASH,0.0000,SERIOUS,12.975394,77.598404
13:57:58.883,0.666282,0.451363,-0.910201,0.085741,0.001588,0.002995,1.214959,0.085808,NORMAL,NO_CRASH,0.0000,SERIOUS,12.975394,77.598404
13:57:58.933,0.533264,-0.388637,-0.722634,-0.009834,-0.077109,0.171548,0.978575,0.188338,NORMAL,NO_CRASH,0.0000,SERIOUS,12.975394,77.598404
13:57:58.983,0.249383,-0.750001,-0.238912,0.105684,0.027896,-0.135574,0.825695,0.174149,NORMAL,NO_CRASH,0.0000,SERIOUS,12.975394,77.598404
13:57:59.034,-0.064592,-1.469632,-0.510462,-0.002489,0.043555,0.002770,1.557100,0.043714,NORMAL,NO_CRASH,0.0000,SERIOUS,12.975394,77.598404
13:57:59.084,-0.017959,-1.960319,0.546977,0.067605,0.093261,0.183150,2.035278,0.216360,NORMAL,NO_CRASH,0.0000,SERIOUS,12.975394,77.598404
13:57:59.135,0.130216,1.297849,-1.017823,-0.073420,0.106892,0.167640,1.654488,0.211942,NORMAL,NO_CRASH,0.0000,SERIOUS,12.975394,77.598404
13:57:59.185,0.401179,0.147485,-2.230663,-0.045742,0.055626,0.143047,2.271245,0.160153,NORMAL,NO_CRASH,0.0000,SERIOUS,12.975394,77.598404
13:57:59.236,-0.562185,2.003044,-0.636782,0.186761,-0.184862,0.169212,2.175713,0.312548,NORMAL,NO_CRASH,0.0000,SERIOUS,12.975394,77.598404
13:57:59.286,0.984344,0.201424,0.015253,0.007018,0.004518,-0.100353,1.004857,0.100699,NORMAL,NO_CRASH,0.0000,SERIOUS,12.975394,77.598404
13:57:59.336,-0.378246,0.017594,-0.109825,0.019983,0.070315,-0.159228,0.394260,0.175206,NORMAL,NO_CRASH,0.0000,SERIOUS,12.975394,77.598404
13:57:59.387,-0.519555,1.157034,0.482903,0.001195,0.029846,0.010500,1.357151,0.031661,NORMAL,NO_CRASH,0.0000,SERIOUS,12.975394,77.598404
13:57:59.437,-0.445239,-1.599831,-0.425968,-0.067152,0.152055,-0.056230,1.714393,0.175476,NORMAL,NO_CRASH,0.0000,SERIOUS,12.975394,77.598404
13:57:59.488,-0.597684,-0.354892,-1.309976,-0.051715,-0.035416,0.174652,1.482974,0.185558,NORMAL,NO_CRASH,0.0000,SERIOUS,12.975394,77.598404
13:57:59.538,-1.022102,-2.534365,-0.194140,0.042164,0.018178,0.123923,2.739597,0.132156,NORMAL,NO_CRASH,0.0000,SERIOUS,12.975394,77.598404
13:57:59.589,0.170817,-0.819905,0.050319,-0.049806,-0.106036,-0.062505,0.839020,0.132782,NORMAL,NO_CRASH,0.0000,SERIOUS,12.975394,77.598404
13:57:59.639,1.467804,-0.128044,-0.811593,-0.020729,-0.070553,-0.031511,1.682120,0.080002,NORMAL,NO_CRASH,0.0000,SERIOUS,12.975394,77.598404
13:57:59.689,0.512548,0.064416,-1.159703,-0.121584,-0.147105,0.097232,1.269553,0.214188,NORMAL,NO_CRASH,0.0000,SERIOUS,12.975394,77.598404
13:57:59.740,0.428131,1.001201,1.430871,0.005726,0.018072,-0.034302,1.798080,0.039192,NORMAL,NO_CRASH,0.0000,SERIOUS,12.975394,77.598404
13:57:59.790,0.181213,0.511924,0.472727,-0.063846,-0.016215,0.020437,0.719983,0.068970,NORMAL,NO_CRASH,0.0000,SERIOUS,12.975394,77.598404
13:57:59.841,0.301078,-0.324493,0.510998,0.051709,0.050077,-0.149834,0.676064,0.166228,NORMAL,NO_CRASH,0.0000,SERIOUS,12.975394,77.598404
13:57:59.891,-0.787615,-0.863728,-0.684507,-0.089995,-0.045636,-0.185072,1.354590,0.210792,NORMAL,NO_CRASH,0.0000,SERIOUS,12.975394,77.598404
13:57:59.942,0.890985,0.828607,-0.038554,0.037446,-0.216148,0.202153,1.217345,0.298309,NORMAL,NO_CRASH,0.0000,SERIOUS,12.975394,77.598404
13:57:59.992,-1.411493,-0.149654,0.735436,0.021010,0.134615,0.168680,1.598617,0.216831,NORMAL,NO_CRASH,0.0000,SERIOUS,12.975394,77.598404
13:58:00.043,0.182170,-0.953785,-1.125727,0.060185,-0.017348,-0.078473,1.486659,0.100405,NORMAL,NO_CRASH,0.0000,SERIOUS,12.975394,77.598404
13:58:00.093,0.734440,0.196066,-0.228116,0.027049,-0.071923,-0.005159,0.793651,0.077014,NORMAL,NO_CRASH,0.0000,SERIOUS,12.975394,77.598404
13:58:00.143,0.426005,0.089677,-0.645354,-0.011417,0.065272,0.039778,0.778463,0.077285,NORMAL,NO_CRASH,0.0000,SERIOUS,12.975394,77.598404
13:58:00.193,0.904205,-2.122220,1.714479,0.039709,0.141895,0.009098,2.874168,0.147627,NORMAL,NO_CRASH,0.0000,SERIOUS,12.975394,77.598404
13:58:00.244,-0.054579,-1.064590,1.280012,-0.034728,0.025798,-0.110038,1.665761,0.118237,NORMAL,NO_CRASH,0.0000,SERIOUS,12.975394,77.598404
13:58:00.295,-0.003465,0.547703,-0.723320,-0.030697,0.283924,-0.026420,0.907294,0.286798,NORMAL,NO_CRASH,0.0000,SERIOUS,12.975394,77.598404
13:58:00.345,1.206551,0.121872,0.138385,-0.052177,-0.106313,0.073858,1.220561,0.139570,NORMAL,NO_CRASH,0.0000,SERIOUS,12.975394,77.598404
13:58:00.395,0.337067,-1.135121,-1.582176,-0.000563,-0.082415,-0.199512,1.976207,0.215865,NORMAL,NO_CRASH,0.0000,SERIOUS,12.975394,77.598404
13:58:00.446,-0.302175,-0.252504,-0.804983,0.030962,-0.115334,0.109617,0.896139,0.162100,NORMAL,NO_CRASH,0.0000,SERIOUS,12.975394,77.598404
13:58:00.497,-0.684340,0.856642,0.698412,0.053089,0.042407,-0.094428,1.299975,0.116334,NORMAL,NO_CRASH,0.0000,SERIOUS,12.975394,77.598404
13:58:00.547,0.576515,0.248911,-0.485597,-0.085084,-0.075158,0.018317,0.793808,0.114994,NORMAL,NO_CRASH,0.0000,SERIOUS,12.975394,77.598404
13:58:00.597,0.093590,-0.056897,-1.228436,-0.035640,-0.056630,0.107458,1.233309,0.126587,NORMAL,NO_CRASH,0.0000,SERIOUS,12.975394,77.598404
13:58:00.648,1.027738,0.335485,0.245141,0.043380,-0.112659,-0.031242,1.108553,0.124699,NORMAL,NO_CRASH,0.0000,SERIOUS,12.975394,77.598404
13:58:00.698,0.059614,0.432884,-0.847023,0.091568,-0.007017,0.068149,0.953095,0.114360,NORMAL,NO_CRASH,0.0000,SERIOUS,12.975394,77.598404
13:58:00.749,0.894871,-0.190419,-0.397347,-0.023429,0.002167,0.148978,0.997466,0.150824,NORMAL,NO_CRASH,0.0000,SERIOUS,12.975394,77.598404
13:58:00.799,0.773384,-0.027207,-0.063808,0.051119,0.173393,0.015387,0.776489,0.181425,NORMAL,NO_CRASH,0.0000,SERIOUS,12.975394,77.598404
13:58:00.849,0.730709,0.450431,-0.376245,-0.018112,0.182472,0.033528,0.937221,0.186409,NORMAL,NO_CRASH,0.0000,SERIOUS,12.975394,77.598404
13:58:00.900,0.838462,-1.575041,0.942269,0.005785,-0.046516,0.129952,2.017831,0.138148,NORMAL,NO_CRASH,0.0000,SERIOUS,12.975394,77.598404
13:58:00.950,-0.386044,0.494696,-0.149556,0.038808,0.046717,0.090973,0.645075,0.109383,NORMAL,NO_CRASH,0.0000,SERIOUS,12.975394,77.598404
13:58:01.000,0.545265,-0.230949,-0.142506,-0.098384,0.252541,0.010092,0.609064,0.271216,NORMAL,NO_CRASH,0.0000,SERIOUS,12.975394,77.598404
13:58:01.051,-1.071977,0.563806,-0.562050,-0.056614,-0.015641,0.096537,1.335258,0.113001,NORMAL,NO_CRASH,0.0000,SERIOUS,12.975394,77.598404
13:58:01.101,-0.720634,0.367293,1.455317,-0.049193,0.283659,-0.130756,1.664981,0.316195,NORMAL,NO_CRASH,0.0000,SERIOUS,12.975394,77.598404
13:58:01.152,-0.407974,-1.070419,2.333776,0.072377,0.058911,-0.047179,2.599759,0.104570,NORMAL,NO_CRASH,0.0000,SERIOUS,12.975394,77.598404
13:58:01.202,0.022504,-0.157804,0.303091,0.003741,0.155134,0.116537,0.342451,0.194066,NORMAL,NO_CRASH,0.0000,SERIOUS,12.975394,77.598404
13:58:01.252,-2.193439,-0.474120,-1.964309,0.014736,0.112655,-0.006372,2.982360,0.113793,NORMAL,NO_CRASH,0.0000,SERIOUS,12.975394,77.598404
13:58:01.303,-0.107104,0.014642,1.554703,0.022852,-0.038053,0.079918,1.558457,0.091417,NORMAL,NO_CRASH,0.0000,SERIOUS,12.975394,77.598404
13:58:01.354,-0.339522,0.288355,1.072869,-0.002011,0.033380,0.103967,1.161668,0.109213,NORMAL,NO_CRASH,0.0000,SERIOUS,12.975394,77.598404
13:58:01.404,-1.414763,0.393396,-0.339763,-0.053965,-0.187198,-0.052349,1.507233,0.201732,NORMAL,NO_CRASH,0.0000,SERIOUS,12.975394,77.598404
13:58:01.454,-0.578552,-0.716935,1.245723,0.118082,0.055768,-0.003012,1.549369,0.130624,NORMAL,NO_CRASH,0.0000,SERIOUS,12.975394,77.598404
13:58:01.504,-0.863593,0.856749,-0.377882,0.015823,-0.103794,-0.219355,1.273816,0.243187,NORMAL,NO_CRASH,0.0000,SERIOUS,12.975394,77.598404
13:58:01.555,1.194802,0.873640,1.989570,0.123331,-0.144664,-0.206635,2.479755,0.280778,NORMAL,NO_CRASH,0.0000,SERIOUS,12.975394,77.598404
13:58:01.605,-0.873512,-0.033020,-0.480269,-0.050217,0.171859,0.147745,0.997383,0.232133,NORMAL,NO_CRASH,0.0000,SERIOUS,12.975394,77.598404
13:58:01.656,-0.283561,0.109502,-0.253334,0.009177,-0.196611,-0.047213,0.395696,0.202409,NORMAL,NO_CRASH,0.0000,SERIOUS,12.975394,77.598404
13:58:01.706,-0.468480,-0.944123,-0.958386,0.018464,0.297489,-0.115754,1.424551,0.319749,NORMAL,NO_CRASH,0.0000,SERIOUS,12.975394,77.598404
13:58:01.757,0.783557,-1.020514,1.671712,-0.033787,0.111107,0.013037,2.109510,0.116860,NORMAL,NO_CRASH,0.0000,SERIOUS,12.975394,77.598404
13:58:01.807,-1.047053,-0.019879,2.780368,0.088535,-0.062007,0.044491,2.971054,0.116887,NORMAL,NO_CRASH,0.0000,SERIOUS,12.975394,77.598404
13:58:01.858,0.079665,-0.816350,1.277975,0.032722,0.068468,0.040965,1.518550,0.086237,NORMAL,NO_CRASH,0.0000,SERIOUS,12.975394,77.598404
13:58:01.908,0.039724,-0.300731,-1.062036,0.007663,0.006822,-0.023473,1.104508,0.025617,NORMAL,NO_CRASH,0.0000,SERIOUS,12.975394,77.598404
13:58:01.959,-1.064540,-0.100092,0.171519,-0.103834,-0.020591,-0.018980,1.082905,0.107544,NORMAL,NO_CRASH,0.0000,SERIOUS,12.975394,77.598404
13:58:02.009,-0.143746,-0.832071,0.180975,-0.006943,0.130670,0.116496,0.863572,0.175197,NORMAL,NO_CRASH,0.0000,SERIOUS,12.975394,77.598404
13:58:02.059,-0.439681,0.970646,0.575073,0.060609,0.035924,-0.009329,1.210859,0.071071,NORMAL,NO_CRASH,0.0000,SERIOUS,12.975394,77.598404
13:58:02.110,-1.305047,-0.110875,-0.575344,-0.024910,0.074217,-0.209652,1.430546,0.223792,NORMAL,NO_CRASH,0.0000,SERIOUS,12.975394,77.598404
13:58:02.161,-0.003140,0.543032,0.871209,0.022503,-0.043015,0.004875,1.026596,0.048789,NORMAL,NO_CRASH,0.0000,SERIOUS,12.975394,77.598404
13:58:02.211,-0.038693,-0.193541,0.224218,0.022888,-0.091062,-0.053769,0.298712,0.108200,NORMAL,NO_CRASH,0.0000,SERIOUS,12.975394,77.598404
13:58:02.261,0.398893,0.106915,1.386153,-0.000767,-0.147201,-0.003195,1.446364,0.147237,NORMAL,NO_CRASH,0.0000,SERIOUS,12.975394,77.598404
13:58:02.312,0.027910,-0.940550,-0.504443,-0.012274,0.042165,0.201949,1.067650,0.206668,NORMAL,NO_CRASH,0.0000,SERIOUS,12.975394,77.598404
13:58:02.362,0.240399,0.707121,0.746035,0.017031,0.076906,0.122914,1.055642,0.145988,NORMAL,NO_CRASH,0.0000,SERIOUS,12.975394,77.598404
13:58:02.412,-0.755094,-0.101574,-0.833306,-0.027484,0.022134,0.004122,1.129107,0.035529,NORMAL,NO_CRASH,0.0000,SERIOUS,12.975394,77.598404
13:58:02.463,-0.737057,0.774230,0.154668,-0.021236,0.068332,-0.098339,1.080096,0.121617,NORMAL,NO_CRASH,0.0000,SERIOUS,12.975394,77.598404
13:58:02.513,0.125973,-1.789462,0.198901,-0.019806,-0.052356,0.000097,1.804884,0.055978,NORMAL,NO_CRASH,0.0000,SERIOUS,12.975394,77.598404
13:58:02.564,1.182362,-0.620935,-0.447885,-0.142115,0.182710,0.130684,1.408596,0.265816,NORMAL,NO_CRASH,0.0000,SERIOUS,12.975394,77.598404
13:58:02.614,-1.163311,0.431330,0.205065,0.024016,-0.227243,0.048381,1.257533,0.233575,NORMAL,NO_CRASH,0.0000,SERIOUS,12.975394,77.598404
13:58:02.664,-0.700547,-0.431225,-0.886841,-0.022727,0.111398,-0.220809,1.209632,0.248360,NORMAL,NO_CRASH,0.0000,SERIOUS,12.975394,77.598404
13:58:02.715,-0.085873,1.138415,-1.073278,0.015615,-0.093991,0.110679,1.566936,0.146041,NORMAL,NO_CRASH,0.0000,SERIOUS,12.975394,77.598404
13:58:02.766,-1.530619,-0.177987,-0.646523,0.068215,-0.044605,0.147154,1.671068,0.168218,NORMAL,NO_CRASH,0.0000,SERIOUS,12.975394,77.598404
13:58:02.816,0.939014,-0.504856,-0.745331,-0.041561,0.064560,-0.156042,1.300825,0.173909,NORMAL,NO_CRASH,0.0000,SERIOUS,12.975394,77.598404
13:58:02.866,1.009329,-0.619700,-1.649592,0.043741,-0.202677,0.002697,2.030745,0.207361,NORMAL,NO_CRASH,0.0000,SERIOUS,12.975394,77.598404
13:58:02.917,-1.682017,0.375472,1.762412,-0.045634,-0.229649,-0.140266,2.465006,0.272939,NORMAL,NO_CRASH,0.0000,SERIOUS,12.975394,77.598404
13:58:02.968,0.058670,0.177822,0.847942,0.036848,-0.123631,-0.006296,0.868371,0.129159,NORMAL,NO_CRASH,0.0000,SERIOUS,12.975394,77.598404
13:58:03.018,0.850151,1.068276,0.051373,-0.026988,-0.034061,0.049190,1.366239,0.065637,NORMAL,NO_CRASH,0.0000,SERIOUS,12.975394,77.598404
13:58:03.068,-0.580368,-2.015007,-0.881800,0.014089,-0.080861,-0.066590,2.274786,0.105694,NORMAL,NO_CRASH,0.0000,SERIOUS,12.975394,77.598404
13:58:03.119,-0.705231,0.571971,-0.803316,0.080994,-0.074314,0.084288,1.212361,0.138517,NORMAL,NO_CRASH,0.0000,SERIOUS,12.975394,77.598404
13:58:03.169,0.674195,-2.091906,1.491115,-0.008999,-0.235594,-0.086260,2.655943,0.251051,NORMAL,NO_CRASH,0.0000,SERIOUS,12.975394,77.598404
13:58:03.219,-0.610030,1.381816,0.965544,0.115933,0.023079,-0.025382,1.792715,0.120903,NORMAL,NO_CRASH,0.0000,SERIOUS,12.975394,77.598404
13:58:03.270,-1.298205,0.203203,-1.577216,0.060357,0.189836,-0.001666,2.052861,0.199207,NORMAL,NO_CRASH,0.0000,SERIOUS,12.975394,77.598404
13:58:03.320,-0.050753,0.176654,-0.144707,0.007759,-0.058811,-0.271673,0.233929,0.278074,NORMAL,NO_CRASH,0.0000,SERIOUS,12.975394,77.598404
13:58:03.371,0.213373,-0.088288,1.237164,-0.039562,0.034354,0.174286,1.258530,0.181991,NORMAL,NO_CRASH,0.0000,SERIOUS,12.975394,77.598404
13:58:03.421,-1.531935,-0.541150,0.821337,-0.001481,0.011127,-0.081814,1.820512,0.082580,NORMAL,NO_CRASH,0.0000,SERIOUS,12.975394,77.598404
13:58:03.472,-0.673590,-0.325794,0.728506,0.021683,0.078037,0.065888,1.044311,0.104409,NORMAL,NO_CRASH,0.0000,SERIOUS,12.975394,77.598404
13:58:03.522,-0.245700,0.411327,-0.169984,-0.046089,-0.379760,-0.058063,0.508383,0.386928,NORMAL,NO_CRASH,0.0000,SERIOUS,12.975394,77.598404
13:58:03.572,-1.006746,1.888459,1.836673,-0.020786,0.014835,0.107026,2.820139,0.110030,NORMAL,NO_CRASH,0.0000,SERIOUS,12.975394,77.598404
13:58:03.623,0.555415,0.374132,1.659745,-0.114605,0.133825,-0.092570,1.789752,0.199030,NORMAL,NO_CRASH,0.0000,SERIOUS,12.975394,77.598404
13:58:03.674,0.806236,0.419011,0.584088,-0.022617,0.082877,0.093937,1.080160,0.127296,NORMAL,NO_CRASH,0.0000,SERIOUS,12.975394,77.598404
13:58:03.724,0.013488,-0.787975,0.680567,-0.053608,-0.132554,-0.051242,1.041277,0.151888,NORMAL,NO_CRASH,0.0000,SERIOUS,12.975394,77.598404
13:58:03.775,0.632126,-0.193729,0.825380,0.013461,0.082165,0.021318,1.057529,0.085946,NORMAL,NO_CRASH,0.0000,SERIOUS,12.975394,77.598404
13:58:03.825,-0.920311,-0.526180,1.586316,-0.008655,0.052243,-0.228436,1.907940,0.234494,NORMAL,NO_CRASH,0.0000,SERIOUS,12.975394,77.598404
13:58:03.875,0.506685,1.291281,-0.874490,-0.062356,0.020002,0.006296,1.639777,0.065788,NORMAL,NO_CRASH,0.0000,SERIOUS,12.975394,77.598404
13:58:03.927,-0.321291,0.719809,0.223808,-0.092699,0.018155,-0.043513,0.819416,0.104000,NORMAL,NO_CRASH,0.0000,SERIOUS,12.975394,77.598404
13:58:03.977,-1.036344,-0.513802,0.204668,0.083797,-0.015600,0.118658,1.174687,0.146099,NORMAL,NO_CRASH,0.0000,SERIOUS,12.975394,77.598404
13:58:04.028,-0.868131,0.150211,-1.040683,0.109036,0.086486,-0.183106,1.363538,0.229992,NORMAL,NO_CRASH,0.0000,SERIOUS,12.975394,77.598404
13:58:04.078,0.871565,-0.176065,0.447270,-0.004806,0.051216,0.035384,0.995326,0.062436,NORMAL,NO_CRASH,0.0000,SERIOUS,12.975394,77.598404
13:58:04.129,-1.044080,-0.542009,-0.075992,-0.043524,-0.022896,0.001201,1.178835,0.049194,NORMAL,NO_CRASH,0.0000,SERIOUS,12.975394,77.598404
13:58:04.179,-0.740947,0.729501,2.528965,0.000334,0.114450,-0.143657,2.734381,0.183675,NORMAL,NO_CRASH,0.0000,SERIOUS,12.975394,77.598404
13:58:04.230,-0.842554,-1.322954,0.052508,-0.048466,0.085516,0.128905,1.569350,0.162106,NORMAL,NO_CRASH,0.0000,SERIOUS,12.975394,77.598404
13:58:04.280,-0.141811,-0.473393,0.156203,0.064457,0.087876,-0.041379,0.518277,0.116573,NORMAL,NO_CRASH,0.0000,SERIOUS,12.975394,77.598404
13:58:04.330,1.444600,-0.515356,0.725905,0.040594,-0.062591,-0.058863,1.696879,0.095028,NORMAL,NO_CRASH,0.0000,SERIOUS,12.975394,77.598404
13:58:04.380,0.677184,-0.832760,1.427630,-0.063722,-0.170719,-0.139202,1.786112,0.229309,NORMAL,NO_CRASH,0.0000,SERIOUS,12.975394,77.598404
13:58:04.431,0.035560,-0.049329,1.302400,0.056134,0.079753,0.063722,1.303819,0.116499,NORMAL,NO_CRASH,0.0000,SERIOUS,12.975394,77.598404
13:58:04.481,0.254526,0.547685,0.089367,0.041032,0.031557,0.008310,0.610515,0.052427,NORMAL,NO_CRASH,0.0000,SERIOUS,12.975394,77.598404
13:58:04.532,-1.190650,0.036177,-2.077070,0.000914,-0.226076,-0.061761,2.394405,0.234362,NORMAL,NO_CRASH,0.0000,SERIOUS,12.975394,77.598404
13:58:04.582,0.765043,0.461399,-1.242374,-0.043765,-0.194562,-0.033064,1.530252,0.202146,NORMAL,NO_CRASH,0.0000,SERIOUS,12.975394,77.598404
13:58:04.632,0.317220,-1.093419,-0.135224,-0.052906,0.055142,0.195010,1.146507,0.209448,NORMAL,NO_CRASH,0.0000,SERIOUS,12.975394,77.598404
13:58:04.683,-0.108733,0.895323,-0.412746,-0.135482,-0.087888,-0.037422,0.991859,0.165771,NORMAL,NO_CRASH,0.0000,SERIOUS,12.975394,77.598404
13:58:04.733,-0.331232,0.720261,-2.404036,-0.027411,0.064657,0.001543,2.531379,0.070244,NORMAL,NO_CRASH,0.0000,SERIOUS,12.975394,77.598404
13:58:04.784,-1.212353,-0.983182,-0.193414,-0.055246,0.100463,0.036219,1.572849,0.120236,NORMAL,NO_CRASH,0.0000,SERIOUS,12.975394,77.598404
13:58:04.834,-0.521503,-0.297637,-1.204614,-0.026238,-0.006426,0.073233,1.345974,0.078057,NORMAL,NO_CRASH,0.0000,SERIOUS,12.975394,77.598404
13:58:04.885,-1.465093,-0.733642,-0.166110,-0.028926,0.011568,-0.098676,1.646912,0.103478,NORMAL,NO_CRASH,0.0000,SERIOUS,12.975394,77.598404
13:58:04.935,0.503228,-0.742386,-0.805485,0.036175,-0.207211,-0.217481,1.205480,0.302560,NORMAL,NO_CRASH,0.0000,SERIOUS,12.975394,77.598404
13:58:04.986,0.214221,0.595533,-0.067881,0.054314,-0.141835,-0.106682,0.636520,0.185602,NORMAL,NO_CRASH,0.0000,SERIOUS,12.975394,77.598404
13:58:05.036,1.632438,0.946954,-0.138512,-0.109100,-0.137650,-0.116426,1.892290,0.210726,NORMAL,NO_CRASH,0.0000,SERIOUS,12.975394,77.598404
13:58:05.087,-0.908652,-0.678571,0.761150,0.033462,-0.046186,0.006760,1.365817,0.057434,NORMAL,NO_CRASH,0.0000,SERIOUS,12.975394,77.598404
13:58:05.137,0.264014,-0.385329,0.732109,-0.017769,0.016452,0.043441,0.868427,0.049734,NORMAL,NO_CRASH,0.0000,SERIOUS,12.975394,77.598404
13:58:05.187,-0.870735,-1.371534,-1.309772,-0.027798,-0.195401,-0.003364,2.086813,0.197397,NORMAL,NO_CRASH,0.0000,SERIOUS,12.975394,77.598404
13:58:05.238,0.866573,0.164276,0.959236,-0.037871,-0.037779,-0.109183,1.303100,0.121583,NORMAL,NO_CRASH,0.0000,SERIOUS,12.975394,77.598404
13:58:05.288,-0.404687,-1.065630,-1.069336,0.092904,-0.073998,-0.081025,1.562952,0.143778,NORMAL,NO_CRASH,0.0000,SERIOUS,12.975394,77.598404
13:58:05.338,0.517356,-0.135390,1.240907,0.016294,0.041242,0.009053,1.351235,0.045259,NORMAL,NO_CRASH,0.0000,SERIOUS,12.975394,77.598404
13:58:05.388,0.600183,0.427177,-0.291326,0.053427,0.145004,0.056847,0.792193,0.164658,NORMAL,NO_CRASH,0.0000,SERIOUS,12.975394,77.598404
13:58:05.439,0.298024,-0.183538,2.478140,0.006083,0.059841,0.103619,2.502735,0.119812,NORMAL,NO_CRASH,0.0000,SERIOUS,12.975394,77.598404
13:58:05.489,0.692990,-1.589989,-0.315225,-0.040363,-0.004676,-0.155611,1.762857,0.160829,NORMAL,NO_CRASH,0.0000,SERIOUS,12.975394,77.598404
13:58:05.540,0.284056,-0.387006,0.408272,-0.067477,-0.160276,-0.013050,0.630196,0.174390,NORMAL,NO_CRASH,0.0000,SERIOUS,12.975394,77.598404
13:58:05.590,-1.128620,-0.065042,0.812185,0.005782,-0.285438,0.005313,1.391998,0.285546,NORMAL,NO_CRASH,0.0000,SERIOUS,12.975394,77.598404
13:58:05.640,0.540342,-0.661850,-1.408599,0.006651,-0.116721,0.041695,1.647473,0.124123,NORMAL,NO_CRASH,0.0000,SERIOUS,12.975394,77.598404
13:58:05.691,-0.286681,-0.379946,-0.217252,-0.050742,0.110752,0.020412,0.523205,0.123521,NORMAL,NO_CRASH,0.0000,SERIOUS,12.975394,77.598404
13:58:05.741,-1.661000,-0.910841,0.041105,0.043849,0.093638,-0.112955,1.894793,0.153133,NORMAL,NO_CRASH,0.0000,SERIOUS,12.975394,77.598404
13:58:05.791,-0.362384,-0.181871,1.316662,0.075373,-0.070868,0.116547,1.377679,0.155841,NORMAL,NO_CRASH,0.0000,SERIOUS,12.975394,77.598404
13:58:05.842,-0.402839,-0.771285,-0.318465,0.019826,0.112437,-0.026567,0.926596,0.117222,NORMAL,NO_CRASH,0.0000,SERIOUS,12.975394,77.598404
13:58:05.892,0.230034,0.832808,-1.384905,-0.079209,-0.039858,-0.107350,1.632313,0.139236,NORMAL,NO_CRASH,0.0000,SERIOUS,12.975394,77.598404
13:58:05.943,-1.152397,0.977615,1.205110,-0.002578,-0.129972,-0.100163,1.932884,0.164110,NORMAL,NO_CRASH,0.0000,SERIOUS,12.975394,77.598404
13:58:05.993,-1.240169,0.240009,0.394038,-0.025652,-0.212639,0.011468,1.323212,0.214487,NORMAL,NO_CRASH,0.0000,SERIOUS,12.975394,77.598404
13:58:06.044,1.612917,0.268552,-0.012520,-0.078112,0.057636,-0.028586,1.635169,0.101196,NORMAL,NO_CRASH,0.0000,SERIOUS,12.975394,77.598404
13:58:06.094,-0.505294,-0.581973,0.468649,-0.034081,0.019951,0.004664,0.902023,0.039766,NORMAL,NO_CRASH,0.0000,SERIOUS,12.975394,77.598404
13:58:06.144,0.209106,0.322292,-0.136474,0.033405,0.017340,0.101302,0.407703,0.108068,NORMAL,NO_CRASH,0.0000,SERIOUS,12.975394,77.598404
13:58:06.195,-0.121937,-0.313335,-1.276441,-0.001929,-0.021707,-0.011012,1.319981,0.024416,NORMAL,NO_CRASH,0.0000,SERIOUS,12.975394,77.598404
13:58:06.245,1.548349,-0.196664,1.473468,-0.041553,0.083953,0.032831,2.146432,0.099260,NORMAL,NO_CRASH,0.0000,SERIOUS,12.975394,77.598404
13:58:06.296,0.148208,0.594621,0.251599,0.038406,-0.049635,0.101705,0.662451,0.119510,NORMAL,NO_CRASH,0.0000,SERIOUS,12.975394,77.598404
13:58:06.346,-0.602465,-0.171201,-2.185231,-0.015029,-0.172452,0.028418,2.273215,0.175422,NORMAL,NO_CRASH,0.0000,SERIOUS,12.975394,77.598404
13:58:06.396,-0.978926,0.618478,0.001772,0.004695,-0.149594,0.078639,1.157935,0.169070,NORMAL,NO_CRASH,0.0000,SERIOUS,12.975394,77.598404
13:58:06.447,-1.580952,0.348724,0.212310,0.113286,0.145922,-0.100646,1.632817,0.210372,NORMAL,NO_CRASH,0.0000,SERIOUS,12.975394,77.598404
13:58:06.498,-0.969089,-0.062411,-2.127243,0.019883,0.225054,-0.054036,2.338417,0.232303,NORMAL,NO_CRASH,0.0000,SERIOUS,12.975394,77.598404
13:58:06.548,-1.094084,0.446713,0.189668,-0.094722,-0.127531,0.199439,1.196890,0.254975,NORMAL,NO_CRASH,0.0000,SERIOUS,12.975394,77.598404
13:58:06.599,-0.187854,0.196177,0.576373,0.041405,-0.069057,0.010327,0.637166,0.081178,NORMAL,NO_CRASH,0.0000,SERIOUS,12.975394,77.598404
13:58:06.649,-0.606348,-0.598714,0.093335,-0.008357,0.103749,0.097371,0.857221,0.142530,NORMAL,NO_CRASH,0.0000,SERIOUS,12.975394,77.598404
13:58:06.699,1.010284,-0.709382,1.590399,0.020119,-0.013623,0.120900,2.013273,0.123317,NORMAL,NO_CRASH,0.0000,SERIOUS,12.975394,77.598404
13:58:06.750,-0.579081,-0.896187,-0.417466,-0.018543,0.088178,-0.107611,1.145759,0.140355,NORMAL,NO_CRASH,0.0000,SERIOUS,12.975394,77.598404
13:58:06.800,-0.535168,0.881215,-0.326125,-0.036563,-0.173216,0.185586,1.081342,0.256481,NORMAL,NO_CRASH,0.0000,SERIOUS,12.975394,77.598404
13:58:06.850,-0.346211,-0.734038,-0.490138,0.001189,-0.104780,0.197078,0.948108,0.223204,NORMAL,NO_CRASH,0.0000,SERIOUS,12.975394,77.598404
13:58:06.901,0.027698,0.135787,1.606697,-0.049599,0.103190,0.086703,1.612662,0.143617,NORMAL,NO_CRASH,0.0000,SERIOUS,12.975394,77.598404
13:58:06.951,-1.172761,1.314948,-1.335548,-0.006933,0.245343,0.080238,2.210915,0.258223,NORMAL,NO_CRASH,0.0000,SERIOUS,12.975394,77.598404
13:58:07.002,-0.259520,1.568625,2.074841,-0.079434,0.240369,-0.039659,2.613982,0.256242,NORMAL,NO_CRASH,0.0000,SERIOUS,12.975394,77.598404
13:58:07.052,0.009131,0.731422,-0.858569,0.088945,-0.032556,0.036451,1.127920,0.101488,NORMAL,NO_CRASH,0.0000,SERIOUS,12.975394,77.598404
13:58:07.103,-2.866569,-0.281436,-0.057422,0.090482,0.040578,0.017868,2.880923,0.100761,NORMAL,NO_CRASH,0.0000,SERIOUS,12.975394,77.598404
