Timestamp,AccX,AccY,AccZ,GyroX,GyroY,GyroZ,AccMagnitude,GyroMagnitude,DrivingBehaviour,CrashStatus,CrashConfidence,Severity,Latitude,Longitude
13:56:14.957,1.015066,0.603087,1.947035,-0.065716,-0.091206,0.112605,2.277063,0.159113,NORMAL,NO_CRASH,0.0000,,12.971615,77.594588
13:56:15.008,-0.449172,-0.183340,-0.723920,-0.008707,-0.048815,-0.065363,0.871452,0.082043,NORMAL,NO_CRASH,0.0000,,12.971627,77.594609
13:56:15.058,0.639462,-0.814496,1.551527,-0.008236,0.049452,-0.036675,1.865355,0.062116,NORMAL,NO_CRASH,0.0000,,12.971619,77.594597
13:56:15.109,-0.214467,1.038838,0.100862,0.029317,-0.085549,-0.083534,1.065529,0.123110,NORMAL,NO_CRASH,0.0000,,12.971617,77.594601
13:56:15.159,-1.133554,-0.902947,-0.174219,-0.018496,-0.131470,-0.148162,1.459661,0.198943,NORMAL,NO_CRASH,0.0000,,12.971633,77.594607
13:56:15.209,1.417856,0.038581,-0.290457,-0.061935,-0.048949,-0.039299,1.447815,0.088184,NORMAL,NO_CRASH,0.0000,,12.971644,77.594612
13:56:15.260,0.462425,-0.384771,-0.602223,0.018100,-0.006257,0.031887,0.851210,0.037196,NORMAL,NO_CRASH,0.0000,,12.971665,77.594629
13:56:15.310,-2.243455,0.378151,0.339757,0.049539,-0.142107,-0.088126,2.300331,0.174399,NORMAL,NO_CRASH,0.0000,,12.971653,77.594647
13:56:15.360,1.099192,0.873544,-0.013295,0.072132,-0.171030,0.007878,1.404093,0.185786,NORMAL,NO_CRASH,0.0000,,12.971663,77.594660
13:56:15.411,-0.224003,0.379628,-0.349356,-0.133094,-0.158521,-0.056143,0.562445,0.214464,NORMAL,NO_CRASH,0.0000,,12.971652,77.594674
13:56:15.461,-0.743240,1.398563,-1.675033,0.052270,0.033262,0.006752,2.305238,0.062323,NORMAL,NO_CRASH,0.0000,,12.971671,77.594693
13:56:15.512,-0.590056,-0.556409,1.065493,-0.030911,-0.029594,0.056748,1.339041,0.071075,NORMAL,NO_CRASH,0.0000,,12.971667,77.594716
13:56:15.562,-1.283988,-0.961374,-0.813562,-0.055357,-0.032867,0.035016,1.798540,0.073285,NORMAL,NO_CRASH,0.0000,,12.971677,77.594711
13:56:15.613,-0.276457,-0.842780,-1.194660,-0.013132,0.003370,0.029580,1.487925,0.032539,NORMAL,NO_CRASH,0.0000,,12.971673,77.594728
13:56:15.663,-0.298430,-0.640575,0.195732,0.104249,-0.095270,-0.058018,0.733285,0.152677,NORMAL,NO_CRASH,0.0000,,12.971690,77.594725
13:56:15.714,2.550513,4.648443,4.602041,-0.638750,-0.495330,-0.628921,7.020820,1.024156,CRASH,NO_CRASH,0.0000,,12.971680,77.594738
13:56:15.764,-0.765207,6.721411,-0.492567,1.087227,-0.659488,-0.458125,6.782738,1.351616,CRASH,NO_CRASH,0.0000,,12.971690,77.594747
13:56:15.815,-3.073855,-1.464078,-1.206440,-0.058837,0.532139,-0.735406,3.612147,0.909646,CRASH,NO_CRASH,0.0000,,12.971709,77.594769
13:56:15.865,0.015723,-1.514383,6.608852,-0.846454,1.104332,0.403401,6.780157,1.448712,CRASH,NO_CRASH,0.0000,,12.971717,77.594788
13:56:15.916,1.457791,-0.155066,-0.174291,-0.078387,0.415363,-0.206620,1.476339,0.470492,CRASH,NO_CRASH,0.1048,,12.971735,77.594777
13:56:15.967,-2.024785,-4.161943,-0.315509,-0.099929,0.250049,-0.244858,4.639081,0.363958,CRASH,NO_CRASH,0.1048,,12.971735,77.594773
13:56:16.017,-1.222168,2.941161,0.543994,0.341848,-0.414059,-0.907176,3.231106,1.054169,CRASH,NO_CRASH,0.1048,,12.971751,77.594761
13:56:16.067,-1.985090,-3.425560,0.922323,-0.178001,-0.589500,0.414111,4.065184,0.742080,CRASH,NO_CRASH,0.1048,,12.971765,77.594752
13:56:16.118,-0.824874,1.195969,-1.998457,0.277023,0.027281,-0.356291,2.470747,0.452138,CRASH,NO_CRASH,0.1048,,12.971765,77.594744
13:56:16.168,-0.898046,3.330301,1.430049,0.117798,0.315507,-0.096555,3.733957,0.350348,CRASH,NO_CRASH,0.1048,,12.971779,77.594743
13:56:16.219,-2.496086,-1.831339,2.269691,0.754359,-0.366000,-0.544838,3.838717,0.999931,CRASH,NO_CRASH,0.1048,,12.971787,77.594742
13:56:16.269,-1.355429,0.712020,0.790752,-0.749927,-0.212380,-0.935916,1.723209,1.217963,CRASH,NO_CRASH,0.1048,,12.971775,77.594741
13:56:16.319,-4.757474,1.047952,2.949068,0.052264,-0.388215,0.044427,5.694626,0.394229,CRASH,NO_CRASH,0.1048,,12.971790,77.594758
13:56:16.370,-2.215717,3.161291,-1.279372,0.072875,-0.810709,-0.341393,4.066934,0.882671,CRASH,NO_CRASH,0.1048,,12.971801,77.594754
13:56:16.420,-0.614787,-0.501672,-4.776072,-0.581630,0.870997,-0.002622,4.841540,1.047347,CRASH,NO_CRASH,0.1048,,12.971804,77.594751
13:56:16.470,-0.269446,-3.164833,-1.844838,0.069070,-0.065752,-0.252620,3.673173,0.270021,CRASH,NO_CRASH,0.1048,,12.971797,77.594759
13:56:16.521,0.780999,2.754564,-1.742423,0.000800,0.110450,0.383313,3.351659,0.398910,CRASH,NO_CRASH,0.1048,,12.971804,77.594764
13:56:16.571,3.988717,0.632799,2.819278,0.749630,0.260898,0.471348,4.925304,0.923137,CRASH,NO_CRASH,0.1048,,12.971799,77.594784
13:56:16.622,2.352803,2.226951,-1.188003,0.015606,0.996870,0.159741,3.450557,1.009708,CRASH,NO_CRASH,0.1048,,12.971808,77.594793
13:56:16.672,-1.932898,3.891834,1.574172,-0.235391,-0.609444,-0.996820,4.621740,1.191839,CRASH,NO_CRASH,0.0884,,12.971803,77.594795
13:56:16.723,0.248557,0.123774,-0.925279,0.000000,0.000000,0.000000,0.966044,0.000000,CRASH,NO_CRASH,0.0884,,12.971795,77.594815
13:56:16.773,-4.404572,-1.559934,-0.047307,0.736823,-2.002201,1.342140,4.672888,2.520527,CRASH,NO_CRASH,0.0884,,12.971793,77.594810
13:56:16.824,-12.741125,1.929371,4.443250,1.101125,4.652336,0.358980,13.630892,4.794327,CRASH,NO_CRASH,0.3815,,12.971810,77.594807
13:56:16.874,-20.661426,1.522049,0.679856,4.687029,4.531260,1.021731,20.728564,6.598825,CRASH,POSSIBLE_CRASH,0.6386,,12.971802,77.594802
13:56:16.925,-22.204489,2.080207,-0.759545,-3.763693,3.259572,5.948682,22.314648,7.757384,CRASH,POSSIBLE_CRASH,0.6776,,12.971795,77.594809
13:56:16.975,-18.707836,-1.245985,-2.265702,-6.169511,-4.515275,2.842443,18.885683,8.156596,CRASH,POSSIBLE_CRASH,0.6856,,12.971809,77.594817
13:56:17.025,-19.156876,1.959905,-3.142882,-3.989390,6.238504,2.311458,19.511659,7.757384,CRASH,CRASH_DETECTED,0.7856,SERIOUS,12.971819,77.594830
13:56:17.383,-12.709541,0.129118,-0.333683,-0.152763,6.031528,-2.672419,12.714576,6.598825,CRASH,CRASH_DETECTED,0.7856,SERIOUS,12.971819,77.594830
13:56:17.434,-9.063104,1.361837,1.075365,-4.363351,1.676833,1.065351,9.227722,4.794327,CRASH,CRASH_DETECTED,0.7856,SERIOUS,12.971819,77.594830
13:56:17.484,-5.295427,-0.499563,2.202983,-1.304923,-0.355813,2.126882,5.757104,2.520527,CRASH,NO_CRASH,0.6856,SERIOUS,12.971819,77.594830
13:56:17.534,-4.382790,-1.395000,-1.529655,-0.810761,3.152680,-0.219288,4.847135,3.262639,CRASH,NO_CRASH,0.6856,SERIOUS,12.971819,77.594830
13:56:17.584,-5.904845,2.994767,-0.068394,-0.662247,2.739700,-0.456766,6.621216,2.855374,CRASH,NO_CRASH,0.6856,SERIOUS,12.971819,77.594830
13:56:17.635,-4.717010,1.363179,0.901565,-1.807519,1.703735,0.273678,4.992119,2.498947,CRASH,NO_CRASH,0.6856,SERIOUS,12.971819,77.594830
13:56:17.685,-2.936849,0.180844,-0.515507,-1.495318,0.555563,1.496127,2.987229,2.187012,CRASH,NO_CRASH,0.6856,SERIOUS,12.971819,77.594830
13:56:17.735,-3.740892,-1.509785,0.308044,-1.006385,1.225825,-1.071445,4.045815,1.914015,CRASH,NO_CRASH,0.6856,SERIOUS,12.971819,77.594830
13:56:17.786,-2.584003,-1.171319,0.046970,1.279459,-0.094617,-1.077021,2.837475,1.675094,CRASH,NO_CRASH,0.6856,SERIOUS,12.971819,77.594830
13:56:17.836,-3.471471,-0.625596,0.352447,0.237404,0.492476,1.360242,3.544954,1.465998,CRASH,NO_CRASH,0.6856,SERIOUS,12.971819,77.594830
13:56:17.887,-1.938587,0.343247,-0.079471,-0.656735,-0.444136,1.008731,1.970343,1.283002,CRASH,NO_CRASH,0.6856,SERIOUS,12.971819,77.594830
13:56:17.937,-3.157063,0.949497,-0.377102,1.041584,-0.134918,0.397102,3.318253,1.122849,CRASH,NO_CRASH,0.6856,SERIOUS,12.971819,77.594830
13:56:17.987,-1.967651,-0.177330,-0.311886,0.521491,0.005772,0.832880,2.000092,0.982688,CRASH,NO_CRASH,0.6856,SERIOUS,12.971819,77.594830
13:56:18.038,-2.000813,0.309024,-0.423414,-0.121020,-0.602228,-0.601925,2.068339,0.860022,CRASH,NO_CRASH,0.6856,SERIOUS,12.971819,77.594830
13:56:18.088,-1.263524,0.545397,0.027940,0.428754,-0.616095,0.055733,1.376493,0.752668,CRASH,NO_CRASH,0.6546,SERIOUS,12.971819,77.594830
13:56:18.139,-1.517355,0.486363,-0.353801,0.361335,0.411169,-0.366447,1.632204,0.658715,CRASH,NO_CRASH,0.6496,SERIOUS,12.971819,77.594830
13:56:18.189,-0.962358,-0.274078,0.102251,0.119818,-0.557831,-0.082513,1.005836,0.576490,CRASH,NO_CRASH,0.6496,SERIOUS,12.971819,77.594830
13:56:18.240,-1.674734,0.314519,0.088180,-0.003081,0.501099,-0.058650,1.706292,0.504529,CRASH,NO_CRASH,0.6215,SERIOUS,12.971819,77.594830
13:56:18.290,-0.787720,-0.052073,-0.193202,0.330480,0.124456,-0.265066,0.812736,0.441550,CRASH,NO_CRASH,0.6135,SERIOUS,12.971819,77.594830
13:56:18.341,-0.702556,-0.421904,0.097146,0.225394,-0.082587,-0.302832,0.825242,0.386433,CRASH,NO_CRASH,0.2591,SERIOUS,12.971819,77.594830
13:56:18.391,-0.641629,-0.186330,0.043097,-0.038208,0.223499,-0.250927,0.669526,0.338196,CRASH,NO_CRASH,0.1882,SERIOUS,12.971819,77.594830
13:56:18.441,-0.671470,-0.059623,0.154190,-0.265750,0.080225,-0.102689,0.691521,0.295980,CRASH,NO_CRASH,0.0653,SERIOUS,12.971819,77.594830
13:56:18.492,-0.406798,0.052257,-0.073446,-0.062825,0.116040,-0.222904,0.416665,0.259034,CRASH,NO_CRASH,0.0653,SERIOUS,12.971819,77.594830
13:56:18.543,-0.397385,0.092583,-0.144968,0.025572,0.046277,0.220447,0.433015,0.226699,CRASH,NO_CRASH,0.0000,SERIOUS,12.971819,77.594830
13:56:18.593,-0.374181,0.052564,0.012786,0.193778,-0.008191,-0.041788,0.378071,0.198401,CRASH,NO_CRASH,0.0000,SERIOUS,12.971819,77.594830
13:56:18.643,-0.257304,0.008641,0.052980,0.099345,-0.005731,-0.142292,0.262843,0.173635,CRASH,NO_CRASH,0.0000,SERIOUS,12.971819,77.594830
13:56:18.694,-0.488542,-0.019229,-0.096780,-0.122149,-0.054493,-0.072127,0.498407,0.151961,CRASH,NO_CRASH,0.0000,SERIOUS,12.971819,77.594830
13:56:18.744,-0.218351,-0.006904,0.018102,0.063201,-0.075371,0.089509,0.219209,0.132992,CRASH,NO_CRASH,0.0000,SERIOUS,12.971819,77.594830
13:56:18.795,-0.273198,0.041804,0.109081,0.069226,-0.086689,0.035210,0.297125,0.116391,CRASH,NO_CRASH,0.0000,SERIOUS,12.971819,77.594830
13:56:18.845,-0.177525,-0.032850,-0.024397,-0.024401,0.067937,0.071869,0.182180,0.101863,CRASH,NO_CRASH,0.0000,SERIOUS,12.971819,77.594830
13:56:18.896,-0.200682,-0.032357,0.029476,-0.076502,0.036479,-0.027640,0.205399,0.089147,CRASH,NO_CRASH,0.0000,SERIOUS,12.971819,77.594830
13:56:18.946,-0.116675,0.016289,0.082146,0.054233,0.017424,-0.053312,0.143618,0.078019,CRASH,NO_CRASH,0.0000,SERIOUS,12.971819,77.594830
13:56:18.997,-0.084981,-0.027252,-0.000369,-0.005769,-0.052272,0.043550,0.089244,0.068281,CRASH,NO_CRASH,0.0000,SERIOUS,12.971819,77.594830
13:56:19.047,-0.675752,-1.507816,1.261936,0.127846,-0.116746,0.147397,2.079095,0.227376,CRASH,NO_CRASH,0.0000,SERIOUS,12.971819,77.594830
13:56:19.097,0.651541,0.089088,0.211864,-0.118329,0.006485,0.030444,0.690890,0.122354,CRASH,NO_CRASH,0.0000,SERIOUS,12.971819,77.594830
13:56:19.147,-1.660024,-0.180380,-0.689561,0.017259,-0.084270,-0.093987,1.806574,0.127408,CRASH,NO_CRASH,0.0000,SERIOUS,12.971819,77.594830
13:56:19.198,0.571492,-0.776157,-0.576916,-0.045706,0.034960,0.115751,1.123323,0.129266,CRASH,NO_CRASH,0.0000,SERIOUS,12.971819,77.594830
13:56:19.249,0.725862,-0.428536,-1.303051,-0.064486,0.042250,0.041160,1.551921,0.087394,CRASH,NO_CRASH,0.0000,SERIOUS,12.971819,77.594830
13:56:19.299,-0.185185,-0.230590,0.144278,-0.051326,0.091312,-0.052733,0.329061,0.117273,CRASH,NO_CRASH,0.0000,SERIOUS,12.971819,77.594830
13:56:19.350,1.469368,1.554982,0.185321,0.064619,0.075635,-0.012223,2.147407,0.100228,CRASH,NO_CRASH,0.0000,SERIOUS,12.971819,77.594830
13:56:19.400,0.931104,-0.130227,-0.387353,-0.043299,0.077927,0.029714,1.016836,0.093970,CRASH,NO_CRASH,0.0000,SERIOUS,12.971819,77.594830
13:56:19.451,0.324983,0.712418,-0.038486,0.062455,0.012020,-0.024201,0.783986,0.068050,CRASH,NO_CRASH,0.0000,SERIOUS,12.971819,77.594830
13:56:19.501,-0.815054,-0.353182,-0.320525,0.002831,0.028321,0.011327,0.944345,0.030633,CRASH,NO_CRASH,0.0000,SERIOUS,12.971819,77.594830
13:56:19.552,-0.114257,0.228479,0.082157,0.022958,0.049700,0.086859,0.268341,0.102672,CRASH,NO_CRASH,0.0000,SERIOUS,12.971819,77.594830
13:56:19.603,-0.202840,0.076987,-0.847627,0.017904,0.044382,0.003623,0.874953,0.047994,CRASH,NO_CRASH,0.0000,SERIOUS,12.971819,77.594830
13:56:19.653,0.059997,-0.479184,0.110086,0.059423,0.007457,0.087847,0.495314,0.106319,CRASH,NO_CRASH,0.0000,SERIOUS,12.971819,77.594830
13:56:19.704,-0.325752,0.077413,-0.535111,0.055544,-0.123990,0.024976,0.631230,0.138139,CRASH,NO_CRASH,0.0000,SERIOUS,12.971819,77.594830
13:56:19.754,-0.555786,0.114468,-0.267873,-0.022309,-0.083859,0.035341,0.627500,0.093696,CRASH,NO_CRASH,0.0000,SERIOUS,12.971819,77.594830
13:56:19.805,0.036729,0.400643,0.728026,0.037542,0.105907,-0.113493,0.831797,0.159707,CRASH,NO_CRASH,0.0000,SERIOUS,12.971819,77.594830
13:56:19.855,0.264692,-0.181413,0.159493,0.029862,0.037464,0.011591,0.358344,0.049292,CRASH,NO_CRASH,0.0000,SERIOUS,12.971819,77.594830
13:56:19.906,0.354983,-0.067027,0.401537,0.032407,0.013214,-0.004249,0.540127,0.035255,CRASH,NO_CRASH,0.0000,SERIOUS,12.971819,77.594830
13:56:19.956,0.060619,0.092780,0.488784,-0.055068,-0.038369,-0.002105,0.501191,0.067150,CRASH,NO_CRASH,0.0000,SERIOUS,12.971819,77.594830
13:56:20.006,0.101167,-0.059215,-0.259457,0.012398,-0.022963,0.023425,0.284709,0.035067,CRASH,NO_CRASH,0.0000,SERIOUS,12.971819,77.594830
13:56:20.057,-0.002741,0.219754,0.144391,0.069410,0.018949,0.059274,0.262961,0.093222,CRASH,NO_CRASH,0.0000,SERIOUS,12.971819,77.594830
13:56:20.107,0.043389,0.169223,0.099887,-0.021243,0.070518,0.011598,0.201237,0.074555,CRASH,NO_CRASH,0.0000,SERIOUS,12.971819,77.594830
13:56:20.158,-0.172294,0.361009,0.028412,0.037431,-0.012865,-0.019159,0.401024,0.043973,CRASH,NO_CRASH,0.0000,SERIOUS,12.971819,77.594830
13:56:20.208,0.190217,0.119824,0.066682,-0.016053,0.000236,0.005964,0.234493,0.017127,CRASH,NO_CRASH,0.0000,SERIOUS,12.971819,77.594830
13:56:20.259,-0.060049,0.106669,-0.167308,0.024430,0.022781,0.013576,0.207307,0.036057,CRASH,NO_CRASH,0.0000,SERIOUS,12.971819,77.594830
13:56:20.309,0.067065,-0.101140,0.173823,-0.040159,0.021332,-0.021460,0.211994,0.050282,CRASH,NO_CRASH,0.0000,SERIOUS,12.971819,77.594830
13:56:20.360,0.016221,-0.376055,0.102021,0.027512,-0.021848,-0.005356,0.389986,0.035538,CRASH,NO_CRASH,0.0000,SERIOUS,12.971819,77.594830
13:56:20.410,0.141581,0.080729,0.154225,-0.009919,0.041562,0.019377,0.224383,0.046918,CRASH,NO_CRASH,0.0000,SERIOUS,12.971819,77.594830
13:56:20.460,0.030364,-0.158518,-0.165897,-0.003810,-0.022500,0.031520,0.231455,0.038914,CRASH,NO_CRASH,0.0000,SERIOUS,12.971819,77.594830
13:56:20.511,0.062064,0.231930,-0.141393,-0.008416,-0.042684,0.033847,0.278631,0.055122,CRASH,NO_CRASH,0.0000,SERIOUS,12.971819,77.594830
13:56:20.562,0.118063,0.197541,0.180287,-0.008223,-0.002900,0.012609,0.292344,0.015330,CRASH,NO_CRASH,0.0000,SERIOUS,12.971819,77.594830
13:56:20.612,0.079576,0.359938,0.045168,-0.013841,-0.008584,0.017647,0.371386,0.024014,CRASH,NO_CRASH,0.0000,SERIOUS,12.971819,77.594830
13:56:20.662,0.116791,-0.160243,0.026413,0.018221,-0.014906,-0.000294,0.200039,0.023543,CRASH,NO_CRASH,0.0000,SERIOUS,12.971819,77.594830
13:56:20.712,0.208571,0.110485,-0.256342,-0.002189,-0.023334,0.005729,0.348454,0.024127,CRASH,NO_CRASH,0.0000,SERIOUS,12.971819,77.594830
13:56:20.763,-0.132719,-0.187769,0.346964,0.033996,-0.019140,0.003971,0.416240,0.039215,CRASH,NO_CRASH,0.0000,SERIOUS,12.971819,77.594830
13:56:20.814,-0.066878,0.245202,-0.065518,0.011014,-0.002778,-0.015631,0.262468,0.019322,CRASH,NO_CRASH,0.0000,SERIOUS,12.971819,77.594830
13:56:20.864,0.031470,0.127907,0.024059,0.011571,0.002477,0.024091,0.133900,0.026840,CRASH,NO_CRASH,0.0000,SERIOUS,12.971819,77.594830
13:56:20.914,0.046868,-0.145718,-0.178437,-0.017791,-0.019121,-0.003571,0.235096,0.026361,CRASH,NO_CRASH,0.0000,SERIOUS,12.971819,77.594830
13:56:20.965,-0.178895,0.222632,-0.031938,0.012060,0.025755,-0.020547,0.287382,0.035085,CRASH,NO_CRASH,0.0000,SERIOUS,12.971819,77.594830
13:56:21.015,0.062692,0.070861,-0.117968,0.008697,0.011983,0.023891,0.151222,0.028107,CRASH,NO_CRASH,0.0000,SERIOUS,12.971819,77.594830
13:56:21.065,0.480850,-0.286950,-0.128743,0.113375,0.001260,-0.068832,0.574572,0.132640,NORMAL,NO_CRASH,0.0000,SERIOUS,12.971819,77.594830
13:56:21.116,0.598544,0.521431,0.481862,0.004055,0.005152,-0.090136,0.928620,0.090374,NORMAL,NO_CRASH,0.0000,SERIOUS,12.971819,77.594830
13:56:21.166,0.088984,1.271754,-0.829351,0.074927,-0.046097,-0.121647,1.520887,0.150123,NORMAL,NO_CRASH,0.0000,SERIOUS,12.971819,77.594830
13:56:21.217,4.256656,1.033286,-0.838480,-0.013609,0.031888,0.217632,4.459804,0.220377,NORMAL,NO_CRASH,0.0000,SERIOUS,12.971819,77.594830
13:56:21.267,-0.296513,-1.002924,-0.021957,-0.071953,0.074321,-0.181982,1.046068,0.209328,NORMAL,NO_CRASH,0.0000,SERIOUS,12.971819,77.594830
13:56:21.317,-1.516035,0.223860,0.822883,0.025223,-0.081165,-0.203962,1.739428,0.220962,NORMAL,NO_CRASH,0.0000,SERIOUS,12.971819,77.594830
13:56:21.368,-0.250565,1.925113,1.017636,-0.042916,-0.149375,-0.081673,2.191900,0.175571,NORMAL,NO_CRASH,0.0000,SERIOUS,12.971819,77.594830
13:56:21.418,0.496892,-0.460138,0.213699,-0.001197,-0.077786,0.087297,0.710138,0.116931,NORMAL,NO_CRASH,0.0000,SERIOUS,12.971819,77.594830
13:56:21.469,-2.093525,-0.273953,2.438006,0.042965,-0.102033,0.075992,3.225178,0.134281,NORMAL,NO_CRASH,0.0000,SERIOUS,12.971819,77.594830
13:56:21.519,-0.414341,-1.068172,0.993940,0.048121,0.182853,-0.004432,1.516768,0.189131,NORMAL,NO_CRASH,0.0000,SERIOUS,12.971819,77.594830
13:56:21.570,0.352325,-0.717888,-0.750036,-0.034305,-0.137215,-0.114272,1.096380,0.181832,NORMAL,NO_CRASH,0.0000,SERIOUS,12.971819,77.594830
13:56:21.620,1.550181,1.603090,-0.433453,-0.094961,-0.026163,0.241458,2.271749,0.260776,NORMAL,NO_CRASH,0.0000,SERIOUS,12.971819,77.594830
13:56:21.670,0.019750,0.196847,0.312563,0.037613,0.072920,0.065179,0.369911,0.104787,NORMAL,NO_CRASH,0.0000,SERIOUS,12.971819,77.594830
13:56:21.721,0.091267,-0.747535,-1.257610,0.094570,-0.147704,-0.172408,1.465852,0.245936,NORMAL,NO_CRASH,0.0000,SERIOUS,12.971819,77.594830
13:56:21.771,0.742436,0.499000,-0.949940,-0.051288,-0.042532,0.089996,1.304837,0.111977,NORMAL,NO_CRASH,0.0000,SERIOUS,12.971819,77.594830
13:56:21.821,-1.267897,0.362015,-0.175417,0.031337,0.046709,-0.022856,1.330183,0.060714,NORMAL,NO_CRASH,0.0000,SERIOUS,12.971819,77.594830
13:56:21.871,-0.306701,0.652751,0.005259,0.026928,-0.120335,0.024662,0.721233,0.125753,NORMAL,NO_CRASH,0.0000,SERIOUS,12.971819,77.594830
13:56:21.922,-1.040618,0.292203,0.360815,-0.003743,0.171109,-0.142427,1.139498,0.222661,NORMAL,NO_CRASH,0.0000,SERIOUS,12.971819,77.594830
13:56:21.972,0.498455,3.331444,-2.683870,0.014411,0.111785,-0.086066,4.306987,0.141813,NORMAL,NO_CRASH,0.0000,SERIOUS,12.971819,77.594830
13:56:22.023,-0.240761,-0.303475,0.977508,-0.031764,-0.175699,-0.061426,1.051468,0.188818,NORMAL,NO_CRASH,0.0000,SERIOUS,12.971819,77.594830
13:56:22.073,0.067329,0.232314,-1.371851,-0.003893,0.089061,0.062450,1.393010,0.108844,NORMAL,NO_CRASH,0.0000,SERIOUS,12.971819,77.594830
13:56:22.124,-0.665042,0.217860,1.286375,0.012625,0.099753,0.135912,1.464413,0.169063,NORMAL,NO_CRASH,0.0000,SERIOUS,12.971819,77.594830
13:56:22.174,-0.233126,0.266675,-0.263456,-0.069468,-0.131786,0.014020,0.441443,0.149633,NORMAL,NO_CRASH,0.0000,SERIOUS,12.971819,77.594830
13:56:22.225,-0.122857,0.230034,0.875961,-0.066009,0.073675,-0.096918,0.913957,0.138486,NORMAL,NO_CRASH,0.0000,SERIOUS,12.971819,77.594830
13:56:22.276,-1.142681,-1.524965,-0.176568,-0.141499,0.012031,-0.004254,1.913743,0.142073,NORMAL,NO_CRASH,0.0000,SERIOUS,12.971819,77.594830
13:56:22.326,0.282814,0.266975,-0.849162,0.012337,-0.050927,0.198289,0.933989,0.205096,NORMAL,NO_CRASH,0.0000,SERIOUS,12.971819,77.594830
13:56:22.377,0.097588,-1.231288,1.114233,-0.032363,0.171940,-0.007065,1.663462,0.175102,NORMAL,NO_CRASH,0.0000,SERIOUS,12.971819,77.594830
13:56:22.427,0.246410,0.311554,-0.613311,-0.113508,-0.062220,-0.020144,0.730708,0.131000,NORMAL,NO_CRASH,0.0000,SERIOUS,12.971819,77.594830
13:56:22.477,0.444482,0.486171,1.000407,-0.010003,-0.050841,0.040079,1.197807,0.065507,NORMAL,NO_CRASH,0.0000,SERIOUS,12.971819,77.594830
13:56:22.528,0.442574,0.482340,0.560700,0.028272,0.019100,-0.023064,0.861921,0.041184,NORMAL,NO_CRASH,0.0000,SERIOUS,12.971819,77.594830
13:56:22.578,-0.399259,0.753387,1.825658,-0.033204,-0.137436,-0.096511,2.014951,0.171189,NORMAL,NO_CRASH,0.0000,SERIOUS,12.971819,77.594830
13:56:22.629,0.926014,0.376569,1.153418,-0.066107,0.102942,-0.349093,1.526329,0.369910,NORMAL,NO_CRASH,0.0000,SERIOUS,12.971819,77.594830
13:56:22.680,0.421206,0.120168,0.092050,-0.010244,-0.067199,0.152415,0.447580,0.166886,NORMAL,NO_CRASH,0.0000,SERIOUS,12.971819,77.594830
13:56:22.730,-1.304034,0.932755,-1.068698,-0.050095,0.024405,-0.002490,1.926824,0.055780,NORMAL,NO_CRASH,0.0000,SERIOUS,12.971819,77.594830
13:56:22.781,-0.824217,-0.061719,-0.339039,0.026362,-0.022660,-0.199351,0.893359,0.202359,NORMAL,NO_CRASH,0.0000,SERIOUS,12.971819,77.594830
13:56:22.831,-0.016873,-1.166141,0.274841,0.112020,0.130527,0.038277,1.198210,0.176213,NORMAL,NO_CRASH,0.0000,SERIOUS,12.971819,77.594830
13:56:22.881,-1.282194,-0.814634,-0.547116,0.000012,0.133927,0.043634,1.614616,0.140856,NORMAL,NO_CRASH,0.0000,SERIOUS,12.971819,77.594830
13:56:22.932,0.392289,0.070186,-1.332405,0.042360,0.085594,0.078543,1.390726,0.123652,NORMAL,NO_CRASH,0.0000,SERIOUS,12.971819,77.594830
13:56:22.982,0.798245,-0.405332,-0.210604,-0.097897,-0.180725,-0.057983,0.919698,0.213559,NORMAL,NO_CRASH,0.0000,SERIOUS,12.971819,77.594830
13:56:23.033,0.375488,-0.467076,-0.768602,-0.003815,0.096275,0.040027,0.974628,0.104334,NORMAL,NO_CRASH,0.0000,SERIOUS,12.971819,77.594830
13:56:23.084,1.749454,0.754210,-0.023181,0.073317,0.037965,0.007574,1.905245,0.082910,NORMAL,NO_CRASH,0.0000,SERIOUS,12.971819,77.594830
13:56:23.134,0.775823,-0.899705,-0.310604,0.130266,0.159494,0.040613,1.227944,0.209897,NORMAL,NO_CRASH,0.0000,SERIOUS,12.971819,77.594830
13:56:23.184,-1.000110,-0.771802,-0.464787,-0.092690,0.020211,-0.062238,1.346077,0.113462,NORMAL,NO_CRASH,0.0000,SERIOUS,12.971819,77.594830
13:56:23.235,1.034558,-1.119621,-0.996596,-0.012543,0.143038,-0.222153,1.821282,0.264517,NORMAL,NO_CRASH,0.0000,SERIOUS,12.971819,77.594830
13:56:23.285,1.190649,-0.527140,-0.200019,0.114807,0.002611,0.008170,1.317395,0.115127,NORMAL,NO_CRASH,0.0000,SERIOUS,12.971819,77.594830
13:56:23.336,0.630477,0.189917,-0.960261,-0.055798,0.075312,0.118064,1.164333,0.150746,NORMAL,NO_CRASH,0.0000,SERIOUS,12.971819,77.594830
13:56:23.386,0.098934,-2.318110,0.106745,0.097460,0.019140,-0.163285,2.322674,0.191120,NORMAL,NO_CRASH,0.0000,SERIOUS,12.971819,77.594830
13:56:23.436,-0.563692,-1.111366,-0.679646,-0.023793,0.106403,0.047772,1.419437,0.119038,NORMAL,NO_CRASH,0.0000,SERIOUS,12.971819,77.594830
13:56:23.487,0.533624,0.188539,1.471994,0.052504,0.145685,-0.044554,1.577044,0.161140,NORMAL,NO_CRASH,0.0000,SERIOUS,12.971819,77.594830
13:56:23.537,1.155341,-0.070461,1.142321,0.073734,-0.000280,0.065792,1.626245,0.098820,NORMAL,NO_CRASH,0.0000,SERIOUS,12.971819,77.594830
13:56:23.587,-0.274296,-0.711124,1.048226,0.084184,0.087869,-0.070341,1.296038,0.140555,NORMAL,NO_CRASH,0.0000,SERIOUS,12.971819,77.594830
13:56:23.638,0.395117,-1.553957,0.289385,-0.130793,-0.002380,0.133839,1.629307,0.187151,NORMAL,NO_CRASH,0.0000,SERIOUS,12.971819,77.594830
13:56:23.688,-1.581759,-0.349361,0.280647,0.038036,0.223572,-0.012700,1.644012,0.227140,NORMAL,NO_CRASH,0.0000,SERIOUS,12.971819,77.594830
13:56:23.738,-0.492619,-0.461725,0.158395,0.002164,-0.008972,-0.082882,0.693508,0.083394,NORMAL,NO_CRASH,0.0000,SERIOUS,12.971819,77.594830
13:56:23.788,0.821674,-1.205196,-0.073460,-0.085675,-0.157577,0.046043,1.460494,0.185178,NORMAL,NO_CRASH,0.0000,SERIOUS,12.971819,77.594830
13:56:23.839,0.587047,-0.783512,-1.127194,0.051513,-0.020772,0.010818,1.493011,0.056587,NORMAL,NO_CRASH,0.0000,SERIOUS,12.971819,77.594830
13:56:23.889,0.864193,-0.082027,-0.448226,0.068643,-0.052698,0.020625,0.976967,0.088963,NORMAL,NO_CRASH,0.0000,SERIOUS,12.971819,77.594830
13:56:23.939,0.309747,-1.022920,0.392454,0.020884,0.114706,-0.268341,1.138565,0.292575,NORMAL,NO_CRASH,0.0000,SERIOUS,12.971819,77.594830
13:56:23.990,0.202935,-1.154171,1.538908,-0.051793,-0.019896,-0.013336,1.934304,0.057063,NORMAL,NO_CRASH,0.0000,SERIOUS,12.971819,77.594830
13:56:24.040,0.976660,-0.069810,0.992536,0.001776,-0.008753,0.116945,1.394226,0.117286,NORMAL,NO_CRASH,0.0000,SERIOUS,12.971819,77.594830
13:56:24.091,0.428907,0.151250,0.874733,0.011776,0.095549,0.058837,0.985898,0.112828,NORMAL,NO_CRASH,0.0000,SERIOUS,12.971819,77.594830
13:56:24.142,0.585113,-0.412949,-0.513363,-0.002815,0.078414,0.011178,0.881150,0.079257,NORMAL,NO_CRASH,0.0000,SERIOUS,12.971819,77.594830
13:56:24.192,0.250774,-0.438426,-0.983321,-0.034832,-0.199440,-0.017646,1.105452,0.203227,NORMAL,NO_CRASH,0.0000,SERIOUS,12.971819,77.594830
13:56:24.243,-0.027856,2.034544,0.945782,-0.020594,-0.151463,0.033814,2.243803,0.156552,NORMAL,NO_CRASH,0.0000,SERIOUS,12.971819,77.594830
13:56:24.293,0.279579,-0.167807,-0.732876,-0.072695,0.071813,-0.077043,0.802141,0.127974,NORMAL,NO_CRASH,0.0000,SERIOUS,12.971819,77.594830
13:56:24.344,-0.504966,0.425479,-0.453003,0.063333,-0.192499,0.170029,0.800771,0.264532,NORMAL,NO_CRASH,0.0000,SERIOUS,12.971819,77.594830
13:56:24.394,-0.870171,0.808430,0.333756,0.036817,-0.108687,0.029041,1.233754,0.118371,NORMAL,NO_CRASH,0.0000,SERIOUS,12.971819,77.594830
13:56:24.444,-0.815530,0.012919,0.757139,0.011918,0.027968,-0.245163,1.112886,0.247040,NORMAL,NO_CRASH,0.0000,SERIOUS,12.971819,77.594830
13:56:24.495,-0.909693,-0.010839,-0.156659,0.011137,0.119590,0.214968,0.923147,0.246246,NORMAL,NO_CRASH,0.0000,SERIOUS,12.971819,77.594830
13:56:24.545,0.131655,0.779240,0.104055,0.058814,0.116247,0.160354,0.797104,0.206606,NORMAL,NO_CRASH,0.0000,SERIOUS,12.971819,77.594830
13:56:24.595,1.547640,0.600293,-0.363922,-0.057070,0.094305,0.016229,1.699406,0.111418,NORMAL,NO_CRASH,0.0000,SERIOUS,12.971819,77.594830
13:56:24.645,0.572576,0.965829,2.097313,-0.103698,0.098396,0.058364,2.378948,0.154407,NORMAL,NO_CRASH,0.0000,SERIOUS,12.971819,77.594830
13:56:24.696,0.512334,0.207586,-0.312758,0.041607,-0.172774,0.020912,0.635134,0.178939,NORMAL,NO_CRASH,0.0000,SERIOUS,12.971819,77.594830
13:56:24.746,-0.655756,1.384352,2.458631,-0.061774,-0.006414,-0.081632,2.896776,0.102572,NORMAL,NO_CRASH,0.0000,SERIOUS,12.971819,77.594830
13:56:24.797,-0.124579,0.542551,1.042319,0.000018,0.031122,0.127659,1.181656,0.131398,NORMAL,NO_CRASH,0.0000,SERIOUS,12.971819,77.594830
13:56:24.847,-0.637454,0.640466,2.329327,0.009289,0.168295,-0.011680,2.498462,0.168956,NORMAL,NO_CRASH,0.0000,SERIOUS,12.971819,77.594830
13:56:24.898,1.647874,0.768525,1.272610,0.059358,0.093474,0.034201,2.219382,0.115890,NORMAL,NO_CRASH,0.0000,SERIOUS,12.971819,77.594830
13:56:24.948,0.124278,-0.913036,-0.219310,0.105761,-0.060535,-0.109934,0.947194,0.164120,NORMAL,NO_CRASH,0.0000,SERIOUS,12.971819,77.594830
13:56:24.999,-1.887143,0.276911,-0.421944,0.055811,-0.282909,0.193843,1.953465,0.347459,NORMAL,NO_CRASH,0.0000,SERIOUS,12.971819,77.594830
13:56:25.049,-0.660029,-1.363863,1.623732,0.022516,0.061813,-0.026750,2.220870,0.071017,NORMAL,NO_CRASH,0.0000,SERIOUS,12.971819,77.594830
13:56:25.100,-1.343888,0.051058,0.836909,-0.004164,0.136651,0.090598,1.584000,0.164008,NORMAL,NO_CRASH,0.0000,SERIOUS,12.971819,77.594830
13:56:25.150,0.362367,-0.616576,0.506865,0.035086,0.037090,-0.106817,0.876577,0.118392,NORMAL,NO_CRASH,0.0000,SERIOUS,12.971819,77.594830
13:56:25.201,0.971385,0.421414,2.262316,0.091507,-0.145592,-0.222255,2.497849,0.281012,NORMAL,NO_CRASH,0.0000,SERIOUS,12.971819,77.594830
13:56:25.251,0.629219,-1.874604,-0.564436,-0.032212,0.027662,-0.154105,2.056367,0.159847,NORMAL,NO_CRASH,0.0000,SERIOUS,12.971819,77.594830
13:56:25.302,0.034530,-0.437518,-0.600013,0.005264,-0.090444,-0.075330,0.743390,0.117824,NORMAL,NO_CRASH,0.0000,SERIOUS,12.971819,77.594830
13:56:25.352,-1.111594,-0.960875,-0.205411,-0.011560,-0.249474,0.115558,1.483616,0.275181,NORMAL,NO_CRASH,0.0000,SERIOUS,12.971819,77.594830
13:56:25.403,-0.596199,-1.512436,1.143131,-0.091233,-0.010012,-0.094029,1.987376,0.131397,NORMAL,NO_CRASH,0.0000,SERIOUS,12.971819,77.594830
13:56:25.453,-0.602736,0.671544,-0.718112,0.008178,0.118864,0.180940,1.153234,0.216645,NORMAL,NO_CRASH,0.0000,SERIOUS,12.971819,77.594830
13:56:25.504,-0.283966,0.521349,-1.672991,-0.052820,-0.032378,0.008849,1.775202,0.062583,NORMAL,NO_CRASH,0.0000,SERIOUS,12.971819,77.594830
13:56:25.554,-0.549895,-0.333622,0.838464,0.016177,-0.205568,0.153152,1.056745,0.256856,NORMAL,NO_CRASH,0.0000,SERIOUS,12.971819,77.594830
13:56:25.605,-0.896445,0.669110,1.121233,-0.037446,0.032850,-0.099456,1.583820,0.111233,NORMAL,NO_CRASH,0.0000,SERIOUS,12.971819,77.594830
13:56:25.655,0.000027,-0.185036,-0.968713,-0.072264,0.054337,0.119060,0.986227,0.149499,NORMAL,NO_CRASH,0.0000,SERIOUS,12.971819,77.594830
13:56:25.705,0.497010,-1.407459,-0.215916,0.034899,0.106824,0.020454,1.508171,0.114226,NORMAL,NO_CRASH,0.0000,SERIOUS,12.971819,77.594830
13:56:25.756,0.050436,-1.703298,0.063108,-0.048705,-0.006178,0.072880,1.705213,0.087874,NORMAL,NO_CRASH,0.0000,SERIOUS,12.971819,77.594830
13:56:25.806,0.333488,-0.791470,0.988603,0.082953,-0.055412,0.158183,1.309571,0.187012,NORMAL,NO_CRASH,0.0000,SERIOUS,12.971819,77.594830
13:56:25.857,1.788688,-0.665776,-0.711834,-0.047980,-0.179243,-0.299660,2.037000,0.352458,NORMAL,NO_CRASH,0.0000,SERIOUS,12.971819,77.594830
13:56:25.907,-0.731434,0.944684,-1.303271,-0.131480,-0.121803,0.206268,1.768033,0.273257,NORMAL,NO_CRASH,0.0000,SERIOUS,12.971819,77.594830
13:56:25.958,0.637093,-0.728729,1.087054,0.012587,-0.115347,-0.021293,1.455548,0.117969,NORMAL,NO_CRASH,0.0000,SERIOUS,12.971819,77.594830
13:56:26.008,1.890396,-1.797895,0.833224,-0.042276,-0.170564,-0.200925,2.738665,0.266927,NORMAL,NO_CRASH,0.0000,SERIOUS,12.971819,77.594830
13:56:26.059,0.667040,0.042767,-0.750877,0.005819,-0.059972,-0.016958,1.005280,0.062595,NORMAL,NO_CRASH,0.0000,SERIOUS,12.971819,77.594830
13:56:26.109,-0.155052,-0.397127,0.476925,0.086004,-0.029882,0.177261,0.639695,0.199276,NORMAL,NO_CRASH,0.0000,SERIOUS,12.971819,77.594830
13:56:26.160,0.975078,1.024268,-0.612748,-0.005517,-0.005907,0.053963,1.541221,0.054565,NORMAL,NO_CRASH,0.0000,SERIOUS,12.971819,77.594830
13:56:26.210,0.124398,-1.858676,0.215264,-0.080828,-0.152457,0.139189,1.875230,0.221698,NORMAL,NO_CRASH,0.0000,SERIOUS,12.971819,77.594830
13:56:26.260,-0.014603,1.445637,-0.276165,0.057764,0.039480,-0.015344,1.471852,0.071630,NORMAL,NO_CRASH,0.0000,SERIOUS,12.971819,77.594830
13:56:26.310,-0.494562,-0.939658,-0.962860,0.087553,-0.154197,-0.157310,1.433404,0.237041,NORMAL,NO_CRASH,0.0000,SERIOUS,12.971819,77.594830
13:56:26.361,0.174411,0.008466,-0.279240,-0.073786,0.021708,-0.118181,0.329341,0.141005,NORMAL,NO_CRASH,0.0000,SERIOUS,12.971819,77.594830
13:56:26.412,-0.362601,-0.719140,0.113811,-0.155701,-0.130765,-0.066715,0.813384,0.213994,NORMAL,NO_CRASH,0.0000,SERIOUS,12.971819,77.594830
13:56:26.462,0.340271,-0.440639,0.781435,-0.005706,-0.098154,-0.052067,0.959473,0.111255,NORMAL,NO_CRASH,0.0000,SERIOUS,12.971819,77.594830
13:56:26.512,0.589753,1.182824,0.357380,-0.050576,0.014916,-0.112636,1.369160,0.124368,NORMAL,NO_CRASH,0.0000,SERIOUS,12.971819,77.594830
13:56:26.563,-0.290911,0.448992,0.687703,-0.016330,0.000690,0.011581,0.871297,0.020031,NORMAL,NO_CRASH,0.0000,SERIOUS,12.971819,77.594830
13:56:26.614,-0.435620,0.836689,-0.596982,-0.007576,0.156431,0.039551,1.116333,0.161531,NORMAL,NO_CRASH,0.0000,SERIOUS,12.971819,77.594830
13:56:26.665,-0.205610,0.234366,0.369962,-0.019811,-0.101214,0.061007,0.483813,0.119828,NORMAL,NO_CRASH,0.0000,SERIOUS,12.971819,77.594830
13:56:26.715,1.693647,-0.259231,1.397403,-0.029642,0.065895,-0.050344,2.210968,0.088064,NORMAL,NO_CRASH,0.0000,SERIOUS,12.971819,77.594830
13:56:26.766,0.218602,0.099209,0.057510,-0.058206,0.109237,-0.195263,0.246853,0.231189,NORMAL,NO_CRASH,0.0000,SERIOUS,12.971819,77.594830
13:56:26.816,0.301160,0.467093,-1.724944,-0.001707,-0.240078,0.141138,1.812265,0.278497,NORMAL,NO_CRASH,0.0000,SERIOUS,12.971819,77.594830
13:56:26.867,-0.517183,-0.998093,-1.244015,0.012879,-0.082144,0.213109,1.676675,0.228755,NORMAL,NO_CRASH,0.0000,SERIOUS,12.971819,77.594830
13:56:26.917,-0.273526,1.851072,-0.651490,0.076856,-0.105901,0.187135,1.981344,0.228345,NORMAL,NO_CRASH,0.0000,SERIOUS,12.971819,77.594830
13:56:26.967,-0.574299,-0.577372,1.339767,-0.024446,-0.104509,-0.130202,1.567850,0.168737,NORMAL,NO_CRASH,0.0000,SERIOUS,12.971819,77.594830
13:56:27.018,-1.495263,-0.199636,1.380707,-0.034681,0.134435,-0.076404,2.044998,0.158471,NORMAL,NO_CRASH,0.0000,SERIOUS,12.971819,77.594830
13:56:27.068,-0.506271,1.168087,-0.475347,0.068321,-0.178199,0.021017,1.358931,0.192001,NORMAL,NO_CRASH,0.0000,SERIOUS,12.971819,77.594830
13:56:27.118,-0.512186,-0.048204,1.405037,0.097113,-0.243785,0.222342,1.496258,0.343945,NORMAL,NO_CRASH,0.0000,SERIOUS,12.971819,77.594830
13:56:27.169,-0.188780,1.220397,1.328083,0.071711,-0.102246,0.117422,1.813508,0.171420,NORMAL,NO_CRASH,0.0000,SERIOUS,12.971819,77.594830
13:56:27.219,1.333015,0.187146,0.009985,0.037771,0.212418,-0.019586,1.346124,0.216637,NORMAL,NO_CRASH,0.0000,SERIOUS,12.971819,77.594830
13:56:27.269,0.457714,0.584955,0.219405,-0.009685,0.048031,-0.126502,0.774476,0.135659,NORMAL,NO_CRASH,0.0000,SERIOUS,12.971819,77.594830
13:56:27.320,-0.526151,-0.573201,-0.474677,0.065061,0.217097,0.000190,0.911435,0.226636,NORMAL,NO_CRASH,0.0000,SERIOUS,12.971819,77.594830
13:56:27.370,-0.413110,0.132951,1.970930,0.027222,0.161810,0.111284,2.018143,0.198262,NORMAL,NO_CRASH,0.0000,SERIOUS,12.971819,77.594830
13:56:27.420,0.541312,0.351606,-0.957814,-0.082626,0.023196,-0.122523,1.155012,0.149590,NORMAL,NO_CRASH,0.0000,SERIOUS,12.971819,77.594830
13:56:27.471,1.376253,0.703945,0.645973,-0.041406,-0.277503,-0.043673,1.675378,0.283953,NORMAL,NO_CRASH,0.0000,SERIOUS,12.971819,77.594830
13:56:27.521,-0.225938,-0.263491,-0.059177,-0.013646,-0.111223,0.068696,0.352104,0.131437,NORMAL,NO_CRASH,0.0000,SERIOUS,12.971819,77.594830
13:56:27.572,0.032357,-0.963085,-0.305911,0.014364,0.029714,0.149732,1.011020,0.153326,NORMAL,NO_CRASH,0.0000,SERIOUS,12.971819,77.594830
13:56:27.622,0.751201,-0.798231,0.851350,-0.033578,0.098450,-0.053814,1.387902,0.117115,NORMAL,NO_CRASH,0.0000,SERIOUS,12.971819,77.594830
13:56:27.673,1.181233,0.926053,-1.391565,0.001546,-0.038843,0.020109,2.046787,0.043767,NORMAL,NO_CRASH,0.0000,SERIOUS,12.971819,77.594830
13:56:27.723,0.480432,0.649561,-0.235303,-0.024026,0.028824,-0.087379,0.841493,0.095096,NORMAL,NO_CRASH,0.0000,SERIOUS,12.971819,77.594830
13:56:27.774,0.599970,-1.014502,0.131049,0.021230,0.029406,0.191830,1.185897,0.195229,NORMAL,NO_CRASH,0.0000,SERIOUS,12.971819,77.594830
13:56:27.824,-1.087053,-0.161869,0.096059,0.040848,-0.174561,0.035017,1.103229,0.182664,NORMAL,NO_CRASH,0.0000,SERIOUS,12.971819,77.594830
13:56:27.875,1.343192,-1.157463,-0.112251,0.104719,0.299697,-0.022484,1.776650,0.318261,NORMAL,NO_CRASH,0.0000,SERIOUS,12.971819,77.594830
13:56:27.925,0.590916,-0.138306,0.089746,0.055002,-0.068148,-0.070998,0.613486,0.112739,NORMAL,NO_CRASH,0.0000,SERIOUS,12.971819,77.594830
13:56:27.976,1.033582,0.618129,0.156446,-0.011733,0.087224,-0.134983,1.214434,0.161140,NORMAL,NO_CRASH,0.0000,SERIOUS,12.971819,77.594830
13:56:28.026,-0.922502,-0.638381,1.098931,-0.068397,0.184819,-0.262058,1.570411,0.327888,NORMAL,NO_CRASH,0.0000,SERIOUS,12.971819,77.594830
13:56:28.076,-0.571568,-0.728012,0.678214,0.020044,-0.099799,-0.046092,1.147460,0.111742,NORMAL,NO_CRASH,0.0000,SERIOUS,12.971819,77.594830
13:56:28.127,-1.323479,0.041675,-1.064182,-0.067603,-0.018965,0.069459,1.698769,0.098764,NORMAL,NO_CRASH,0.0000,SERIOUS,12.971819,77.594830
13:56:28.178,0.962191,1.538775,0.430306,-0.103146,-0.218807,0.056461,1.865154,0.248402,NORMAL,NO_CRASH,0.0000,SERIOUS,12.971819,77.594830
13:56:28.228,-0.723176,0.150138,1.207991,0.081962,-0.305597,0.047304,1.415898,0.319914,NORMAL,NO_CRASH,0.0000,SERIOUS,12.971819,77.594830
13:56:28.278,0.789692,0.772009,0.665415,-0.055598,0.096735,0.111726,1.289337,0.157897,NORMAL,NO_CRASH,0.0000,SERIOUS,12.971819,77.594830
13:56:28.328,0.543220,-0.692310,0.106122,0.038045,-0.046739,0.113338,0.886365,0.128364,NORMAL,NO_CRASH,0.0000,SERIOUS,12.971819,77.594830
13:56:28.379,1.069036,0.302283,0.117409,-0.085315,-0.307585,0.103189,1.117138,0.335462,NORMAL,NO_CRASH,0.0000,SERIOUS,12.971819,77.594830
13:56:28.429,-0.259854,-0.727342,0.731374,-0.001453,0.144819,-0.148457,1.063700,0.207399,NORMAL,NO_CRASH,0.0000,SERIOUS,12.971819,77.594830
13:56:28.480,0.636675,0.806188,-0.429955,0.022704,-0.053377,-0.064430,1.113622,0.086694,NORMAL,NO_CRASH,0.0000,SERIOUS,12.971819,77.594830
13:56:28.530,-1.399789,-0.314241,-1.017935,-0.086309,0.068850,-0.073736,1.759075,0.132765,NORMAL,NO_CRASH,0.0000,SERIOUS,12.971819,77.594830
13:56:28.581,0.743355,0.178645,-0.254163,0.035294,0.164559,0.239543,0.805661,0.292757,NORMAL,NO_CRASH,0.0000,SERIOUS,12.971819,77.594830
13:56:28.631,0.150914,-0.037862,-0.439729,0.012161,-0.033427,0.107390,0.466444,0.113128,NORMAL,NO_CRASH,0.0000,SERIOUS,12.971819,77.594830
13:56:28.681,0.707257,0.039593,-0.384100,-0.041146,-0.058657,-0.031806,0.805799,0.078392,NORMAL,NO_CRASH,0.0000,SERIOUS,12.971819,77.594830
13:56:28.732,-0.359572,0.955731,-0.995405,-0.066386,-0.013078,0.070541,1.426024,0.097745,NORMAL,NO_CRASH,0.0000,SERIOUS,12.971819,77.594830
13:56:28.783,-0.397524,0.559893,-0.988994,-0.113127,-0.145158,-0.047737,1.204000,0.190125,NORMAL,NO_CRASH,0.0000,SERIOUS,12.971819,77.594830
13:56:28.833,0.328741,-0.756686,-1.028306,0.121181,-0.023241,0.112170,1.318354,0.166755,NORMAL,NO_CRASH,0.0000,SERIOUS,12.971819,77.594830
13:56:28.884,-1.094873,-0.946910,-0.393428,-0.043906,-0.072905,-0.249086,1.500057,0.263224,NORMAL,NO_CRASH,0.0000,SERIOUS,12.971819,77.594830
13:56:28.934,-0.570836,-0.508155,0.438667,-0.041125,0.076755,0.004530,0.881195,0.087196,NORMAL,NO_CRASH,0.0000,SERIOUS,12.971819,77.594830
13:56:28.984,-0.541684,-0.568833,1.213211,0.038351,0.114648,-0.084890,1.445294,0.147720,NORMAL,NO_CRASH,0.0000,SERIOUS,12.971819,77.594830
13:56:29.034,-0.137585,-0.788845,-0.312548,-0.060464,0.029911,-0.051242,0.859589,0.084713,NORMAL,NO_CRASH,0.0000,SERIOUS,12.971819,77.594830
13:56:29.085,-0.791361,-0.123819,0.341135,-0.012186,0.049227,-0.061879,0.870607,0.080005,NORMAL,NO_CRASH,0.0000,SERIOUS,12.971819,77.594830
13:56:29.136,1.189483,-3.469219,-3.648443,-0.032744,-0.568850,-0.048691,5.173150,0.571868,CRASH,NO_CRASH,0.0000,SERIOUS,12.971819,77.594830
13:56:29.186,-2.049601,-0.134347,1.245475,-0.345836,-0.004355,-0.149554,2.402107,0.376812,CRASH,NO_CRASH,0.0000,SERIOUS,12.971819,77.594830
13:56:29.236,0.850690,-2.626830,1.186867,0.383181,-0.677253,-0.445283,3.005422,0.896536,CRASH,NO_CRASH,0.0000,SERIOUS,12.971819,77.594830
13:56:29.286,2.006822,-1.726539,3.954322,0.250712,-0.722126,0.216911,4.758669,0.794590,CRASH,NO_CRASH,0.0000,SERIOUS,12.971819,77.594830
13:56:29.336,1.257285,-0.058302,4.314029,-0.190199,-0.259417,-0.062180,4.493886,0.327626,CRASH,NO_CRASH,0.0000,SERIOUS,12.971819,77.594830
13:56:29.387,-2.269695,1.850131,0.531377,-0.271704,-0.011278,0.402393,2.976048,0.485665,CRASH,NO_CRASH,0.0000,SERIOUS,12.971819,77.594830
13:56:29.437,2.342119,0.414402,-3.339920,0.789067,0.616729,-0.132134,4.100283,1.010168,CRASH,NO_CRASH,0.0000,SERIOUS,12.971819,77.594830
13:56:29.488,3.489694,3.131670,-1.190393,0.163817,0.402235,-0.008752,4.837598,0.434403,CRASH,NO_CRASH,0.0000,SERIOUS,12.971819,77.594830
13:56:29.538,1.901691,0.894422,2.672903,0.399512,-0.121697,-0.574663,3.400122,0.710393,CRASH,NO_CRASH,0.0000,SERIOUS,12.971819,77.594830
13:56:29.589,3.689117,1.887602,-1.900183,1.416813,0.266094,-1.012762,4.558872,1.761776,CRASH,NO_CRASH,0.0000,SERIOUS,12.971819,77.594830
13:56:29.639,-0.450861,-2.194232,0.333588,0.569729,0.041309,-0.240166,2.264776,0.619659,CRASH,NO_CRASH,0.0000,SERIOUS,12.971819,77.594830
13:56:29.690,0.292261,-2.798315,2.125811,0.489937,-0.146339,0.095682,3.526338,0.520200,CRASH,NO_CRASH,0.0000,SERIOUS,12.971819,77.594830
13:56:29.740,0.712732,3.842304,2.328551,-0.303721,0.404562,0.038500,4.549004,0.507345,CRASH,NO_CRASH,0.0000,SERIOUS,12.971819,77.594830
13:56:29.791,2.404451,0.617724,-0.850600,0.215782,-0.748984,0.225473,2.624212,0.811404,CRASH,NO_CRASH,0.0000,SERIOUS,12.971819,77.594830
13:56:29.841,-1.889377,-0.933353,0.133405,0.170842,-0.093076,-0.142002,2.111561,0.240863,CRASH,NO_CRASH,0.0000,SERIOUS,12.971819,77.594830
13:56:29.891,0.468817,3.976803,1.576382,0.681585,-0.067731,-0.435489,4.303456,0.811662,CRASH,NO_CRASH,0.0000,SERIOUS,12.971819,77.594830
13:56:29.942,0.104285,-1.413156,2.943098,-0.563321,-0.538236,0.585876,3.266452,0.974823,CRASH,NO_CRASH,0.0000,SERIOUS,12.971819,77.594830
13:56:29.992,-2.379692,1.999548,0.510568,-1.127025,0.721548,0.215712,3.149890,1.355488,CRASH,NO_CRASH,0.0000,SERIOUS,12.971819,77.594830
13:56:30.042,-0.507052,-0.232794,2.377543,0.146208,0.253976,-0.068617,2.442131,0.300980,CRASH,NO_CRASH,0.0000,SERIOUS,12.971819,77.594830
13:56:30.093,2.822335,0.455215,-2.107220,0.913792,0.432825,-0.199733,3.551503,1.030654,CRASH,NO_CRASH,0.0000,SERIOUS,12.971819,77.594830
13:56:30.143,0.573193,-0.424573,0.447748,0.000000,-0.000000,0.000000,0.842194,0.000000,CRASH,NO_CRASH,0.0000,SERIOUS,12.971819,77.594830
13:56:30.194,18.159443,3.077979,1.763446,0.445347,0.819504,-2.312744,18.502677,2.493733,CRASH,NO_CRASH,0.5850,SERIOUS,12.971819,77.594830
13:56:30.244,33.107563,-2.362787,0.633819,1.902540,-2.086717,3.811225,33.197820,4.743362,CRASH,POSSIBLE_CRASH,0.7949,SERIOUS,12.971819,77.594830
13:56:30.295,47.096377,1.568197,0.582420,-4.540382,0.482094,-4.666492,47.126078,6.528678,CRASH,POSSIBLE_CRASH,0.8306,SERIOUS,12.971819,77.594830
13:56:30.345,53.453944,-1.180207,-1.572220,-0.784440,4.367371,-6.262200,53.490083,7.674921,CRASH,POSSIBLE_CRASH,0.8535,SERIOUS,12.971819,77.594830
13:56:30.396,51.510794,-0.154634,-2.278758,-3.372771,-7.213743,1.307455,51.561405,8.069890,CRASH,CRASH_DETECTED,0.9614,SERIOUS,12.971819,77.594830
13:56:30.446,50.183125,-1.501314,0.883589,-0.650155,-7.398647,-1.934357,50.213352,7.674921,CRASH,CRASH_DETECTED,0.9614,SERIOUS,12.971819,77.594830
13:56:30.496,45.459740,-2.616635,-0.857070,-6.290763,0.397674,1.700527,45.543049,6.528678,CRASH,CRASH_DETECTED,0.9614,SERIOUS,12.971819,77.594830
13:56:30.547,33.985231,-2.173166,2.105149,-0.468869,4.704624,0.382304,34.119646,4.743362,CRASH,CRASH_DETECTED,0.9614,SERIOUS,12.971819,77.594830
13:56:30.597,17.557757,-1.281497,0.150385,-2.284978,-0.373489,-0.926329,17.605104,2.493733,CRASH,CRASH_DETECTED,0.9614,SERIOUS,12.971819,77.594830
13:56:30.647,17.689529,-1.777762,3.744319,-2.495883,-1.652070,-1.208689,18.168649,3.227956,CRASH,CRASH_DETECTED,0.9614,SERIOUS,12.971819,77.594830
13:56:30.698,13.783254,0.564426,-0.309355,2.106859,0.178118,-1.873543,13.798275,2.825021,CRASH,CRASH_DETECTED,0.9614,SERIOUS,12.971819,77.594830
13:56:30.748,12.253851,2.163005,-1.004601,-0.205201,2.404128,0.539203,12.483777,2.472383,CRASH,CRASH_DETECTED,0.9614,SERIOUS,12.971819,77.594830
13:56:30.798,10.454032,-0.191310,0.213109,1.667653,1.268700,-0.539635,10.457954,2.163764,CRASH,CRASH_DETECTED,0.9614,SERIOUS,12.971819,77.594830
13:56:30.849,9.782475,0.656699,-0.253768,1.126873,-1.483025,0.341723,9.807776,1.893668,CRASH,CRASH_DETECTED,0.9614,SERIOUS,12.971819,77.594830
13:56:30.899,7.069976,0.375856,0.514194,0.305695,-1.605287,0.276053,7.098608,1.657288,CRASH,NO_CRASH,0.8614,SERIOUS,12.971819,77.594830
13:56:30.950,8.113645,1.354149,-0.903629,-0.511374,-0.584029,-1.225197,8.275355,1.450414,CRASH,NO_CRASH,0.8614,SERIOUS,12.971819,77.594830
13:56:31.000,6.802285,1.237824,-0.292451,-1.004441,-0.025632,0.775710,6.920175,1.269364,CRASH,NO_CRASH,0.8614,SERIOUS,12.971819,77.594830
13:56:31.051,5.956407,-0.571938,0.767857,0.859429,-0.193658,0.676762,6.032869,1.110913,CRASH,NO_CRASH,0.8614,SERIOUS,12.971819,77.594830
13:56:31.101,5.334452,-0.174391,0.328432,-0.499102,0.795899,-0.250389,5.347397,0.972242,CRASH,NO_CRASH,0.8614,SERIOUS,12.971819,77.594830
13:56:31.152,4.432062,-0.052384,-0.611045,0.443976,-0.400212,-0.605567,4.474292,0.850880,CRASH,NO_CRASH,0.8614,SERIOUS,12.971819,77.594830
13:56:31.203,3.808277,0.397521,0.296951,0.340692,-0.327329,-0.575599,3.840466,0.744667,CRASH,NO_CRASH,0.8614,SERIOUS,12.971819,77.594830
13:56:31.253,3.813272,0.091654,0.104533,0.252070,-0.019677,0.600669,3.815806,0.651713,CRASH,NO_CRASH,0.8614,SERIOUS,12.971819,77.594830
13:56:31.304,2.846935,-0.122746,-0.499830,-0.316613,0.292568,-0.373461,2.893084,0.570362,CRASH,NO_CRASH,0.8614,SERIOUS,12.971819,77.594830
13:56:31.354,2.688996,-0.059352,-0.261792,0.490547,0.066384,0.064214,2.702362,0.499165,CRASH,NO_CRASH,0.8614,SERIOUS,12.971819,77.594830
13:56:31.405,2.358711,0.252436,-0.252050,0.407059,-0.052791,-0.149530,2.385534,0.436856,CRASH,NO_CRASH,0.8535,SERIOUS,12.971819,77.594830
13:56:31.455,1.798498,-0.156718,0.158067,-0.254097,-0.193153,-0.210473,1.812220,0.382325,CRASH,NO_CRASH,0.8306,SERIOUS,12.971819,77.594830
13:56:31.506,1.646480,0.254378,-0.004747,-0.086228,0.070118,-0.315604,1.666021,0.334601,CRASH,NO_CRASH,0.7949,SERIOUS,12.971819,77.594830
13:56:31.556,1.441472,-0.084422,0.065258,0.046131,-0.217107,0.191018,1.445416,0.292834,CRASH,NO_CRASH,0.3962,SERIOUS,12.971819,77.594830
13:56:31.607,1.271562,0.078353,-0.037226,-0.159061,-0.173300,0.101716,1.274518,0.256280,CRASH,NO_CRASH,0.3962,SERIOUS,12.971819,77.594830
13:56:31.657,1.214992,-0.015315,-0.049343,-0.077406,-0.056667,0.202738,1.216090,0.224290,CRASH,NO_CRASH,0.1380,SERIOUS,12.971819,77.594830
13:56:31.708,1.062033,0.011792,-0.056274,-0.121294,0.151580,0.029014,1.063589,0.196292,CRASH,NO_CRASH,0.1248,SERIOUS,12.971819,77.594830
13:56:31.758,0.750752,-0.075910,-0.066386,0.101265,0.131606,-0.044010,0.757494,0.171790,CRASH,NO_CRASH,0.1046,SERIOUS,12.971819,77.594830
13:56:31.808,0.689882,0.056782,-0.050307,0.057355,0.007536,-0.138771,0.694040,0.150346,CRASH,NO_CRASH,0.0981,SERIOUS,12.971819,77.594830
13:56:31.859,0.674821,0.010652,0.083045,-0.017129,0.004145,-0.130393,0.679995,0.131579,CRASH,NO_CRASH,0.0828,SERIOUS,12.971819,77.594830
13:56:31.909,0.650418,0.022429,-0.135752,0.024222,-0.005226,-0.112456,0.664812,0.115154,CRASH,NO_CRASH,0.0828,SERIOUS,12.971819,77.594830
13:56:31.960,0.507489,-0.066002,0.092702,0.040893,0.089398,0.022189,0.520092,0.100780,CRASH,NO_CRASH,0.0000,SERIOUS,12.971819,77.594830
13:56:32.010,0.414744,0.079518,-0.015753,-0.024518,-0.084598,0.004615,0.422591,0.088200,CRASH,NO_CRASH,0.0000,SERIOUS,12.971819,77.594830
13:56:32.061,0.412414,0.016461,-0.007689,-0.028970,0.022976,-0.067758,0.412814,0.077190,CRASH,NO_CRASH,0.0000,SERIOUS,12.971819,77.594830
13:56:32.111,0.347533,0.043226,0.004506,-0.026149,-0.057880,-0.023017,0.350240,0.067555,CRASH,NO_CRASH,0.0000,SERIOUS,12.971819,77.594830
13:56:32.162,-0.208667,-1.110973,-0.535448,-0.154370,-0.091970,0.013413,1.250803,0.180190,CRASH,NO_CRASH,0.0000,SERIOUS,12.971819,77.594830
13:56:32.212,2.468837,0.840463,0.754815,0.061601,0.171503,0.056430,2.715011,0.190768,CRASH,NO_CRASH,0.0000,SERIOUS,12.971819,77.594830
13:56:32.263,0.128678,0.566952,0.254468,-0.195741,0.213750,-0.040584,0.634623,0.292661,CRASH,NO_CRASH,0.0000,SERIOUS,12.971819,77.594830
13:56:32.313,0.069491,-0.973119,-0.047353,-0.028259,-0.115145,-0.103656,0.976746,0.157485,CRASH,NO_CRASH,0.0000,SERIOUS,12.971819,77.594830
13:56:32.363,0.128160,0.584522,-0.160226,-0.043182,-0.018141,0.111084,0.619486,0.120554,CRASH,NO_CRASH,0.0000,SERIOUS,12.971819,77.594830
13:56:32.413,-0.264729,0.625054,-0.283892,0.128289,-0.013623,-0.033424,0.735778,0.133269,CRASH,NO_CRASH,0.0000,SERIOUS,12.971819,77.594830
13:56:32.464,0.982736,0.614879,0.709983,0.063995,-0.079303,-0.093978,1.359383,0.138622,CRASH,NO_CRASH,0.0000,SERIOUS,12.971819,77.594830
13:56:32.514,1.255726,0.476990,-1.118182,-0.001161,0.013886,-0.155587,1.747769,0.156209,CRASH,NO_CRASH,0.0000,SERIOUS,12.971819,77.594830
13:56:32.564,-0.614899,0.057045,-0.348233,-0.020275,-0.015354,0.072568,0.708958,0.076896,CRASH,NO_CRASH,0.0000,SERIOUS,12.971819,77.594830
13:56:32.615,0.097302,-1.526439,-0.496827,0.011242,-0.030263,-0.074739,1.608205,0.081414,CRASH,NO_CRASH,0.0000,SERIOUS,12.971819,77.594830
13:56:32.665,0.098009,0.806467,0.400964,0.098435,0.063494,-0.047864,0.905962,0.126538,CRASH,NO_CRASH,0.0000,SERIOUS,12.971819,77.594830
13:56:32.716,-0.256948,-0.337640,-0.220365,-0.089193,-0.042531,0.056504,0.478104,0.113829,CRASH,NO_CRASH,0.0000,SERIOUS,12.971819,77.594830
13:56:32.766,0.788824,0.348606,0.301494,-0.070969,0.027921,-0.068848,0.913601,0.102743,CRASH,NO_CRASH,0.0000,SERIOUS,12.971819,77.594830
13:56:32.816,-0.611313,0.070244,-0.187735,-0.018490,-0.050104,0.022946,0.643337,0.058128,CRASH,NO_CRASH,0.0000,SERIOUS,12.971819,77.594830
13:56:32.867,0.231380,-0.128501,0.294330,0.002589,0.017192,0.042541,0.395828,0.045956,CRASH,NO_CRASH,0.0000,SERIOUS,12.971819,77.594830
13:56:32.917,0.752992,0.383048,0.006214,0.059625,-0.041107,0.030732,0.844844,0.078672,CRASH,NO_CRASH,0.0000,SERIOUS,12.971819,77.594830
13:56:32.968,-0.414249,0.471804,-0.009181,-0.021193,0.056367,0.069852,0.627922,0.092226,CRASH,NO_CRASH,0.0000,SERIOUS,12.971819,77.594830
13:56:33.019,0.013048,0.444448,-0.274159,0.039422,-0.002904,-0.006113,0.522367,0.039999,CRASH,NO_CRASH,0.0000,SERIOUS,12.971819,77.594830
13:56:33.069,-0.064972,-0.202048,-0.113760,-0.026637,-0.099093,-0.008887,0.240803,0.102995,CRASH,NO_CRASH,0.0000,SERIOUS,12.971819,77.594830
13:56:33.119,0.516612,0.531355,0.372166,-0.096935,-0.052670,-0.013541,0.829297,0.111148,CRASH,NO_CRASH,0.0000,SERIOUS,12.971819,77.594830
13:56:33.170,0.432468,-0.377915,-0.105675,-0.039477,0.065475,-0.019444,0.583966,0.078889,CRASH,NO_CRASH,0.0000,SERIOUS,12.971819,77.594830
13:56:33.220,-0.100100,-0.215506,0.320602,-0.058350,-0.048736,-0.056493,0.399060,0.094718,CRASH,NO_CRASH,0.0000,SERIOUS,12.971819,77.594830
13:56:33.271,0.141520,0.290761,0.531147,0.024945,-0.015842,-0.030729,0.621841,0.042632,CRASH,NO_CRASH,0.0000,SERIOUS,12.971819,77.594830
13:56:33.321,0.100690,0.049809,0.136782,0.043309,0.040230,0.042576,0.176999,0.072847,CRASH,NO_CRASH,0.0000,SERIOUS,12.971819,77.594830
13:56:33.371,-0.481450,0.113204,0.289018,-0.008847,-0.032504,-0.031783,0.572836,0.046314,CRASH,NO_CRASH,0.0000,SERIOUS,12.971819,77.594830
13:56:33.422,-0.139912,-0.077668,-0.658614,0.037220,-0.041994,-0.020347,0.677776,0.059689,CRASH,NO_CRASH,0.0000,SERIOUS,12.971819,77.594830
13:56:33.472,-0.008275,-0.138013,-0.109809,-0.007247,-0.034244,0.000403,0.176562,0.035005,CRASH,NO_CRASH,0.0000,SERIOUS,12.971819,77.594830
13:56:33.523,-0.062852,0.009625,-0.012294,-0.020059,0.002634,-0.004586,0.064762,0.020744,CRASH,NO_CRASH,0.0000,SERIOUS,12.971819,77.594830
13:56:33.573,-0.284966,0.038088,-0.101882,0.040072,0.039693,-0.009835,0.305019,0.057254,CRASH,NO_CRASH,0.0000,SERIOUS,12.971819,77.594830
13:56:33.623,0.106625,0.150108,0.217666,0.023902,0.001071,0.042709,0.285096,0.048954,CRASH,NO_CRASH,0.0000,SERIOUS,12.971819,77.594830
13:56:33.674,0.144437,-0.001944,-0.199671,-0.005756,0.025549,-0.002808,0.246443,0.026339,CRASH,NO_CRASH,0.0000,SERIOUS,12.971819,77.594830
13:56:33.725,0.248574,-0.346319,-0.625200,-0.040573,-0.016250,-0.002681,0.756704,0.043789,CRASH,NO_CRASH,0.0000,SERIOUS,12.971819,77.594830
13:56:33.775,-0.174303,0.228692,-0.117623,-0.004055,0.012754,-0.010413,0.310671,0.016957,CRASH,NO_CRASH,0.0000,SERIOUS,12.971819,77.594830
13:56:33.825,0.022317,0.122861,-0.337522,0.007265,0.018220,0.019955,0.359881,0.027981,CRASH,NO_CRASH,0.0000,SERIOUS,12.971819,77.594830
13:56:33.876,0.013215,-0.068320,-0.182911,0.018551,0.012646,0.011108,0.195701,0.025048,CRASH,NO_CRASH,0.0000,SERIOUS,12.971819,77.594830
13:56:33.926,-0.301704,0.176520,0.126842,-0.020929,-0.021588,-0.000561,0.371852,0.030073,CRASH,NO_CRASH,0.0000,SERIOUS,12.971819,77.594830
13:56:33.977,-0.183323,0.040683,0.016472,0.042949,0.021974,-0.041124,0.188505,0.063393,CRASH,NO_CRASH,0.0000,SERIOUS,12.971819,77.594830
13:56:34.027,0.019068,0.041122,-0.067016,0.011740,-0.002949,-0.020527,0.080906,0.023830,CRASH,NO_CRASH,0.0000,SERIOUS,12.971819,77.594830
13:56:34.078,-0.034484,0.005391,0.022024,0.002905,0.006346,0.011703,0.041271,0.013626,CRASH,NO_CRASH,0.0000,SERIOUS,12.971819,77.594830
13:56:34.128,0.242414,0.058860,0.034945,-0.014370,-0.000235,-0.002279,0.251893,0.014552,CRASH,NO_CRASH,0.0000,SERIOUS,12.971819,77.594830
13:56:34.178,0.701446,0.404072,-2.626644,0.052259,0.148393,0.067277,2.748556,0.171107,NORMAL,NO_CRASH,0.0000,SERIOUS,12.971819,77.594830
13:56:34.229,-0.386625,-0.191158,-0.140783,0.136070,0.042398,-0.180991,0.453696,0.230370,NORMAL,NO_CRASH,0.0000,SERIOUS,12.971819,77.594830
13:56:34.280,0.501018,0.407086,0.942607,0.127587,0.070589,-0.129164,1.142474,0.194793,NORMAL,NO_CRASH,0.0000,SERIOUS,12.971819,77.594830
13:56:34.330,0.366332,-0.198714,0.760812,0.033564,-0.008393,-0.064611,0.867480,0.073291,NORMAL,NO_CRASH,0.0000,SERIOUS,12.971819,77.594830
13:56:34.380,1.360624,-1.401006,-1.254631,-0.027650,0.069146,0.149777,2.321253,0.167269,NORMAL,NO_CRASH,0.0000,SERIOUS,12.971819,77.594830
13:56:34.431,0.836613,0.927281,0.516337,-0.006621,0.108732,-0.048141,1.351434,0.119096,NORMAL,NO_CRASH,0.0000,SERIOUS,12.971819,77.594830
13:56:34.482,0.434225,0.158612,-1.365638,0.074960,-0.154156,-0.110993,1.441761,0.204212,NORMAL,NO_CRASH,0.0000,SERIOUS,12.971819,77.594830
13:56:34.532,1.135908,-0.766939,-0.219621,-0.014245,-0.196661,0.220708,1.388062,0.295957,NORMAL,NO_CRASH,0.0000,SERIOUS,12.971819,77.594830
13:56:34.582,-1.178425,-0.484996,-0.288005,-0.011035,-0.025170,-0.228585,1.306466,0.230232,NORMAL,NO_CRASH,0.0000,SERIOUS,12.971819,77.594830
13:56:34.632,0.039612,-1.223151,-1.571278,0.024391,-0.228680,-0.019648,1.991628,0.230815,NORMAL,NO_CRASH,0.0000,SERIOUS,12.971819,77.594830
13:56:34.683,-1.238737,0.017348,-0.880762,0.044384,0.011719,-0.104702,1.520037,0.114324,NORMAL,NO_CRASH,0.0000,SERIOUS,12.971819,77.594830
13:56:34.733,0.224299,-0.790630,0.589416,-0.038588,0.019447,0.133054,1.011344,0.139895,NORMAL,NO_CRASH,0.0000,SERIOUS,12.971819,77.594830
13:56:34.783,-0.743919,0.151506,0.036646,-0.006720,0.043751,0.156052,0.760074,0.162209,NORMAL,NO_CRASH,0.0000,SERIOUS,12.971819,77.594830
13:56:34.834,-0.069906,-1.041336,-1.033508,0.019245,0.020637,0.309788,1.468811,0.311070,NORMAL,NO_CRASH,0.0000,SERIOUS,12.971819,77.594830
13:56:34.884,-0.568310,-0.982082,-0.050770,0.052573,-0.004729,-0.064954,1.135799,0.083697,NORMAL,NO_CRASH,0.0000,SERIOUS,12.971819,77.594830
13:56:34.934,0.195704,0.158594,0.518305,-0.001328,0.088791,0.182190,0.576274,0.202679,NORMAL,NO_CRASH,0.0000,SERIOUS,12.971819,77.594830
13:56:34.985,0.577835,-0.208529,1.681763,-0.089618,0.076923,-0.094490,1.790448,0.151250,NORMAL,NO_CRASH,0.0000,SERIOUS,12.971819,77.594830
13:56:35.035,2.170152,0.824503,0.424696,-0.013348,0.162222,-0.038584,2.360028,0.167281,NORMAL,NO_CRASH,0.0000,SERIOUS,12.971819,77.594830
13:56:35.086,-0.019542,0.283871,-1.195416,0.065838,0.029865,0.093789,1.228814,0.118418,NORMAL,NO_CRASH,0.0000,SERIOUS,12.971819,77.594830
13:56:35.136,0.440129,-0.051818,1.475029,-0.013890,0.117719,0.226576,1.540165,0.255709,NORMAL,NO_CRASH,0.0000,SERIOUS,12.971819,77.594830
13:56:35.187,0.677803,-1.927031,-1.326509,0.067421,0.245006,-0.167526,2.435671,0.304365,NORMAL,NO_CRASH,0.0000,SERIOUS,12.971819,77.594830
13:56:35.237,1.166550,0.054021,-0.587292,0.028697,-0.151009,-0.164695,1.307161,0.225281,NORMAL,NO_CRASH,0.0000,SERIOUS,12.971819,77.594830
13:56:35.287,-0.169829,0.037468,0.587486,0.058042,0.007118,-0.022569,0.612687,0.062681,NORMAL,NO_CRASH,0.0000,SERIOUS,12.971819,77.594830
13:56:35.338,0.125934,-1.077334,1.074717,0.022402,0.068342,-0.032289,1.526932,0.078836,NORMAL,NO_CRASH,0.0000,SERIOUS,12.971819,77.594830
13:56:35.388,-0.682007,0.433868,0.359243,-0.011773,0.089837,0.048760,0.884550,0.102892,NORMAL,NO_CRASH,0.0000,SERIOUS,12.971819,77.594830
13:56:35.439,-1.133886,0.878894,0.478159,-0.103948,0.104764,-0.068476,1.512213,0.162695,NORMAL,NO_CRASH,0.0000,SERIOUS,12.971819,77.594830
13:56:35.489,0.176413,-0.399574,1.316088,0.123590,0.133731,-0.001782,1.386675,0.182104,NORMAL,NO_CRASH,0.0000,SERIOUS,12.971819,77.594830
13:56:35.539,1.063109,0.018234,-0.265643,0.076003,-0.048645,-0.082597,1.095947,0.122332,NORMAL,NO_CRASH,0.0000,SERIOUS,12.971819,77.594830
13:56:35.590,1.569030,-1.323576,-0.427093,-0.045346,0.010269,0.009928,2.096692,0.047543,NORMAL,NO_CRASH,0.0000,SERIOUS,12.971819,77.594830
13:56:35.640,0.889114,-0.271455,-0.601572,-0.084368,0.107041,-0.045943,1.107294,0.143828,NORMAL,NO_CRASH,0.0000,SERIOUS,12.971819,77.594830
13:56:35.690,0.446956,0.772436,0.786433,0.000733,0.025032,0.120758,1.189497,0.123327,NORMAL,NO_CRASH,0.0000,SERIOUS,12.971819,77.594830
13:56:35.741,0.350673,0.356867,-0.075593,-0.019274,0.027574,-0.092241,0.506004,0.098184,NORMAL,NO_CRASH,0.0000,SERIOUS,12.971819,77.594830
13:56:35.791,-0.910791,0.466692,-1.093267,0.094803,0.166251,-0.189362,1.497523,0.269230,NORMAL,NO_CRASH,0.0000,SERIOUS,12.971819,77.594830
13:56:35.841,-0.068122,-0.642665,0.125413,-0.092126,-0.064667,0.034182,0.658322,0.117632,NORMAL,NO_CRASH,0.0000,SERIOUS,12.971819,77.594830
13:56:35.892,-1.455605,-0.259104,-0.395234,0.032445,0.197140,0.201895,1.530403,0.284040,NORMAL,NO_CRASH,0.0000,SERIOUS,12.971819,77.594830
13:56:35.942,-0.053953,0.489091,-0.742387,0.011412,0.205871,-0.089212,0.890651,0.224660,NORMAL,NO_CRASH,0.0000,SERIOUS,12.971819,77.594830
13:56:35.993,0.094051,-0.787721,1.266509,0.025850,0.001640,-0.048267,1.494455,0.054777,NORMAL,NO_CRASH,0.0000,SERIOUS,12.971819,77.594830
13:56:36.043,-1.202717,0.723522,0.547645,-0.084588,0.056519,0.033101,1.506628,0.106983,NORMAL,NO_CRASH,0.0000,SERIOUS,12.971819,77.594830
13:56:36.093,0.487523,0.689596,2.100601,-0.026841,0.047884,0.015758,2.264011,0.057111,NORMAL,NO_CRASH,0.0000,SERIOUS,12.971819,77.594830
13:56:36.144,0.191876,-1.079686,1.015493,0.041971,0.085885,-0.002020,1.494578,0.095614,NORMAL,NO_CRASH,0.0000,SERIOUS,12.971819,77.594830
13:56:36.194,-0.760050,-0.343757,-1.056592,0.031105,0.110738,-0.237482,1.346192,0.263872,NORMAL,NO_CRASH,0.0000,SERIOUS,12.971819,77.594830
13:56:36.244,1.016268,-0.076919,1.238106,-0.072453,0.174791,0.025578,1.603628,0.190934,NORMAL,NO_CRASH,0.0000,SERIOUS,12.971819,77.594830
13:56:36.295,0.355742,-0.482578,-0.157830,-0.106727,0.039117,-0.105297,0.619955,0.154946,NORMAL,NO_CRASH,0.0000,SERIOUS,12.971819,77.594830
13:56:36.346,0.152691,0.459806,-1.541584,0.007316,-0.164329,0.089850,1.615926,0.187431,NORMAL,NO_CRASH,0.0000,SERIOUS,12.971819,77.594830
13:56:36.396,-0.791245,0.691118,-0.879313,-0.028987,-0.035090,-0.057274,1.370001,0.073157,NORMAL,NO_CRASH,0.0000,SERIOUS,12.971819,77.594830
13:56:36.447,0.212404,-1.613490,-0.142791,-0.015614,0.092723,-0.042647,1.633663,0.103248,NORMAL,NO_CRASH,0.0000,SERIOUS,12.971819,77.594830
13:56:36.497,0.120368,1.323691,0.860038,-0.070465,-0.172560,0.140046,1.583133,0.233142,NORMAL,NO_CRASH,0.0000,SERIOUS,12.971819,77.594830
13:56:36.548,-0.889115,0.792584,-0.873436,0.098465,0.012563,-0.003620,1.477026,0.099329,NORMAL,NO_CRASH,0.0000,SERIOUS,12.971819,77.594830
13:56:36.598,0.833186,-0.637283,-0.194405,0.064990,-0.044602,0.334731,1.066829,0.343887,NORMAL,NO_CRASH,0.0000,SERIOUS,12.971819,77.594830
13:56:36.649,0.231329,-0.234490,-0.529854,0.090370,-0.063977,0.133842,0.623895,0.173705,NORMAL,NO_CRASH,0.0000,SERIOUS,12.971819,77.594830
13:56:36.699,-1.516578,-0.154058,1.127516,0.031356,0.056128,0.138507,1.896058,0.152701,NORMAL,NO_CRASH,0.0000,SERIOUS,12.971819,77.594830
13:56:36.750,0.392633,0.405133,-0.284356,0.008794,-0.131268,0.029119,0.631785,0.134746,NORMAL,NO_CRASH,0.0000,SERIOUS,12.971819,77.594830
13:56:36.800,0.688303,0.433498,1.083195,0.066940,0.288675,-0.004005,1.354619,0.296362,NORMAL,NO_CRASH,0.0000,SERIOUS,12.971819,77.594830
13:56:36.851,0.857301,-0.441764,1.324522,0.035506,-0.190082,0.264546,1.638438,0.327683,NORMAL,NO_CRASH,0.0000,SERIOUS,12.971819,77.594830
13:56:36.901,0.022329,0.689670,0.537994,0.016900,0.141822,0.161503,0.874974,0.215597,NORMAL,NO_CRASH,0.0000,SERIOUS,12.971819,77.594830
13:56:36.951,0.439868,-0.521228,1.976469,0.008729,0.080165,-0.014273,2.090835,0.081892,NORMAL,NO_CRASH,0.0000,SERIOUS,12.971819,77.594830
13:56:37.002,0.307950,0.231010,0.496599,-0.018004,-0.115598,-0.005172,0.628338,0.117106,NORMAL,NO_CRASH,0.0000,SERIOUS,12.971819,77.594830
13:56:37.052,0.216903,0.263462,-1.308247,-0.067253,0.189101,0.073101,1.352024,0.213602,NORMAL,NO_CRASH,0.0000,SERIOUS,12.971819,77.594830
13:56:37.103,0.497711,-0.857013,-0.334909,0.061764,-0.231721,0.109951,1.046113,0.263816,NORMAL,NO_CRASH,0.0000,SERIOUS,12.971819,77.594830
13:56:37.153,0.800017,0.707505,0.147370,0.014460,-0.026038,0.096189,1.078104,0.100695,NORMAL,NO_CRASH,0.0000,SERIOUS,12.971819,77.594830
13:56:37.204,-0.371935,1.091731,-0.610323,0.122853,-0.205152,0.057297,1.304878,0.245892,NORMAL,NO_CRASH,0.0000,SERIOUS,12.971819,77.594830
13:56:37.254,-0.905293,0.087847,-0.681631,-0.068172,0.196304,-0.040001,1.136615,0.211619,NORMAL,NO_CRASH,0.0000,SERIOUS,12.971819,77.594830
13:56:37.304,-0.365338,0.787383,-0.422797,0.002579,0.049374,-0.012183,0.965506,0.050920,NORMAL,NO_CRASH,0.0000,SERIOUS,12.971819,77.594830
13:56:37.355,-0.989773,-0.125874,-0.338961,-0.011736,-0.044409,-0.022569,1.053750,0.051178,NORMAL,NO_CRASH,0.0000,SERIOUS,12.971819,77.594830
13:56:37.406,0.382025,-0.085610,-0.054656,-0.000577,-0.139698,0.052435,0.395296,0.149216,NORMAL,NO_CRASH,0.0000,SERIOUS,12.971819,77.594830
13:56:37.456,-0.179199,-1.365480,-0.674452,-0.015812,-0.062090,-0.084610,1.533471,0.106132,NORMAL,NO_CRASH,0.0000,SERIOUS,12.971819,77.594830
13:56:37.506,0.479337,-0.489197,0.015811,0.022154,-0.192807,0.044397,0.685075,0.199089,NORMAL,NO_CRASH,0.0000,SERIOUS,12.971819,77.594830
13:56:37.556,0.229749,1.247823,1.316494,-0.073450,-0.120308,-0.024180,1.828389,0.143016,NORMAL,NO_CRASH,0.0000,SERIOUS,12.971819,77.594830
13:56:37.606,0.820958,-0.775455,1.552926,-0.003276,-0.014100,-0.172697,1.920126,0.173303,NORMAL,NO_CRASH,0.0000,SERIOUS,12.971819,77.594830
13:56:37.657,-0.871498,0.580213,-0.174715,-0.070300,-0.090922,0.136460,1.061453,0.178410,NORMAL,NO_CRASH,0.0000,SERIOUS,12.971819,77.594830
13:56:37.707,-1.552036,0.655557,1.263383,-0.060045,-0.129275,-0.120923,2.105874,0.186922,NORMAL,NO_CRASH,0.0000,SERIOUS,12.971819,77.594830
13:56:37.758,-0.637979,-0.279340,-1.080191,-0.004067,0.020090,-0.089779,1.285248,0.092089,NORMAL,NO_CRASH,0.0000,SERIOUS,12.971819,77.594830
13:56:37.808,-0.552153,-0.135994,1.738671,0.062506,-0.031502,-0.081420,1.829302,0.107372,NORMAL,NO_CRASH,0.0000,SERIOUS,12.971819,77.594830
13:56:37.859,-0.200594,-0.612375,-1.424794,-0.062198,-0.023649,0.145993,1.563738,0.160443,NORMAL,NO_CRASH,0.0000,SERIOUS,12.971819,77.594830
13:56:37.910,-0.500100,0.509311,-0.749548,-0.011580,0.090295,-0.075158,1.035046,0.118051,NORMAL,NO_CRASH,0.0000,SERIOUS,12.971819,77.594830
13:56:37.960,0.471379,0.871785,-0.167614,0.112792,0.020699,-0.003430,1.005138,0.114726,NORMAL,NO_CRASH,0.0000,SERIOUS,12.971819,77.594830
13:56:38.010,-0.762392,0.227948,-0.994949,-0.010039,0.038810,0.164374,1.274020,0.169192,NORMAL,NO_CRASH,0.0000,SERIOUS,12.971819,77.594830
13:56:38.061,1.962594,-0.733380,0.089680,-0.123221,-0.192155,-0.004801,2.097060,0.228320,NORMAL,NO_CRASH,0.0000,SERIOUS,12.971819,77.594830
13:56:38.111,-1.112094,-0.639953,0.860362,-0.059748,-0.027402,0.028328,1.544836,0.071576,NORMAL,NO_CRASH,0.0000,SERIOUS,12.971819,77.594830
13:56:38.162,0.367661,-0.051355,-0.137166,0.048778,-0.117556,0.208795,0.395760,0.244528,NORMAL,NO_CRASH,0.0000,SERIOUS,12.971819,77.594830
13:56:38.212,0.134102,0.368462,0.141016,0.074431,0.028291,-0.005695,0.416694,0.079830,NORMAL,NO_CRASH,0.0000,SERIOUS,12.971819,77.594830
13:56:38.262,0.461863,-1.137422,-1.731674,-0.056680,-0.076106,0.019294,2.122673,0.096835,NORMAL,NO_CRASH,0.0000,SERIOUS,12.971819,77.594830
13:56:38.313,-0.004279,-0.347394,0.651509,0.091831,0.034144,0.196393,0.738353,0.219474,NORMAL,NO_CRASH,0.0000,SERIOUS,12.971819,77.594830
13:56:38.363,-0.253222,1.360397,0.166168,0.068708,0.025257,0.109527,1.393705,0.131738,NORMAL,NO_CRASH,0.0000,SERIOUS,12.971819,77.594830
13:56:38.414,1.604194,0.747315,1.173311,-0.006023,-0.205143,0.084662,2.123341,0.222008,NORMAL,NO_CRASH,0.0000,SERIOUS,12.971819,77.594830
13:56:38.464,1.103121,0.408121,0.115278,-0.035551,-0.003559,-0.017217,1.181833,0.039660,NORMAL,NO_CRASH,0.0000,SERIOUS,12.971819,77.594830
13:56:38.514,-0.073452,0.146218,-0.394269,0.066811,0.038150,-0.093638,0.426875,0.121191,NORMAL,NO_CRASH,0.0000,SERIOUS,12.971819,77.594830
13:56:38.565,0.776009,-0.772240,1.897475,0.074164,-0.024305,0.022354,2.190652,0.081183,NORMAL,NO_CRASH,0.0000,SERIOUS,12.971819,77.594830
13:56:38.615,-0.009128,-0.656239,-1.714812,-0.021138,0.050740,-0.081767,1.836114,0.098525,NORMAL,NO_CRASH,0.0000,SERIOUS,12.971819,77.594830
13:56:38.666,0.092045,-0.993323,1.818505,0.083651,-0.122659,0.172759,2.074156,0.227790,NORMAL,NO_CRASH,0.0000,SERIOUS,12.971819,77.594830
13:56:38.716,0.364811,-1.564592,-0.713554,0.045890,-0.018327,0.058516,1.757895,0.076589,NORMAL,NO_CRASH,0.0000,SERIOUS,12.971819,77.594830
13:56:38.766,-0.272575,1.729866,-0.096304,0.035560,-0.177200,-0.033438,1.753855,0.183800,NORMAL,NO_CRASH,0.0000,SERIOUS,12.971819,77.594830
13:56:38.817,0.150945,0.399652,0.707575,-0.036162,0.421339,0.138895,0.826540,0.445114,NORMAL,NO_CRASH,0.0000,SERIOUS,12.971819,77.594830
13:56:38.867,-1.390122,-0.204957,-1.109586,-0.081583,-0.122951,0.010434,1.790427,0.147924,NORMAL,NO_CRASH,0.0000,SERIOUS,12.971819,77.594830
13:56:38.918,-0.130470,0.407455,0.051760,-0.056125,-0.035567,0.025510,0.430953,0.071175,NORMAL,NO_CRASH,0.0000,SERIOUS,12.971819,77.594830
13:56:38.968,-0.735129,-0.477888,1.319571,0.027376,-0.094215,-0.081655,1.584316,0.127646,NORMAL,NO_CRASH,0.0000,SERIOUS,12.971819,77.594830
13:56:39.018,0.688266,-0.660324,0.219845,-0.013881,-0.097712,0.060101,0.978811,0.115553,NORMAL,NO_CRASH,0.0000,SERIOUS,12.971819,77.594830
13:56:39.069,0.657745,-0.742751,-0.306055,-0.050661,0.047080,-0.076795,1.038257,0.103347,NORMAL,NO_CRASH,0.0000,SERIOUS,12.971819,77.594830
13:56:39.119,0.017542,-1.275222,-0.661140,-0.077052,0.051205,0.203252,1.436525,0.223317,NORMAL,NO_CRASH,0.0000,SERIOUS,12.971819,77.594830
13:56:39.170,-0.305080,-2.225933,0.796583,-0.036695,0.089031,-0.006655,2.383777,0.096526,NORMAL,NO_CRASH,0.0000,SERIOUS,12.971819,77.594830
13:56:39.220,-0.434537,-0.534229,1.019029,-0.057732,-0.055677,-0.041194,1.229896,0.090165,NORMAL,NO_CRASH,0.0000,SERIOUS,12.971819,77.594830
13:56:39.270,-0.809646,-0.879501,0.302702,-0.104779,-0.039009,0.238514,1.233158,0.263419,NORMAL,NO_CRASH,0.0000,SERIOUS,12.971819,77.594830
13:56:39.321,-0.632810,-1.091952,-1.075664,-0.050574,0.128326,-0.054768,1.658271,0.148408,NORMAL,NO_CRASH,0.0000,SERIOUS,12.971819,77.594830
13:56:39.371,-0.305818,-1.190150,-0.402838,-0.020242,-0.003143,-0.038307,1.293159,0.043440,NORMAL,NO_CRASH,0.0000,SERIOUS,12.971819,77.594830
13:56:39.422,0.730669,-0.013024,-0.129835,0.003803,-0.009313,-0.002847,0.742229,0.010454,NORMAL,NO_CRASH,0.0000,SERIOUS,12.971819,77.594830
13:56:39.472,-0.296552,-0.503828,-0.724808,-0.044953,-0.062998,0.113229,0.931199,0.137151,NORMAL,NO_CRASH,0.0000,SERIOUS,12.971819,77.594830
13:56:39.522,1.043964,0.395090,-1.124869,0.006952,0.048681,-0.020214,1.584704,0.053168,NORMAL,NO_CRASH,0.0000,SERIOUS,12.971819,77.594830
13:56:39.573,-1.621440,-1.188792,0.905940,-0.061086,0.011505,-0.060445,2.205226,0.086704,NORMAL,NO_CRASH,0.0000,SERIOUS,12.971819,77.594830
13:56:39.623,0.269721,-0.762999,0.846046,0.078989,-0.113899,-0.156516,1.170773,0.209068,NORMAL,NO_CRASH,0.0000,SERIOUS,12.971819,77.594830
13:56:39.673,1.086476,-0.243801,2.012354,0.020293,0.149424,-0.058068,2.299878,0.161590,NORMAL,NO_CRASH,0.0000,SERIOUS,12.971819,77.594830
13:56:39.724,-0.664181,-0.191468,-0.675490,0.028359,-0.223347,0.121684,0.966480,0.255920,NORMAL,NO_CRASH,0.0000,SERIOUS,12.971819,77.594830
13:56:39.774,-0.516086,1.031151,-0.053987,0.013809,0.046177,0.069773,1.154354,0.084801,NORMAL,NO_CRASH,0.0000,SERIOUS,12.971819,77.594830
13:56:39.824,-0.934371,-1.066971,0.941556,-0.065517,-0.194743,0.041190,1.702352,0.209556,NORMAL,NO_CRASH,0.0000,SERIOUS,12.971819,77.594830
13:56:39.875,-1.519752,0.338409,-0.004635,0.005248,-0.219847,0.061794,1.556981,0.228427,NORMAL,NO_CRASH,0.0000,SERIOUS,12.971819,77.594830
13:56:39.925,-0.167317,-0.200950,1.218175,-0.000367,-0.070155,-0.048043,1.245924,0.085030,NORMAL,NO_CRASH,0.0000,SERIOUS,12.971819,77.594830
13:56:39.975,-0.265818,1.401874,1.048511,0.058358,-0.049690,0.198017,1.770674,0.212333,NORMAL,NO_CRASH,0.0000,SERIOUS,12.971819,77.594830
13:56:40.026,-0.569874,-0.184602,-0.211268,-0.072911,0.060807,-0.091009,0.635192,0.131515,NORMAL,NO_CRASH,0.0000,SERIOUS,12.971819,77.594830
13:56:40.076,0.527864,0.023173,-0.282439,-0.035674,0.190191,-0.168282,0.599124,0.256445,NORMAL,NO_CRASH,0.0000,SERIOUS,12.971819,77.594830
13:56:40.127,0.534320,-0.776063,0.622869,0.017262,-0.062705,0.243676,1.129485,0.252206,NORMAL,NO_CRASH,0.0000,SERIOUS,12.971819,77.594830
13:56:40.177,1.644282,-2.116426,-0.781044,0.181100,-0.543150,0.670359,2.791586,0.881584,CRASH,NO_CRASH,0.0000,SERIOUS,12.971819,77.594830
13:56:40.227,-6.790808,-1.822845,2.262406,-0.444111,0.044737,0.271602,7.386225,0.522497,CRASH,NO_CRASH,0.0000,SERIOUS,12.971819,77.594830
13:56:40.278,-1.665783,-4.099462,-1.387221,-0.588366,0.709826,0.973693,4.637327,1.340934,CRASH,NO_CRASH,0.0000,SERIOUS,12.971819,77.594830
13:56:40.328,-3.313730,1.439202,-1.441083,0.610188,-0.972474,0.032743,3.889580,1.148524,CRASH,NO_CRASH,0.0000,SERIOUS,12.971819,77.594830
13:56:40.379,-3.636898,-3.474525,1.240975,-0.330601,0.159137,-0.105188,5.180673,0.381688,CRASH,NO_CRASH,0.0000,SERIOUS,12.971819,77.594830
13:56:40.429,1.244836,3.153394,1.610433,-0.691147,-0.472200,-0.190282,3.753266,0.858408,CRASH,NO_CRASH,0.0000,SERIOUS,12.971819,77.594830
13:56:40.479,-1.809009,-1.174504,3.383532,1.225705,1.455922,0.523615,4.012513,1.973888,CRASH,NO_CRASH,0.0000,SERIOUS,12.971819,77.594830
13:56:40.529,2.553082,1.290034,0.305664,-0.723150,0.538370,0.545905,2.876777,1.053945,CRASH,NO_CRASH,0.0000,SERIOUS,12.971819,77.594830
13:56:40.580,1.984691,-1.641956,0.626751,-0.191702,-0.136754,1.002309,2.651007,1.029600,CRASH,NO_CRASH,0.0000,SERIOUS,12.971819,77.594830
13:56:40.630,-0.730783,0.496951,3.163644,-0.199581,-0.153027,1.055751,3.284759,1.085292,CRASH,NO_CRASH,0.0000,SERIOUS,12.971819,77.594830
13:56:40.680,-2.626057,1.716361,3.398760,-0.310345,-0.132914,-0.463634,4.625326,0.573530,CRASH,NO_CRASH,0.0000,SERIOUS,12.971819,77.594830
13:56:40.730,-2.110025,2.760206,2.653729,0.501730,-0.872911,0.680502,4.371867,1.215232,CRASH,NO_CRASH,0.0000,SERIOUS,12.971819,77.594830
13:56:40.781,-3.904655,2.347319,2.199585,0.205801,-0.098823,-0.928595,5.059092,0.956248,CRASH,NO_CRASH,0.0000,SERIOUS,12.971819,77.594830
13:56:40.831,2.480188,1.067062,-0.453947,-0.235045,-0.494462,0.503388,2.737887,0.743732,CRASH,NO_CRASH,0.0000,SERIOUS,12.971819,77.594830
13:56:40.881,2.447599,-2.845651,-2.078763,-0.203846,0.696753,-0.741086,4.290655,1.037413,CRASH,NO_CRASH,0.0000,SERIOUS,12.971819,77.594830
13:56:40.932,1.506995,1.834513,-2.053879,1.070313,0.431348,-0.404439,3.139250,1.222785,CRASH,NO_CRASH,0.0000,SERIOUS,12.971819,77.594830
13:56:40.982,-1.657301,-1.951507,0.414218,-0.280755,0.201441,-0.468031,2.593569,0.581769,CRASH,NO_CRASH,0.0000,SERIOUS,12.971819,77.594830
13:56:41.033,-0.343827,-0.279580,-3.662425,0.649239,0.537576,0.264052,3.689138,0.883302,CRASH,NO_CRASH,0.0000,SERIOUS,12.971819,77.594830
13:56:41.083,-3.273691,-3.294231,-1.839781,0.486255,-0.186462,-0.854872,4.995379,1.001009,CRASH,NO_CRASH,0.0000,SERIOUS,12.971819,77.594830
13:56:41.134,0.803929,0.033713,5.723498,0.061774,0.245258,0.148218,5.779781,0.293149,CRASH,NO_CRASH,0.0000,SERIOUS,12.971819,77.594830
13:56:41.184,-2.446816,0.752415,-0.377529,-0.000000,0.000000,0.000000,2.587579,0.000000,CRASH,NO_CRASH,0.0000,SERIOUS,12.971819,77.594830
13:56:41.234,10.158456,1.213253,-1.489612,-2.541930,-0.613859,0.144955,10.338527,2.619016,CRASH,NO_CRASH,0.2326,SERIOUS,12.971819,77.594830
13:56:41.285,21.975356,-6.941838,0.749283,1.981887,-3.272116,-3.190980,23.057901,4.981664,CRASH,POSSIBLE_CRASH,0.6922,SERIOUS,12.971819,77.594830
13:56:41.335,25.454275,1.017293,0.974027,-0.389217,-4.432254,5.217047,25.493210,6.856672,CRASH,POSSIBLE_CRASH,0.7541,SERIOUS,12.971819,77.594830
13:56:41.386,29.155247,-0.960019,0.619877,7.561030,2.223966,-1.690112,29.177634,8.060501,CRASH,POSSIBLE_CRASH,0.8150,SERIOUS,12.971819,77.594830
13:56:41.437,32.456296,-0.598450,0.590074,-1.684522,-7.304423,3.954581,32.467176,8.475312,CRASH,CRASH_DETECTED,0.9315,SERIOUS,12.971819,77.594830
13:56:41.487,30.675148,2.282022,-1.293951,6.361500,-1.822678,-4.602264,30.787118,8.060501,CRASH,CRASH_DETECTED,0.9315,SERIOUS,12.971819,77.594830
13:56:41.537,27.035786,-2.963688,2.454143,-6.349823,2.292586,1.199059,27.308240,6.856671,CRASH,CRASH_DETECTED,0.9315,SERIOUS,12.971819,77.594830
13:56:41.588,17.833675,-1.555331,-0.730964,3.355325,-1.916823,-3.143971,17.916287,4.981664,CRASH,CRASH_DETECTED,0.9315,SERIOUS,12.971819,77.594830
13:56:41.638,6.719530,0.430480,-1.760622,0.133407,-0.303702,-2.597924,6.959683,2.619016,CRASH,CRASH_DETECTED,0.9315,SERIOUS,12.971819,77.594830
13:56:41.688,10.569230,-1.235798,0.145761,0.820736,2.689594,-1.893522,10.642230,3.390125,CRASH,CRASH_DETECTED,0.9315,SERIOUS,12.971819,77.594830
13:56:41.739,7.277440,1.205646,1.071705,0.433585,-1.829678,2.295007,7.454078,2.966947,CRASH,NO_CRASH,0.8315,SERIOUS,12.971819,77.594830
13:56:41.789,6.553874,-1.540106,-0.311458,0.807071,-2.121175,-1.261565,6.739599,2.596593,CRASH,NO_CRASH,0.8315,SERIOUS,12.971819,77.594830
13:56:41.839,7.461369,-0.506974,-1.465929,-0.336876,-2.049912,-0.921135,7.620892,2.272469,CRASH,NO_CRASH,0.8315,SERIOUS,12.971819,77.594830
13:56:41.890,6.500046,-0.099400,1.596289,-0.782380,-1.718555,0.624334,6.693924,1.988804,CRASH,NO_CRASH,0.8315,SERIOUS,12.971819,77.594830
13:56:41.940,5.794396,-0.202690,-0.152783,1.307835,0.698874,0.911401,5.799952,1.740548,CRASH,NO_CRASH,0.8315,SERIOUS,12.971819,77.594830
13:56:41.991,3.321308,0.276518,0.860810,-0.186199,1.482078,-0.298600,3.442171,1.523281,CRASH,NO_CRASH,0.8315,SERIOUS,12.971819,77.594830
13:56:42.042,3.061641,-0.240744,-0.239463,1.103459,-0.731490,0.156689,3.080413,1.333135,CRASH,NO_CRASH,0.8315,SERIOUS,12.971819,77.594830
13:56:42.092,3.732704,-0.801316,-0.438220,0.421319,-1.085218,0.077702,3.842815,1.166724,CRASH,NO_CRASH,0.8315,SERIOUS,12.971819,77.594830
13:56:42.143,3.359924,-0.558131,0.444952,0.271952,-0.155776,0.971799,3.434906,1.021086,CRASH,NO_CRASH,0.8315,SERIOUS,12.971819,77.594830
13:56:42.193,2.711520,-0.249945,0.058782,0.173777,-0.172130,0.859501,2.723650,0.893627,CRASH,NO_CRASH,0.8315,SERIOUS,12.971819,77.594830
13:56:42.244,2.073184,-0.025224,-0.021487,-0.473717,-0.614295,-0.099401,2.073449,0.782079,CRASH,NO_CRASH,0.8021,SERIOUS,12.971819,77.594830
13:56:42.294,1.622156,-0.113159,0.170099,-0.345535,-0.428897,0.406363,1.634970,0.684454,CRASH,NO_CRASH,0.8021,SERIOUS,12.971819,77.594830
13:56:42.345,1.445617,-0.303525,-0.370459,-0.450565,-0.141709,0.368415,1.522884,0.599016,CRASH,NO_CRASH,0.8021,SERIOUS,12.971819,77.594830
13:56:42.395,1.104719,0.134276,0.126094,0.338642,-0.038654,-0.398319,1.119970,0.524243,CRASH,NO_CRASH,0.8021,SERIOUS,12.971819,77.594830
13:56:42.446,1.522427,0.079029,0.047808,0.100500,0.446276,0.035183,1.525226,0.458804,CRASH,NO_CRASH,0.7938,SERIOUS,12.971819,77.594830
13:56:42.496,1.176866,-0.019112,0.074169,0.269153,0.195020,0.225282,1.179355,0.401533,CRASH,NO_CRASH,0.7428,SERIOUS,12.971819,77.594830
13:56:42.547,1.334532,0.080316,0.083180,0.053742,-0.281135,-0.203873,1.339532,0.351411,CRASH,NO_CRASH,0.6114,SERIOUS,12.971819,77.594830
13:56:42.597,0.933384,0.058249,0.102693,-0.221526,0.185492,-0.105373,0.940822,0.307545,CRASH,NO_CRASH,0.1742,SERIOUS,12.971819,77.594830
13:56:42.648,0.876781,0.024116,-0.091855,0.131292,0.233415,0.026922,0.881909,0.269155,CRASH,NO_CRASH,0.1742,SERIOUS,12.971819,77.594830
13:56:42.698,0.714171,0.122404,-0.099138,-0.090808,-0.169496,0.136060,0.731335,0.235558,CRASH,NO_CRASH,0.0000,SERIOUS,12.971819,77.594830
13:56:42.749,0.514686,0.087259,0.003341,-0.184257,-0.029008,0.087790,0.522041,0.206154,CRASH,NO_CRASH,0.0000,SERIOUS,12.971819,77.594830
13:56:42.799,0.530877,-0.034629,-0.041649,-0.120819,-0.038799,0.128254,0.533633,0.180420,CRASH,NO_CRASH,0.0000,SERIOUS,12.971819,77.594830
13:56:42.849,0.359265,0.051489,0.027707,-0.091181,0.085201,-0.096741,0.363992,0.157899,CRASH,NO_CRASH,0.0000,SERIOUS,12.971819,77.594830
13:56:42.900,0.348959,-0.019096,0.140163,-0.137036,0.016266,-0.007267,0.376540,0.138189,CRASH,NO_CRASH,0.0000,SERIOUS,12.971819,77.594830
13:56:42.951,0.301534,0.075938,0.078477,0.068470,-0.099534,-0.005574,0.320699,0.120939,CRASH,NO_CRASH,0.0000,SERIOUS,12.971819,77.594830
13:56:43.001,0.276259,0.012361,0.011631,-0.018246,-0.001326,0.104250,0.276780,0.105843,CRASH,NO_CRASH,0.0000,SERIOUS,12.971819,77.594830
13:56:43.052,0.244685,-0.003670,0.021390,0.073881,0.029028,-0.047743,0.245646,0.092631,CRASH,NO_CRASH,0.0000,SERIOUS,12.971819,77.594830
13:56:43.102,0.207184,0.023268,0.014808,-0.045088,-0.031061,0.059786,0.209012,0.081068,CRASH,NO_CRASH,0.0000,SERIOUS,12.971819,77.594830
13:56:43.152,0.201573,0.016077,0.012760,-0.034336,-0.058104,0.021877,0.202615,0.070949,CRASH,NO_CRASH,0.0000,SERIOUS,12.971819,77.594830
13:56:43.203,-1.167243,0.579533,-1.100911,0.041777,0.025617,0.062842,1.705966,0.079691,CRASH,NO_CRASH,0.0000,SERIOUS,12.971819,77.594830
13:56:43.253,-0.855981,-0.845592,-0.363263,0.124687,0.111451,-0.127390,1.256857,0.210229,CRASH,NO_CRASH,0.0000,SERIOUS,12.971819,77.594830
13:56:43.303,0.114784,0.083904,0.848787,-0.097317,-0.165204,-0.034236,0.860612,0.194769,CRASH,NO_CRASH,0.0000,SERIOUS,12.971819,77.594830
13:56:43.354,-0.621873,-2.177672,0.948762,-0.222873,-0.013851,-0.133286,2.455429,0.260056,CRASH,NO_CRASH,0.0000,SERIOUS,12.971819,77.594830
13:56:43.405,1.108780,0.197681,0.200243,0.010533,0.079828,0.018578,1.143927,0.082635,CRASH,NO_CRASH,0.0000,SERIOUS,12.971819,77.594830
13:56:43.455,0.054617,-0.057594,1.009751,-0.035546,-0.014888,0.067288,1.012866,0.077543,CRASH,NO_CRASH,0.0000,SERIOUS,12.971819,77.594830
13:56:43.506,0.348044,0.374354,0.020737,0.038693,0.050637,-0.007408,0.511572,0.064157,CRASH,NO_CRASH,0.0000,SERIOUS,12.971819,77.594830
13:56:43.556,0.405867,0.628338,0.159817,-0.078700,-0.046053,-0.130653,0.764903,0.159326,CRASH,NO_CRASH,0.0000,SERIOUS,12.971819,77.594830
13:56:43.606,0.888069,0.198949,0.312482,-0.091666,0.161589,0.077266,0.962233,0.201206,CRASH,NO_CRASH,0.0000,SERIOUS,12.971819,77.594830
13:56:43.657,1.173405,-0.124003,-0.395179,-0.024495,-0.020196,-0.032184,1.244357,0.045208,CRASH,NO_CRASH,0.0000,SERIOUS,12.971819,77.594830
13:56:43.707,-0.611090,0.052026,1.069474,0.044595,0.032006,0.093625,1.232847,0.108530,CRASH,NO_CRASH,0.0000,SERIOUS,12.971819,77.594830
13:56:43.757,-0.284224,-0.655443,0.376301,0.005795,0.052708,0.019230,0.807460,0.056405,CRASH,NO_CRASH,0.0000,SERIOUS,12.971819,77.594830
13:56:43.808,-0.250869,0.190945,-0.091728,0.034862,-0.156287,-0.000476,0.328343,0.160129,CRASH,NO_CRASH,0.0000,SERIOUS,12.971819,77.594830
13:56:43.859,-0.259217,1.089295,-0.253953,0.004767,0.037318,-0.006882,1.148150,0.038246,CRASH,NO_CRASH,0.0000,SERIOUS,12.971819,77.594830
13:56:43.909,0.119277,-0.209456,0.324188,-0.001451,-0.041513,0.017233,0.403976,0.044972,CRASH,NO_CRASH,0.0000,SERIOUS,12.971819,77.594830
13:56:43.959,-0.298650,-0.041063,0.139301,0.011782,0.043672,0.019661,0.332088,0.049322,CRASH,NO_CRASH,0.0000,SERIOUS,12.971819,77.594830
13:56:44.010,0.477775,0.078641,-0.011704,0.057983,-0.036207,-0.034545,0.484345,0.076592,CRASH,NO_CRASH,0.0000,SERIOUS,12.971819,77.594830
13:56:44.060,0.231033,-0.426930,0.424639,-0.049080,-0.063947,0.016895,0.644953,0.082362,CRASH,NO_CRASH,0.0000,SERIOUS,12.971819,77.594830
13:56:44.110,-0.067831,0.228200,0.099082,-0.000876,-0.132995,-0.041990,0.257863,0.139469,CRASH,NO_CRASH,0.0000,SERIOUS,12.971819,77.594830
13:56:44.161,-0.086080,-0.202216,0.508850,0.052594,-0.002500,-0.039803,0.554283,0.066005,CRASH,NO_CRASH,0.0000,SERIOUS,12.971819,77.594830
13:56:44.212,-0.157414,-0.272508,0.021929,0.032885,-0.034246,0.026122,0.315469,0.054190,CRASH,NO_CRASH,0.0000,SERIOUS,12.971819,77.594830
13:56:44.262,-0.212607,-0.110069,0.229502,0.019915,-0.006795,0.041567,0.331645,0.046589,CRASH,NO_CRASH,0.0000,SERIOUS,12.971819,77.594830
13:56:44.312,-0.234553,0.215110,0.109409,0.019385,0.013298,0.021608,0.336538,0.031930,CRASH,NO_CRASH,0.0000,SERIOUS,12.971819,77.594830
13:56:44.363,-0.203574,-0.078663,-0.128422,-0.060710,-0.034076,0.058325,0.253224,0.090823,CRASH,NO_CRASH,0.0000,SERIOUS,12.971819,77.594830
13:56:44.413,0.398805,0.381319,-0.231827,0.010967,0.036998,0.033229,0.598492,0.050924,CRASH,NO_CRASH,0.0000,SERIOUS,12.971819,77.594830
13:56:44.463,-0.210535,0.060161,0.085192,0.040600,0.043546,0.002248,0.234951,0.059579,CRASH,NO_CRASH,0.0000,SERIOUS,12.971819,77.594830
13:56:44.514,0.319580,-0.078206,0.218173,-0.023841,0.030162,0.012165,0.394775,0.040325,CRASH,NO_CRASH,0.0000,SERIOUS,12.971819,77.594830
13:56:44.564,-0.156417,-0.099283,-0.141095,0.016603,-0.037961,0.036741,0.232876,0.055377,CRASH,NO_CRASH,0.0000,SERIOUS,12.971819,77.594830
13:56:44.615,-0.359584,0.105516,-0.083747,-0.045867,-0.013607,0.005784,0.383989,0.048191,CRASH,NO_CRASH,0.0000,SERIOUS,12.971819,77.594830
13:56:44.666,0.124672,0.240164,0.021558,-0.008717,-0.002122,-0.060442,0.271453,0.061104,CRASH,NO_CRASH,0.0000,SERIOUS,12.971819,77.594830
13:56:44.716,-0.096043,0.140861,-0.350744,-0.003235,0.018044,-0.023581,0.389983,0.029868,CRASH,NO_CRASH,0.0000,SERIOUS,12.971819,77.594830
13:56:44.767,0.038626,-0.103030,0.173956,-0.008113,-0.009982,0.020668,0.205834,0.024343,CRASH,NO_CRASH,0.0000,SERIOUS,12.971819,77.594830
13:56:44.817,0.301048,-0.028654,0.020656,-0.010104,0.003960,-0.046118,0.303113,0.047378,CRASH,NO_CRASH,0.0000,SERIOUS,12.971819,77.594830
13:56:44.868,-0.223278,-0.046420,0.257591,-0.012267,-0.039183,0.020231,0.344036,0.045772,CRASH,NO_CRASH,0.0000,SERIOUS,12.971819,77.594830
13:56:44.918,-0.196674,0.131385,-0.076895,0.006022,0.002536,-0.009029,0.248707,0.011145,CRASH,NO_CRASH,0.0000,SERIOUS,12.971819,77.594830
13:56:44.968,-0.114853,0.111764,-0.091719,0.002452,-0.014165,-0.024768,0.184647,0.028638,CRASH,NO_CRASH,0.0000,SERIOUS,12.971819,77.594830
13:56:45.019,0.181268,-0.074365,-0.192147,-0.023616,0.003604,-0.019998,0.274425,0.031155,CRASH,NO_CRASH,0.0000,SERIOUS,12.971819,77.594830
13:56:45.069,0.053840,0.013174,0.016359,0.030169,-0.027270,-0.010083,0.057792,0.041899,CRASH,NO_CRASH,0.0000,SERIOUS,12.971819,77.594830
13:56:45.120,0.055326,0.000300,-0.158873,0.011087,-0.012169,-0.002945,0.168231,0.016724,CRASH,NO_CRASH,0.0000,SERIOUS,12.971819,77.594830
13:56:45.171,0.221585,-0.282867,0.047735,-0.000059,0.013212,-0.012634,0.362481,0.018280,CRASH,NO_CRASH,0.0000,SERIOUS,12.971819,77.594830
13:56:45.222,-0.426151,-0.468773,0.973500,0.052669,-0.132461,0.028242,1.161489,0.145318,NORMAL,NO_CRASH,0.0000,SERIOUS,12.971819,77.594830
13:56:45.272,-0.671245,-0.401507,0.793397,0.020295,-0.081493,-0.058809,1.114117,0.102526,NORMAL,NO_CRASH,0.0000,SERIOUS,12.971819,77.594830
13:56:45.322,0.573380,1.258531,-0.560574,-0.061666,-0.084224,-0.173618,1.492283,0.202582,NORMAL,NO_CRASH,0.0000,SERIOUS,12.971819,77.594830
13:56:45.372,0.711955,-0.091319,-0.459045,0.032879,0.037552,0.046372,0.852022,0.068129,NORMAL,NO_CRASH,0.0000,SERIOUS,12.971819,77.594830
13:56:45.423,-0.778455,-0.895944,0.074279,0.071531,0.050361,-0.076405,1.189212,0.116150,NORMAL,NO_CRASH,0.0000,SERIOUS,12.971819,77.594830
13:56:45.473,-1.455097,-0.991222,1.539855,0.094646,-0.025738,-0.025156,2.339013,0.101258,NORMAL,NO_CRASH,0.0000,SERIOUS,12.971819,77.594830
13:56:45.524,-1.624494,0.229565,-1.750619,-0.043207,-0.065821,0.252389,2.399239,0.264385,NORMAL,NO_CRASH,0.0000,SERIOUS,12.971819,77.594830
13:56:45.574,0.174896,0.174708,0.843571,-0.016365,-0.118533,-0.076592,0.879047,0.142071,NORMAL,NO_CRASH,0.0000,SERIOUS,12.971819,77.594830
13:56:45.625,-0.978075,0.063436,-0.002721,0.028632,0.129198,-0.038027,0.980134,0.137688,NORMAL,NO_CRASH,0.0000,SERIOUS,12.971819,77.594830
13:56:45.676,1.526653,1.054159,0.523868,0.012785,-0.000433,0.050959,1.927786,0.052540,NORMAL,NO_CRASH,0.0000,SERIOUS,12.971819,77.594830
13:56:45.726,0.426982,-0.984437,0.650360,-0.058887,-0.077516,0.092240,1.254750,0.134107,NORMAL,NO_CRASH,0.0000,SERIOUS,12.971819,77.594830
13:56:45.777,2.220147,-1.044451,-0.484070,0.009888,0.001535,0.141786,2.500850,0.142139,NORMAL,NO_CRASH,0.0000,SERIOUS,12.971819,77.594830
13:56:45.827,0.896495,-0.738868,0.554978,0.055375,0.050550,0.049750,1.287490,0.089982,NORMAL,NO_CRASH,0.0000,SERIOUS,12.971819,77.594830
13:56:45.877,1.142330,0.566929,-1.491020,-0.038900,-0.047623,0.038951,1.962006,0.072789,NORMAL,NO_CRASH,0.0000,SERIOUS,12.971819,77.594830
13:56:45.927,0.666343,0.117898,-0.770105,0.067497,-0.130659,-0.140423,1.025170,0.203338,NORMAL,NO_CRASH,0.0000,SERIOUS,12.971819,77.594830
13:56:45.978,-0.088897,-0.878382,0.984610,-0.067489,0.054580,-0.026955,1.322465,0.090886,NORMAL,NO_CRASH,0.0000,SERIOUS,12.971819,77.594830
13:56:46.028,0.569439,-0.178480,0.078948,-0.003331,0.148605,0.308170,0.601954,0.342145,NORMAL,NO_CRASH,0.0000,SERIOUS,12.971819,77.594830
13:56:46.079,0.605596,-0.372763,-0.558527,-0.025238,-0.144626,-0.136165,0.904241,0.200236,NORMAL,NO_CRASH,0.0000,SERIOUS,12.971819,77.594830
13:56:46.129,1.178495,0.993645,0.669288,0.018612,-0.141721,0.138760,1.680514,0.199213,NORMAL,NO_CRASH,0.0000,SERIOUS,12.971819,77.594830
13:56:46.180,1.279645,0.151154,-1.684343,-0.004219,0.173114,0.145508,2.120696,0.226183,NORMAL,NO_CRASH,0.0000,SERIOUS,12.971819,77.594830
13:56:46.230,-1.451571,0.279399,0.120245,-0.024696,-0.010870,-0.233480,1.483098,0.235034,NORMAL,NO_CRASH,0.0000,SERIOUS,12.971819,77.594830
13:56:46.281,1.848132,1.096793,1.139222,0.075085,0.030778,-0.129428,2.432360,0.152763,NORMAL,NO_CRASH,0.0000,SERIOUS,12.971819,77.594830
13:56:46.331,0.100682,-0.776464,-1.205743,-0.065761,0.029983,-0.052304,1.437654,0.089214,NORMAL,NO_CRASH,0.0000,SERIOUS,12.971819,77.594830
13:56:46.382,0.161998,0.061007,0.876524,-0.130611,0.074656,-0.026941,0.893454,0.152835,NORMAL,NO_CRASH,0.0000,SERIOUS,12.971819,77.594830
13:56:46.432,2.865600,-0.172055,0.311203,0.061230,-0.052202,0.036452,2.887579,0.088334,NORMAL,NO_CRASH,0.0000,SERIOUS,12.971819,77.594830
13:56:46.483,0.816522,-0.220483,-0.882756,-0.044921,-0.133993,0.119867,1.222530,0.185311,NORMAL,NO_CRASH,0.0000,SERIOUS,12.971819,77.594830
13:56:46.533,-0.040364,-0.673932,-0.863958,0.045927,-0.043236,0.068068,1.096466,0.092800,NORMAL,NO_CRASH,0.0000,SERIOUS,12.971819,77.594830
13:56:46.583,0.845297,0.557891,-0.798741,-0.043613,0.024959,-0.151830,1.289866,0.159930,NORMAL,NO_CRASH,0.0000,SERIOUS,12.971819,77.594830
13:56:46.634,0.347184,-0.745438,0.617491,0.003539,0.116515,0.162312,1.028353,0.199834,NORMAL,NO_CRASH,0.0000,SERIOUS,12.971819,77.594830
13:56:46.684,-1.209456,-0.767723,-0.704579,-0.041155,0.196269,0.157618,1.596439,0.255066,NORMAL,NO_CRASH,0.0000,SERIOUS,12.971819,77.594830
13:56:46.735,0.504780,-0.212705,-2.127374,-0.065115,0.047953,-0.006307,2.196763,0.081112,NORMAL,NO_CRASH,0.0000,SERIOUS,12.971819,77.594830
13:56:46.785,-0.641596,0.233945,-0.424249,-0.105324,0.003081,0.035562,0.803967,0.111209,NORMAL,NO_CRASH,0.0000,SERIOUS,12.971819,77.594830
13:56:46.835,-0.082232,-0.143993,0.570014,-0.028536,-0.014139,0.053240,0.593643,0.062038,NORMAL,NO_CRASH,0.0000,SERIOUS,12.971819,77.594830
13:56:46.886,1.414097,0.275135,-0.548843,-0.083302,0.012853,0.062548,1.541622,0.104960,NORMAL,NO_CRASH,0.0000,SERIOUS,12.971819,77.594830
13:56:46.936,0.627750,-0.190193,-0.055501,-0.047250,0.058410,0.023517,0.658273,0.078723,NORMAL,NO_CRASH,0.0000,SERIOUS,12.971819,77.594830
13:56:46.987,-0.269150,0.756491,-1.090117,0.036565,-0.095102,-0.050747,1.353912,0.113827,NORMAL,NO_CRASH,0.0000,SERIOUS,12.971819,77.594830
13:56:47.037,-0.231705,0.440812,-0.546289,0.021274,0.011261,0.090874,0.739211,0.094008,NORMAL,NO_CRASH,0.0000,SERIOUS,12.971819,77.594830
13:56:47.087,-0.049619,-0.894202,0.209293,-0.033283,-0.077037,0.227392,0.919708,0.242383,NORMAL,NO_CRASH,0.0000,SERIOUS,12.971819,77.594830
13:56:47.138,-0.741467,0.738783,-0.097334,0.031311,-0.066111,0.019560,1.051213,0.075721,NORMAL,NO_CRASH,0.0000,SERIOUS,12.971819,77.594830
13:56:47.188,1.200443,1.013608,0.159062,-0.150264,-0.075149,0.036069,1.579166,0.171836,NORMAL,NO_CRASH,0.0000,SERIOUS,12.971819,77.594830
13:56:47.239,0.507713,-0.770605,-0.606786,-0.061757,0.020158,-0.016299,1.104442,0.066977,NORMAL,NO_CRASH,0.0000,SERIOUS,12.971819,77.594830
13:56:47.289,-0.208099,-1.441958,-1.131048,0.080746,0.229885,-0.081605,1.844402,0.256956,NORMAL,NO_CRASH,0.0000,SERIOUS,12.971819,77.594830
13:56:47.340,1.555643,0.307739,-0.382288,-0.045038,0.147023,-0.252382,1.631218,0.295535,NORMAL,NO_CRASH,0.0000,SERIOUS,12.971819,77.594830
13:56:47.390,0.294625,1.541791,0.256280,-0.079540,-0.057066,-0.039993,1.590473,0.105748,NORMAL,NO_CRASH,0.0000,SERIOUS,12.971819,77.594830
13:56:47.440,0.555521,0.894370,-0.210051,-0.068701,-0.072009,0.026590,1.073603,0.103016,NORMAL,NO_CRASH,0.0000,SERIOUS,12.971819,77.594830
13:56:47.491,0.574096,0.318549,-0.025138,0.053510,0.182454,-0.113110,0.657033,0.221239,NORMAL,NO_CRASH,0.0000,SERIOUS,12.971819,77.594830
13:56:47.541,-0.618244,1.013412,-0.091877,0.020238,0.112728,0.114643,1.190660,0.162050,NORMAL,NO_CRASH,0.0000,SERIOUS,12.971819,77.594830
13:56:47.592,0.293043,-0.518151,0.018710,0.033885,-0.061526,0.043194,0.595571,0.082458,NORMAL,NO_CRASH,0.0000,SERIOUS,12.971819,77.594830
13:56:47.642,-1.503664,0.597950,0.127480,-0.037571,0.051408,0.005591,1.623207,0.063919,NORMAL,NO_CRASH,0.0000,SERIOUS,12.971819,77.594830
13:56:47.692,0.306717,-1.549997,0.608756,0.048330,0.064249,-0.231312,1.693266,0.244885,NORMAL,NO_CRASH,0.0000,SERIOUS,12.971819,77.594830
13:56:47.743,-0.366022,0.147413,1.066630,0.007521,-0.138257,-0.224370,1.137279,0.263654,NORMAL,NO_CRASH,0.0000,SERIOUS,12.971819,77.594830
13:56:47.793,2.399722,0.519094,0.117584,0.159351,0.029667,0.052354,2.458038,0.170335,NORMAL,NO_CRASH,0.0000,SERIOUS,12.971819,77.594830
13:56:47.844,0.983284,-0.551115,-1.586593,0.039801,0.149920,0.124055,1.946241,0.198619,NORMAL,NO_CRASH,0.0000,SERIOUS,12.971819,77.594830
13:56:47.895,0.338064,-0.306002,1.077632,0.060728,0.044225,0.064780,1.170135,0.099197,NORMAL,NO_CRASH,0.0000,SERIOUS,12.971819,77.594830
13:56:47.945,0.398270,-1.269768,-1.094710,0.053154,0.116590,0.072632,1.723172,0.147289,NORMAL,NO_CRASH,0.0000,SERIOUS,12.971819,77.594830
13:56:47.996,0.184472,-1.409644,-0.696054,-0.082690,-0.049263,0.001836,1.582914,0.096270,NORMAL,NO_CRASH,0.0000,SERIOUS,12.971819,77.594830
13:56:48.046,-0.590843,-0.041793,1.146933,-0.033317,0.002140,-0.066823,1.290851,0.074699,NORMAL,NO_CRASH,0.0000,SERIOUS,12.971819,77.594830
13:56:48.097,0.646964,0.361387,2.357920,0.031822,0.018609,-0.091441,2.471629,0.098593,NORMAL,NO_CRASH,0.0000,SERIOUS,12.971819,77.594830
13:56:48.147,0.743013,0.836112,-0.277978,0.022897,0.182099,-0.096803,1.152573,0.207497,NORMAL,NO_CRASH,0.0000,SERIOUS,12.971819,77.594830
13:56:48.197,1.247815,-1.470129,0.721244,0.024311,-0.030180,0.180315,2.058765,0.184432,NORMAL,NO_CRASH,0.0000,SERIOUS,12.971819,77.594830
13:56:48.248,-0.728463,0.751762,0.148584,0.056476,0.037312,-0.048048,1.057299,0.083008,NORMAL,NO_CRASH,0.0000,SERIOUS,12.971819,77.594830
13:56:48.298,0.396263,0.302681,0.473681,0.001293,0.002682,-0.071459,0.687760,0.071521,NORMAL,NO_CRASH,0.0000,SERIOUS,12.971819,77.594830
13:56:48.348,0.187307,-2.121378,-0.592812,0.047664,-0.331724,-0.160223,2.210600,0.371462,NORMAL,NO_CRASH,0.0000,SERIOUS,12.971819,77.594830
13:56:48.399,1.334885,-1.067624,1.133568,0.006526,0.130483,0.082933,2.051028,0.154745,NORMAL,NO_CRASH,0.0000,SERIOUS,12.971819,77.594830
13:56:48.449,-0.448339,0.717390,0.746531,0.018437,-0.027493,-0.076304,1.128258,0.083175,NORMAL,NO_CRASH,0.0000,SERIOUS,12.971819,77.594830
13:56:48.500,-0.740141,-0.384903,1.044097,0.054958,-0.004124,0.146164,1.336449,0.156209,NORMAL,NO_CRASH,0.0000,SERIOUS,12.971819,77.594830
13:56:48.550,-1.003408,0.554634,-0.420169,0.012726,-0.224074,-0.101485,1.221061,0.246313,NORMAL,NO_CRASH,0.0000,SERIOUS,12.971819,77.594830
13:56:48.601,-2.094144,0.720438,0.855522,0.028733,0.032792,-0.114909,2.374109,0.122902,NORMAL,NO_CRASH,0.0000,SERIOUS,12.971819,77.594830
13:56:48.652,-0.508906,-0.391997,-0.168666,0.034473,-0.117772,0.079109,0.664150,0.146003,NORMAL,NO_CRASH,0.0000,SERIOUS,12.971819,77.594830
13:56:48.702,-0.997060,-0.864208,-0.481334,0.059384,0.067028,0.220093,1.404516,0.237613,NORMAL,NO_CRASH,0.0000,SERIOUS,12.971819,77.594830
13:56:48.752,-0.674780,-0.412638,-1.739921,-0.020325,0.006518,-0.101668,1.911263,0.103884,NORMAL,NO_CRASH,0.0000,SERIOUS,12.971819,77.594830
13:56:48.803,-0.043665,0.024142,1.923587,-0.029879,-0.070232,0.026367,1.924234,0.080750,NORMAL,NO_CRASH,0.0000,SERIOUS,12.971819,77.594830
13:56:48.853,0.560506,-0.106524,-1.054403,-0.054773,0.147186,0.056187,1.198867,0.166796,NORMAL,NO_CRASH,0.0000,SERIOUS,12.971819,77.594830
13:56:48.904,0.372760,0.997540,-0.108209,0.056749,0.012213,0.102656,1.070395,0.117932,NORMAL,NO_CRASH,0.0000,SERIOUS,12.971819,77.594830
13:56:48.955,-0.359698,0.084352,-1.453344,-0.051140,-0.128742,-0.068824,1.499569,0.154682,NORMAL,NO_CRASH,0.0000,SERIOUS,12.971819,77.594830
13:56:49.005,1.917125,-0.064590,-0.603165,0.015027,-0.000932,-0.037360,2.010808,0.040280,NORMAL,NO_CRASH,0.0000,SERIOUS,12.971819,77.594830
13:56:49.055,-0.247780,-0.375913,1.442904,0.126918,0.125116,-0.009141,1.511514,0.178454,NORMAL,NO_CRASH,0.0000,SERIOUS,12.971819,77.594830
13:56:49.106,0.251595,-0.195187,0.892879,-0.044586,-0.029379,-0.049625,0.947961,0.072895,NORMAL,NO_CRASH,0.0000,SERIOUS,12.971819,77.594830
13:56:49.156,-0.838026,-1.035325,-2.196646,0.009444,0.117483,-0.045153,2.568937,0.126215,NORMAL,NO_CRASH,0.0000,SERIOUS,12.971819,77.594830
13:56:49.206,0.908051,0.312842,-0.809230,0.087349,0.008880,-0.152700,1.255898,0.176142,NORMAL,NO_CRASH,0.0000,SERIOUS,12.971819,77.594830
13:56:49.257,1.199120,0.083291,-0.260000,-0.003592,0.067914,0.091845,1.229807,0.114284,NORMAL,NO_CRASH,0.0000,SERIOUS,12.971819,77.594830
13:56:49.307,-0.460608,-0.067675,-1.438064,-0.053771,-0.134826,-0.018825,1.511545,0.146368,NORMAL,NO_CRASH,0.0000,SERIOUS,12.971819,77.594830
13:56:49.357,-1.702009,0.843703,-0.542149,-0.081527,0.067335,-0.069183,1.975499,0.126361,NORMAL,NO_CRASH,0.0000,SERIOUS,12.971819,77.594830
13:56:49.408,-0.349473,-2.330515,0.650189,-0.040971,-0.001063,-0.083620,2.444622,0.093124,NORMAL,NO_CRASH,0.0000,SERIOUS,12.971819,77.594830
13:56:49.458,-0.583562,-0.724062,-0.282978,-0.125924,-0.016473,-0.075682,0.972053,0.147838,NORMAL,NO_CRASH,0.0000,SERIOUS,12.971819,77.594830
13:56:49.509,-0.019454,0.097462,-0.310609,-0.063550,-0.071461,-0.066247,0.326122,0.116335,NORMAL,NO_CRASH,0.0000,SERIOUS,12.971819,77.594830
13:56:49.559,0.880477,0.324987,1.974253,-0.065814,-0.120352,-0.083722,2.185985,0.160703,NORMAL,NO_CRASH,0.0000,SERIOUS,12.971819,77.594830
13:56:49.609,0.426225,-1.085370,1.707625,0.062397,0.002267,-0.148846,2.067771,0.161412,NORMAL,NO_CRASH,0.0000,SERIOUS,12.971819,77.594830
13:56:49.660,1.009587,-0.701250,1.293124,-0.055387,-0.179805,-0.021816,1.784149,0.189403,NORMAL,NO_CRASH,0.0000,SERIOUS,12.971819,77.594830
13:56:49.710,-0.608845,2.255826,-0.948473,-0.088945,-0.089926,0.202894,2.521715,0.239090,NORMAL,NO_CRASH,0.0000,SERIOUS,12.971819,77.594830
13:56:49.760,-0.218872,-0.180534,0.067816,0.029638,-0.182550,0.041554,0.291713,0.189551,NORMAL,NO_CRASH,0.0000,SERIOUS,12.971819,77.594830
13:56:49.811,0.451654,-0.351343,0.239550,-0.092998,0.074352,-0.190025,0.620336,0.224246,NORMAL,NO_CRASH,0.0000,SERIOUS,12.971819,77.594830
13:56:49.861,0.331538,0.163139,1.115920,-0.032257,-0.138826,0.152863,1.175504,0.208998,NORMAL,NO_CRASH,0.0000,SERIOUS,12.971819,77.594830
13:56:49.912,-0.707199,1.055213,1.305704,-0.002824,-0.068044,0.135101,1.821666,0.151295,NORMAL,NO_CRASH,0.0000,SERIOUS,12.971819,77.594830
13:56:49.962,-0.254617,0.472429,1.356871,-0.010590,-0.364411,0.236456,1.459149,0.434533,NORMAL,NO_CRASH,0.0000,SERIOUS,12.971819,77.594830
13:56:50.013,0.357057,0.616377,-0.532440,-0.025974,-0.046580,-0.008164,0.889328,0.053954,NORMAL,NO_CRASH,0.0000,SERIOUS,12.971819,77.594830
13:56:50.063,-0.442514,-0.888129,0.722938,-0.009539,-0.060171,-0.062127,1.227693,0.087013,NORMAL,NO_CRASH,0.0000,SERIOUS,12.971819,77.594830
13:56:50.114,1.082673,-0.981459,0.119995,-0.027553,0.023882,0.217343,1.466234,0.220380,NORMAL,NO_CRASH,0.0000,SERIOUS,12.971819,77.594830
13:56:50.164,1.043109,0.890196,0.422605,-0.046807,0.096959,-0.042725,1.434964,0.115834,NORMAL,NO_CRASH,0.0000,SERIOUS,12.971819,77.594830
13:56:50.215,1.399488,0.737368,-0.035951,0.011120,0.101233,-0.068319,1.582268,0.122634,NORMAL,NO_CRASH,0.0000,SERIOUS,12.971819,77.594830
13:56:50.265,0.921463,0.348971,0.385696,-0.041725,0.186012,0.168843,1.058129,0.254655,NORMAL,NO_CRASH,0.0000,SERIOUS,12.971819,77.594830
13:56:50.316,-1.430512,1.321012,0.391568,-0.069150,-0.074869,0.014898,1.986143,0.103000,NORMAL,NO_CRASH,0.0000,SERIOUS,12.971819,77.594830
13:56:50.366,-0.639538,0.617040,0.153886,-0.102765,0.118140,0.091218,0.901903,0.181214,NORMAL,NO_CRASH,0.0000,SERIOUS,12.971819,77.594830
13:56:50.416,-0.220336,0.212461,-0.443369,0.053923,-0.005254,0.033457,0.538761,0.063677,NORMAL,NO_CRASH,0.0000,SERIOUS,12.971819,77.594830
13:56:50.466,0.286726,1.385451,-3.631365,-0.114057,0.074543,0.110675,3.897242,0.175540,NORMAL,NO_CRASH,0.0000,SERIOUS,12.971819,77.594830
13:56:50.517,0.300164,-0.560895,-1.168407,0.038931,0.193584,-0.111798,1.330367,0.226912,NORMAL,NO_CRASH,0.0000,SERIOUS,12.971819,77.594830
13:56:50.567,-1.149915,-0.763183,-0.410880,0.012230,0.152020,0.207982,1.439991,0.257907,NORMAL,NO_CRASH,0.0000,SERIOUS,12.971819,77.594830
13:56:50.617,-0.462683,1.369366,1.896069,0.005520,-0.107482,-0.018858,2.384180,0.109264,NORMAL,NO_CRASH,0.0000,SERIOUS,12.971819,77.594830
13:56:50.667,-0.718947,-0.399870,-0.265987,0.048526,-0.007658,0.024476,0.864599,0.054886,NORMAL,NO_CRASH,0.0000,SERIOUS,12.971819,77.594830
13:56:50.718,-0.860423,1.221890,1.312402,0.016412,0.131300,0.087334,1.988905,0.158545,NORMAL,NO_CRASH,0.0000,SERIOUS,12.971819,77.594830
13:56:50.768,1.726264,0.294000,-1.338955,0.089955,-0.040875,0.104368,2.204365,0.143720,NORMAL,NO_CRASH,0.0000,SERIOUS,12.971819,77.594830
13:56:50.819,-0.534857,0.150278,-1.050592,-0.034020,0.030150,0.003194,1.188444,0.045570,NORMAL,NO_CRASH,0.0000,SERIOUS,12.971819,77.594830
13:56:50.869,-0.796225,1.399550,-0.279129,0.043959,0.074126,0.035764,1.634206,0.093307,NORMAL,NO_CRASH,0.0000,SERIOUS,12.971819,77.594830
13:56:50.920,1.102156,-0.014673,0.171132,0.021782,-0.023026,-0.237331,1.115459,0.239438,NORMAL,NO_CRASH,0.0000,SERIOUS,12.971819,77.594830
13:56:50.971,0.075897,0.710271,1.144937,-0.049367,0.024932,-0.144775,1.349491,0.154979,NORMAL,NO_CRASH,0.0000,SERIOUS,12.971819,77.594830
13:56:51.021,-1.353721,0.377479,-0.701486,-0.044467,0.243683,-0.164989,1.570711,0.297624,NORMAL,NO_CRASH,0.0000,SERIOUS,12.971819,77.594830
13:56:51.072,-0.192252,0.220907,-1.132190,-0.038232,0.137525,0.066076,1.169450,0.157293,NORMAL,NO_CRASH,0.0000,SERIOUS,12.971819,77.594830
13:56:51.122,0.002591,-0.937315,-0.400245,-0.106760,0.068444,-0.171626,1.019197,0.213396,NORMAL,NO_CRASH,0.0000,SERIOUS,12.971819,77.594830
13:56:51.172,-0.656059,-0.361242,-0.686858,0.037773,-0.143932,0.270076,1.016210,0.308357,NORMAL,NO_CRASH,0.0000,SERIOUS,12.971819,77.594830
13:56:51.223,1.139629,0.358869,0.205349,-0.030348,0.060301,-0.088311,1.212316,0.111158,NORMAL,NO_CRASH,0.0000,SERIOUS,12.971819,77.594830
13:56:51.273,-0.065247,0.853040,2.787319,-0.005235,0.014089,0.030585,2.915661,0.034079,NORMAL,NO_CRASH,0.0000,SERIOUS,12.971819,77.594830
13:56:51.323,0.158468,1.082355,1.589120,0.045590,0.013958,-0.003477,1.929225,0.047805,NORMAL,NO_CRASH,0.0000,SERIOUS,12.971819,77.594830
13:56:51.374,1.972994,0.070849,0.409760,0.014250,-0.134623,-0.165361,2.016340,0.213707,NORMAL,NO_CRASH,0.0000,SERIOUS,12.971819,77.594830
13:56:51.424,-1.805396,0.502695,-1.108388,0.063892,0.102112,-0.094798,2.177310,0.153283,NORMAL,NO_CRASH,0.0000,SERIOUS,12.971819,77.594830
13:56:51.474,0.035876,-1.021199,-0.180477,0.003488,0.023789,0.149276,1.037644,0.151200,NORMAL,NO_CRASH,0.0000,SERIOUS,12.971819,77.594830
13:56:51.525,-0.898722,0.259987,-0.467911,-0.027587,-0.114247,-0.008241,1.046058,0.117820,NORMAL,NO_CRASH,0.0000,SERIOUS,12.971819,77.594830
13:56:51.575,-0.468116,0.514822,1.901485,0.069792,0.283197,0.032043,2.024801,0.293425,NORMAL,NO_CRASH,0.0000,SERIOUS,12.971819,77.594830
13:56:51.626,-1.714088,-0.079675,-0.448532,0.001285,0.167324,0.076902,1.773591,0.184155,NORMAL,NO_CRASH,0.0000,SERIOUS,12.971819,77.594830
13:56:51.676,-0.959294,-0.190018,1.859513,0.036236,0.013680,-0.115757,2.100986,0.122065,NORMAL,NO_CRASH,0.0000,SERIOUS,12.971819,77.594830
13:56:51.727,-0.579819,1.503060,-1.164577,-0.012244,-0.026792,0.041190,1.987867,0.050639,NORMAL,NO_CRASH,0.0000,SERIOUS,12.971819,77.594830
13:56:51.778,-0.134931,-0.996424,1.047994,-0.015026,0.231678,0.042825,1.452364,0.236082,NORMAL,NO_CRASH,0.0000,SERIOUS,12.971819,77.594830
13:56:51.828,0.884273,-0.854210,-0.377979,0.083777,-0.109429,-0.000773,1.286267,0.137819,NORMAL,NO_CRASH,0.0000,SERIOUS,12.971819,77.594830
13:56:51.878,-0.013077,1.079925,0.018660,0.019249,-0.064396,-0.050822,1.080165,0.084262,NORMAL,NO_CRASH,0.0000,SERIOUS,12.971819,77.594830
13:56:51.929,0.357091,0.619326,-1.477072,0.166844,-0.023832,0.073527,1.640981,0.183878,NORMAL,NO_CRASH,0.0000,SERIOUS,12.971819,77.594830
13:56:51.979,-0.028628,-1.310567,0.895022,0.019501,0.079195,-0.004089,1.587284,0.081663,NORMAL,NO_CRASH,0.0000,SERIOUS,12.971819,77.594830
13:56:52.030,-0.893420,0.960201,-0.102484,-0.068211,-0.256165,-0.216051,1.315557,0.341982,NORMAL,NO_CRASH,0.0000,SERIOUS,12.971819,77.594830
13:56:52.080,0.530477,0.532540,-0.742605,-0.018778,-0.108162,-0.140650,1.056630,0.178421,NORMAL,NO_CRASH,0.0000,SERIOUS,12.971819,77.594830
13:56:52.130,-0.433639,0.561836,-0.129278,0.018605,0.055931,-0.041039,0.721398,0.071824,NORMAL,NO_CRASH,0.0000,SERIOUS,12.971819,77.594830
13:56:52.181,0.146298,-0.957285,-2.286910,-0.111463,0.134497,-0.168836,2.483497,0.242938,NORMAL,NO_CRASH,0.0000,SERIOUS,12.971819,77.594830
13:56:52.231,0.653096,0.144214,0.783313,-0.079356,-0.068677,0.005847,1.030005,0.105110,NORMAL,NO_CRASH,0.0000,SERIOUS,12.971819,77.594830
13:56:52.281,-2.139518,2.157338,0.764373,0.019588,-0.046199,0.267614,3.133036,0.272278,NORMAL,NO_CRASH,0.0000,SERIOUS,12.971819,77.594830
13:56:52.332,0.475244,-0.438802,-1.076468,0.009878,0.019557,0.039934,1.255861,0.045550,NORMAL,NO_CRASH,0.0000,SERIOUS,12.971819,77.594830
13:56:52.382,-0.884798,-0.769439,-0.610833,0.057960,-0.090175,0.000981,1.322128,0.107200,NORMAL,NO_CRASH,0.0000,SERIOUS,12.971819,77.594830
13:56:52.433,-1.360202,0.135499,-0.382967,-0.052029,-0.018314,-0.105201,1.419568,0.118784,NORMAL,NO_CRASH,0.0000,SERIOUS,12.971819,77.594830
13:56:52.485,-0.103259,-0.811459,0.108421,-0.001086,-0.154482,0.053350,0.825156,0.163439,NORMAL,NO_CRASH,0.0000,SERIOUS,12.971819,77.594830
13:56:52.535,0.255854,0.679032,-0.737332,-0.007687,-0.010952,-0.132569,1.034507,0.133243,NORMAL,NO_CRASH,0.0000,SERIOUS,12.971819,77.594830
13:56:52.585,-1.547773,-0.112653,0.408810,0.023364,-0.166608,0.111590,1.604810,0.201883,NORMAL,NO_CRASH,0.0000,SERIOUS,12.971819,77.594830
13:56:52.636,-0.172949,0.929512,1.684191,0.097707,-0.221750,0.132935,1.931425,0.276390,NORMAL,NO_CRASH,0.0000,SERIOUS,12.971819,77.594830
13:56:52.686,-0.717027,-0.106776,-1.350544,0.072695,-0.120349,0.013854,1.532807,0.141281,NORMAL,NO_CRASH,0.0000,SERIOUS,12.971819,77.594830
13:56:52.736,1.597814,-0.285886,-0.086883,-0.062826,-0.127405,0.055576,1.625512,0.152538,NORMAL,NO_CRASH,0.0000,SERIOUS,12.971819,77.594830
13:56:52.786,0.074841,0.516283,-0.173243,0.109072,0.046002,0.184965,0.549693,0.219602,NORMAL,NO_CRASH,0.0000,SERIOUS,12.971819,77.594830
13:56:52.836,-0.216572,-0.241172,-0.016563,-0.023043,0.064243,-0.188699,0.324563,0.200663,NORMAL,NO_CRASH,0.0000,SERIOUS,12.971819,77.594830
13:56:52.887,0.492356,-0.733357,-0.845096,0.048157,-0.061816,-0.017876,1.222462,0.080373,NORMAL,NO_CRASH,0.0000,SERIOUS,12.971819,77.594830
13:56:52.937,-0.241253,0.891323,1.986350,0.061281,-0.074365,0.022410,2.190490,0.098933,NORMAL,NO_CRASH,0.0000,SERIOUS,12.971819,77.594830
13:56:52.987,-0.210999,-1.262444,0.631316,-0.051631,-0.118601,0.062755,1.427181,0.143772,NORMAL,NO_CRASH,0.0000,SERIOUS,12.971819,77.594830
13:56:53.038,-0.986489,-0.515441,0.470044,0.030070,0.145240,-0.087198,1.208214,0.172053,NORMAL,NO_CRASH,0.0000,SERIOUS,12.971819,77.594830
13:56:53.088,0.872293,-0.380676,0.772236,0.005332,-0.016077,-0.094245,1.225625,0.095755,NORMAL,NO_CRASH,0.0000,SERIOUS,12.971819,77.594830
13:56:53.139,0.833904,1.663855,-0.623726,-0.013240,-0.147917,-0.120248,1.962866,0.191087,NORMAL,NO_CRASH,0.0000,SERIOUS,12.971819,77.594830
13:56:53.189,-1.358168,-0.302659,0.986386,0.056769,0.072861,-0.041546,1.705632,0.101279,NORMAL,NO_CRASH,0.0000,SERIOUS,12.971819,77.594830
13:56:53.239,-0.893806,-1.373783,0.465742,0.044003,-0.013400,-0.084303,1.703844,0.096036,NORMAL,NO_CRASH,0.0000,SERIOUS,12.971819,77.594830
13:56:53.289,0.465757,-0.759626,-2.135035,-0.014504,-0.056012,0.199777,2.313512,0.207987,NORMAL,NO_CRASH,0.0000,SERIOUS,12.971819,77.594830
13:56:53.340,-0.987678,0.179595,0.705577,0.100512,-0.005168,0.104169,1.227029,0.144846,NORMAL,NO_CRASH,0.0000,SERIOUS,12.971819,77.594830
13:56:53.390,0.525018,1.211995,1.645666,0.080605,0.030412,-0.004956,2.110164,0.086294,NORMAL,NO_CRASH,0.0000,SERIOUS,12.971819,77.594830
13:56:53.440,0.598205,0.968211,0.902076,0.002693,-0.142841,-0.201459,1.452248,0.246975,NORMAL,NO_CRASH,0.0000,SERIOUS,12.971819,77.594830
13:56:53.490,-1.341545,0.251751,0.103000,-0.031813,-0.016713,0.002688,1.368842,0.036037,NORMAL,NO_CRASH,0.0000,SERIOUS,12.971819,77.594830
13:56:53.541,0.225128,-0.705113,-0.288573,-0.079429,-0.037394,0.029928,0.794444,0.092752,NORMAL,NO_CRASH,0.0000,SERIOUS,12.971819,77.594830
13:56:53.592,0.690908,-0.240307,1.820297,-0.052216,-0.056219,-0.031690,1.961780,0.083014,NORMAL,NO_CRASH,0.0000,SERIOUS,12.971819,77.594830
13:56:53.642,-1.566557,0.465997,-0.004252,0.048612,-0.068317,-0.319941,1.634403,0.330746,NORMAL,NO_CRASH,0.0000,SERIOUS,12.971819,77.594830
13:56:53.692,-1.153081,-0.165417,0.228103,-0.038715,-0.045915,-0.018652,1.187009,0.062889,NORMAL,NO_CRASH,0.0000,SERIOUS,12.971819,77.594830
13:56:53.743,-0.566207,0.478261,0.464028,0.067388,0.171437,0.006046,0.874440,0.184304,NORMAL,NO_CRASH,0.0000,SERIOUS,12.971819,77.594830
13:56:53.793,1.113443,0.330023,1.085146,0.111092,-0.055497,0.078162,1.589406,0.146733,NORMAL,NO_CRASH,0.0000,SERIOUS,12.971819,77.594830
13:56:53.843,-0.878391,0.051197,1.203357,0.054461,-0.058855,-0.101265,1.490725,0.129168,NORMAL,NO_CRASH,0.0000,SERIOUS,12.971819,77.594830
13:56:53.893,0.192251,-0.447152,-0.340878,0.120901,0.095571,0.077394,0.594225,0.172455,NORMAL,NO_CRASH,0.0000,SERIOUS,12.971819,77.594830
13:56:53.944,0.196710,0.614614,0.489401,0.067328,0.296139,0.103965,0.809913,0.320998,NORMAL,NO_CRASH,0.0000,SERIOUS,12.971819,77.594830
13:56:53.994,-1.115897,-0.385343,0.952720,0.059660,0.063241,-0.019610,1.517034,0.089125,NORMAL,NO_CRASH,0.0000,SERIOUS,12.971819,77.594830
13:56:54.044,-0.810288,0.199172,0.928970,0.112654,0.199957,-0.015127,1.248688,0.230006,NORMAL,NO_CRASH,0.0000,SERIOUS,12.971819,77.594830
13:56:54.095,-0.881562,0.156801,1.245858,-0.010825,0.064346,0.026974,1.534243,0.070606,NORMAL,NO_CRASH,0.0000,SERIOUS,12.971819,77.594830
13:56:54.145,0.248950,-0.077176,0.237176,0.061826,0.048289,0.087429,0.352399,0.117465,NORMAL,NO_CRASH,0.0000,SERIOUS,12.971819,77.594830
13:56:54.196,-0.098331,0.012599,-0.109795,0.072868,-0.123968,0.139888,0.147928,0.200615,NORMAL,NO_CRASH,0.0000,SERIOUS,12.971819,77.594830
13:56:54.246,0.954039,0.031648,0.266170,0.120252,-0.035124,-0.012260,0.990978,0.125875,NORMAL,NO_CRASH,0.0000,SERIOUS,12.971819,77.594830
13:56:54.296,0.569989,-0.748615,-1.044686,0.037860,0.140475,0.001323,1.405945,0.145494,NORMAL,NO_CRASH,0.0000,SERIOUS,12.971819,77.594830
13:56:54.347,-0.250747,-1.066384,1.405630,0.081834,0.047215,-0.084795,1.782090,0.126950,NORMAL,NO_CRASH,0.0000,SERIOUS,12.971819,77.594830
13:56:54.397,0.340945,-0.676065,0.723258,-0.013702,0.123621,0.125947,1.047096,0.177010,NORMAL,NO_CRASH,0.0000,SERIOUS,12.971819,77.594830
13:56:54.448,0.734659,0.816564,-0.789678,-0.046078,-0.003716,-0.034892,1.352809,0.057917,NORMAL,NO_CRASH,0.0000,SERIOUS,12.971819,77.594830
13:56:54.498,-0.423444,-2.236386,-1.702486,-0.011537,-0.137219,0.165289,2.842391,0.215133,NORMAL,NO_CRASH,0.0000,SERIOUS,12.971819,77.594830
13:56:54.548,0.137987,0.071912,-0.413462,0.006648,0.008584,0.160817,0.441772,0.161183,NORMAL,NO_CRASH,0.0000,SERIOUS,12.971819,77.594830
13:56:54.598,0.243851,-0.298517,1.992749,-0.020097,0.127820,0.054435,2.029686,0.140375,NORMAL,NO_CRASH,0.0000,SERIOUS,12.971819,77.594830
13:56:54.649,0.113111,-0.507515,0.034787,-0.047569,-0.015055,-0.013836,0.521129,0.051778,NORMAL,NO_CRASH,0.0000,SERIOUS,12.971819,77.594830
13:56:54.699,-0.183723,-1.964112,-0.774134,0.086990,0.017317,0.029624,2.119144,0.093514,NORMAL,NO_CRASH,0.0000,SERIOUS,12.971819,77.594830
13:56:54.750,0.036920,-1.157358,-0.258033,0.080149,0.056623,0.026336,1.186348,0.101605,NORMAL,NO_CRASH,0.0000,SERIOUS,12.971819,77.594830
13:56:54.800,-1.209190,-1.836770,1.192852,0.016384,-0.015997,-0.060455,2.501751,0.064646,NORMAL,NO_CRASH,0.0000,SERIOUS,12.971819,77.594830
13:56:54.851,-0.712042,0.204641,-0.494293,0.033261,0.080440,0.069456,0.890622,0.111360,NORMAL,NO_CRASH,0.0000,SERIOUS,12.971819,77.594830
13:56:54.902,0.202219,0.186288,-0.613345,0.021919,-0.058136,0.136019,0.672151,0.149537,NORMAL,NO_CRASH,0.0000,SERIOUS,12.971819,77.594830
13:56:54.952,0.021089,0.030627,1.012670,-0.034131,0.127752,0.019132,1.013353,0.133610,NORMAL,NO_CRASH,0.0000,SERIOUS,12.971819,77.594830
13:56:55.002,0.603791,-0.292253,-0.043104,0.084500,-0.032246,-0.056917,0.672185,0.106863,NORMAL,NO_CRASH,0.0000,SERIOUS,12.971819,77.594830
13:56:55.053,0.340937,-0.969851,-0.937866,-0.100855,0.086361,0.191459,1.391561,0.232995,NORMAL,NO_CRASH,0.0000,SERIOUS,12.971819,77.594830
13:56:55.103,0.098423,1.162883,-0.386815,-0.090255,-0.020875,0.060775,1.229476,0.110794,NORMAL,NO_CRASH,0.0000,SERIOUS,12.971819,77.594830
13:56:55.153,0.283729,0.828457,1.869107,0.045087,0.177019,-0.334121,2.064074,0.380795,NORMAL,NO_CRASH,0.0000,SERIOUS,12.971819,77.594830
13:56:55.205,0.097948,-0.168447,0.357461,-0.154067,-0.097361,-0.162707,0.407119,0.244314,NORMAL,NO_CRASH,0.0000,SERIOUS,12.971819,77.594830
13:56:55.255,-1.606249,-0.301694,-0.446780,0.099928,0.118277,-0.048466,1.694304,0.162247,NORMAL,NO_CRASH,0.0000,SERIOUS,12.971819,77.594830
13:56:55.306,-0.304757,-0.981968,0.010187,0.048930,0.065180,0.303049,1.028223,0.313817,NORMAL,NO_CRASH,0.0000,SERIOUS,12.971819,77.594830
13:56:55.356,1.003522,0.911752,-0.018853,-0.118966,0.205234,0.056842,1.355989,0.243936,NORMAL,NO_CRASH,0.0000,SERIOUS,12.971819,77.594830
13:56:55.406,-0.820232,-0.607768,-0.425452,-0.032271,0.009239,-0.084979,1.105971,0.091368,NORMAL,NO_CRASH,0.0000,SERIOUS,12.971819,77.594830
13:56:55.457,0.436862,0.891834,-0.903639,0.065427,-0.137441,-0.004532,1.342677,0.152287,NORMAL,NO_CRASH,0.0000,SERIOUS,12.971819,77.594830
13:56:55.507,-0.100580,-0.241572,0.088137,0.042679,-0.161657,0.055018,0.276118,0.176016,NORMAL,NO_CRASH,0.0000,SERIOUS,12.971819,77.594830
13:56:55.558,1.850917,-0.176860,0.320025,-0.114390,0.022938,0.042747,1.886687,0.124252,NORMAL,NO_CRASH,0.0000,SERIOUS,12.971819,77.594830
13:56:55.608,0.002505,-0.258636,-1.006853,0.085413,-0.081646,-0.065696,1.039544,0.135194,NORMAL,NO_CRASH,0.0000,SERIOUS,12.971819,77.594830
13:56:55.659,-0.057150,0.228174,-1.207099,-0.077858,0.097513,-0.038461,1.229803,0.130575,NORMAL,NO_CRASH,0.0000,SERIOUS,12.971819,77.594830
13:56:55.709,-0.260302,-1.504291,0.985348,-0.027894,0.050592,-0.098035,1.817020,0.113791,NORMAL,NO_CRASH,0.0000,SERIOUS,12.971819,77.594830
13:56:55.759,0.069965,0.187167,-0.594302,0.020854,0.090863,0.184800,0.626994,0.206983,NORMAL,NO_CRASH,0.0000,SERIOUS,12.971819,77.594830
13:56:55.810,-0.852527,-0.099938,-0.697027,0.008242,-0.106692,0.107231,1.105728,0.151491,NORMAL,NO_CRASH,0.0000,SERIOUS,12.971819,77.594830
13:56:55.860,-0.174414,-0.997762,-0.591110,-0.046047,0.220584,-0.183183,1.172758,0.290403,NORMAL,NO_CRASH,0.0000,SERIOUS,12.971819,77.594830
13:56:55.911,0.711054,0.030958,-0.590673,0.045925,0.061033,-0.100984,0.924905,0.126617,NORMAL,NO_CRASH,0.0000,SERIOUS,12.971819,77.594830
13:56:55.961,-0.733269,0.556427,-1.080357,-0.017156,0.262531,0.057278,1.419319,0.269253,NORMAL,NO_CRASH,0.0000,SERIOUS,12.971819,77.594830
13:56:56.011,0.445014,0.013729,0.459365,-0.057641,0.052750,0.136975,0.639720,0.157693,NORMAL,NO_CRASH,0.0000,SERIOUS,12.971819,77.594830
13:56:56.062,0.421869,1.801799,0.615509,-0.055437,-0.192857,-0.030574,1.950206,0.202983,NORMAL,NO_CRASH,0.0000,SERIOUS,12.971819,77.594830
13:56:56.112,0.099907,-0.029304,-0.909387,0.074149,0.300477,-0.002718,0.915328,0.309502,NORMAL,NO_CRASH,0.0000,SERIOUS,12.971819,77.594830
13:56:56.163,-0.263099,0.724645,0.150495,0.058604,0.053149,0.002886,0.785481,0.079168,NORMAL,NO_CRASH,0.0000,SERIOUS,12.971819,77.594830
13:56:56.213,0.850748,0.320501,0.444173,-0.097138,-0.059217,-0.060940,1.011822,0.129058,NORMAL,NO_CRASH,0.0000,SERIOUS,12.971819,77.594830
13:56:56.263,0.770076,0.912145,-0.096646,-0.025770,-0.182316,-0.049870,1.197650,0.190762,NORMAL,NO_CRASH,0.0000,SERIOUS,12.971819,77.594830
13:56:56.314,0.157633,0.586763,-1.476721,0.023339,0.051104,0.041497,1.596823,0.069845,NORMAL,NO_CRASH,0.0000,SERIOUS,12.971819,77.594830
13:56:56.364,-0.892314,0.381996,-0.530282,0.080923,-0.084285,0.058092,1.106049,0.130488,NORMAL,NO_CRASH,0.0000,SERIOUS,12.971819,77.594830
13:56:56.415,-2.073007,-0.492676,-0.079368,-0.052045,0.069515,0.180468,2.132226,0.200274,NORMAL,NO_CRASH,0.0000,SERIOUS,12.971819,77.594830
13:56:56.465,-1.265003,0.290826,0.631714,0.004409,0.016060,-0.116439,1.443563,0.117624,NORMAL,NO_CRASH,0.0000,SERIOUS,12.971819,77.594830
13:56:56.516,-0.261516,1.545714,0.517265,-0.045118,0.096490,0.154081,1.650814,0.187315,NORMAL,NO_CRASH,0.0000,SERIOUS,12.971819,77.594830
13:56:56.566,-1.288099,-0.402882,-1.151429,0.035861,-0.056148,0.090147,1.774064,0.112094,NORMAL,NO_CRASH,0.0000,SERIOUS,12.971819,77.594830
13:56:56.617,0.539480,-0.722718,1.283205,0.000045,-0.234749,-0.010767,1.568430,0.234996,NORMAL,NO_CRASH,0.0000,SERIOUS,12.971819,77.594830
13:56:56.667,-0.250333,0.584607,-0.635180,-0.008409,-0.127634,-0.018828,0.898824,0.129288,NORMAL,NO_CRASH,0.0000,SERIOUS,12.971819,77.594830
13:56:56.718,0.576276,-0.638994,0.371591,-0.070402,-0.009712,0.146943,0.937276,0.163227,NORMAL,NO_CRASH,0.0000,SERIOUS,12.971819,77.594830
13:56:56.768,-1.211241,-0.259124,0.657402,0.002209,0.209777,0.162004,1.402294,0.265060,NORMAL,NO_CRASH,0.0000,SERIOUS,12.971819,77.594830
13:56:56.818,0.204266,-0.752430,-0.077339,-0.069698,0.005692,0.043208,0.783490,0.082201,NORMAL,NO_CRASH,0.0000,SERIOUS,12.971819,77.594830
13:56:56.869,1.327089,-0.832462,0.382551,-0.089109,-0.095145,0.068867,1.612608,0.147430,NORMAL,NO_CRASH,0.0000,SERIOUS,12.971819,77.594830
13:56:56.919,-0.264216,0.231032,0.380802,-0.070841,-0.066044,0.160407,0.517876,0.187378,NORMAL,NO_CRASH,0.0000,SERIOUS,12.971819,77.594830
13:56:56.969,0.087847,1.484307,0.333452,-0.023666,0.204481,-0.105092,1.523836,0.231121,NORMAL,NO_CRASH,0.0000,SERIOUS,12.971819,77.594830
13:56:57.020,0.946957,0.082120,-0.819743,-0.011654,-0.055540,0.162703,1.255169,0.172316,NORMAL,NO_CRASH,0.0000,SERIOUS,12.971819,77.594830
13:56:57.070,-0.454575,0.637800,0.605005,-0.037022,-0.197630,0.283680,0.989676,0.347710,NORMAL,NO_CRASH,0.0000,SERIOUS,12.971819,77.594830
13:56:57.120,0.279205,-0.783932,0.895813,0.076945,0.146695,0.039584,1.222696,0.170314,NORMAL,NO_CRASH,0.0000,SERIOUS,12.971819,77.594830
13:56:57.171,1.236464,0.196753,1.297841,0.001460,-0.053826,-0.205109,1.803315,0.212059,NORMAL,NO_CRASH,0.0000,SERIOUS,12.971819,77.594830
13:56:57.221,-0.255930,-1.093482,0.301282,0.137270,0.163886,-0.012874,1.162744,0.214167,NORMAL,NO_CRASH,0.0000,SERIOUS,12.971819,77.594830
13:56:57.271,-0.180931,-1.098139,0.190909,-0.061488,0.034158,0.003482,1.129199,0.070425,NORMAL,NO_CRASH,0.0000,SERIOUS,12.971819,77.594830
13:56:57.322,-0.240340,0.133661,0.656381,-0.112691,0.057173,0.128982,0.711663,0.180567,NORMAL,NO_CRASH,0.0000,SERIOUS,12.971819,77.594830
13:56:57.373,0.048716,1.453707,1.574859,0.090763,0.094424,0.184668,2.143786,0.226398,NORMAL,NO_CRASH,0.0000,SERIOUS,12.971819,77.594830
13:56:57.423,-0.357051,0.003456,1.390830,0.026605,-0.057268,0.070949,1.435934,0.094980,NORMAL,NO_CRASH,0.0000,SERIOUS,12.971819,77.594830
13:56:57.474,0.981631,0.953255,-0.108243,0.001589,0.028465,0.080268,1.372593,0.085180,NORMAL,NO_CRASH,0.0000,SERIOUS,12.971819,77.594830
13:56:57.524,0.733650,0.219688,0.857634,-0.066531,0.071926,0.005641,1.149801,0.098141,NORMAL,NO_CRASH,0.0000,SERIOUS,12.971819,77.594830
13:56:57.574,-0.746079,1.045849,-0.294414,0.072349,-0.129632,0.030143,1.317996,0.151484,NORMAL,NO_CRASH,0.0000,SERIOUS,12.971819,77.594830
13:56:57.625,-0.362463,-0.862724,1.326714,-0.031076,-0.022702,-0.167609,1.623527,0.171971,NORMAL,NO_CRASH,0.0000,SERIOUS,12.971819,77.594830
13:56:57.675,-0.682911,-0.206254,0.141312,-0.071188,-0.186441,-0.177196,0.727239,0.266883,NORMAL,NO_CRASH,0.0000,SERIOUS,12.971819,77.594830
13:56:57.726,0.050501,-0.251176,-0.505121,0.033930,0.088781,0.203923,0.566381,0.224985,NORMAL,NO_CRASH,0.0000,SERIOUS,12.971819,77.594830
13:56:57.776,1.854462,0.930568,-0.833468,0.177794,-0.062893,-0.192815,2.235991,0.269711,NORMAL,NO_CRASH,0.0000,SERIOUS,12.971819,77.594830
13:56:57.827,0.461696,1.411567,0.485218,-0.049670,-0.005062,-0.005610,1.562408,0.050241,NORMAL,NO_CRASH,0.0000,SERIOUS,12.971819,77.594830
13:56:57.877,0.874123,-1.424048,-0.713880,0.030063,-0.181556,0.021361,1.817038,0.185264,NORMAL,NO_CRASH,0.0000,SERIOUS,12.971819,77.594830
13:56:57.927,-1.002757,0.346903,-0.126668,0.040300,-0.022475,0.295479,1.068601,0.299060,NORMAL,NO_CRASH,0.0000,SERIOUS,12.971819,77.594830
13:56:57.978,0.665938,-0.026578,0.392198,0.055535,0.032035,0.109066,0.773304,0.126514,NORMAL,NO_CRASH,0.0000,SERIOUS,12.971819,77.594830
13:56:58.029,0.068992,-1.333627,0.785383,-0.034522,0.155571,0.109095,1.549241,0.193121,NORMAL,NO_CRASH,0.0000,SERIOUS,12.971819,77.594830
13:56:58.079,0.368593,-0.158502,1.583608,-0.020340,0.235787,-0.135821,1.633645,0.272867,NORMAL,NO_CRASH,0.0000,SERIOUS,12.971819,77.594830
13:56:58.130,-1.531437,0.073297,0.121490,0.072606,0.004784,0.054490,1.537996,0.090905,NORMAL,NO_CRASH,0.0000,SERIOUS,12.971819,77.594830
13:56:58.180,-0.787011,-1.286569,-1.314076,-0.054241,0.098173,-0.131547,2.000360,0.172872,NORMAL,NO_CRASH,0.0000,SERIOUS,12.971819,77.594830
13:56:58.230,-0.192750,-0.651227,0.738194,0.016827,0.072672,0.005412,1.003084,0.074790,NORMAL,NO_CRASH,0.0000,SERIOUS,12.971819,77.594830
13:56:58.281,-0.028890,-0.154112,-1.320277,-0.017477,0.208685,-0.230470,1.329555,0.311402,NORMAL,NO_CRASH,0.0000,SERIOUS,12.971819,77.594830
13:56:58.332,0.677698,0.184460,-0.335466,-0.050700,0.024199,0.028620,0.778355,0.063049,NORMAL,NO_CRASH,0.0000,SERIOUS,12.971819,77.594830
13:56:58.382,-1.041209,1.017554,0.807229,0.047699,0.161102,-0.058190,1.664677,0.177806,NORMAL,NO_CRASH,0.0000,SERIOUS,12.971819,77.594830
13:56:58.433,-1.627847,-0.783495,-0.683373,0.107265,-0.125793,0.048120,1.931514,0.172177,NORMAL,NO_CRASH,0.0000,SERIOUS,12.971819,77.594830
13:56:58.483,-0.151364,0.085903,1.110949,-0.050117,0.042385,-0.036700,1.124499,0.075200,NORMAL,NO_CRASH,0.0000,SERIOUS,12.971819,77.594830
13:56:58.534,-1.007731,0.788021,-0.636242,0.040846,0.112703,-0.135460,1.428741,0.180886,NORMAL,NO_CRASH,0.0000,SERIOUS,12.971819,77.594830
13:56:58.585,-0.092532,-0.533055,-0.227268,0.026510,-0.071057,0.018276,0.586822,0.078012,NORMAL,NO_CRASH,0.0000,SERIOUS,12.971819,77.594830
13:56:58.636,-0.245438,1.140738,1.479887,0.049515,-0.026712,-0.054916,1.884566,0.078619,NORMAL,NO_CRASH,0.0000,SERIOUS,12.971819,77.594830
13:56:58.687,0.452941,-1.166211,-0.576987,0.050540,-0.061213,0.176092,1.377722,0.193158,NORMAL,NO_CRASH,0.0000,SERIOUS,12.971819,77.594830
13:56:58.737,0.610065,1.327337,-1.297856,0.088985,0.063862,-0.024521,1.954081,0.112241,NORMAL,NO_CRASH,0.0000,SERIOUS,12.971819,77.594830
13:56:58.788,-1.313605,-1.176009,1.857931,0.032977,-0.117259,-0.066233,2.561340,0.138650,NORMAL,NO_CRASH,0.0000,SERIOUS,12.971819,77.594830
13:56:58.838,1.421083,-1.269255,0.145200,0.005873,0.172068,-0.042954,1.910908,0.177446,NORMAL,NO_CRASH,0.0000,SERIOUS,12.971819,77.594830
13:56:58.888,-2.260277,0.264612,0.372527,0.053498,0.062083,-0.010705,2.306003,0.082650,NORMAL,NO_CRASH,0.0000,SERIOUS,12.971819,77.594830
13:56:58.939,-0.593396,-0.305937,0.156064,-0.071886,-0.012815,0.141474,0.685619,0.159207,NORMAL,NO_CRASH,0.0000,SERIOUS,12.971819,77.594830
13:56:58.989,-1.807460,0.060126,0.308941,0.036767,0.202437,-0.026896,1.834659,0.207499,NORMAL,NO_CRASH,0.0000,SERIOUS,12.971819,77.594830
13:56:59.039,-0.522491,-0.123620,0.574636,-0.014196,-0.039947,0.108756,0.786438,0.116727,NORMAL,NO_CRASH,0.0000,SERIOUS,12.971819,77.594830
13:56:59.090,0.249606,-0.246926,-1.009700,0.094325,-0.154062,-0.044817,1.069004,0.186121,NORMAL,NO_CRASH,0.0000,SERIOUS,12.971819,77.594830
13:56:59.140,-0.973004,0.418217,0.322943,-0.037930,-0.107396,0.023371,1.107219,0.116270,NORMAL,NO_CRASH,0.0000,SERIOUS,12.971819,77.594830
13:56:59.190,0.493547,-0.188356,-0.439450,0.032762,0.285040,0.227593,0.687155,0.366223,NORMAL,NO_CRASH,0.0000,SERIOUS,12.971819,77.594830
13:56:59.241,0.315914,-0.170842,0.166800,0.025900,-0.301363,0.140107,0.395994,0.333348,NORMAL,NO_CRASH,0.0000,SERIOUS,12.971819,77.594830
13:56:59.291,0.319364,-0.494101,-1.765497,0.003836,0.082624,-0.024428,1.860943,0.086245,NORMAL,NO_CRASH,0.0000,SERIOUS,12.971819,77.594830
13:56:59.342,0.711175,-0.572546,0.494285,0.027499,-0.016014,-0.000065,1.038218,0.031822,NORMAL,NO_CRASH,0.0000,SERIOUS,12.971819,77.594830
13:56:59.392,0.474336,-0.304781,0.325946,-0.055211,0.103497,-0.192605,0.651250,0.225514,NORMAL,NO_CRASH,0.0000,SERIOUS,12.971819,77.594830
13:56:59.442,-1.212337,0.454445,0.062685,-0.040753,0.038062,-0.147843,1.296229,0.158009,NORMAL,NO_CRASH,0.0000,SERIOUS,12.971819,77.594830
13:56:59.493,-0.029770,-0.386981,0.798406,0.084081,0.019177,-0.127572,0.887746,0.153987,NORMAL,NO_CRASH,0.0000,SERIOUS,12.971819,77.594830
13:56:59.543,-1.074618,-0.179442,0.950549,0.065085,0.135399,-0.014726,1.445873,0.150950,NORMAL,NO_CRASH,0.0000,SERIOUS,12.971819,77.594830
13:56:59.593,0.670363,-0.296837,-0.534050,-0.034099,-0.183045,-0.267281,0.907033,0.325741,NORMAL,NO_CRASH,0.0000,SERIOUS,12.971819,77.594830
13:56:59.644,-0.710747,1.343570,0.007743,0.076016,0.166499,-0.126196,1.520000,0.222320,NORMAL,NO_CRASH,0.0000,SERIOUS,12.971819,77.594830
13:56:59.695,-0.460755,0.727905,1.333521,0.012789,-0.126327,0.066741,1.587583,0.143445,NORMAL,NO_CRASH,0.0000,SERIOUS,12.971819,77.594830
13:56:59.745,0.078827,0.311666,-0.017303,0.026956,-0.187497,-0.135613,0.321945,0.232965,NORMAL,NO_CRASH,0.0000,SERIOUS,12.971819,77.594830
13:56:59.795,-0.049306,-0.465730,-0.600748,0.116796,0.016491,0.065208,0.761731,0.134779,NORMAL,NO_CRASH,0.0000,SERIOUS,12.971819,77.594830
13:56:59.846,1.289400,0.526470,-0.449664,-0.161001,0.197623,-0.010435,1.463530,0.255118,NORMAL,NO_CRASH,0.0000,SERIOUS,12.971819,77.594830
13:56:59.896,-1.116072,-0.589743,-0.499079,-0.019008,0.016802,-0.204297,1.357385,0.205866,NORMAL,NO_CRASH,0.0000,SERIOUS,12.971819,77.594830
13:56:59.947,0.747823,-0.987794,0.470614,0.108632,-0.048958,0.146027,1.325313,0.188472,NORMAL,NO_CRASH,0.0000,SERIOUS,12.971819,77.594830
