Timestamp,AccX,AccY,AccZ,GyroX,GyroY,GyroZ,AccMagnitude,GyroMagnitude,DrivingBehaviour,CrashStatus,CrashConfidence,Severity,Latitude,Longitude
13:54:14.696,-1.582851,-0.219889,-0.005711,0.002048,0.236287,-0.113424,1.598061,0.262109,AGGRESSIVE,NO_CRASH,0.0000,,12.971612,77.594606
13:54:14.746,-0.172981,0.216497,0.822563,0.057765,-0.015954,0.008880,0.867988,0.060582,NORMAL,NO_CRASH,0.0000,,12.971625,77.594607
13:54:14.797,0.138250,-2.031975,-2.459196,0.047809,0.214686,0.025056,3.193068,0.221367,AGGRESSIVE,NO_CRASH,0.0000,,12.971640,77.594631
13:54:14.847,-0.828087,1.259856,0.404953,0.127216,-0.058705,0.062584,1.561074,0.153450,NORMAL,NO_CRASH,0.0000,,12.971663,77.594629
13:54:14.898,0.445634,-1.451740,0.082022,-0.013291,0.142971,0.166457,1.520811,0.219830,AGGRESSIVE,NO_CRASH,0.0000,,12.971682,77.594639
13:54:14.948,-0.437542,1.119133,0.645090,-0.110639,-0.084337,0.033693,1.363834,0.143140,NORMAL,NO_CRASH,0.0000,,12.971673,77.594628
13:54:14.998,1.023935,0.385414,-0.316313,-0.001572,0.043809,0.041158,1.138877,0.060130,AGGRESSIVE,NO_CRASH,0.0000,,12.971672,77.594633
13:54:15.049,0.547704,-0.692146,0.481138,-0.056198,-0.105530,0.043386,1.005256,0.127190,NORMAL,NO_CRASH,0.0000,,12.971674,77.594637
13:54:15.099,-1.883647,-0.342444,3.127506,0.013721,-0.040859,-0.208648,3.666972,0.213053,AGGRESSIVE,NO_CRASH,0.0000,,12.971667,77.594661
13:54:15.150,0.447986,0.111235,0.179889,0.012448,-0.060105,-0.077772,0.495404,0.099076,NORMAL,NO_CRASH,0.0000,,12.971683,77.594671
13:54:15.200,0.284325,0.453599,-1.028656,-0.063722,-0.075020,-0.025381,1.159623,0.101650,AGGRESSIVE,NO_CRASH,0.0000,,12.971680,77.594664
13:54:15.251,-0.730894,0.168803,0.565604,-0.109281,0.146505,-0.093663,0.939473,0.205374,NORMAL,NO_CRASH,0.0000,,12.971681,77.594655
13:54:15.301,-0.460861,-0.022838,1.647736,0.049457,-0.145278,0.379468,1.711125,0.409326,AGGRESSIVE,NO_CRASH,0.0000,,12.971689,77.594664
13:54:15.351,0.909377,-0.207844,0.364145,-0.022305,0.003232,0.076454,1.001382,0.079707,NORMAL,NO_CRASH,0.0000,,12.971711,77.594673
13:54:15.402,1.651850,-1.431579,-1.405453,0.092446,0.148454,0.099066,2.598716,0.200995,AGGRESSIVE,NO_CRASH,0.0000,,12.971727,77.594698
13:54:15.453,-0.485052,0.793099,1.330851,-0.036036,0.249950,0.064812,1.623405,0.260719,NORMAL,NO_CRASH,0.0000,,12.971748,77.594685
13:54:15.503,-0.615017,-0.950688,2.373084,0.121916,0.033550,-0.113480,2.629369,0.169902,AGGRESSIVE,NO_CRASH,0.0000,,12.971769,77.594703
13:54:15.553,0.183414,0.213321,0.356438,0.043956,-0.053120,-0.004464,0.454086,0.069093,NORMAL,NO_CRASH,0.0000,,12.971786,77.594707
13:54:15.604,1.604388,0.896019,-0.234376,-0.022650,-0.071861,-0.060984,1.852523,0.096934,AGGRESSIVE,NO_CRASH,0.0000,,12.971808,77.594717
13:54:15.655,1.423894,1.334871,1.467475,-0.090757,0.041731,0.047767,2.441892,0.110725,NORMAL,NO_CRASH,0.0000,,12.971817,77.594719
13:54:15.705,-1.122302,-1.025558,-0.426200,-0.009989,-0.005871,-0.079975,1.578917,0.080810,AGGRESSIVE,NO_CRASH,0.0000,,12.971809,77.594710
13:54:15.755,0.913985,-1.210730,-0.350883,0.011650,-0.007160,0.076830,1.557033,0.078038,NORMAL,NO_CRASH,0.0000,,12.971802,77.594731
13:54:15.805,-0.975515,-0.278176,-0.723674,-0.026155,-0.123069,-0.161458,1.246080,0.204691,AGGRESSIVE,NO_CRASH,0.0000,,12.971801,77.594737
13:54:15.855,-1.298451,2.015733,1.091965,0.078966,0.074295,-0.009052,2.634681,0.108800,NORMAL,NO_CRASH,0.0000,,12.971806,77.594744
13:54:15.906,1.253135,-2.336626,1.497456,0.141835,0.018771,-0.000860,3.045085,0.143074,AGGRESSIVE,NO_CRASH,0.0000,,12.971810,77.594767
13:54:15.957,-0.746501,0.302179,-0.038201,0.026941,-0.135535,-0.086494,0.806248,0.163024,NORMAL,NO_CRASH,0.0000,,12.971805,77.594770
13:54:16.007,-0.899385,1.528635,0.560391,0.066020,-0.091906,-0.077208,1.860016,0.136991,AGGRESSIVE,NO_CRASH,0.0000,,12.971800,77.594762
13:54:16.058,0.832700,0.242413,-0.282610,0.057316,0.009404,0.058045,0.912152,0.082115,NORMAL,NO_CRASH,0.0000,,12.971794,77.594772
13:54:16.108,-0.622701,-0.085200,0.509229,0.048517,-0.206170,0.104238,0.808907,0.236063,AGGRESSIVE,NO_CRASH,0.0000,,12.971814,77.594762
13:54:16.159,0.184813,0.069017,-0.837854,0.016019,0.196463,0.066552,0.860767,0.208047,NORMAL,NO_CRASH,0.0000,,12.971822,77.594777
13:54:16.209,-0.372252,-0.401980,-0.083611,-0.054237,0.055023,0.021331,0.554211,0.080151,AGGRESSIVE,NO_CRASH,0.0000,,12.971847,77.594793
13:54:16.259,0.227497,0.332790,0.044806,-0.108873,0.096170,0.064871,0.405600,0.159092,NORMAL,NO_CRASH,0.0000,,12.971861,77.594814
13:54:16.310,0.278710,-1.260666,-0.413412,-0.092535,-0.009586,-0.069684,1.355680,0.116235,AGGRESSIVE,NO_CRASH,0.0000,,12.971880,77.594838
13:54:16.360,-0.780556,-0.134537,2.443718,0.084822,-0.012133,-0.003233,2.568876,0.085746,NORMAL,NO_CRASH,0.0000,,12.971874,77.594853
13:54:16.411,1.714724,-2.026425,-1.402871,0.003047,-0.003900,-0.194558,3.002453,0.194621,AGGRESSIVE,NO_CRASH,0.0000,,12.971868,77.594858
13:54:16.461,-0.391424,1.196442,1.458506,0.111022,-0.252008,-0.002802,1.926636,0.275394,NORMAL,NO_CRASH,0.0000,,12.971856,77.594877
13:54:16.512,-0.462477,-0.613987,2.321994,-0.090024,-0.068935,0.012314,2.445919,0.114052,AGGRESSIVE,NO_CRASH,0.0000,,12.971865,77.594883
13:54:16.562,1.357704,0.566146,1.437545,-0.020673,-0.034605,0.013269,2.056797,0.042437,NORMAL,NO_CRASH,0.0000,,12.971859,77.594899
13:54:16.613,0.755678,0.819924,-0.121337,-0.030384,0.121939,0.080959,1.121627,0.149488,AGGRESSIVE,NO_CRASH,0.0000,,12.971880,77.594921
13:54:16.663,0.209187,0.442799,1.274215,0.041385,0.220403,0.161880,1.365084,0.276578,NORMAL,NO_CRASH,0.0000,,12.971894,77.594927
13:54:16.713,-0.216840,-0.996396,-0.757722,0.048036,0.020455,-0.170142,1.270420,0.177972,AGGRESSIVE,NO_CRASH,0.0000,,12.971909,77.594946
13:54:16.764,0.169929,0.837379,-0.493549,-0.013131,-0.088874,0.101220,0.986747,0.135338,NORMAL,NO_CRASH,0.0000,,12.971912,77.594967
13:54:16.814,1.827202,-0.840284,0.995462,-0.082824,0.024263,0.054436,2.244034,0.102038,AGGRESSIVE,NO_CRASH,0.0000,,12.971936,77.594980
13:54:16.865,-0.555543,-0.036194,-1.714722,0.010143,0.024102,0.046494,1.802834,0.053343,NORMAL,NO_CRASH,0.0000,,12.971930,77.595002
13:54:16.916,-1.918661,1.673468,-0.316762,-0.088730,0.008211,0.152267,2.565559,0.176425,AGGRESSIVE,NO_CRASH,0.0000,,12.971955,77.595012
13:54:16.966,-1.459835,-0.396848,-1.793880,0.059580,-0.220692,-0.045583,2.346617,0.233094,NORMAL,NO_CRASH,0.0000,,12.971966,77.595033
13:54:17.017,0.233191,1.653793,-0.710939,0.016590,0.065614,0.182394,1.815170,0.194546,AGGRESSIVE,NO_CRASH,0.0000,,12.971967,77.595038
13:54:17.067,-0.548776,-0.206785,-1.067754,0.134822,-0.007467,0.023960,1.218201,0.137138,NORMAL,NO_CRASH,0.0000,,12.971963,77.595046
13:54:17.117,0.720381,-1.603978,1.628615,0.024002,-0.086785,0.037879,2.396681,0.097686,AGGRESSIVE,NO_CRASH,0.0000,,12.971961,77.595046
13:54:17.168,0.091158,-0.544268,1.034633,-0.067597,-0.095798,0.163091,1.172605,0.200861,NORMAL,NO_CRASH,0.0000,,12.971970,77.595063
13:54:17.219,0.556688,1.531748,1.411526,-0.083543,0.043627,0.050265,2.156052,0.106814,AGGRESSIVE,NO_CRASH,0.0000,,12.971994,77.595055
13:54:17.269,-1.339985,-1.008448,-0.648406,0.077159,0.006516,-0.044486,1.798043,0.089302,NORMAL,NO_CRASH,0.0000,,12.972013,77.595071
13:54:17.319,0.001455,-0.015091,-0.760424,0.078138,-0.032978,0.265571,0.760575,0.278785,AGGRESSIVE,NO_CRASH,0.0000,,12.972007,77.595082
13:54:17.370,0.102952,-1.269167,0.385013,-0.023397,0.026368,0.094395,1.330271,0.100763,NORMAL,NO_CRASH,0.0000,,12.972026,77.595105
13:54:17.420,-0.485566,1.304874,-1.155657,-0.074712,-0.036620,0.060041,1.809424,0.102606,AGGRESSIVE,NO_CRASH,0.0000,,12.972037,77.595116
13:54:17.470,-0.539358,0.431682,-1.809346,-0.009492,0.021873,0.145974,1.936747,0.147908,NORMAL,NO_CRASH,0.0000,,12.972028,77.595122
13:54:17.521,-1.019321,-0.154943,-0.064344,0.060912,-0.329196,0.002287,1.033036,0.334792,AGGRESSIVE,NO_CRASH,0.0000,,12.972036,77.595138
13:54:17.571,-0.947537,-0.155734,-0.426218,0.040762,-0.191982,-0.161029,1.050591,0.253868,NORMAL,NO_CRASH,0.0000,,12.972046,77.595135
13:54:17.621,-0.567473,-0.900618,-0.900603,-0.030812,0.150963,-0.005546,1.394355,0.154175,AGGRESSIVE,NO_CRASH,0.0000,,12.972067,77.595127
13:54:17.672,1.661723,0.070778,-0.694070,0.013598,-0.012111,-0.025579,1.802240,0.031398,NORMAL,NO_CRASH,0.0000,,12.972076,77.595121
13:54:17.722,0.867751,-1.205119,0.336311,-0.050101,-0.004593,0.258395,1.522632,0.263248,AGGRESSIVE,NO_CRASH,0.0000,,12.972091,77.595120
13:54:17.773,0.025720,1.049681,0.818833,-0.026324,0.026311,0.084429,1.331532,0.092269,NORMAL,NO_CRASH,0.0000,,12.972095,77.595118
13:54:17.823,1.876528,-1.986785,-1.894085,-0.055668,-0.112828,0.078208,3.325091,0.148141,AGGRESSIVE,NO_CRASH,0.0000,,12.972089,77.595124
13:54:17.874,-0.526737,-0.294879,-0.079397,0.081634,0.128634,-0.013626,0.608859,0.152960,NORMAL,NO_CRASH,0.0000,,12.972089,77.595136
13:54:17.924,2.715797,-0.209762,-0.299993,-0.064342,0.130077,0.119375,2.740355,0.187910,AGGRESSIVE,NO_CRASH,0.0000,,12.972108,77.595157
13:54:17.975,0.251144,-0.000462,1.006842,-0.033933,-0.094930,0.099489,1.037692,0.141638,NORMAL,NO_CRASH,0.0000,,12.972105,77.595148
13:54:18.025,1.260838,0.975003,1.038764,0.063592,-0.028716,-0.192099,1.902465,0.204378,AGGRESSIVE,NO_CRASH,0.0000,,12.972116,77.595137
13:54:18.076,-0.127707,0.159766,0.718493,-0.080788,-0.053567,-0.014531,0.747039,0.098017,NORMAL,NO_CRASH,0.0000,,12.972109,77.595140
13:54:18.126,1.066973,0.274127,2.699913,-0.125080,0.246743,-0.052031,2.916009,0.281486,AGGRESSIVE,NO_CRASH,0.0000,,12.972125,77.595162
13:54:18.177,1.847367,-0.646465,0.376778,-0.138017,0.027098,0.045581,1.993149,0.147853,NORMAL,NO_CRASH,0.0000,,12.972126,77.595181
13:54:18.227,-0.209708,-0.596569,0.095449,0.081231,0.123092,0.036975,0.639517,0.152044,AGGRESSIVE,NO_CRASH,0.0000,,12.972141,77.595201
13:54:18.278,0.251357,0.112470,-0.510779,-0.106680,0.055742,0.064012,0.580280,0.136329,NORMAL,NO_CRASH,0.0000,,12.972162,77.595209
13:54:18.328,1.575775,-0.374438,-0.433080,0.063936,0.105643,-0.063026,1.676553,0.138638,AGGRESSIVE,NO_CRASH,0.0000,,12.972183,77.595201
13:54:18.379,-0.269318,-0.476383,3.331696,0.030127,-0.119275,-0.061461,3.376340,0.137519,NORMAL,NO_CRASH,0.0000,,12.972174,77.595189
13:54:18.429,-0.234559,-0.289163,-1.086802,-0.020037,-0.117860,0.218140,1.148813,0.248752,AGGRESSIVE,NO_CRASH,0.0000,,12.972182,77.595208
13:54:18.480,-0.343829,-1.205458,0.223537,0.156774,-0.034025,0.053159,1.273309,0.169002,NORMAL,NO_CRASH,0.0000,,12.972174,77.595227
13:54:18.530,0.698186,-0.783747,-0.187166,-0.045316,-0.223352,-0.081456,1.066186,0.242022,AGGRESSIVE,NO_CRASH,0.0000,,12.972193,77.595243
13:54:18.581,-0.792810,1.959442,-0.461028,-0.076046,-0.021388,0.100765,2.163448,0.128039,NORMAL,NO_CRASH,0.0000,,12.972198,77.595246
13:54:18.631,-0.895718,0.999311,-0.213817,-0.044230,-0.003348,-0.058107,1.358915,0.073102,AGGRESSIVE,NO_CRASH,0.0000,,12.972217,77.595269
13:54:18.682,-1.022621,-0.291363,0.687803,0.025432,0.081760,-0.053279,1.266381,0.100848,NORMAL,NO_CRASH,0.0000,,12.972237,77.595286
13:54:18.732,0.377174,-0.116657,-0.901939,-0.069247,-0.016994,-0.260441,0.984562,0.270025,AGGRESSIVE,NO_CRASH,0.0000,,12.972230,77.595281
13:54:18.783,-0.552852,-1.019498,-0.379796,0.045654,0.198569,0.001364,1.220355,0.203754,NORMAL,NO_CRASH,0.0000,,12.972248,77.595291
13:54:18.833,-0.302639,-2.390228,-1.033215,0.030513,-0.039985,0.154482,2.621510,0.162464,AGGRESSIVE,NO_CRASH,0.0000,,12.972246,77.595295
13:54:18.884,-0.301650,0.693157,-0.532498,-0.013980,0.125617,0.005357,0.924670,0.126506,NORMAL,NO_CRASH,0.0000,,12.972242,77.595317
13:54:18.935,1.425287,-1.579509,1.117418,0.022392,0.208285,-0.016696,2.403105,0.210150,AGGRESSIVE,NO_CRASH,0.0000,,12.972232,77.595322
13:54:18.985,0.281474,-0.773535,1.606532,0.026149,-0.123900,-0.046373,1.805139,0.134854,NORMAL,NO_CRASH,0.0000,,12.972237,77.595344
13:54:19.036,1.751771,-0.942118,-0.736666,0.049510,-0.015500,0.152625,2.121076,0.161201,AGGRESSIVE,NO_CRASH,0.0000,,12.972229,77.595354
13:54:19.086,-0.091074,-0.889873,-0.287005,-0.063575,0.138703,0.252085,0.939437,0.294665,NORMAL,NO_CRASH,0.0000,,12.972236,77.595365
13:54:19.136,0.600649,-1.058941,-1.900883,-0.017712,0.123794,0.053943,2.257320,0.136192,AGGRESSIVE,NO_CRASH,0.0000,,12.972248,77.595378
13:54:19.186,-0.107480,-1.877797,-0.244151,0.038268,0.130034,0.029026,1.896650,0.138621,NORMAL,NO_CRASH,0.0000,,12.972237,77.595397
13:54:19.237,-2.575347,-0.164335,-1.509862,0.062305,0.058135,0.059951,2.989833,0.104190,AGGRESSIVE,NO_CRASH,0.0000,,12.972246,77.595402
13:54:19.287,0.412951,-1.021302,-0.345451,-0.038439,-0.215538,0.216320,1.154523,0.307780,NORMAL,NO_CRASH,0.0000,,12.972267,77.595420
13:54:19.338,-0.721153,0.057099,-1.254627,-0.027255,0.140142,0.196902,1.448244,0.243214,AGGRESSIVE,NO_CRASH,0.0000,,12.972259,77.595432
13:54:19.388,-0.400698,0.892676,0.288877,-0.048346,0.123917,-0.027570,1.020235,0.135842,NORMAL,NO_CRASH,0.0000,,12.972280,77.595429
13:54:19.439,0.215323,-2.272129,0.546364,0.076028,-0.081968,0.131366,2.346795,0.172500,AGGRESSIVE,NO_CRASH,0.0000,,12.972302,77.595428
13:54:19.489,-1.924341,-0.940680,-0.129957,-0.006493,0.010632,0.026160,2.145893,0.028974,NORMAL,NO_CRASH,0.0000,,12.972308,77.595450
13:54:19.540,-0.024484,-1.040731,-0.632314,0.081673,0.069492,0.121497,1.218008,0.162053,AGGRESSIVE,NO_CRASH,0.0000,,12.972308,77.595470
13:54:19.590,0.243928,0.295430,-0.465013,-0.007999,0.015459,-0.020918,0.602509,0.027213,NORMAL,NO_CRASH,0.0000,,12.972321,77.595467
13:54:19.640,-2.134180,-3.110363,-0.057306,-0.161999,-0.087556,0.054859,3.772581,0.192144,AGGRESSIVE,NO_CRASH,0.0000,,12.972318,77.595470
13:54:19.691,1.508647,0.577442,0.596286,0.066943,0.040691,0.096535,1.721921,0.124322,NORMAL,NO_CRASH,0.0000,,12.972313,77.595490
13:54:19.741,0.940661,-1.296736,0.567355,-0.021402,0.136105,-0.121976,1.699487,0.184013,AGGRESSIVE,NO_CRASH,0.0000,,12.972314,77.595504
13:54:19.791,-0.338563,-0.853099,-0.872644,-0.035156,0.100291,0.023882,1.266455,0.108925,NORMAL,NO_CRASH,0.0000,,12.972328,77.595507
13:54:19.842,-0.470173,0.477516,-1.081768,-0.097202,-0.194999,0.105257,1.272520,0.241975,AGGRESSIVE,NO_CRASH,0.0000,,12.972319,77.595513
13:54:19.892,0.886781,0.682719,0.379746,-0.085083,-0.078260,-0.269089,1.181817,0.292869,NORMAL,NO_CRASH,0.0000,,12.972310,77.595501
13:54:19.943,0.461511,-0.558510,1.367874,0.002536,0.202559,-0.156528,1.547903,0.256003,AGGRESSIVE,NO_CRASH,0.0000,,12.972312,77.595515
13:54:19.993,-0.299829,0.222322,0.275931,-0.111057,-0.053085,0.054440,0.464180,0.134593,NORMAL,NO_CRASH,0.0000,,12.972311,77.595515
13:54:20.044,1.194205,-0.390600,-1.706470,0.022409,0.028146,0.149519,2.119135,0.153787,AGGRESSIVE,NO_CRASH,0.0000,,12.972330,77.595507
13:54:20.094,0.582834,-0.506843,-0.422355,0.056399,0.051790,-0.103922,0.880323,0.129085,NORMAL,NO_CRASH,0.0000,,12.972342,77.595504
13:54:20.145,-0.481586,1.238577,-0.895204,-0.013738,-0.111346,-0.147907,1.602307,0.185642,AGGRESSIVE,NO_CRASH,0.0000,,12.972366,77.595500
13:54:20.195,-0.431877,0.603207,-1.534544,-0.012659,-0.100197,-0.054889,1.704465,0.114945,NORMAL,NO_CRASH,0.0000,,12.972357,77.595509
13:54:20.246,1.162684,-1.021103,1.399582,-0.114464,-0.043424,-0.002425,2.086460,0.122448,AGGRESSIVE,NO_CRASH,0.0000,,12.972379,77.595515
13:54:20.296,-0.037884,-0.342198,1.468440,-0.075798,-0.029797,-0.151747,1.508260,0.172221,NORMAL,NO_CRASH,0.0000,,12.972396,77.595538
13:54:20.347,1.962886,1.187721,2.609926,-0.059755,0.123199,-0.088078,3.474956,0.162808,AGGRESSIVE,NO_CRASH,0.0000,,12.972390,77.595549
13:54:20.397,0.247407,0.291526,0.894214,-0.086770,0.003177,0.030497,0.972531,0.092028,NORMAL,NO_CRASH,0.0000,,12.972390,77.595548
13:54:20.447,-0.546857,-1.747699,-2.165805,0.027463,0.097742,-0.114111,2.836233,0.152738,AGGRESSIVE,NO_CRASH,0.0000,,12.972380,77.595567
13:54:20.498,1.587246,1.722545,1.261337,0.028149,-0.104538,0.260767,2.660354,0.282347,NORMAL,NO_CRASH,0.0000,,12.972391,77.595580
13:54:20.548,1.819671,2.154051,-0.429542,0.143015,-0.087512,-0.030615,2.852305,0.170437,AGGRESSIVE,NO_CRASH,0.0000,,12.972395,77.595596
13:54:20.598,0.928791,1.062052,0.943900,0.076458,-0.051812,0.128782,1.697514,0.158477,NORMAL,NO_CRASH,0.0000,,12.972415,77.595586
13:54:20.649,-0.341925,-0.638160,-0.587636,-0.092694,0.089346,-0.129047,0.932458,0.182286,AGGRESSIVE,NO_CRASH,0.0000,,12.972430,77.595595
13:54:20.699,0.583749,-0.558658,1.315667,0.008422,-0.131453,-0.112316,1.543970,0.173106,NORMAL,NO_CRASH,0.0000,,12.972436,77.595582
13:54:20.750,-3.224547,-0.032635,0.110929,-0.041993,-0.211531,0.114992,3.226620,0.244401,AGGRESSIVE,NO_CRASH,0.0000,,12.972430,77.595591
13:54:20.800,0.461303,0.110742,-1.239889,0.037866,0.065629,-0.114631,1.327550,0.137410,NORMAL,NO_CRASH,0.0000,,12.972425,77.595587
13:54:20.851,0.835901,-1.194821,-1.043535,0.028585,-0.082923,-0.126783,1.793124,0.154166,AGGRESSIVE,NO_CRASH,0.0000,,12.972439,77.595580
13:54:20.901,-0.251294,0.894240,1.741168,0.060688,0.109862,-0.083436,1.973444,0.150712,NORMAL,NO_CRASH,0.0000,,12.972439,77.595579
13:54:20.952,2.658474,-1.106627,0.435981,-0.010617,0.103771,0.322965,2.912419,0.339393,AGGRESSIVE,NO_CRASH,0.0000,,12.972438,77.595603
13:54:21.002,0.285885,-0.545018,-2.286999,0.058246,0.182425,0.083018,2.368362,0.208719,NORMAL,NO_CRASH,0.0000,,12.972442,77.595624
13:54:21.053,-1.727290,-1.730700,0.866550,-0.143013,-0.039898,-0.103596,2.594179,0.181043,AGGRESSIVE,NO_CRASH,0.0000,,12.972436,77.595629
13:54:21.103,2.014368,-1.804030,-0.545365,0.009506,0.089264,-0.197978,2.758555,0.217379,NORMAL,NO_CRASH,0.0000,,12.972425,77.595635
13:54:21.153,3.021120,1.916219,-0.899806,0.099136,-0.165818,0.072912,3.688999,0.206493,AGGRESSIVE,NO_CRASH,0.0000,,12.972437,77.595654
13:54:21.204,0.524775,-0.671352,-0.472269,-0.105358,-0.131225,-0.106467,0.974238,0.199137,NORMAL,NO_CRASH,0.0000,,12.972427,77.595642
13:54:21.254,2.640562,0.952126,0.252797,0.055124,0.070828,0.116323,2.818336,0.146922,AGGRESSIVE,NO_CRASH,0.0000,,12.972447,77.595658
13:54:21.304,-0.204227,-0.250848,0.471170,-0.039295,0.138037,-0.059147,0.571520,0.155231,NORMAL,NO_CRASH,0.0000,,12.972437,77.595650
13:54:21.355,0.181044,-0.007386,0.215644,0.052140,-0.100411,0.146705,0.281662,0.185266,AGGRESSIVE,NO_CRASH,0.0000,,12.972440,77.595668
13:54:21.405,1.034222,0.326243,1.587876,-0.001714,-0.006368,0.155028,1.922862,0.155168,NORMAL,NO_CRASH,0.0000,,12.972434,77.595675
13:54:21.455,-0.306800,-1.391850,-0.231832,-0.093243,0.054861,-0.001920,1.443994,0.108202,AGGRESSIVE,NO_CRASH,0.0000,,12.972457,77.595693
13:54:21.505,0.171567,0.288251,0.420932,-0.027912,0.000929,-0.045152,0.538245,0.053091,NORMAL,NO_CRASH,0.0000,,12.972458,77.595716
13:54:21.556,-0.062380,-0.585540,1.542705,-0.025746,-0.079906,-0.085971,1.651268,0.120162,AGGRESSIVE,NO_CRASH,0.0000,,12.972461,77.595713
13:54:21.606,-2.061294,-0.606069,-0.281332,0.025816,-0.020099,0.053100,2.166887,0.062370,NORMAL,NO_CRASH,0.0000,,12.972469,77.595720
13:54:21.656,0.451247,1.079804,1.422994,-0.075252,0.103843,0.191343,1.842421,0.230344,AGGRESSIVE,NO_CRASH,0.0000,,12.972472,77.595739
13:54:21.707,0.413334,1.728790,0.326575,0.007407,-0.141596,0.121819,1.807266,0.186934,NORMAL,NO_CRASH,0.0000,,12.972470,77.595739
13:54:21.757,0.111918,-1.756220,0.187304,0.126386,-0.049155,0.091584,1.769722,0.163638,AGGRESSIVE,NO_CRASH,0.0000,,12.972474,77.595759
13:54:21.807,0.826765,0.487853,0.950822,-0.014317,0.004598,0.059273,1.351149,0.061150,NORMAL,NO_CRASH,0.0000,,12.972483,77.595778
13:54:21.858,-0.644256,2.840897,-0.814917,0.097235,0.106162,0.143356,3.024872,0.203165,AGGRESSIVE,NO_CRASH,0.0000,,12.972494,77.595767
13:54:21.908,-0.076105,0.125936,-0.282717,-0.093061,-0.012506,0.010099,0.318718,0.094439,NORMAL,NO_CRASH,0.0000,,12.972500,77.595789
13:54:21.959,0.431702,0.008409,-1.191116,0.048496,0.005729,-0.176821,1.266963,0.183440,AGGRESSIVE,NO_CRASH,0.0000,,12.972504,77.595797
13:54:22.009,-0.078274,-0.473076,-0.431105,0.011160,0.000947,0.049389,0.644809,0.050643,NORMAL,NO_CRASH,0.0000,,12.972501,77.595786
13:54:22.059,-0.465953,-1.296317,1.521932,-0.111748,0.001898,0.239505,2.052761,0.264299,AGGRESSIVE,NO_CRASH,0.0000,,12.972507,77.595810
13:54:22.110,0.302374,0.511638,1.279907,0.014745,0.094083,0.087950,1.411158,0.129631,NORMAL,NO_CRASH,0.0000,,12.972504,77.595810
13:54:22.160,-2.039483,0.422295,-0.186351,0.054365,-0.023372,0.025663,2.091065,0.064501,AGGRESSIVE,NO_CRASH,0.0000,,12.972498,77.595826
13:54:22.210,0.520602,-0.554898,-0.149587,-0.031047,0.227687,0.105053,0.775444,0.252669,NORMAL,NO_CRASH,0.0000,,12.972502,77.595813
13:54:22.261,0.462052,1.832547,0.040151,-0.023085,0.007617,0.094698,1.890326,0.097768,AGGRESSIVE,NO_CRASH,0.0000,,12.972511,77.595803
13:54:22.312,0.924151,-0.156037,0.303434,0.064873,0.174383,-0.015041,0.985127,0.186666,NORMAL,NO_CRASH,0.0000,,12.972503,77.595793
13:54:22.362,0.566841,-0.409450,0.840283,0.064840,-0.076687,-0.132727,1.093175,0.166438,AGGRESSIVE,NO_CRASH,0.0000,,12.972516,77.595811
13:54:22.412,0.153301,-0.868687,-0.685306,0.018397,0.032668,-0.089115,1.117033,0.096680,NORMAL,NO_CRASH,0.0000,,12.972521,77.595813
13:54:22.463,2.125552,-0.548700,-0.017713,0.055362,-0.109045,-0.036941,2.195304,0.127752,AGGRESSIVE,NO_CRASH,0.0000,,12.972531,77.595811
13:54:22.513,-0.315874,-0.573485,0.177466,0.056018,0.291832,0.032027,0.678347,0.298881,NORMAL,NO_CRASH,0.0000,,12.972538,77.595817
13:54:22.563,0.774782,-1.152092,-0.644482,0.076239,0.211376,-0.013022,1.530673,0.225082,AGGRESSIVE,NO_CRASH,0.0000,,12.972551,77.595818
13:54:22.613,0.003653,-0.082318,-0.554901,0.024085,-0.087267,0.096732,0.560985,0.132487,NORMAL,NO_CRASH,0.0000,,12.972574,77.595824
13:54:22.664,1.837947,-0.330041,0.617971,-0.122417,0.104479,-0.060149,1.966943,0.171813,AGGRESSIVE,NO_CRASH,0.0000,,12.972591,77.595828
13:54:22.714,0.476905,0.890487,0.021230,0.058449,0.186369,0.037470,1.010374,0.198881,NORMAL,NO_CRASH,0.0000,,12.972583,77.595816
13:54:22.765,2.170665,0.348081,1.174793,-0.036407,0.140584,0.150203,2.492606,0.208927,AGGRESSIVE,NO_CRASH,0.0000,,12.972574,77.595822
13:54:22.815,0.211752,-0.882768,-0.983053,-0.009670,-0.057363,-0.031473,1.338100,0.066140,NORMAL,NO_CRASH,0.0000,,12.972575,77.595811
13:54:22.866,-0.055872,-0.191706,0.632002,-0.080868,0.246313,0.102316,0.662796,0.278708,AGGRESSIVE,NO_CRASH,0.0000,,12.972564,77.595827
13:54:22.916,0.535743,-0.501196,-0.339289,-0.105303,0.096997,-0.114391,0.808292,0.183255,NORMAL,NO_CRASH,0.0000,,12.972566,77.595851
13:54:22.966,0.043124,0.388559,-0.620859,-0.034814,0.008211,-0.063937,0.733691,0.073263,AGGRESSIVE,NO_CRASH,0.0000,,12.972586,77.595847
13:54:23.017,0.464098,-0.838389,0.653209,0.020632,-0.068112,-0.068631,1.159726,0.098869,NORMAL,NO_CRASH,0.0000,,12.972601,77.595870
13:54:23.067,0.856660,-1.795835,1.166041,0.092317,-0.228941,-0.003974,2.306196,0.246885,AGGRESSIVE,NO_CRASH,0.0000,,12.972593,77.595868
13:54:23.118,-0.000481,-1.045150,1.677827,0.011537,-0.071455,-0.032042,1.976725,0.079155,NORMAL,NO_CRASH,0.0000,,12.972602,77.595890
13:54:23.168,0.943795,-1.882318,-1.146574,-0.021748,0.095556,-0.032836,2.397603,0.103354,AGGRESSIVE,NO_CRASH,0.0000,,12.972610,77.595884
13:54:23.219,-0.077844,-0.578533,0.417353,-0.018963,-0.166908,0.093361,0.717596,0.192183,NORMAL,NO_CRASH,0.0000,,12.972617,77.595871
13:54:23.269,-1.296005,-1.347436,-0.608357,0.042180,0.017581,-0.012920,1.966039,0.047488,AGGRESSIVE,NO_CRASH,0.0000,,12.972639,77.595897
13:54:23.320,0.608446,-0.542176,0.758028,0.029120,-0.016569,-0.146078,1.112999,0.149871,NORMAL,NO_CRASH,0.0000,,12.972641,77.595886
13:54:23.370,0.530750,-0.525697,0.983254,-0.042561,-0.014464,0.028314,1.234845,0.053125,AGGRESSIVE,NO_CRASH,0.0000,,12.972660,77.595885
13:54:23.421,0.496730,-0.230994,1.086600,0.039043,0.044537,-0.047282,1.216880,0.075785,NORMAL,NO_CRASH,0.0000,,12.972681,77.595896
13:54:23.471,-0.125671,-1.187304,-0.333758,0.079645,0.101272,-0.077147,1.239709,0.150170,AGGRESSIVE,NO_CRASH,0.0000,,12.972700,77.595912
13:54:23.521,0.042819,0.975410,-0.466229,0.003198,-0.087571,-0.026915,1.081956,0.091670,NORMAL,NO_CRASH,0.0000,,12.972713,77.595904
13:54:23.572,2.482944,0.298944,-1.307645,-0.052437,-0.033868,-0.015934,2.822112,0.064425,AGGRESSIVE,NO_CRASH,0.0000,,12.972735,77.595898
13:54:23.622,-0.140916,1.132637,-1.283382,-0.033295,-0.003874,0.081686,1.717496,0.088296,NORMAL,NO_CRASH,0.0000,,12.972726,77.595889
13:54:23.672,-0.191460,-3.449398,-0.111175,0.102048,0.081995,-0.076503,3.456496,0.151623,AGGRESSIVE,NO_CRASH,0.0000,,12.972748,77.595895
13:54:23.723,-0.039377,-0.731152,-0.762898,-0.025389,-0.008398,-0.064696,1.057425,0.070006,NORMAL,NO_CRASH,0.0000,,12.972748,77.595900
13:54:23.773,0.663393,-2.465369,-2.124389,0.026719,-0.054510,-0.115857,3.321319,0.130798,AGGRESSIVE,NO_CRASH,0.0000,,12.972750,77.595915
13:54:23.825,1.324137,-1.017185,-0.221145,0.015719,-0.147844,-0.195382,1.684312,0.245518,NORMAL,NO_CRASH,0.0000,,12.972763,77.595904
13:54:23.876,-0.059415,-1.300458,-0.047016,0.006999,-0.193527,-0.034430,1.302664,0.196690,AGGRESSIVE,NO_CRASH,0.0000,,12.972783,77.595916
13:54:23.926,-0.083424,-0.002896,0.501946,-0.182174,0.029916,-0.004191,0.508840,0.184662,NORMAL,NO_CRASH,0.0000,,12.972773,77.595936
13:54:23.976,1.463280,-0.115333,-0.356661,0.053678,0.188411,0.128021,1.510528,0.234029,AGGRESSIVE,NO_CRASH,0.0000,,12.972785,77.595932
13:54:24.026,0.052231,-0.707370,-0.969202,0.010760,-0.159907,-0.069352,1.201021,0.174630,NORMAL,NO_CRASH,0.0000,,12.972788,77.595926
13:54:24.077,-0.067807,-1.414987,-0.449679,0.077740,-0.006275,-0.144879,1.486269,0.164538,AGGRESSIVE,NO_CRASH,0.0000,,12.972799,77.595941
13:54:24.127,-0.588125,-1.897647,-0.442437,-0.065873,0.095146,0.012521,2.035364,0.116400,NORMAL,NO_CRASH,0.0000,,12.972792,77.595947
13:54:24.178,-1.224052,-2.469078,2.281040,0.020378,0.065707,0.066368,3.577401,0.095589,AGGRESSIVE,NO_CRASH,0.0000,,12.972797,77.595939
13:54:24.228,1.240783,0.919608,-1.386775,-0.075881,-0.119882,0.085161,2.075660,0.165476,NORMAL,NO_CRASH,0.0000,,12.972802,77.595941
13:54:24.278,0.479023,1.442337,0.782787,0.045847,-0.088248,-0.060799,1.709548,0.116560,AGGRESSIVE,NO_CRASH,0.0000,,12.972808,77.595966
13:54:24.329,0.623666,0.059630,-1.727243,-0.083193,-0.011895,-0.031605,1.837358,0.089786,NORMAL,NO_CRASH,0.0000,,12.972828,77.595976
13:54:24.379,-0.276018,1.023972,-0.498103,0.013069,0.085852,0.160695,1.171670,0.182658,AGGRESSIVE,NO_CRASH,0.0000,,12.972822,77.596002
13:54:24.429,0.051077,-0.514934,-1.581834,0.160363,0.136416,-0.022179,1.664321,0.211702,NORMAL,NO_CRASH,0.0000,,12.972823,77.595996
13:54:24.480,-0.517456,-2.189030,-1.379669,-0.013738,0.050281,0.143695,2.638769,0.152856,AGGRESSIVE,NO_CRASH,0.0000,,12.972815,77.596004
13:54:24.530,-0.820820,-0.995454,0.614335,-0.050457,-0.006622,-0.003633,1.429014,0.051019,NORMAL,NO_CRASH,0.0000,,12.972832,77.596003
13:54:24.581,-0.846587,0.209984,0.143516,-0.042965,-0.203119,-0.008008,0.883968,0.207768,AGGRESSIVE,NO_CRASH,0.0000,,12.972842,77.596021
13:54:24.631,0.848831,-1.359873,0.120961,0.006898,-0.107387,-0.047478,1.607607,0.117617,NORMAL,NO_CRASH,0.0000,,12.972841,77.596025
13:54:24.682,-0.662841,-1.619901,-0.657620,-0.089296,0.005262,-0.351482,1.869733,0.362686,AGGRESSIVE,NO_CRASH,0.0000,,12.972849,77.596033
13:54:24.732,-1.764306,-0.788137,-0.450844,-0.069832,0.166078,-0.005812,1.984237,0.180256,NORMAL,NO_CRASH,0.0000,,12.972872,77.596040
13:54:24.783,1.626924,0.150552,-0.642549,-0.033187,-0.054663,0.085170,1.755682,0.106505,AGGRESSIVE,NO_CRASH,0.0000,,12.972885,77.596057
13:54:24.834,-0.742181,0.108902,0.902319,-0.086819,-0.012121,0.088876,1.173402,0.124833,NORMAL,NO_CRASH,0.0000,,12.972898,77.596080
13:54:24.884,0.813339,-1.473407,-1.661090,0.007470,-0.047091,-0.239675,2.364671,0.244371,AGGRESSIVE,NO_CRASH,0.0000,,12.972912,77.596084
13:54:24.935,-1.766836,-0.081979,-0.441086,0.013155,0.119058,0.161462,1.822906,0.201042,NORMAL,NO_CRASH,0.0000,,12.972914,77.596107
13:54:24.985,-1.787100,-0.203337,-1.000824,-0.097107,0.319563,-0.229050,2.058330,0.404987,AGGRESSIVE,NO_CRASH,0.0000,,12.972929,77.596100
13:54:25.036,-0.915754,-0.123199,1.080524,0.149571,0.223082,0.212887,1.421730,0.342721,NORMAL,NO_CRASH,0.0000,,12.972944,77.596105
13:54:25.086,0.413873,-0.090206,1.235039,0.119342,0.048519,0.126046,1.305661,0.180234,AGGRESSIVE,NO_CRASH,0.0000,,12.972941,77.596119
13:54:25.137,1.134529,-0.485776,-0.900782,0.001276,0.298708,0.005488,1.527921,0.298761,NORMAL,NO_CRASH,0.0000,,12.972938,77.596123
13:54:25.187,0.274881,-1.701598,-0.931885,-0.043606,-0.038279,0.111808,1.959440,0.125967,AGGRESSIVE,NO_CRASH,0.0000,,12.972956,77.596147
13:54:25.238,-0.836360,0.061629,0.562568,-0.048784,-0.022370,0.057686,1.009841,0.078791,NORMAL,NO_CRASH,0.0000,,12.972974,77.596155
13:54:25.288,-0.212001,1.458069,-1.456530,0.001184,-0.221218,0.066559,2.071808,0.231017,AGGRESSIVE,NO_CRASH,0.0000,,12.972977,77.596177
13:54:25.339,0.223521,-1.824868,-0.160449,0.020519,0.061821,0.032274,1.845494,0.072694,NORMAL,NO_CRASH,0.0000,,12.972979,77.596169
13:54:25.389,1.482016,-1.468611,1.202231,0.005520,-0.301967,-0.011693,2.408017,0.302244,AGGRESSIVE,NO_CRASH,0.0000,,12.973003,77.596178
13:54:25.439,0.572185,-0.903281,-0.301736,-0.050860,0.016597,0.118523,1.111016,0.130038,NORMAL,NO_CRASH,0.0000,,12.972994,77.596187
13:54:25.489,-2.063713,0.982223,-2.112231,0.079403,-0.166184,0.022159,3.112104,0.185508,AGGRESSIVE,NO_CRASH,0.0000,,12.973015,77.596191
13:54:25.540,0.298143,-1.030435,-0.227456,0.020734,-0.082263,0.109718,1.096550,0.138691,NORMAL,NO_CRASH,0.0000,,12.973032,77.596203
13:54:25.590,2.808698,0.638202,-0.644152,0.154572,0.126206,-0.039759,2.951444,0.203473,AGGRESSIVE,NO_CRASH,0.0000,,12.973049,77.596208
13:54:25.641,0.418376,1.163431,-0.731072,-0.043093,0.081134,-0.107927,1.436341,0.141732,NORMAL,NO_CRASH,0.0000,,12.973047,77.596218
13:54:25.691,0.875025,-0.441344,-1.828150,0.008707,0.238795,0.105366,2.074267,0.261153,AGGRESSIVE,NO_CRASH,0.0000,,12.973053,77.596228
13:54:25.741,-1.018654,0.726485,-1.293040,-0.067821,-0.148601,-0.109665,1.799275,0.196745,NORMAL,NO_CRASH,0.0000,,12.973051,77.596227
13:54:25.792,0.045728,0.543007,1.048485,-0.016291,0.152739,-0.015606,1.181638,0.154396,AGGRESSIVE,NO_CRASH,0.0000,,12.973064,77.596232
13:54:25.842,0.778120,0.422794,1.298111,0.072540,0.049378,-0.042389,1.571406,0.097453,NORMAL,NO_CRASH,0.0000,,12.973083,77.596253
13:54:25.893,-0.490227,1.066333,0.348610,0.033384,-0.052721,0.182907,1.224303,0.193259,AGGRESSIVE,NO_CRASH,0.0000,,12.973082,77.596269
13:54:25.943,0.103200,0.017806,0.511713,-0.070814,-0.075931,-0.020635,0.522319,0.105858,NORMAL,NO_CRASH,0.0000,,12.973079,77.596278
13:54:25.993,-0.117934,-1.820610,-0.933417,-0.085672,0.194117,-0.084653,2.049340,0.228445,AGGRESSIVE,NO_CRASH,0.0000,,12.973091,77.596268
13:54:26.044,-1.103687,-1.508126,-0.111795,0.074866,0.033675,0.105296,1.872182,0.133515,NORMAL,NO_CRASH,0.0000,,12.973093,77.596277
13:54:26.094,-1.423423,-1.684910,-0.515844,-0.129711,-0.130874,0.031894,2.265204,0.187003,AGGRESSIVE,NO_CRASH,0.0000,,12.973097,77.596296
13:54:26.145,0.743781,-0.971775,-0.996807,0.053371,-0.160512,0.023290,1.578347,0.170748,NORMAL,NO_CRASH,0.0000,,12.973095,77.596306
13:54:26.195,1.155344,0.638764,-0.437635,-0.076041,-0.084088,-0.052734,1.390814,0.125036,AGGRESSIVE,NO_CRASH,0.0000,,12.973085,77.596301
13:54:26.246,-1.160771,-1.312870,2.938449,0.005089,-0.115602,-0.051505,3.421330,0.126659,NORMAL,NO_CRASH,0.0000,,12.973088,77.596324
13:54:26.296,-0.482686,-1.245635,-1.130804,0.009112,-0.142458,-0.008112,1.750232,0.142979,AGGRESSIVE,NO_CRASH,0.0000,,12.973107,77.596317
13:54:26.347,-1.152062,-1.982231,1.497621,-0.002572,-0.004420,0.044308,2.738495,0.044602,NORMAL,NO_CRASH,0.0000,,12.973126,77.596336
13:54:26.397,-0.560964,-1.117114,0.090138,0.002309,-0.000223,-0.157716,1.253296,0.157733,AGGRESSIVE,NO_CRASH,0.0000,,12.973135,77.596338
13:54:26.448,1.500213,-0.739970,-0.348421,0.036529,0.023501,-0.196202,1.708681,0.200953,NORMAL,NO_CRASH,0.0000,,12.973132,77.596329
13:54:26.498,0.276648,0.775772,1.371250,0.087446,0.065918,0.121407,1.599588,0.163498,AGGRESSIVE,NO_CRASH,0.0000,,12.973134,77.596336
13:54:26.549,0.332710,-1.193982,2.784955,-0.078984,0.070549,-0.102999,3.048322,0.147731,NORMAL,NO_CRASH,0.0000,,12.973158,77.596338
13:54:26.599,0.820911,1.048312,0.950751,-0.086590,0.071202,-0.249555,1.636087,0.273578,AGGRESSIVE,NO_CRASH,0.0000,,12.973157,77.596337
13:54:26.649,0.721096,-1.351804,1.495780,0.117024,0.054949,0.043555,2.141194,0.136422,NORMAL,NO_CRASH,0.0000,,12.973157,77.596330
13:54:26.700,-0.326879,-3.401759,1.234752,-0.039272,0.084530,-0.070980,3.633652,0.117156,AGGRESSIVE,NO_CRASH,0.0000,,12.973162,77.596324
13:54:26.750,1.075665,0.413397,1.565093,-0.025467,-0.010916,-0.111095,1.943571,0.114498,NORMAL,NO_CRASH,0.0000,,12.973183,77.596340
13:54:26.801,1.695722,1.780253,1.063286,-0.053636,0.238320,0.223820,2.678684,0.331313,AGGRESSIVE,NO_CRASH,0.0000,,12.973208,77.596342
13:54:26.852,0.605355,-1.379760,0.141702,-0.163473,0.016738,-0.052601,1.513364,0.172541,NORMAL,NO_CRASH,0.0000,,12.973225,77.596343
13:54:26.902,0.700823,-0.798313,-0.272566,0.030857,-0.120046,0.154774,1.096699,0.198288,AGGRESSIVE,NO_CRASH,0.0000,,12.973223,77.596356
13:54:26.953,-0.379630,-0.317353,-0.440115,0.051328,-0.111998,0.140117,0.662218,0.186576,NORMAL,NO_CRASH,0.0000,,12.973226,77.596370
13:54:27.003,-0.600630,0.355860,-0.226239,0.049733,0.056162,0.168385,0.733878,0.184339,AGGRESSIVE,NO_CRASH,0.0000,,12.973218,77.596376
13:54:27.054,-0.545514,-1.910771,-0.791464,0.013014,-0.019128,-0.009764,2.138936,0.025111,NORMAL,NO_CRASH,0.0000,,12.973238,77.596386
13:54:27.104,-0.095309,0.631943,-1.126682,-0.023595,0.194487,-0.083300,1.295318,0.212887,AGGRESSIVE,NO_CRASH,0.0000,,12.973232,77.596385
13:54:27.154,-0.569693,0.797431,-1.799163,-0.019612,-0.196220,0.027999,2.048764,0.199175,NORMAL,NO_CRASH,0.0000,,12.973246,77.596384
13:54:27.205,1.176899,-0.301905,0.939076,-0.006219,-0.119433,-0.135848,1.535611,0.180990,AGGRESSIVE,NO_CRASH,0.0000,,12.973240,77.596392
13:54:27.255,1.203609,0.118377,-0.494001,0.029081,-0.205730,-0.048634,1.306416,0.213391,NORMAL,NO_CRASH,0.0000,,12.973242,77.596382
13:54:27.305,-1.379429,-0.398752,-1.559275,0.112620,0.036202,0.003070,2.119709,0.118335,AGGRESSIVE,NO_CRASH,0.0000,,12.973262,77.596394
13:54:27.356,-1.214041,1.425380,0.501691,-0.016614,-0.110617,0.071072,1.938375,0.132527,NORMAL,NO_CRASH,0.0000,,12.973267,77.596401
13:54:27.407,-0.040834,-0.136646,0.003341,0.092893,-0.047662,-0.058307,0.142656,0.119585,AGGRESSIVE,NO_CRASH,0.0000,,12.973287,77.596423
13:54:27.457,0.016868,0.294996,-0.421075,-0.034549,-0.005240,-0.006511,0.514403,0.035545,NORMAL,NO_CRASH,0.0000,,12.973275,77.596440
13:54:27.508,1.393395,-1.957048,-0.346264,0.002793,-0.107224,-0.077343,2.427238,0.132237,AGGRESSIVE,NO_CRASH,0.0000,,12.973277,77.596435
13:54:27.558,-0.849324,0.223068,0.632395,0.002612,0.127235,-0.016290,1.082143,0.128300,NORMAL,NO_CRASH,0.0000,,12.973292,77.596426
13:54:27.608,2.364504,0.905243,-0.487618,0.027297,-0.106608,0.160707,2.578394,0.194774,AGGRESSIVE,NO_CRASH,0.0000,,12.973300,77.596450
13:54:27.659,0.615629,0.148750,-0.364833,0.038951,0.111277,-0.053149,0.730909,0.129324,NORMAL,NO_CRASH,0.0000,,12.973294,77.596471
13:54:27.709,0.466867,-1.302958,-0.320096,-0.013847,-0.014691,-0.232013,1.420608,0.232889,AGGRESSIVE,NO_CRASH,0.0000,,12.973283,77.596472
13:54:27.759,-0.984464,0.321600,-0.678393,0.027979,-0.018498,-0.019703,1.238068,0.038900,NORMAL,NO_CRASH,0.0000,,12.973273,77.596475
13:54:27.810,0.427276,0.495057,2.591888,0.017642,-0.028595,0.069659,2.673113,0.077339,AGGRESSIVE,NO_CRASH,0.0000,,12.973285,77.596470
13:54:27.860,0.217740,-0.023625,1.745922,-0.001344,-0.078674,0.005067,1.759606,0.078849,NORMAL,NO_CRASH,0.0000,,12.973282,77.596472
13:54:27.911,-0.857237,0.628807,0.213160,0.009579,0.074037,-0.002827,1.084292,0.074708,AGGRESSIVE,NO_CRASH,0.0000,,12.973272,77.596484
13:54:27.962,-0.823612,0.317026,-2.131674,0.043219,-0.086359,0.067370,2.307136,0.117748,NORMAL,NO_CRASH,0.0000,,12.973279,77.596485
13:54:28.012,2.167485,-1.512554,2.460017,-0.016430,0.109149,-0.233595,3.610747,0.258360,AGGRESSIVE,NO_CRASH,0.0000,,12.973293,77.596490
13:54:28.062,-1.388082,0.719878,-0.311744,0.087188,0.115038,0.040532,1.594422,0.149928,NORMAL,NO_CRASH,0.0000,,12.973312,77.596493
13:54:28.113,0.012883,0.040148,-1.704748,0.078413,-0.063329,0.004604,1.705269,0.100898,AGGRESSIVE,NO_CRASH,0.0000,,12.973311,77.596504
13:54:28.163,0.939938,-0.245750,-0.317374,-0.076018,-0.235943,0.028000,1.022058,0.249463,NORMAL,NO_CRASH,0.0000,,12.973322,77.596519
13:54:28.214,-1.429477,-0.065589,0.555989,-0.093737,0.269625,0.174974,1.535198,0.334814,AGGRESSIVE,NO_CRASH,0.0000,,12.973343,77.596535
13:54:28.264,-0.522901,1.257947,0.894534,0.048614,0.085143,0.095856,1.629738,0.137117,NORMAL,NO_CRASH,0.0000,,12.973362,77.596554
13:54:28.315,1.214758,0.135968,0.538584,-0.017525,-0.068027,0.051116,1.335739,0.086878,AGGRESSIVE,NO_CRASH,0.0000,,12.973365,77.596546
13:54:28.366,0.314382,-1.393858,0.338001,0.068835,-0.213657,0.037331,1.468306,0.227555,NORMAL,NO_CRASH,0.0000,,12.973383,77.596538
13:54:28.417,0.539991,0.270940,-0.502998,0.135664,0.147290,0.012271,0.786134,0.200623,AGGRESSIVE,NO_CRASH,0.0000,,12.973378,77.596563
13:54:28.468,-1.111712,1.101801,0.358193,0.057386,-0.023665,0.011964,1.605668,0.063216,NORMAL,NO_CRASH,0.0000,,12.973381,77.596569
13:54:28.518,-0.430588,-1.086886,-0.813435,-0.085930,-0.156261,0.098298,1.424221,0.203627,AGGRESSIVE,NO_CRASH,0.0000,,12.973395,77.596588
13:54:28.569,-0.084236,0.361918,0.555222,-0.084158,-0.019388,-0.220958,0.668096,0.237236,NORMAL,NO_CRASH,0.0000,,12.973398,77.596603
13:54:28.619,-0.360707,-1.455948,1.281280,-0.038967,-0.236604,-0.248965,1.972707,0.345664,AGGRESSIVE,NO_CRASH,0.0000,,12.973417,77.596618
13:54:28.670,0.694693,0.527479,0.874431,-0.029552,0.032451,0.254673,1.235096,0.258427,NORMAL,NO_CRASH,0.0000,,12.973423,77.596614
13:54:28.720,0.804140,1.168520,0.376950,-0.030274,-0.037145,0.047778,1.467709,0.067668,AGGRESSIVE,NO_CRASH,0.0000,,12.973440,77.596605
13:54:28.771,1.513489,-0.642365,0.021599,0.003406,0.022582,0.067396,1.644308,0.071160,NORMAL,NO_CRASH,0.0000,,12.973449,77.596604
13:54:28.821,0.023338,-1.264009,-0.304436,0.031111,-0.105704,-0.040127,1.300363,0.117267,AGGRESSIVE,NO_CRASH,0.0000,,12.973460,77.596618
13:54:28.871,0.373568,0.383098,-0.764088,0.014501,-0.047725,0.214132,0.932817,0.219865,NORMAL,NO_CRASH,0.0000,,12.973476,77.596642
13:54:28.922,-1.300331,-1.927201,-0.284630,0.005556,-0.115628,-0.075913,2.342216,0.138432,AGGRESSIVE,NO_CRASH,0.0000,,12.973495,77.596648
13:54:28.972,-0.535844,0.038082,-0.967202,-0.040610,-0.077210,-0.037039,1.106372,0.094776,NORMAL,NO_CRASH,0.0000,,12.973507,77.596636
13:54:29.022,-0.068452,0.609175,1.255338,-0.057992,0.123779,-0.115970,1.397016,0.179258,AGGRESSIVE,NO_CRASH,0.0000,,12.973505,77.596636
13:54:29.073,1.532774,1.650192,-0.653492,-0.035094,0.282265,-0.226773,2.345119,0.363773,NORMAL,NO_CRASH,0.0000,,12.973513,77.596623
13:54:29.123,0.043613,-0.369650,-0.396143,-0.027188,0.020310,-0.000706,0.543574,0.033944,AGGRESSIVE,NO_CRASH,0.0000,,12.973536,77.596634
13:54:29.173,-0.845343,0.253556,-0.091773,0.028990,0.197440,0.170799,0.887310,0.262669,NORMAL,NO_CRASH,0.0000,,12.973535,77.596655
13:54:29.224,-0.858255,0.647520,0.407681,-0.021655,0.024504,-0.091484,1.149821,0.097153,AGGRESSIVE,NO_CRASH,0.0000,,12.973537,77.596671
13:54:29.274,0.099652,-0.023629,1.687603,0.002997,-0.146784,-0.091430,1.690708,0.172956,NORMAL,NO_CRASH,0.0000,,12.973546,77.596681
13:54:29.325,-1.220184,-0.810994,2.125955,-0.014510,0.273511,0.049691,2.581907,0.278366,AGGRESSIVE,NO_CRASH,0.0000,,12.973557,77.596674
13:54:29.375,0.509671,-1.330602,1.010180,0.076399,-0.127336,0.035223,1.746634,0.152617,NORMAL,NO_CRASH,0.0000,,12.973564,77.596668
13:54:29.426,-0.827095,0.551893,0.373030,0.013318,-0.137799,-0.126335,1.061990,0.187421,AGGRESSIVE,NO_CRASH,0.0000,,12.973555,77.596691
13:54:29.477,0.483588,0.078379,1.799553,0.063107,-0.016283,-0.042666,1.865045,0.077897,NORMAL,NO_CRASH,0.0000,,12.973544,77.596705
13:54:29.527,-0.209546,-0.984220,0.512219,0.105713,-0.448053,-0.048409,1.129144,0.462893,AGGRESSIVE,NO_CRASH,0.0000,,12.973544,77.596727
13:54:29.578,0.215066,1.236945,2.075467,0.053936,-0.012197,-0.134092,2.425665,0.145047,NORMAL,NO_CRASH,0.0000,,12.973558,77.596743
13:54:29.628,-1.170410,-1.928907,1.494902,-0.029974,-0.126353,-0.172857,2.706524,0.216202,AGGRESSIVE,NO_CRASH,0.0000,,12.973577,77.596766
13:54:29.678,0.907558,1.325007,-1.008089,-0.066641,0.126182,0.098937,1.896193,0.173641,NORMAL,NO_CRASH,0.0000,,12.973584,77.596786
13:54:29.729,0.177918,-2.447008,0.683758,-0.130596,0.193665,0.121052,2.546964,0.263088,AGGRESSIVE,NO_CRASH,0.0000,,12.973576,77.596786
13:54:29.779,1.156481,1.668475,-1.212862,0.057236,0.044143,0.001758,2.364802,0.072303,AGGRESSIVE,NO_CRASH,0.0000,,12.973583,77.596780
13:54:29.829,0.519635,-0.867075,0.020206,-0.063175,-0.102721,0.175437,1.011063,0.212887,AGGRESSIVE,NO_CRASH,0.0000,,12.973595,77.596797
13:54:29.880,1.010207,-0.358349,-1.268523,-0.039776,0.186196,-0.108797,1.660748,0.219289,AGGRESSIVE,NO_CRASH,0.0000,,12.973603,77.596821
13:54:29.930,1.013575,2.310192,-0.447131,-0.011297,0.195660,0.151370,2.562079,0.247636,AGGRESSIVE,NO_CRASH,0.0000,,12.973594,77.596826
13:54:29.980,0.480254,1.683577,-0.024679,-0.077278,-0.186096,0.374800,1.750909,0.425533,AGGRESSIVE,NO_CRASH,0.0000,,12.973591,77.596832
13:54:30.031,0.129682,0.356774,0.796441,0.036874,-0.033901,-0.050629,0.882283,0.071220,AGGRESSIVE,NO_CRASH,0.0000,,12.973611,77.596853
13:54:30.081,-1.494701,-0.670591,0.573812,0.085769,-0.044469,0.011656,1.735824,0.097312,AGGRESSIVE,NO_CRASH,0.0000,,12.973628,77.596869
13:54:30.132,-1.348368,-1.083270,-1.174373,0.006848,-0.028662,0.050966,2.090627,0.058872,AGGRESSIVE,NO_CRASH,0.0000,,12.973632,77.596859
13:54:30.182,1.865883,0.656330,-1.257000,-0.067587,0.091756,-0.099538,2.343574,0.151311,AGGRESSIVE,NO_CRASH,0.0000,,12.973631,77.596875
13:54:30.233,-1.082236,-0.230516,-1.132376,-0.053390,0.085235,-0.148049,1.583239,0.178981,AGGRESSIVE,NO_CRASH,0.0000,,12.973625,77.596899
13:54:30.283,2.620210,-0.412609,-0.816046,-0.041628,0.194652,-0.238889,2.775190,0.310950,AGGRESSIVE,NO_CRASH,0.0000,,12.973620,77.596917
13:54:30.333,-1.424762,-1.145994,0.765710,0.019186,0.122956,-0.125809,1.982313,0.176958,AGGRESSIVE,NO_CRASH,0.0000,,12.973632,77.596912
13:54:30.384,3.123383,0.562139,0.956201,0.003671,0.091653,-0.011578,3.314489,0.092454,AGGRESSIVE,NO_CRASH,0.0000,,12.973654,77.596915
13:54:30.434,0.748248,0.889938,-1.107180,0.038517,-0.100061,0.142933,1.605526,0.178677,AGGRESSIVE,NO_CRASH,0.0000,,12.973668,77.596906
13:54:30.484,1.522941,0.232655,-1.751855,0.059311,0.087746,0.022108,2.332911,0.108194,AGGRESSIVE,NO_CRASH,0.0000,,12.973680,77.596915
13:54:30.535,0.209674,-1.559201,-0.438312,-0.092551,-0.034939,-0.032573,1.633153,0.104151,AGGRESSIVE,NO_CRASH,0.0000,,12.973679,77.596935
13:54:30.585,-0.893352,1.309067,0.057404,0.019203,-0.021042,-0.015240,1.585884,0.032307,AGGRESSIVE,NO_CRASH,0.0000,,12.973677,77.596931
13:54:30.635,-0.510602,1.542952,1.168556,-0.045487,-0.127231,-0.165497,2.001734,0.213650,AGGRESSIVE,NO_CRASH,0.0000,,12.973672,77.596949
13:54:30.686,-0.121724,-0.071657,-0.178974,-0.070443,-0.111323,0.145284,0.227998,0.196118,AGGRESSIVE,NO_CRASH,0.0000,,12.973670,77.596941
13:54:30.736,-1.545577,1.426485,-2.428945,0.037776,-0.268550,0.011676,3.213011,0.271445,AGGRESSIVE,NO_CRASH,0.0000,,12.973660,77.596966
13:54:30.786,-0.283770,0.811325,-0.061687,-0.101133,-0.071705,-0.002935,0.861730,0.124008,AGGRESSIVE,NO_CRASH,0.0000,,12.973665,77.596990
13:54:30.837,2.334537,1.008711,0.663560,0.072596,0.282581,-0.125164,2.628283,0.317472,AGGRESSIVE,NO_CRASH,0.0000,,12.973683,77.597005
13:54:30.887,-0.124352,-1.770134,-0.197955,-0.147402,0.077352,0.031650,1.785504,0.169447,AGGRESSIVE,NO_CRASH,0.0000,,12.973701,77.597024
13:54:30.937,0.765720,-0.067622,-0.650451,0.075466,-0.116824,0.108154,1.006969,0.176183,AGGRESSIVE,NO_CRASH,0.0000,,12.973700,77.597021
13:54:30.988,-2.111059,-3.528701,1.347963,0.102011,-0.030437,0.076870,4.327275,0.131307,AGGRESSIVE,NO_CRASH,0.0000,,12.973705,77.597032
13:54:31.038,-1.278296,-1.248171,0.045168,0.005849,0.030739,0.153142,1.787180,0.156306,AGGRESSIVE,NO_CRASH,0.0000,,12.973709,77.597029
13:54:31.089,-0.493910,-0.740474,-2.211392,-0.014839,-0.116871,0.166042,2.383800,0.203590,AGGRESSIVE,NO_CRASH,0.0000,,12.973719,77.597039
13:54:31.139,-0.418759,-0.662042,1.607935,0.012510,0.129454,-0.034144,1.788606,0.134464,AGGRESSIVE,NO_CRASH,0.0000,,12.973721,77.597052
13:54:31.189,-0.335840,2.102974,-0.429059,0.037736,-0.178267,-0.108320,2.172414,0.211982,AGGRESSIVE,NO_CRASH,0.0000,,12.973725,77.597069
13:54:31.240,2.338867,1.437133,-0.512212,-0.016831,0.227690,-0.040398,2.792492,0.231858,AGGRESSIVE,NO_CRASH,0.0000,,12.973736,77.597094
13:54:31.290,0.763774,-1.304659,-0.708206,0.136058,-0.025499,0.047677,1.669444,0.146407,AGGRESSIVE,NO_CRASH,0.0000,,12.973748,77.597107
13:54:31.340,0.654170,0.263853,-0.788878,0.069008,-0.100950,-0.034627,1.058246,0.127091,AGGRESSIVE,NO_CRASH,0.0000,,12.973754,77.597107
13:54:31.391,-1.115423,-1.220095,-1.389640,0.010635,-0.054384,-0.030281,2.159607,0.063148,AGGRESSIVE,NO_CRASH,0.0000,,12.973743,77.597131
13:54:31.442,-0.822041,-0.434057,-0.137543,0.021743,-0.012534,-0.036686,0.939721,0.044449,AGGRESSIVE,NO_CRASH,0.0000,,12.973752,77.597121
13:54:31.492,-0.922466,-0.439825,-0.848290,-0.158721,0.107591,0.060405,1.328152,0.201040,AGGRESSIVE,NO_CRASH,0.0000,,12.973746,77.597116
13:54:31.543,0.796814,1.137665,0.056309,-0.056864,-0.051704,-0.154639,1.390095,0.172685,AGGRESSIVE,NO_CRASH,0.0000,,12.973748,77.597131
13:54:31.593,0.776366,-0.216817,1.656704,0.073018,0.066053,-0.076828,1.842396,0.124889,AGGRESSIVE,NO_CRASH,0.0000,,12.973766,77.597155
13:54:31.643,-0.122199,1.964156,1.711004,-0.023491,-0.132584,0.119923,2.607753,0.180310,AGGRESSIVE,NO_CRASH,0.0000,,12.973756,77.597177
13:54:31.694,-0.513624,-0.373769,-1.058217,-0.070656,0.114881,-0.068793,1.234235,0.151401,AGGRESSIVE,NO_CRASH,0.0000,,12.973753,77.597179
13:54:31.744,0.329641,-1.576196,-0.240022,0.082457,-0.056013,0.105487,1.628087,0.145134,AGGRESSIVE,NO_CRASH,0.0000,,12.973775,77.597200
13:54:31.795,-2.072522,-1.003503,1.563024,-0.055128,-0.055333,0.019644,2.783057,0.080540,AGGRESSIVE,NO_CRASH,0.0000,,12.973784,77.597213
13:54:31.846,0.182068,1.946578,0.843941,0.145076,0.084901,-0.183885,2.129448,0.249136,AGGRESSIVE,NO_CRASH,0.0000,,12.973800,77.597232
13:54:31.896,0.921561,0.430341,-0.073418,-0.051864,0.064844,-0.028450,1.019734,0.087773,AGGRESSIVE,NO_CRASH,0.0000,,12.973790,77.597238
13:54:31.946,-0.902256,0.854719,0.032650,0.014989,-0.114692,0.071454,1.243253,0.135958,AGGRESSIVE,NO_CRASH,0.0000,,12.973790,77.597233
13:54:31.997,-0.311775,-0.922770,-0.982147,0.064880,-0.047842,-0.021969,1.383228,0.083552,AGGRESSIVE,NO_CRASH,0.0000,,12.973797,77.597258
13:54:32.047,-1.403278,-0.118474,0.706534,-0.105350,0.162623,-0.115832,1.575568,0.225748,AGGRESSIVE,NO_CRASH,0.0000,,12.973814,77.597275
13:54:32.098,0.471186,-0.777693,-0.462600,-0.156227,0.192438,-0.028228,1.020206,0.249471,AGGRESSIVE,NO_CRASH,0.0000,,12.973807,77.597284
13:54:32.148,0.707639,0.615180,-1.331065,0.009320,-0.066597,0.093320,1.628169,0.115024,AGGRESSIVE,NO_CRASH,0.0000,,12.973814,77.597288
13:54:32.198,0.987413,-0.755236,-1.698929,0.035983,0.023951,-0.120674,2.105167,0.128182,AGGRESSIVE,NO_CRASH,0.0000,,12.973809,77.597280
13:54:32.249,-0.972463,1.643869,0.975365,-0.061922,0.055268,0.008220,2.144604,0.083406,AGGRESSIVE,NO_CRASH,0.0000,,12.973819,77.597297
13:54:32.299,0.989580,0.158069,-0.365848,0.041273,0.250541,-0.082289,1.066817,0.266919,AGGRESSIVE,NO_CRASH,0.0000,,12.973839,77.597291
13:54:32.350,-0.666941,-1.727143,0.020843,-0.090146,0.099381,0.043943,1.851558,0.141187,AGGRESSIVE,NO_CRASH,0.0000,,12.973835,77.597286
13:54:32.400,0.630672,-1.950597,1.522253,-0.126991,-0.044215,0.039153,2.553396,0.140052,AGGRESSIVE,NO_CRASH,0.0000,,12.973843,77.597307
13:54:32.451,-0.761140,0.054775,0.749342,0.025980,0.104799,0.009337,1.069508,0.108374,AGGRESSIVE,NO_CRASH,0.0000,,12.973863,77.597316
13:54:32.501,-2.022539,2.536503,0.352202,-0.119169,0.060306,0.025081,3.263212,0.135894,AGGRESSIVE,NO_CRASH,0.0000,,12.973880,77.597341
13:54:32.551,1.494049,0.928850,-1.885327,0.030852,0.097972,0.023102,2.578644,0.105281,AGGRESSIVE,NO_CRASH,0.0000,,12.973896,77.597337
13:54:32.601,1.693172,0.673473,1.397184,-0.013838,0.006689,0.017723,2.296197,0.023459,AGGRESSIVE,NO_CRASH,0.0000,,12.973900,77.597352
13:54:32.652,2.139308,2.256100,1.056636,0.097718,-0.197271,0.246614,3.283764,0.330580,AGGRESSIVE,NO_CRASH,0.0000,,12.973924,77.597351
13:54:32.702,0.320130,1.269090,-0.931129,-0.010188,0.190126,0.037972,1.606261,0.194148,AGGRESSIVE,NO_CRASH,0.0000,,12.973932,77.597363
13:54:32.753,-1.792424,-1.934170,-0.317839,0.067629,0.085938,-0.093748,2.656091,0.144040,AGGRESSIVE,NO_CRASH,0.0000,,12.973939,77.597387
13:54:32.803,-1.460271,0.478249,-1.162864,-0.103426,-0.185733,-0.058488,1.927010,0.220487,AGGRESSIVE,NO_CRASH,0.0000,,12.973958,77.597410
13:54:32.853,0.259816,2.111219,0.161622,0.065672,0.071267,-0.046917,2.133277,0.107671,AGGRESSIVE,NO_CRASH,0.0000,,12.973959,77.597407
13:54:32.903,0.648673,-0.580461,-0.364048,-0.041614,0.001943,0.242286,0.943527,0.245841,AGGRESSIVE,NO_CRASH,0.0000,,12.973975,77.597416
13:54:32.954,0.615620,1.396199,-0.079183,-0.035941,-0.277645,0.052005,1.527949,0.284751,AGGRESSIVE,NO_CRASH,0.0000,,12.973975,77.597430
13:54:33.004,2.007997,-0.302908,0.029150,-0.093989,0.089828,0.112853,2.030925,0.172160,AGGRESSIVE,NO_CRASH,0.0000,,12.973974,77.597426
13:54:33.054,-1.629532,-0.558136,0.713116,0.062446,-0.114119,0.171629,1.864249,0.215359,AGGRESSIVE,NO_CRASH,0.0000,,12.973978,77.597448
13:54:33.104,-0.788857,-0.988928,-0.391376,-0.118896,-0.183664,0.125240,1.324179,0.252098,AGGRESSIVE,NO_CRASH,0.0000,,12.973982,77.597453
13:54:33.155,-0.265919,0.461233,-1.915777,-0.008799,0.038454,0.144029,1.988379,0.149334,AGGRESSIVE,NO_CRASH,0.0000,,12.973988,77.597467
13:54:33.205,1.829970,0.243259,0.899006,0.157205,0.003044,0.133861,2.053334,0.206498,AGGRESSIVE,NO_CRASH,0.0000,,12.974002,77.597479
13:54:33.256,-1.545033,-0.510294,0.586268,-0.069636,0.063017,0.037956,1.729519,0.101297,AGGRESSIVE,NO_CRASH,0.0000,,12.974021,77.597488
13:54:33.306,-0.695597,-2.043563,0.737886,0.033451,0.269653,0.330502,2.281333,0.427859,AGGRESSIVE,NO_CRASH,0.0000,,12.974033,77.597505
13:54:33.357,-1.334766,-1.094996,0.438545,-0.044368,-0.066537,-0.054413,1.781274,0.096729,AGGRESSIVE,NO_CRASH,0.0000,,12.974041,77.597500
13:54:33.407,1.386893,-0.231945,-0.073515,0.043496,-0.005091,-0.119661,1.408075,0.127423,AGGRESSIVE,NO_CRASH,0.0000,,12.974058,77.597499
13:54:33.457,0.471843,0.037619,0.207893,0.046294,-0.163604,0.010311,0.516982,0.170340,AGGRESSIVE,NO_CRASH,0.0000,,12.974077,77.597501
13:54:33.508,0.174810,-1.683936,0.432579,-0.061871,-0.121236,-0.019649,1.747376,0.137522,AGGRESSIVE,NO_CRASH,0.0000,,12.974096,77.597514
13:54:33.558,-2.206444,0.264240,1.361196,0.039231,-0.000605,0.039267,2.605968,0.055510,AGGRESSIVE,NO_CRASH,0.0000,,12.974110,77.597504
13:54:33.609,2.351562,0.650995,0.833309,0.158731,0.082276,-0.009746,2.578380,0.179052,AGGRESSIVE,NO_CRASH,0.0000,,12.974106,77.597501
13:54:33.659,-1.534251,1.202052,-0.036073,0.068711,0.043569,-0.007320,1.949399,0.081688,AGGRESSIVE,NO_CRASH,0.0000,,12.974127,77.597520
13:54:33.709,0.666147,1.411161,0.068048,0.073538,-0.129202,-0.101485,1.561972,0.180000,AGGRESSIVE,NO_CRASH,0.0000,,12.974151,77.597519
13:54:33.760,-2.574601,-1.351275,-0.935282,-0.056864,-0.306027,0.195860,3.054385,0.367760,AGGRESSIVE,NO_CRASH,0.0000,,12.974146,77.597534
13:54:33.810,0.194791,0.377135,-0.394018,-0.005921,0.095408,-0.412098,0.579159,0.423039,AGGRESSIVE,NO_CRASH,0.0000,,12.974157,77.597536
13:54:33.860,0.150101,-2.480168,-0.190253,-0.050617,0.051511,0.343510,2.491980,0.351019,AGGRESSIVE,NO_CRASH,0.0000,,12.974146,77.597538
13:54:33.911,1.611929,-1.776501,0.110034,-0.101897,-0.137900,0.059112,2.401328,0.181366,AGGRESSIVE,NO_CRASH,0.0000,,12.974168,77.597538
13:54:33.961,0.162605,0.601725,0.900615,-0.075386,0.057844,-0.003315,1.095272,0.095078,AGGRESSIVE,NO_CRASH,0.0000,,12.974162,77.597542
13:54:34.011,0.532449,-0.016334,-1.757371,-0.048035,-0.112646,-0.218980,1.836334,0.250896,AGGRESSIVE,NO_CRASH,0.0000,,12.974179,77.597546
13:54:34.062,-2.047915,0.878087,-0.025857,-0.201084,-0.043181,-0.180819,2.228377,0.273852,AGGRESSIVE,NO_CRASH,0.0000,,12.974188,77.597538
13:54:34.112,0.518690,-0.330160,-0.520054,-0.042177,-0.234970,0.155493,0.805296,0.284900,AGGRESSIVE,NO_CRASH,0.0000,,12.974198,77.597558
13:54:34.163,-0.421940,-0.617933,0.745139,0.097231,0.046361,-0.124859,1.055986,0.164903,AGGRESSIVE,NO_CRASH,0.0000,,12.974220,77.597572
13:54:34.213,0.100367,0.561823,-0.345342,0.011522,0.145877,-0.069055,0.667068,0.161807,AGGRESSIVE,NO_CRASH,0.0000,,12.974229,77.597564
13:54:34.263,-1.337596,-1.343764,-0.880578,0.024475,0.083352,-0.084612,2.090522,0.121267,AGGRESSIVE,NO_CRASH,0.0000,,12.974224,77.597567
13:54:34.314,2.625714,-0.174105,1.265453,-0.015285,0.300010,-0.130038,2.919942,0.327338,AGGRESSIVE,NO_CRASH,0.0000,,12.974230,77.597577
13:54:34.365,-0.348003,0.456933,-1.506935,0.017647,0.049578,-0.105839,1.612683,0.118200,AGGRESSIVE,NO_CRASH,0.0000,,12.974220,77.597570
13:54:34.415,1.692838,0.717362,1.381398,-0.106627,0.070971,-0.158220,2.299689,0.203568,AGGRESSIVE,NO_CRASH,0.0000,,12.974233,77.597583
13:54:34.465,0.269016,0.243236,0.709210,-0.058135,-0.157924,0.091778,0.796563,0.191685,AGGRESSIVE,NO_CRASH,0.0000,,12.974224,77.597583
13:54:34.516,-3.126841,-1.527751,-1.211137,-0.011599,-0.362497,0.126782,3.684835,0.384204,AGGRESSIVE,NO_CRASH,0.0000,,12.974224,77.597580
13:54:34.566,-0.047726,1.474317,0.209205,0.066193,0.122082,0.045458,1.489850,0.146123,AGGRESSIVE,NO_CRASH,0.0000,,12.974237,77.597570
13:54:34.617,-0.708660,-2.576786,3.195866,0.061923,-0.174915,-0.185860,4.166004,0.262629,AGGRESSIVE,NO_CRASH,0.0000,,12.974233,77.597582
13:54:34.667,1.706872,0.189139,0.984948,0.073457,0.029623,0.134410,1.979724,0.156012,AGGRESSIVE,NO_CRASH,0.0000,,12.974254,77.597579
13:54:34.718,-0.764985,-1.032962,1.611050,0.094782,-0.049846,0.138925,2.060994,0.175409,AGGRESSIVE,NO_CRASH,0.0000,,12.974256,77.597574
13:54:34.768,-0.821926,0.069041,-0.197560,-0.029090,-0.012202,0.188217,0.848151,0.190842,AGGRESSIVE,NO_CRASH,0.0000,,12.974252,77.597564
13:54:34.819,-0.195357,2.104343,-1.248808,-0.010816,-0.180971,-0.098162,2.454781,0.206163,AGGRESSIVE,NO_CRASH,0.0000,,12.974258,77.597564
13:54:34.869,-0.957002,0.735289,2.963940,0.023632,0.149747,-0.018560,3.200225,0.152732,AGGRESSIVE,NO_CRASH,0.0000,,12.974279,77.597557
13:54:34.920,0.767317,-0.459598,-0.196981,-0.051604,0.049179,-0.117105,0.915864,0.137095,AGGRESSIVE,NO_CRASH,0.0000,,12.974284,77.597567
13:54:34.970,1.188611,0.108805,0.617091,-0.037986,-0.158885,-0.202071,1.343665,0.259846,AGGRESSIVE,NO_CRASH,0.0000,,12.974307,77.597564
13:54:35.020,0.475476,-1.534402,-0.898832,-0.062624,0.199788,-0.055498,1.840752,0.216604,AGGRESSIVE,NO_CRASH,0.0000,,12.974307,77.597553
13:54:35.071,0.829590,-1.272323,1.350893,-0.025839,0.084913,0.109000,2.032717,0.140567,AGGRESSIVE,NO_CRASH,0.0000,,12.974321,77.597559
13:54:35.121,-0.197922,-0.344359,-0.633599,-0.048122,0.048117,0.126995,0.747799,0.144079,AGGRESSIVE,NO_CRASH,0.0000,,12.974316,77.597556
13:54:35.172,0.579546,-1.183520,0.086626,0.049479,-0.181934,-0.159724,1.320643,0.247103,AGGRESSIVE,NO_CRASH,0.0000,,12.974319,77.597549
13:54:35.223,-0.174635,1.836800,0.490058,-0.023381,0.178083,0.176051,1.909055,0.251504,AGGRESSIVE,NO_CRASH,0.0000,,12.974314,77.597538
13:54:35.273,1.959667,-0.267234,0.291740,0.001773,0.106659,-0.007370,1.999205,0.106928,AGGRESSIVE,NO_CRASH,0.0000,,12.974329,77.597539
13:54:35.323,-0.593647,1.764203,0.326931,0.034125,0.038385,0.240121,1.889897,0.245552,AGGRESSIVE,NO_CRASH,0.0000,,12.974331,77.597535
13:54:35.374,-0.277749,-1.793980,0.177713,0.022274,0.124542,-0.301641,1.824031,0.327100,AGGRESSIVE,NO_CRASH,0.0000,,12.974343,77.597532
13:54:35.424,1.030288,-0.250947,1.275835,0.054466,-0.140480,0.097582,1.658982,0.179509,AGGRESSIVE,NO_CRASH,0.0000,,12.974353,77.597547
13:54:35.475,1.751181,0.406207,3.279528,-0.091744,-0.216293,-0.050031,3.739913,0.240214,AGGRESSIVE,NO_CRASH,0.0000,,12.974374,77.597567
13:54:35.525,0.311595,1.163434,-1.617153,-0.150017,0.024378,-0.123262,2.016397,0.195686,AGGRESSIVE,NO_CRASH,0.0000,,12.974391,77.597581
13:54:35.575,-0.571116,-1.053592,-0.834324,0.143999,-0.259381,-0.211340,1.460249,0.364251,AGGRESSIVE,NO_CRASH,0.0000,,12.974395,77.597579
13:54:35.626,-0.968006,-1.023495,0.621089,-0.003273,-0.052576,0.017213,1.539587,0.055419,AGGRESSIVE,NO_CRASH,0.0000,,12.974387,77.597604
13:54:35.676,0.827137,-0.651776,0.835458,0.095476,0.032893,-0.101005,1.344231,0.142827,AGGRESSIVE,NO_CRASH,0.0000,,12.974405,77.597612
13:54:35.727,-2.430019,-1.202519,-0.518855,-0.125485,0.175599,-0.053558,2.760481,0.222373,AGGRESSIVE,NO_CRASH,0.0000,,12.974427,77.597624
13:54:35.777,-0.072566,0.443364,-0.196814,0.056675,0.006469,-0.106240,0.490483,0.120585,AGGRESSIVE,NO_CRASH,0.0000,,12.974423,77.597637
13:54:35.828,-1.549763,0.456362,0.875323,0.077720,0.015635,0.161221,1.837450,0.179659,AGGRESSIVE,NO_CRASH,0.0000,,12.974418,77.597653
13:54:35.879,0.343764,-1.055279,0.924039,0.000269,0.218092,-0.061094,1.444173,0.226488,AGGRESSIVE,NO_CRASH,0.0000,,12.974433,77.597670
13:54:35.929,-2.006234,-0.891085,-0.412891,0.067292,-0.113168,-0.091765,2.233716,0.160487,AGGRESSIVE,NO_CRASH,0.0000,,12.974427,77.597690
13:54:35.979,-0.864172,0.190616,1.625254,-0.065252,0.110451,-0.144299,1.850561,0.193079,AGGRESSIVE,NO_CRASH,0.0000,,12.974444,77.597693
13:54:36.030,0.939624,-1.044603,-0.863994,-0.087470,-0.070162,-0.020119,1.649416,0.113923,AGGRESSIVE,NO_CRASH,0.0000,,12.974463,77.597689
13:54:36.080,0.809669,0.314592,-0.412217,0.068352,-0.034600,-0.089951,0.961486,0.118154,AGGRESSIVE,NO_CRASH,0.0000,,12.974454,77.597690
13:54:36.131,-0.915494,-1.397099,-0.694135,-0.086761,-0.151646,-0.019014,1.808822,0.175742,AGGRESSIVE,NO_CRASH,0.0000,,12.974444,77.597680
13:54:36.181,1.344198,-0.545127,-0.879256,-0.178351,0.255171,-0.018749,1.696209,0.311886,AGGRESSIVE,NO_CRASH,0.0000,,12.974443,77.597699
13:54:36.232,0.273648,1.885781,0.175285,0.075109,0.175980,-0.023615,1.913578,0.192790,AGGRESSIVE,NO_CRASH,0.0000,,12.974464,77.597706
13:54:36.282,0.492028,0.513046,-0.125790,0.007378,0.193635,-0.155014,0.721894,0.248150,AGGRESSIVE,NO_CRASH,0.0000,,12.974489,77.597719
13:54:36.332,-0.840874,-0.394035,-1.240113,0.014052,-0.108666,-0.160896,1.549262,0.194662,AGGRESSIVE,NO_CRASH,0.0000,,12.974512,77.597710
13:54:36.383,-0.830716,0.625843,-1.335761,0.099477,0.152977,0.094581,1.692934,0.205532,AGGRESSIVE,NO_CRASH,0.0000,,12.974521,77.597712
13:54:36.433,2.041486,-2.167025,-0.401736,-0.016908,0.114806,-0.146571,3.004173,0.186948,AGGRESSIVE,NO_CRASH,0.0000,,12.974540,77.597709
13:54:36.483,-0.323589,0.379612,-0.333678,-0.023146,-0.396956,0.087345,0.600130,0.407110,AGGRESSIVE,NO_CRASH,0.0000,,12.974543,77.597719
13:54:36.534,-1.372818,-0.751345,-1.195288,-0.017608,0.201762,-0.206930,1.969229,0.289548,AGGRESSIVE,NO_CRASH,0.0000,,12.974561,77.597722
13:54:36.584,0.625292,-2.393598,2.136868,0.071509,-0.119365,-0.149839,3.269022,0.204483,AGGRESSIVE,NO_CRASH,0.0000,,12.974583,77.597734
13:54:36.634,-2.319816,-2.791453,1.352026,-0.114877,0.005905,0.319423,3.873206,0.339503,AGGRESSIVE,NO_CRASH,0.0000,,12.974597,77.597744
13:54:36.685,-1.256495,2.014487,1.062597,-0.009116,0.129336,0.170443,2.601163,0.214153,AGGRESSIVE,NO_CRASH,0.0000,,12.974612,77.597765
13:54:36.736,-1.727376,-2.115567,1.729370,-0.038179,0.152161,0.044197,3.232673,0.162985,AGGRESSIVE,NO_CRASH,0.0000,,12.974626,77.597766
13:54:36.786,-0.452007,0.434986,1.424543,-0.068014,0.072237,-0.082298,1.556549,0.128907,AGGRESSIVE,NO_CRASH,0.0000,,12.974644,77.597781
13:54:36.836,-0.713174,-0.299645,2.056039,0.054369,-0.205259,0.132040,2.196748,0.250043,AGGRESSIVE,NO_CRASH,0.0000,,12.974649,77.597772
13:54:36.887,0.738015,0.775007,0.156904,-0.045457,0.018860,-0.018241,1.081629,0.052485,AGGRESSIVE,NO_CRASH,0.0000,,12.974642,77.597775
13:54:36.937,-2.234482,0.827959,0.000605,0.109880,0.243988,-0.141365,2.382945,0.302635,AGGRESSIVE,NO_CRASH,0.0000,,12.974649,77.597775
13:54:36.987,-0.573320,-1.159175,-0.792055,0.041708,-0.178510,0.044436,1.516488,0.188626,AGGRESSIVE,NO_CRASH,0.0000,,12.974639,77.597780
13:54:37.038,-0.826263,0.736400,-1.957752,-0.029270,-0.256101,-0.021075,2.248952,0.258629,AGGRESSIVE,NO_CRASH,0.0000,,12.974648,77.597775
13:54:37.088,1.262358,-1.604909,-0.746653,-0.038280,0.024296,-0.246612,2.174114,0.250745,AGGRESSIVE,NO_CRASH,0.0000,,12.974664,77.597775
13:54:37.139,0.730520,0.554862,0.244539,-0.217764,0.088180,-0.011045,0.949384,0.235200,AGGRESSIVE,NO_CRASH,0.0000,,12.974653,77.597779
13:54:37.189,1.578634,-0.553176,1.673366,-0.124315,0.100020,-0.021319,2.366061,0.160974,AGGRESSIVE,NO_CRASH,0.0000,,12.974665,77.597790
13:54:37.240,-2.139201,1.391817,-1.380264,-0.047602,-0.095813,-0.085766,2.901458,0.137120,AGGRESSIVE,NO_CRASH,0.0000,,12.974670,77.597794
13:54:37.290,-0.181533,0.986252,0.776346,-0.034838,0.043367,0.112994,1.268211,0.125945,AGGRESSIVE,NO_CRASH,0.0000,,12.974666,77.597818
13:54:37.341,1.538264,-1.405669,0.510666,0.066777,-0.289751,-0.212746,2.145447,0.365617,AGGRESSIVE,NO_CRASH,0.0000,,12.974656,77.597824
13:54:37.391,0.083103,2.959091,-0.510924,0.023804,0.135463,-0.087938,3.004026,0.163248,AGGRESSIVE,NO_CRASH,0.0000,,12.974670,77.597849
13:54:37.442,0.817830,-0.742261,-1.085399,0.136912,-0.028028,-0.244860,1.548511,0.281934,AGGRESSIVE,NO_CRASH,0.0000,,12.974695,77.597838
13:54:37.492,1.206215,0.689702,0.053368,0.066778,-0.472528,0.310235,1.390501,0.569199,AGGRESSIVE,NO_CRASH,0.0000,,12.974692,77.597847
13:54:37.542,0.558309,0.667949,-1.463519,-0.082508,0.322425,0.008238,1.702866,0.332916,AGGRESSIVE,NO_CRASH,0.0000,,12.974694,77.597854
13:54:37.593,1.080480,-1.660436,-2.133701,0.053185,0.100770,0.062056,2.911557,0.129746,AGGRESSIVE,NO_CRASH,0.0000,,12.974702,77.597870
13:54:37.643,-1.499520,-0.247275,-0.583689,-0.119074,-0.171309,0.389059,1.628004,0.441466,AGGRESSIVE,NO_CRASH,0.0000,,12.974721,77.597861
13:54:37.693,0.592541,-1.494431,0.358305,0.043220,-0.006881,-0.030039,1.647062,0.053082,AGGRESSIVE,NO_CRASH,0.0000,,12.974736,77.597865
13:54:37.744,-0.359807,1.512951,0.116506,0.077088,-0.082731,0.085911,1.559505,0.142013,AGGRESSIVE,NO_CRASH,0.0000,,12.974730,77.597884
13:54:37.795,2.465307,1.458240,0.523518,0.027426,-0.177527,-0.050952,2.911748,0.186720,AGGRESSIVE,NO_CRASH,0.0000,,12.974729,77.597888
13:54:37.845,0.168600,-0.609604,0.330920,-0.052805,-0.073198,0.079556,0.713828,0.120314,AGGRESSIVE,NO_CRASH,0.0000,,12.974724,77.597887
13:54:37.896,-0.897752,-1.946552,-1.004574,0.012761,-0.157726,-0.073058,2.367318,0.174293,AGGRESSIVE,NO_CRASH,0.0000,,12.974728,77.597897
13:54:37.946,0.276233,-1.772082,-1.187983,0.041789,-0.027115,0.062542,2.151251,0.079956,AGGRESSIVE,NO_CRASH,0.0000,,12.974750,77.597888
13:54:37.997,-1.232371,-2.006352,-0.756588,-0.018705,0.180742,0.006769,2.473179,0.181834,AGGRESSIVE,NO_CRASH,0.0000,,12.974762,77.597881
13:54:38.047,0.280116,-0.274178,-1.313737,0.126808,-0.143696,0.002744,1.370965,0.191667,AGGRESSIVE,NO_CRASH,0.0000,,12.974779,77.597903
13:54:38.098,1.282021,-2.394303,0.800845,-0.004963,-0.033566,0.205548,2.831539,0.208330,AGGRESSIVE,NO_CRASH,0.0000,,12.974769,77.597902
13:54:38.148,-0.396203,-1.626431,-1.201221,0.043117,-0.058359,-0.166343,2.060385,0.181480,AGGRESSIVE,NO_CRASH,0.0000,,12.974781,77.597927
13:54:38.199,0.256953,0.000297,1.200199,0.043655,0.016953,-0.196695,1.227397,0.202193,AGGRESSIVE,NO_CRASH,0.0000,,12.974789,77.597928
13:54:38.249,0.802237,0.373509,-1.710676,0.142413,-0.241910,-0.053591,1.926007,0.285787,AGGRESSIVE,NO_CRASH,0.0000,,12.974787,77.597950
13:54:38.299,1.525282,-0.986864,0.099072,0.041021,-0.162092,-0.025384,1.819396,0.169118,AGGRESSIVE,NO_CRASH,0.0000,,12.974810,77.597961
13:54:38.350,0.048119,1.021778,0.670526,-0.050710,0.101066,0.007745,1.223091,0.113339,AGGRESSIVE,NO_CRASH,0.0000,,12.974829,77.597971
13:54:38.400,-0.484793,0.298049,-0.222677,0.006606,-0.024448,0.284205,0.611099,0.285331,AGGRESSIVE,NO_CRASH,0.0000,,12.974826,77.597972
13:54:38.450,0.522556,1.688573,1.290840,-0.022231,0.198110,-0.089954,2.188747,0.218708,AGGRESSIVE,NO_CRASH,0.0000,,12.974830,77.597980
13:54:38.500,-1.088110,-0.392134,1.514098,0.039343,-0.005131,0.068338,1.905320,0.079021,AGGRESSIVE,NO_CRASH,0.0000,,12.974835,77.597973
13:54:38.551,-1.639428,-0.738353,0.714747,0.157746,0.010085,0.221428,1.934878,0.272059,AGGRESSIVE,NO_CRASH,0.0000,,12.974856,77.597984
13:54:38.601,-1.168882,-0.708582,-0.211729,0.042567,-0.212498,0.217821,1.383185,0.307268,AGGRESSIVE,NO_CRASH,0.0000,,12.974853,77.597989
13:54:38.652,-0.364408,-1.450995,1.028661,-0.027725,-0.159017,-0.025246,1.815578,0.163378,AGGRESSIVE,NO_CRASH,0.0000,,12.974847,77.597981
13:54:38.702,0.475662,-0.017679,-0.151991,0.087605,0.048680,-0.088032,0.499668,0.133395,AGGRESSIVE,NO_CRASH,0.0000,,12.974844,77.597981
13:54:38.753,0.596518,-0.024715,1.387349,-0.077080,0.118131,0.060186,1.510358,0.153358,AGGRESSIVE,NO_CRASH,0.0000,,12.974868,77.598003
13:54:38.803,0.030375,0.364133,0.198107,-0.031299,0.078036,0.041286,0.415646,0.093668,AGGRESSIVE,NO_CRASH,0.0000,,12.974874,77.598008
13:54:38.854,0.771807,1.031017,1.447423,0.079549,-0.048868,0.049487,1.937451,0.105665,AGGRESSIVE,NO_CRASH,0.0000,,12.974871,77.598005
13:54:38.904,2.324271,-0.271256,0.817971,0.001740,-0.003073,0.048511,2.478889,0.048639,AGGRESSIVE,NO_CRASH,0.0000,,12.974880,77.598011
13:54:38.955,0.454039,-2.269088,-0.785803,0.110427,0.021757,0.039830,2.443849,0.119390,AGGRESSIVE,NO_CRASH,0.0000,,12.974901,77.598009
13:54:39.005,-1.075924,-0.376813,1.324768,0.052856,0.066708,0.061522,1.747744,0.105018,AGGRESSIVE,NO_CRASH,0.0000,,12.974921,77.598031
13:54:39.056,1.217575,-2.538796,-1.558293,-0.022113,-0.017285,0.124900,3.218113,0.128015,AGGRESSIVE,NO_CRASH,0.0000,,12.974931,77.598034
13:54:39.106,0.837411,1.745398,0.048269,-0.059443,-0.099779,0.070984,1.936492,0.136118,AGGRESSIVE,NO_CRASH,0.0000,,12.974947,77.598058
13:54:39.156,-1.490153,1.191830,-0.307424,-0.012113,-0.035109,0.097248,1.932751,0.104099,AGGRESSIVE,NO_CRASH,0.0000,,12.974964,77.598077
13:54:39.207,-1.823464,0.068355,-2.369059,-0.168353,0.330569,0.013226,2.990340,0.371206,AGGRESSIVE,NO_CRASH,0.0000,,12.974987,77.598081
13:54:39.257,0.876716,0.666233,-0.559738,0.067280,0.118391,-0.075201,1.235234,0.155558,AGGRESSIVE,NO_CRASH,0.0000,,12.974983,77.598079
13:54:39.308,1.685073,1.786783,1.437059,-0.007286,-0.094855,-0.070666,2.845559,0.118508,AGGRESSIVE,NO_CRASH,0.0000,,12.975007,77.598096
13:54:39.358,-1.287848,-1.123003,0.247378,0.064567,0.072686,0.094715,1.726524,0.135732,AGGRESSIVE,NO_CRASH,0.0000,,12.975025,77.598120
13:54:39.408,0.719693,1.266987,-0.455443,0.026933,-0.145551,0.019768,1.526644,0.149336,AGGRESSIVE,NO_CRASH,0.0000,,12.975046,77.598137
13:54:39.459,1.293801,-0.298966,0.980499,-0.111122,0.022046,-0.113292,1.650661,0.160216,AGGRESSIVE,NO_CRASH,0.0000,,12.975036,77.598150
13:54:39.509,-0.427982,-2.004128,-0.581809,0.062633,0.104116,-0.053256,2.130305,0.132662,AGGRESSIVE,NO_CRASH,0.0000,,12.975026,77.598151
13:54:39.559,0.030969,-0.004598,-0.002986,-0.031908,-0.199264,0.043412,0.031451,0.206419,AGGRESSIVE,NO_CRASH,0.0000,,12.975037,77.598166
13:54:39.610,-0.585595,0.536549,-0.194244,0.004061,-0.065012,0.050085,0.817641,0.082168,AGGRESSIVE,NO_CRASH,0.0000,,12.975052,77.598176
13:54:39.660,1.310512,-0.335647,0.368444,-0.071075,-0.116098,0.138848,1.402088,0.194446,AGGRESSIVE,NO_CRASH,0.0000,,12.975043,77.598167
13:54:39.711,-0.029600,-0.763432,-1.528753,0.064008,-0.080193,-0.300064,1.709032,0.317122,AGGRESSIVE,NO_CRASH,0.0000,,12.975059,77.598160
13:54:39.761,-2.277195,1.020715,-0.108513,0.027688,0.273542,-0.269229,2.497850,0.384807,AGGRESSIVE,NO_CRASH,0.0000,,12.975080,77.598176
13:54:39.811,0.327300,0.616292,-0.810807,-0.091220,0.152607,-0.169439,1.069742,0.245600,AGGRESSIVE,NO_CRASH,0.0000,,12.975069,77.598201
13:54:39.862,-1.437179,-1.283262,-0.814326,-0.102068,0.027499,-0.370404,2.091739,0.385192,AGGRESSIVE,NO_CRASH,0.0000,,12.975088,77.598206
13:54:39.912,1.376002,-1.301138,0.046046,-0.055539,0.059321,-0.084949,1.894324,0.117558,AGGRESSIVE,NO_CRASH,0.0000,,12.975109,77.598209
13:54:39.963,0.354908,-0.999403,1.607683,0.023910,0.337106,-0.188125,1.925983,0.386786,AGGRESSIVE,NO_CRASH,0.0000,,12.975108,77.598211
13:54:40.013,-1.408196,0.938506,1.680173,-0.102973,0.247980,-0.012020,2.384700,0.268779,AGGRESSIVE,NO_CRASH,0.0000,,12.975113,77.598223
13:54:40.063,-3.657833,-0.580416,-0.705666,0.005126,0.115310,-0.306244,3.770224,0.327274,AGGRESSIVE,NO_CRASH,0.0000,,12.975131,77.598214
13:54:40.113,1.106197,-1.120709,1.280717,-0.028494,0.015597,-0.029064,2.029753,0.043588,AGGRESSIVE,NO_CRASH,0.0000,,12.975141,77.598231
13:54:40.164,-0.324910,0.201017,0.670245,-0.083587,-0.081487,-0.071522,0.771493,0.136903,AGGRESSIVE,NO_CRASH,0.0000,,12.975166,77.598220
13:54:40.214,2.216041,-1.524445,1.032261,-0.001818,0.046649,-0.131496,2.881030,0.139537,AGGRESSIVE,NO_CRASH,0.0000,,12.975172,77.598241
13:54:40.265,0.355592,-1.356298,0.057412,-0.055591,-0.168940,0.265709,1.403313,0.319738,AGGRESSIVE,NO_CRASH,0.0000,,12.975189,77.598243
13:54:40.315,1.108728,0.500543,-0.709860,-0.098551,0.059146,0.025123,1.408447,0.117651,AGGRESSIVE,NO_CRASH,0.0000,,12.975193,77.598233
13:54:40.365,-0.247542,-1.298380,-2.075755,-0.012901,-0.071189,-0.149645,2.460858,0.166217,AGGRESSIVE,NO_CRASH,0.0000,,12.975217,77.598224
13:54:40.416,-1.206930,0.092276,-1.324554,-0.052515,-0.139294,-0.126941,1.794335,0.195639,AGGRESSIVE,NO_CRASH,0.0000,,12.975214,77.598231
13:54:40.466,0.450696,-1.064457,1.816667,-0.017939,-0.210352,0.138886,2.153248,0.252704,AGGRESSIVE,NO_CRASH,0.0000,,12.975205,77.598248
13:54:40.517,-1.236754,0.157424,0.636621,-0.085651,0.011627,0.145277,1.399867,0.169046,AGGRESSIVE,NO_CRASH,0.0000,,12.975214,77.598254
13:54:40.567,-1.816676,-0.549259,-2.064566,-0.012156,-0.094984,0.215383,2.804359,0.235711,AGGRESSIVE,NO_CRASH,0.0000,,12.975226,77.598253
13:54:40.617,-0.218508,-0.331139,-1.298619,0.147729,0.044033,0.144281,1.357869,0.211139,AGGRESSIVE,NO_CRASH,0.0000,,12.975237,77.598261
13:54:40.668,-0.698879,-0.418723,0.105370,0.075471,-0.062116,-0.157262,0.821501,0.185164,AGGRESSIVE,NO_CRASH,0.0000,,12.975258,77.598281
13:54:40.718,-1.113144,0.030352,0.153343,0.024099,0.191330,0.141329,1.124066,0.239085,AGGRESSIVE,NO_CRASH,0.0000,,12.975279,77.598296
13:54:40.769,-1.421190,-0.529961,1.286112,-0.010058,-0.078855,-0.079609,1.988649,0.112502,AGGRESSIVE,NO_CRASH,0.0000,,12.975288,77.598318
13:54:40.820,-0.258973,-0.256337,0.494000,-0.021056,0.187111,-0.167406,0.613850,0.251950,AGGRESSIVE,NO_CRASH,0.0000,,12.975299,77.598312
13:54:40.870,-1.442010,-0.728378,-0.195299,0.124600,0.204343,-0.023295,1.627289,0.240466,AGGRESSIVE,NO_CRASH,0.0000,,12.975305,77.598323
13:54:40.921,-0.910550,-1.668653,0.046999,-0.008246,0.044359,-0.154126,1.901502,0.160594,AGGRESSIVE,NO_CRASH,0.0000,,12.975311,77.598330
13:54:40.971,-0.127924,-0.678059,-0.933938,0.037005,0.047256,-0.006667,1.161193,0.060389,AGGRESSIVE,NO_CRASH,0.0000,,12.975318,77.598339
13:54:41.021,1.082936,-0.727141,-1.644128,0.100596,0.017645,0.195480,2.098723,0.220553,AGGRESSIVE,NO_CRASH,0.0000,,12.975340,77.598348
13:54:41.071,-2.302836,0.796235,-1.973917,0.023486,-0.018785,0.084498,3.135824,0.089690,AGGRESSIVE,NO_CRASH,0.0000,,12.975331,77.598361
13:54:41.122,-0.235755,-1.922150,0.909978,-0.006899,-0.053053,-0.313392,2.139696,0.317926,AGGRESSIVE,NO_CRASH,0.0000,,12.975325,77.598366
13:54:41.172,-0.329302,-0.184373,-1.564954,-0.061855,-0.257482,-0.211303,1.609818,0.338780,AGGRESSIVE,NO_CRASH,0.0000,,12.975341,77.598390
13:54:41.223,-0.411031,0.064333,-2.218619,0.010022,0.181820,0.040431,2.257290,0.186531,AGGRESSIVE,NO_CRASH,0.0000,,12.975363,77.598381
13:54:41.273,-0.318530,-0.787255,0.971900,-0.003263,0.017584,0.000231,1.290667,0.017885,AGGRESSIVE,NO_CRASH,0.0000,,12.975387,77.598385
13:54:41.324,-0.396029,2.175387,-0.216274,-0.008795,-0.051160,0.252373,2.221693,0.257656,AGGRESSIVE,NO_CRASH,0.0000,,12.975394,77.598399
13:54:41.375,0.121916,-2.257132,-0.011288,0.100587,-0.068866,0.167643,2.260450,0.207278,AGGRESSIVE,NO_CRASH,0.0000,,12.975402,77.598419
13:54:41.425,1.299014,-0.370408,-0.769881,-0.111081,0.000684,0.333733,1.554785,0.351735,AGGRESSIVE,NO_CRASH,0.0000,,12.975417,77.598410
13:54:41.476,-1.723367,-1.216236,0.378081,-0.079487,0.071505,0.169331,2.142935,0.200260,AGGRESSIVE,NO_CRASH,0.0000,,12.975438,77.598418
13:54:41.526,-1.977669,0.893998,0.833194,0.076455,0.224297,0.119353,2.324784,0.265330,AGGRESSIVE,NO_CRASH,0.0000,,12.975457,77.598420
13:54:41.579,-1.317699,-1.064373,-0.915082,0.042663,-0.106868,0.127480,1.925253,0.171732,AGGRESSIVE,NO_CRASH,0.0000,,12.975450,77.598412
13:54:41.628,0.971878,1.333394,1.180627,0.035795,0.267540,-0.001035,2.028883,0.269926,AGGRESSIVE,NO_CRASH,0.0000,,12.975468,77.598433
13:54:41.679,-0.903900,-0.748453,0.704955,0.197410,0.029686,0.070378,1.369007,0.211672,AGGRESSIVE,NO_CRASH,0.0000,,12.975483,77.598432
13:54:41.729,-0.484899,-0.214210,1.378419,-0.017749,-0.175472,-0.191928,1.476839,0.260656,AGGRESSIVE,NO_CRASH,0.0000,,12.975507,77.598451
13:54:41.779,-0.767343,-1.236084,0.194194,-0.109083,0.278593,0.031458,1.467798,0.300837,AGGRESSIVE,NO_CRASH,0.0000,,12.975507,77.598460
13:54:41.830,-0.123536,0.654053,1.006036,-0.073163,0.021974,0.061492,1.206298,0.098066,AGGRESSIVE,NO_CRASH,0.0000,,12.975522,77.598477
13:54:41.880,0.239837,0.965969,-2.564814,0.108679,-0.023213,0.116249,2.751161,0.160822,AGGRESSIVE,NO_CRASH,0.0000,,12.975523,77.598468
13:54:41.931,-1.284470,-0.654553,0.024034,0.151825,0.131405,-0.254601,1.441832,0.324253,AGGRESSIVE,NO_CRASH,0.0000,,12.975547,77.598477
13:54:41.981,-0.228882,-1.753834,0.063926,-0.101293,0.089976,-0.033065,1.769861,0.139460,AGGRESSIVE,NO_CRASH,0.0000,,12.975536,77.598502
13:54:42.032,0.699799,-0.948881,-0.041299,0.009949,0.186944,-0.197324,1.179745,0.271999,AGGRESSIVE,NO_CRASH,0.0000,,12.975560,77.598501
13:54:42.083,-0.282616,-2.808213,-0.325985,-0.102288,-0.061302,-0.107758,2.841161,0.160725,AGGRESSIVE,NO_CRASH,0.0000,,12.975554,77.598522
13:54:42.133,-0.643813,-0.121127,-1.311098,0.002285,0.070433,0.034575,1.465655,0.078495,AGGRESSIVE,NO_CRASH,0.0000,,12.975571,77.598531
13:54:42.183,0.863795,-1.533073,0.013660,-0.146429,0.410401,-0.218728,1.759727,0.487558,AGGRESSIVE,NO_CRASH,0.0000,,12.975589,77.598526
13:54:42.234,-0.284252,-1.431738,-0.115900,0.015139,-0.072881,-0.064321,1.464277,0.098377,AGGRESSIVE,NO_CRASH,0.0000,,12.975614,77.598549
13:54:42.284,-0.476976,0.286663,1.134965,0.044107,0.201068,0.219899,1.264052,0.301213,AGGRESSIVE,NO_CRASH,0.0000,,12.975622,77.598559
13:54:42.335,-1.250716,0.485325,-1.106659,0.012368,-0.037649,0.077919,1.739116,0.087417,AGGRESSIVE,NO_CRASH,0.0000,,12.975635,77.598572
13:54:42.385,1.452302,-1.655373,1.514900,-0.091349,-0.229033,0.114717,2.672894,0.271957,AGGRESSIVE,NO_CRASH,0.0000,,12.975636,77.598561
13:54:42.435,2.396780,-1.256384,-1.756757,-0.058645,-0.133764,-0.038653,3.226337,0.151083,AGGRESSIVE,NO_CRASH,0.0000,,12.975647,77.598574
13:54:42.486,1.697855,0.898171,3.328707,-0.021543,0.091232,-0.124502,3.843139,0.155847,AGGRESSIVE,NO_CRASH,0.0000,,12.975650,77.598596
13:54:42.536,-0.526143,-0.755051,0.042420,-0.029678,0.203580,-0.042660,0.921264,0.210108,AGGRESSIVE,NO_CRASH,0.0000,,12.975671,77.598618
13:54:42.587,0.499101,0.200995,2.308700,-0.046217,0.000762,0.014232,2.370569,0.048365,AGGRESSIVE,NO_CRASH,0.0000,,12.975669,77.598619
13:54:42.637,0.130561,2.010184,0.253724,0.056705,-0.099896,-0.226658,2.030335,0.254104,AGGRESSIVE,NO_CRASH,0.0000,,12.975672,77.598635
13:54:42.687,-0.147652,-0.623669,0.072030,-0.031429,0.184449,-0.109259,0.644943,0.216672,AGGRESSIVE,NO_CRASH,0.0000,,12.975670,77.598624
13:54:42.738,2.070520,0.792800,-0.761134,0.034892,0.161800,0.091448,2.344122,0.189101,AGGRESSIVE,NO_CRASH,0.0000,,12.975690,77.598626
13:54:42.788,0.455915,-0.413295,0.385218,0.078277,0.051023,-0.170401,0.725992,0.194338,AGGRESSIVE,NO_CRASH,0.0000,,12.975713,77.598635
13:54:42.839,0.409827,1.227953,0.613843,0.021299,0.021852,-0.031832,1.432700,0.044096,AGGRESSIVE,NO_CRASH,0.0000,,12.975716,77.598647
13:54:42.889,1.483209,0.280525,0.335175,-0.012495,-0.009928,-0.177528,1.546268,0.178244,AGGRESSIVE,NO_CRASH,0.0000,,12.975729,77.598668
13:54:42.940,1.143670,0.528564,-1.632824,0.032929,-0.149952,-0.149483,2.062396,0.214278,AGGRESSIVE,NO_CRASH,0.0000,,12.975721,77.598686
13:54:42.990,0.183963,-0.123401,0.624484,0.047993,-0.153512,0.064848,0.662609,0.173420,AGGRESSIVE,NO_CRASH,0.0000,,12.975744,77.598688
13:54:43.040,0.975943,-0.601154,-0.157967,-0.121996,-0.299830,-0.006594,1.157067,0.323766,AGGRESSIVE,NO_CRASH,0.0000,,12.975748,77.598695
13:54:43.091,1.496332,-2.889433,-0.234000,-0.114329,0.014352,0.054544,3.262298,0.127484,AGGRESSIVE,NO_CRASH,0.0000,,12.975755,77.598711
13:54:43.141,-0.377356,0.360315,-0.835971,0.096758,0.043124,-0.108371,0.985430,0.151546,AGGRESSIVE,NO_CRASH,0.0000,,12.975775,77.598723
13:54:43.191,1.752670,3.081322,-0.813786,-0.136962,0.053562,0.090068,3.637120,0.172452,AGGRESSIVE,NO_CRASH,0.0000,,12.975786,77.598734
13:54:43.242,0.690440,1.040875,-0.111597,-0.011661,-0.128374,0.044790,1.254027,0.136463,AGGRESSIVE,NO_CRASH,0.0000,,12.975793,77.598758
13:54:43.292,-1.053419,-0.669727,0.570268,0.032313,-0.034315,0.102829,1.372382,0.113117,AGGRESSIVE,NO_CRASH,0.0000,,12.975784,77.598775
13:54:43.342,-0.491740,-0.484280,-0.715526,-0.175742,0.088250,0.045819,0.994139,0.201923,AGGRESSIVE,NO_CRASH,0.0000,,12.975781,77.598782
13:54:43.393,-0.813452,1.107549,-0.754136,-0.061934,-0.140280,0.333785,1.567511,0.367324,AGGRESSIVE,NO_CRASH,0.0000,,12.975782,77.598795
13:54:43.443,-0.709707,0.123783,1.260026,0.017612,-0.037901,0.156733,1.451438,0.162209,AGGRESSIVE,NO_CRASH,0.0000,,12.975776,77.598807
13:54:43.494,-0.650960,-1.669824,0.650060,0.081387,0.012238,0.084607,1.906473,0.118034,AGGRESSIVE,NO_CRASH,0.0000,,12.975767,77.598830
13:54:43.544,-0.866116,-1.301195,1.963600,-0.051290,0.036070,0.017602,2.509779,0.065127,AGGRESSIVE,NO_CRASH,0.0000,,12.975782,77.598855
13:54:43.594,-0.696367,1.328287,-0.509626,-0.034487,0.130729,-0.096247,1.583980,0.165960,AGGRESSIVE,NO_CRASH,0.0000,,12.975797,77.598852
13:54:43.645,-1.220142,-0.139084,0.096320,-0.070791,0.077309,0.118181,1.231815,0.157971,AGGRESSIVE,NO_CRASH,0.0000,,12.975790,77.598862
13:54:43.695,1.216515,1.445393,-1.510260,0.006365,0.015236,0.004574,2.418668,0.017134,AGGRESSIVE,NO_CRASH,0.0000,,12.975793,77.598871
13:54:43.746,-1.598322,-2.283373,-1.506563,-0.040554,-0.164255,0.198737,3.168305,0.261000,AGGRESSIVE,NO_CRASH,0.0000,,12.975786,77.598877
13:54:43.796,-0.698425,-0.459326,-0.457667,-0.006553,-0.037908,0.022976,0.953014,0.044810,AGGRESSIVE,NO_CRASH,0.0000,,12.975783,77.598868
13:54:43.846,0.688919,-0.559082,2.285161,-0.117000,-0.050206,0.025186,2.451355,0.129784,AGGRESSIVE,NO_CRASH,0.0000,,12.975805,77.598873
13:54:43.897,-1.429419,1.315288,0.671916,0.131012,0.031774,0.223365,2.055406,0.260894,AGGRESSIVE,NO_CRASH,0.0000,,12.975814,77.598886
13:54:43.948,-0.985603,-0.637419,-0.525100,-0.004518,-0.133916,-0.019991,1.285864,0.135476,AGGRESSIVE,NO_CRASH,0.0000,,12.975810,77.598881
13:54:43.998,1.478101,0.441892,1.027165,-0.053168,0.192789,0.164889,1.853407,0.259197,AGGRESSIVE,NO_CRASH,0.0000,,12.975819,77.598876
13:54:44.049,2.134351,-0.091013,0.518976,-0.025100,-0.250410,0.081195,2.198425,0.264439,AGGRESSIVE,NO_CRASH,0.0000,,12.975829,77.598883
13:54:44.100,0.113109,1.554941,-0.433167,-0.077320,-0.068999,0.079730,1.618107,0.130752,AGGRESSIVE,NO_CRASH,0.0000,,12.975824,77.598908
13:54:44.150,-0.010340,1.015935,0.775677,-0.013167,0.096998,-0.019611,1.278243,0.099833,AGGRESSIVE,NO_CRASH,0.0000,,12.975838,77.598928
13:54:44.201,0.529302,1.061004,1.090913,0.040449,-0.092964,0.034506,1.611205,0.107094,AGGRESSIVE,NO_CRASH,0.0000,,12.975848,77.598936
13:54:44.251,2.990042,-0.186977,1.719949,-0.117866,-0.178006,0.132172,3.454496,0.251094,AGGRESSIVE,NO_CRASH,0.0000,,12.975858,77.598940
13:54:44.301,0.384083,0.229054,0.486513,0.005584,0.006675,0.069096,0.660818,0.069642,AGGRESSIVE,NO_CRASH,0.0000,,12.975878,77.598948
13:54:44.352,2.505126,0.650963,0.092160,0.028937,0.087905,-0.096981,2.589962,0.134052,AGGRESSIVE,NO_CRASH,0.0000,,12.975885,77.598954
13:54:44.402,-0.107995,0.338359,-0.021832,-0.088304,-0.216747,0.038676,0.355846,0.237219,AGGRESSIVE,NO_CRASH,0.0000,,12.975902,77.598947
13:54:44.453,-0.904997,-2.377177,-0.477936,-0.072749,-0.043664,0.115020,2.588130,0.142928,AGGRESSIVE,NO_CRASH,0.0000,,12.975893,77.598964
13:54:44.504,1.495560,0.506703,-0.121829,-0.018638,-0.168144,-0.135957,1.583758,0.217034,AGGRESSIVE,NO_CRASH,0.0000,,12.975889,77.598989
13:54:44.554,-0.763532,-0.929229,0.959500,-0.096212,-0.188667,-0.090644,1.538535,0.230366,AGGRESSIVE,NO_CRASH,0.0000,,12.975884,77.598984
13:54:44.605,-1.921560,0.295537,-1.756940,-0.011653,-0.267347,0.023673,2.620414,0.268646,AGGRESSIVE,NO_CRASH,0.0000,,12.975897,77.598989
13:54:44.655,2.477883,2.046660,-0.355489,-0.013113,-0.180458,-0.234768,3.233434,0.296401,AGGRESSIVE,NO_CRASH,0.0000,,12.975905,77.598986
13:54:44.707,-0.989026,-3.569921,-2.758167,-0.468858,1.412117,0.080562,4.618440,1.490099,CRASH,NO_CRASH,0.0000,,12.975902,77.599001
13:54:44.756,-2.163399,-2.300891,0.355764,-0.219669,-0.017798,0.186027,3.178201,0.288405,CRASH,NO_CRASH,0.0000,,12.975898,77.598995
13:54:44.807,0.648562,2.150783,-0.960760,0.049163,-0.169318,-0.046268,2.443268,0.182281,CRASH,NO_CRASH,0.0000,,12.975907,77.599012
13:54:44.857,1.488907,1.120358,-3.163999,0.483655,-0.122002,0.225173,3.671912,0.547275,CRASH,NO_CRASH,0.0000,,12.975924,77.599011
13:54:44.908,-2.816658,0.418920,1.247338,-0.867692,0.104491,0.112466,3.108844,0.881168,CRASH,NO_CRASH,0.0000,,12.975922,77.599029
13:54:44.958,-4.764658,-0.121977,-2.697924,-0.706516,0.639235,-0.509337,5.476828,1.080375,CRASH,NO_CRASH,0.0000,,12.975912,77.599027
13:54:45.009,-0.041933,1.642030,0.324919,0.434895,-0.037718,-0.218036,1.674393,0.487951,CRASH,NO_CRASH,0.0000,,12.975914,77.599027
13:54:45.059,2.201134,1.868556,0.500345,-0.329852,-0.167189,0.307056,2.930330,0.480664,CRASH,NO_CRASH,0.0000,,12.975902,77.599044
13:54:45.109,0.211095,0.535362,0.478590,-0.077396,-0.421623,-0.026847,0.748480,0.429507,CRASH,NO_CRASH,0.0000,,12.975903,77.599058
13:54:45.160,-2.482278,-3.632953,-3.479072,-0.006463,-0.030199,0.044108,5.609278,0.053845,CRASH,NO_CRASH,0.0000,,12.975909,77.599076
13:54:45.210,-1.691446,3.181980,4.060900,-0.327252,1.128659,0.474958,5.429262,1.267498,CRASH,NO_CRASH,0.0000,,12.975897,77.599072
13:54:45.260,-0.737161,-1.226616,1.525461,-0.786160,-0.202425,1.066208,2.091656,1.340083,CRASH,NO_CRASH,0.0000,,12.975913,77.599064
13:54:45.311,2.924494,-2.308200,-0.104691,0.442573,-1.034059,-0.711037,3.727118,1.330685,CRASH,NO_CRASH,0.0000,,12.975901,77.599075
13:54:45.361,-3.300491,-2.739688,4.156622,0.225821,0.410402,0.267319,5.972993,0.539337,CRASH,NO_CRASH,0.0000,,12.975909,77.599078
13:54:45.412,2.227677,0.197778,2.919391,0.264566,-0.530011,-0.342905,3.677568,0.684463,CRASH,NO_CRASH,0.0000,,12.975904,77.599093
13:54:45.462,-2.455779,-2.490156,4.504784,0.031075,0.514798,0.218119,5.703052,0.559963,CRASH,NO_CRASH,0.0000,,12.975915,77.599101
13:54:45.513,-5.992658,6.913140,2.687439,-0.301281,-0.141008,0.340334,9.535501,0.475900,CRASH,NO_CRASH,0.0954,,12.975928,77.599083
13:54:45.563,4.206825,-3.708788,-1.744071,-0.896968,0.025019,0.240268,5.873182,0.928927,CRASH,NO_CRASH,0.0954,,12.975924,77.599088
13:54:45.613,0.860376,-0.947506,-1.030506,0.646176,0.516256,0.235953,1.643155,0.860080,CRASH,NO_CRASH,0.0954,,12.975929,77.599073
13:54:45.663,3.306010,1.007538,-1.066104,-0.503750,0.367094,0.164160,3.616824,0.644570,CRASH,NO_CRASH,0.0954,,12.975932,77.599091
13:54:45.713,1.202629,-1.868671,-2.485299,-0.000000,-0.000000,0.000000,3.333911,0.000000,CRASH,NO_CRASH,0.0954,,12.975926,77.599094
13:54:45.764,18.138287,1.365296,0.092665,1.971557,0.557345,-0.569799,18.189834,2.126580,CRASH,NO_CRASH,0.5795,,12.975909,77.599107
13:54:45.814,36.817284,2.886025,0.476627,-0.332480,-0.691687,-3.971525,36.933301,4.044995,CRASH,POSSIBLE_CRASH,0.7809,,12.975892,77.599103
13:54:45.865,49.329686,0.376227,-1.185029,4.307376,-0.334245,3.511608,49.345352,5.567458,CRASH,POSSIBLE_CRASH,0.8113,,12.975906,77.599115
13:54:45.915,57.238882,-2.498053,1.175997,3.765949,-2.153277,-4.900741,57.305435,6.544940,CRASH,POSSIBLE_CRASH,0.8309,,12.975921,77.599106
13:54:45.966,61.535756,-3.747485,0.302966,1.870322,-3.496555,-5.624462,61.650505,6.881757,CRASH,CRASH_DETECTED,0.9376,SERIOUS,12.975920,77.599105
13:54:46.340,57.567488,1.948646,-1.224150,4.185566,5.022920,0.295886,57.613466,6.544940,CRASH,CRASH_DETECTED,0.9376,SERIOUS,12.975920,77.599105
13:54:46.390,50.376664,1.933697,3.239278,1.227760,4.860580,2.421563,50.517723,5.567458,CRASH,CRASH_DETECTED,0.9376,SERIOUS,12.975920,77.599105
13:54:46.440,34.748427,-1.383783,0.517534,2.858157,-1.784869,2.237670,34.779820,4.044995,CRASH,CRASH_DETECTED,0.9376,SERIOUS,12.975920,77.599105
13:54:46.491,21.184579,-0.667641,-0.390111,-1.808579,0.989055,-0.522641,21.198687,2.126580,CRASH,CRASH_DETECTED,0.9376,SERIOUS,12.975920,77.599105
13:54:46.541,20.968426,0.533910,1.345644,0.576671,-2.505303,-0.984013,21.018342,2.752703,CRASH,CRASH_DETECTED,0.9376,SERIOUS,12.975920,77.599105
13:54:46.592,14.648311,0.207077,0.497937,-0.900724,-1.576374,-1.583498,14.658234,2.409092,CRASH,CRASH_DETECTED,0.9376,SERIOUS,12.975920,77.599105
13:54:46.642,11.521355,1.191347,1.296585,0.662966,-1.434550,1.395628,11.655130,2.108373,CRASH,CRASH_DETECTED,0.9376,SERIOUS,12.975920,77.599105
13:54:46.692,13.373819,1.151973,-0.400434,0.191911,0.857927,-1.622302,13.429313,1.845192,CRASH,CRASH_DETECTED,0.9376,SERIOUS,12.975920,77.599105
13:54:46.743,9.982241,-0.382402,-0.401481,1.314552,0.934269,0.082924,9.997627,1.614863,CRASH,CRASH_DETECTED,0.9376,SERIOUS,12.975920,77.599105
13:54:46.793,10.497918,0.384612,0.398838,1.266638,0.475804,0.408181,10.512530,1.413285,CRASH,CRASH_DETECTED,0.9376,SERIOUS,12.975920,77.599105
13:54:46.843,7.721443,-1.090296,0.043731,0.013686,1.210177,-0.255206,7.798162,1.236869,CRASH,NO_CRASH,0.8376,SERIOUS,12.975920,77.599105
13:54:46.894,6.514485,-0.281405,0.554139,-0.511639,0.617624,-0.726993,6.544064,1.082475,CRASH,NO_CRASH,0.8376,SERIOUS,12.975920,77.599105
13:54:46.944,7.082428,0.686441,-0.388686,0.381053,0.847582,-0.184067,7.126224,0.947353,CRASH,NO_CRASH,0.8376,SERIOUS,12.975920,77.599105
13:54:46.995,5.300621,0.331431,-0.388460,0.334901,0.535612,0.536997,5.325160,0.829098,CRASH,NO_CRASH,0.8376,SERIOUS,12.975920,77.599105
13:54:47.045,4.375181,-0.172606,0.101821,-0.408481,0.585863,-0.128104,4.379768,0.725605,CRASH,NO_CRASH,0.8376,SERIOUS,12.975920,77.599105
13:54:47.096,5.062523,-0.005170,-0.253702,0.085841,-0.582524,-0.237824,5.068878,0.635030,CRASH,NO_CRASH,0.8376,SERIOUS,12.975920,77.599105
13:54:47.146,3.734805,-0.420059,0.096870,-0.526750,0.000181,-0.177213,3.759601,0.555761,CRASH,NO_CRASH,0.8376,SERIOUS,12.975920,77.599105
13:54:47.197,2.938337,0.320538,-0.193585,0.012478,-0.369841,-0.315649,2.962101,0.486387,CRASH,NO_CRASH,0.8376,SERIOUS,12.975920,77.599105
13:54:47.247,2.862779,-0.263317,0.207471,0.255144,-0.340481,0.013120,2.882340,0.425673,CRASH,NO_CRASH,0.8376,SERIOUS,12.975920,77.599105
13:54:47.298,2.206439,0.140147,-0.574928,0.350620,-0.070758,0.104132,2.284416,0.372538,CRASH,NO_CRASH,0.8309,SERIOUS,12.975920,77.599105
13:54:47.348,2.285942,0.044996,0.125024,0.134299,0.121747,0.270999,2.289800,0.326035,CRASH,NO_CRASH,0.8113,SERIOUS,12.975920,77.599105
13:54:47.399,1.872570,0.109312,0.198753,-0.279375,-0.029191,0.050149,1.886258,0.285337,CRASH,NO_CRASH,0.7573,SERIOUS,12.975920,77.599105
13:54:47.449,1.663612,0.031202,0.179723,0.013185,-0.173766,0.178861,1.673583,0.249720,CRASH,NO_CRASH,0.4680,SERIOUS,12.975920,77.599105
13:54:47.499,1.560120,0.022741,0.175580,-0.098466,-0.052266,-0.187979,1.570134,0.218548,CRASH,NO_CRASH,0.4662,SERIOUS,12.975920,77.599105
13:54:47.550,1.173037,-0.085112,-0.096557,-0.061729,0.080273,-0.162262,1.180078,0.191267,CRASH,NO_CRASH,0.1466,SERIOUS,12.975920,77.599105
13:54:47.600,1.080142,-0.001380,-0.012899,-0.081540,0.089581,-0.115528,1.080220,0.167392,CRASH,NO_CRASH,0.1343,SERIOUS,12.975920,77.599105
13:54:47.651,0.952451,0.000643,0.095806,-0.091084,0.056433,-0.099902,0.957257,0.146497,CRASH,NO_CRASH,0.1343,SERIOUS,12.975920,77.599105
13:54:47.701,0.767640,0.081532,-0.043047,-0.026723,0.072618,0.102227,0.773157,0.128210,CRASH,NO_CRASH,0.1051,SERIOUS,12.975920,77.599105
13:54:47.752,0.698690,-0.065336,-0.020642,0.024867,0.080701,0.073887,0.702042,0.112206,CRASH,NO_CRASH,0.1051,SERIOUS,12.975920,77.599105
13:54:47.802,0.660224,-0.013617,0.048099,0.084492,0.042939,-0.025701,0.662114,0.098200,CRASH,NO_CRASH,0.0000,SERIOUS,12.975920,77.599105
13:54:47.852,0.528936,-0.011305,-0.039147,0.006990,0.030953,0.079869,0.530503,0.085942,CRASH,NO_CRASH,0.0000,SERIOUS,12.975920,77.599105
13:54:47.903,0.461029,0.044289,-0.013752,0.028480,-0.032880,0.061359,0.463356,0.075214,CRASH,NO_CRASH,0.0000,SERIOUS,12.975920,77.599105
13:54:47.953,0.361922,-0.014395,0.039041,0.040467,0.043004,-0.029086,0.364306,0.065825,CRASH,NO_CRASH,0.0000,SERIOUS,12.975920,77.599105
13:54:48.004,0.360415,0.033408,0.070278,-0.047808,-0.012311,0.029692,0.368719,0.057609,CRASH,NO_CRASH,0.0000,SERIOUS,12.975920,77.599105
13:54:48.054,-0.866731,0.282437,-1.626097,0.118895,-0.063048,-0.194635,1.864185,0.236630,CRASH,NO_CRASH,0.0000,SERIOUS,12.975920,77.599105
13:54:48.104,-0.558414,-1.760248,0.119765,0.097182,0.102053,-0.080910,1.850579,0.162498,CRASH,NO_CRASH,0.0000,SERIOUS,12.975920,77.599105
13:54:48.155,0.565181,0.150792,0.320753,-0.017435,0.143104,-0.001453,0.667121,0.144170,CRASH,NO_CRASH,0.0000,SERIOUS,12.975920,77.599105
13:54:48.205,-0.121185,0.081117,-0.022032,-0.060753,-0.164970,0.044181,0.147483,0.181268,CRASH,NO_CRASH,0.0000,SERIOUS,12.975920,77.599105
13:54:48.255,-0.086526,0.617680,1.174042,-0.075653,-0.023664,0.101460,1.329432,0.128753,CRASH,NO_CRASH,0.0000,SERIOUS,12.975920,77.599105
13:54:48.305,0.205659,0.682454,-0.316154,-0.046678,-0.064009,0.037644,0.779739,0.087709,CRASH,NO_CRASH,0.0000,SERIOUS,12.975920,77.599105
13:54:48.355,-0.845828,-0.777009,0.709157,0.026677,0.020524,0.048708,1.349841,0.059206,CRASH,NO_CRASH,0.0000,SERIOUS,12.975920,77.599105
13:54:48.406,0.215565,-0.590389,-0.630754,0.017946,0.066267,0.027562,0.890437,0.073980,CRASH,NO_CRASH,0.0000,SERIOUS,12.975920,77.599105
13:54:48.456,-0.200153,-1.174022,0.284466,-0.042875,0.136902,0.010406,1.224463,0.143836,CRASH,NO_CRASH,0.0000,SERIOUS,12.975920,77.599105
13:54:48.507,-0.407787,0.107562,-0.129260,0.114165,0.019634,0.009913,0.441099,0.116264,CRASH,NO_CRASH,0.0000,SERIOUS,12.975920,77.599105
13:54:48.557,0.549083,0.081107,-0.424370,0.043531,0.038001,-0.025768,0.698685,0.063269,CRASH,NO_CRASH,0.0000,SERIOUS,12.975920,77.599105
13:54:48.608,0.187599,-0.068477,0.151213,-0.005573,0.035888,0.008199,0.250495,0.037232,CRASH,NO_CRASH,0.0000,SERIOUS,12.975920,77.599105
13:54:48.658,-0.476536,-0.198676,0.003226,0.022591,-0.021970,0.031419,0.516304,0.044499,CRASH,NO_CRASH,0.0000,SERIOUS,12.975920,77.599105
13:54:48.708,0.340977,0.194630,-0.299094,-0.108426,-0.025973,0.031919,0.493562,0.115972,CRASH,NO_CRASH,0.0000,SERIOUS,12.975920,77.599105
13:54:48.759,0.138490,0.146951,-0.255569,-0.037215,0.066597,0.006741,0.325714,0.076587,CRASH,NO_CRASH,0.0000,SERIOUS,12.975920,77.599105
13:54:48.810,-0.204583,-0.116953,-0.000240,-0.072967,0.009661,0.017208,0.235653,0.075589,CRASH,NO_CRASH,0.0000,SERIOUS,12.975920,77.599105
13:54:48.860,-0.277738,-0.422690,-0.498721,0.075814,0.054509,0.021166,0.710301,0.095744,CRASH,NO_CRASH,0.0000,SERIOUS,12.975920,77.599105
13:54:48.911,0.428103,0.239759,-0.579072,0.070913,-0.035008,0.030532,0.759000,0.084773,CRASH,NO_CRASH,0.0000,SERIOUS,12.975920,77.599105
13:54:48.961,-0.486422,0.312891,-0.107516,-0.042553,-0.017133,-0.065132,0.588275,0.079665,CRASH,NO_CRASH,0.0000,SERIOUS,12.975920,77.599105
13:54:49.012,0.437498,0.068483,0.521402,0.020274,0.041567,-0.004746,0.684072,0.046491,CRASH,NO_CRASH,0.0000,SERIOUS,12.975920,77.599105
13:54:49.062,0.147879,0.025426,0.276637,-0.038672,-0.035161,-0.081187,0.314710,0.096556,CRASH,NO_CRASH,0.0000,SERIOUS,12.975920,77.599105
13:54:49.113,0.249753,0.052331,0.377726,-0.074377,0.024106,0.038960,0.455842,0.087355,CRASH,NO_CRASH,0.0000,SERIOUS,12.975920,77.599105
13:54:49.163,-0.439133,0.349385,0.030218,-0.013886,0.009148,0.020082,0.561980,0.026073,CRASH,NO_CRASH,0.0000,SERIOUS,12.975920,77.599105
13:54:49.214,-0.033489,-0.134361,-0.304186,0.003920,0.068259,-0.001630,0.334221,0.068391,CRASH,NO_CRASH,0.0000,SERIOUS,12.975920,77.599105
13:54:49.264,0.216210,-0.252849,-0.018824,0.008782,0.015595,-0.041875,0.333217,0.045540,CRASH,NO_CRASH,0.0000,SERIOUS,12.975920,77.599105
13:54:49.314,-0.070703,-0.353181,0.299902,-0.017751,0.011575,0.038150,0.468698,0.043641,CRASH,NO_CRASH,0.0000,SERIOUS,12.975920,77.599105
13:54:49.365,0.064808,0.105461,0.281561,0.028115,-0.016118,0.005388,0.307569,0.032852,CRASH,NO_CRASH,0.0000,SERIOUS,12.975920,77.599105
13:54:49.415,-0.256548,0.040177,-0.036469,-0.000856,0.016925,-0.003375,0.262224,0.017279,CRASH,NO_CRASH,0.0000,SERIOUS,12.975920,77.599105
13:54:49.465,-0.224527,-0.006282,0.021589,-0.050122,0.010103,-0.018482,0.225650,0.054368,CRASH,NO_CRASH,0.0000,SERIOUS,12.975920,77.599105
13:54:49.516,0.200061,-0.058799,0.019608,-0.042891,0.019592,0.035732,0.209442,0.059163,CRASH,NO_CRASH,0.0000,SERIOUS,12.975920,77.599105
13:54:49.567,0.355704,-0.189616,0.161771,-0.016610,0.007027,-0.038120,0.434338,0.042171,CRASH,NO_CRASH,0.0000,SERIOUS,12.975920,77.599105
13:54:49.617,-0.049341,-0.045313,0.123688,0.006604,0.027497,-0.025111,0.140664,0.037819,CRASH,NO_CRASH,0.0000,SERIOUS,12.975920,77.599105
13:54:49.667,0.110461,-0.124197,0.226561,0.007395,-0.022025,0.000035,0.280992,0.023234,CRASH,NO_CRASH,0.0000,SERIOUS,12.975920,77.599105
13:54:49.718,0.029485,-0.153296,-0.181846,0.006274,0.017212,0.041816,0.239660,0.045654,CRASH,NO_CRASH,0.0000,SERIOUS,12.975920,77.599105
13:54:49.769,-0.038484,0.135574,-0.013346,-0.005471,-0.022715,0.033186,0.141561,0.040586,CRASH,NO_CRASH,0.0000,SERIOUS,12.975920,77.599105
13:54:49.819,-0.014747,-0.062838,0.163773,0.056924,-0.001756,0.024319,0.176033,0.061926,CRASH,NO_CRASH,0.0000,SERIOUS,12.975920,77.599105
13:54:49.869,-0.025928,-0.309713,0.034504,-0.039429,0.027788,0.021936,0.312706,0.052990,CRASH,NO_CRASH,0.0000,SERIOUS,12.975920,77.599105
13:54:49.920,0.085568,0.124665,-0.271663,-0.008606,0.015124,-0.004673,0.310908,0.018018,CRASH,NO_CRASH,0.0000,SERIOUS,12.975920,77.599105
13:54:49.970,0.006884,-0.027651,0.136939,-0.020095,-0.027761,0.010216,0.139872,0.035761,CRASH,NO_CRASH,0.0000,SERIOUS,12.975920,77.599105
13:54:50.021,-0.087715,0.080521,0.110020,-0.010724,-0.021532,-0.004672,0.162117,0.024505,CRASH,NO_CRASH,0.0000,SERIOUS,12.975920,77.599105
13:54:50.071,-0.639010,-0.032470,0.363604,0.030987,-0.244678,-0.036192,0.735932,0.249273,NORMAL,NO_CRASH,0.0000,SERIOUS,12.975920,77.599105
13:54:50.122,-1.763668,1.268332,0.278765,-0.035016,-0.058906,0.017127,2.190183,0.070635,NORMAL,NO_CRASH,0.0000,SERIOUS,12.975920,77.599105
13:54:50.172,-1.311181,0.385667,-0.313173,0.062065,-0.219236,0.041320,1.402145,0.231568,NORMAL,NO_CRASH,0.0000,SERIOUS,12.975920,77.599105
13:54:50.223,1.547359,-1.084883,-0.217723,0.003272,0.187135,0.231435,1.902287,0.297645,NORMAL,NO_CRASH,0.0000,SERIOUS,12.975920,77.599105
13:54:50.273,-0.497397,-0.985795,-0.540514,-0.034673,0.053639,-0.116182,1.229370,0.132581,NORMAL,NO_CRASH,0.0000,SERIOUS,12.975920,77.599105
13:54:50.324,0.542458,1.189330,0.213534,0.008863,0.053771,0.229940,1.324524,0.236310,NORMAL,NO_CRASH,0.0000,SERIOUS,12.975920,77.599105
13:54:50.374,1.548478,1.287901,-0.009536,-0.051064,-0.011610,-0.194715,2.014092,0.201634,NORMAL,NO_CRASH,0.0000,SERIOUS,12.975920,77.599105
13:54:50.425,-0.560554,-0.329099,0.074444,-0.084898,-0.187495,0.103916,0.654270,0.230566,NORMAL,NO_CRASH,0.0000,SERIOUS,12.975920,77.599105
13:54:50.476,-0.905569,-0.339511,-0.865231,-0.013427,0.007718,-0.039643,1.297671,0.042561,NORMAL,NO_CRASH,0.0000,SERIOUS,12.975920,77.599105
13:54:50.526,-0.180763,-1.215644,0.504532,-0.075363,-0.208887,-0.385112,1.328540,0.444550,NORMAL,NO_CRASH,0.0000,SERIOUS,12.975920,77.599105
13:54:50.577,-0.532601,2.184847,0.174172,-0.118099,-0.087556,-0.136268,2.255561,0.200455,NORMAL,NO_CRASH,0.0000,SERIOUS,12.975920,77.599105
13:54:50.627,-1.187046,-0.322120,1.275425,-0.025194,-0.049057,-0.040892,1.771877,0.068654,NORMAL,NO_CRASH,0.0000,SERIOUS,12.975920,77.599105
13:54:50.677,0.447244,0.152983,0.873332,0.051057,0.191681,-0.001872,0.993045,0.198373,NORMAL,NO_CRASH,0.0000,SERIOUS,12.975920,77.599105
13:54:50.727,-0.458980,-1.117390,2.152049,0.059158,-0.068839,-0.121172,2.467901,0.151397,NORMAL,NO_CRASH,0.0000,SERIOUS,12.975920,77.599105
13:54:50.778,0.908297,1.277227,0.948712,-0.054725,0.227955,0.006479,1.832039,0.234522,NORMAL,NO_CRASH,0.0000,SERIOUS,12.975920,77.599105
13:54:50.828,1.747814,-0.866748,-0.179593,-0.119253,0.032319,-0.046437,1.959173,0.131993,NORMAL,NO_CRASH,0.0000,SERIOUS,12.975920,77.599105
13:54:50.878,0.092923,-0.383540,1.489176,-0.024821,-0.010682,-0.167241,1.540579,0.169410,NORMAL,NO_CRASH,0.0000,SERIOUS,12.975920,77.599105
13:54:50.929,0.221790,0.030838,0.301834,-0.024261,-0.117034,0.118081,0.375827,0.168014,NORMAL,NO_CRASH,0.0000,SERIOUS,12.975920,77.599105
13:54:50.979,0.318781,0.492078,0.528031,-0.018836,-0.071023,0.034972,0.789037,0.081377,NORMAL,NO_CRASH,0.0000,SERIOUS,12.975920,77.599105
13:54:51.030,0.676469,0.828402,-1.197295,0.028836,-0.093249,-0.068267,1.605420,0.119110,NORMAL,NO_CRASH,0.0000,SERIOUS,12.975920,77.599105
13:54:51.080,-0.203327,0.496694,-0.387860,-0.013583,-0.025312,-0.034760,0.662180,0.045094,NORMAL,NO_CRASH,0.0000,SERIOUS,12.975920,77.599105
13:54:51.130,-0.947559,0.605885,0.758787,-0.004776,0.042409,0.033662,1.356732,0.054355,NORMAL,NO_CRASH,0.0000,SERIOUS,12.975920,77.599105
13:54:51.181,0.067864,0.784043,-0.349876,0.045477,-0.021497,0.116311,0.861245,0.126722,NORMAL,NO_CRASH,0.0000,SERIOUS,12.975920,77.599105
13:54:51.231,-0.080214,0.828663,-1.991856,-0.029526,0.188435,-0.087577,2.158844,0.209879,NORMAL,NO_CRASH,0.0000,SERIOUS,12.975920,77.599105
13:54:51.282,-0.933733,-0.213647,0.179483,0.046230,-0.006068,-0.176508,0.974534,0.182563,NORMAL,NO_CRASH,0.0000,SERIOUS,12.975920,77.599105
13:54:51.332,-2.342137,-0.408841,1.159696,-0.083833,-0.098529,0.260153,2.645307,0.290544,NORMAL,NO_CRASH,0.0000,SERIOUS,12.975920,77.599105
13:54:51.382,0.192211,0.464034,-0.017626,0.024915,-0.062180,-0.072458,0.502577,0.098678,NORMAL,NO_CRASH,0.0000,SERIOUS,12.975920,77.599105
13:54:51.433,0.318684,0.724416,0.780215,0.093081,-0.220890,0.073578,1.111339,0.250740,NORMAL,NO_CRASH,0.0000,SERIOUS,12.975920,77.599105
13:54:51.483,1.473133,0.398095,-1.443812,0.070676,-0.046768,0.102413,2.100760,0.132932,NORMAL,NO_CRASH,0.0000,SERIOUS,12.975920,77.599105
13:54:51.534,0.064877,-0.095744,0.980269,0.096085,-0.049324,-0.075666,0.987068,0.131873,NORMAL,NO_CRASH,0.0000,SERIOUS,12.975920,77.599105
13:54:51.584,0.324987,-0.262702,-0.557586,-0.044346,-0.001119,0.124485,0.696800,0.132153,NORMAL,NO_CRASH,0.0000,SERIOUS,12.975920,77.599105
13:54:51.635,-1.180427,0.037860,-0.092146,0.124715,-0.016141,0.242602,1.184623,0.273258,NORMAL,NO_CRASH,0.0000,SERIOUS,12.975920,77.599105
13:54:51.685,0.039866,-0.264746,1.087815,0.013188,0.032175,-0.107903,1.120278,0.113368,NORMAL,NO_CRASH,0.0000,SERIOUS,12.975920,77.599105
13:54:51.736,0.030696,-0.146339,-0.221750,0.075093,0.052768,-0.163005,0.267452,0.187067,NORMAL,NO_CRASH,0.0000,SERIOUS,12.975920,77.599105
13:54:51.786,-0.922532,-0.621856,0.896426,-0.025229,0.032572,-0.067163,1.428758,0.078792,NORMAL,NO_CRASH,0.0000,SERIOUS,12.975920,77.599105
13:54:51.837,0.638805,-0.470904,-0.548624,0.042603,-0.077393,0.035598,0.964785,0.095247,NORMAL,NO_CRASH,0.0000,SERIOUS,12.975920,77.599105
13:54:51.887,1.212763,0.592711,0.160907,0.048755,-0.114797,0.252762,1.359408,0.281859,NORMAL,NO_CRASH,0.0000,SERIOUS,12.975920,77.599105
13:54:51.938,-0.525169,1.464377,-0.092702,0.016256,-0.226403,0.085082,1.558460,0.242408,NORMAL,NO_CRASH,0.0000,SERIOUS,12.975920,77.599105
13:54:51.988,0.841583,0.118489,1.028657,-0.011004,0.031427,-0.033260,1.334330,0.047064,NORMAL,NO_CRASH,0.0000,SERIOUS,12.975920,77.599105
13:54:52.038,-0.280163,-0.037383,-0.270277,0.079984,0.125050,0.021527,0.391074,0.149995,NORMAL,NO_CRASH,0.0000,SERIOUS,12.975920,77.599105
13:54:52.089,-1.121420,-0.775671,1.448144,0.012677,0.053117,-0.123171,1.989063,0.134734,NORMAL,NO_CRASH,0.0000,SERIOUS,12.975920,77.599105
13:54:52.140,-0.754795,0.076338,0.871931,0.023311,-0.099176,0.008966,1.155771,0.102272,NORMAL,NO_CRASH,0.0000,SERIOUS,12.975920,77.599105
13:54:52.190,0.024903,-1.441013,-0.044999,-0.153296,0.267227,-0.119472,1.441930,0.330430,NORMAL,NO_CRASH,0.0000,SERIOUS,12.975920,77.599105
13:54:52.240,-1.397860,-0.598198,-1.091129,0.068492,0.063782,0.223694,1.871474,0.242484,NORMAL,NO_CRASH,0.0000,SERIOUS,12.975920,77.599105
13:54:52.291,-1.383963,-0.721254,1.519806,-0.066734,0.024678,0.074425,2.178387,0.102964,NORMAL,NO_CRASH,0.0000,SERIOUS,12.975920,77.599105
13:54:52.341,0.021417,-0.946820,-0.065841,0.030185,0.030522,0.015181,0.949349,0.045533,NORMAL,NO_CRASH,0.0000,SERIOUS,12.975920,77.599105
13:54:52.391,0.726085,-0.109949,0.993392,-0.064393,0.034456,0.099483,1.235361,0.123412,NORMAL,NO_CRASH,0.0000,SERIOUS,12.975920,77.599105
13:54:52.442,-0.460385,-0.539506,-0.135529,-0.082562,0.233024,-0.097291,0.722073,0.265673,NORMAL,NO_CRASH,0.0000,SERIOUS,12.975920,77.599105
13:54:52.492,1.105814,0.583423,1.270327,-0.016857,-0.177021,-0.045317,1.782397,0.183506,NORMAL,NO_CRASH,0.0000,SERIOUS,12.975920,77.599105
13:54:52.543,-0.278355,-0.348835,-0.103161,0.017118,0.198650,-0.176407,0.458050,0.266222,NORMAL,NO_CRASH,0.0000,SERIOUS,12.975920,77.599105
13:54:52.593,1.806214,-0.005696,0.381387,0.072449,0.076347,-0.023558,1.846049,0.107855,NORMAL,NO_CRASH,0.0000,SERIOUS,12.975920,77.599105
13:54:52.643,-1.413810,0.031206,-1.109890,-0.074767,-0.042501,0.045227,1.797689,0.097170,NORMAL,NO_CRASH,0.0000,SERIOUS,12.975920,77.599105
13:54:52.694,-1.048100,-0.226249,-0.045713,0.033644,0.080842,-0.013514,1.073215,0.088600,NORMAL,NO_CRASH,0.0000,SERIOUS,12.975920,77.599105
13:54:52.744,0.070003,1.685206,1.126679,-0.022453,-0.092052,-0.092043,2.028356,0.132097,NORMAL,NO_CRASH,0.0000,SERIOUS,12.975920,77.599105
13:54:52.794,-0.183520,0.158539,0.206541,0.080734,0.070639,-0.018747,0.318549,0.108900,NORMAL,NO_CRASH,0.0000,SERIOUS,12.975920,77.599105
13:54:52.845,0.655372,-0.974777,-0.926792,-0.156308,-0.026496,0.088508,1.496210,0.181570,NORMAL,NO_CRASH,0.0000,SERIOUS,12.975920,77.599105
13:54:52.895,0.584066,0.327182,-0.083689,0.035133,-0.114064,0.016464,0.674674,0.120482,NORMAL,NO_CRASH,0.0000,SERIOUS,12.975920,77.599105
13:54:52.946,0.145998,1.262561,-0.121328,-0.081241,0.080718,0.023185,1.276752,0.116847,NORMAL,NO_CRASH,0.0000,SERIOUS,12.975920,77.599105
13:54:52.997,-0.350615,0.422776,0.226159,0.065628,0.096185,-0.170019,0.593985,0.206071,NORMAL,NO_CRASH,0.0000,SERIOUS,12.975920,77.599105
13:54:53.047,0.086393,-0.908083,0.560429,-0.008645,-0.109023,0.012158,1.070588,0.110039,NORMAL,NO_CRASH,0.0000,SERIOUS,12.975920,77.599105
13:54:53.097,-0.935407,0.831900,-1.339966,-0.055097,-0.076188,-0.157616,1.833727,0.183530,NORMAL,NO_CRASH,0.0000,SERIOUS,12.975920,77.599105
13:54:53.148,-1.468194,-1.119621,-0.397582,-0.036969,0.039135,-0.079619,1.888707,0.096111,NORMAL,NO_CRASH,0.0000,SERIOUS,12.975920,77.599105
13:54:53.198,0.119916,-0.048138,0.583680,-0.080274,-0.133389,-0.087925,0.597812,0.178795,NORMAL,NO_CRASH,0.0000,SERIOUS,12.975920,77.599105
13:54:53.249,0.458161,0.108578,1.663431,-0.050069,-0.096177,0.216835,1.728787,0.242434,NORMAL,NO_CRASH,0.0000,SERIOUS,12.975920,77.599105
13:54:53.299,-0.403735,0.090218,-0.673490,-0.021523,-0.104759,-0.061990,0.790399,0.123614,NORMAL,NO_CRASH,0.0000,SERIOUS,12.975920,77.599105
13:54:53.349,-1.510507,0.606710,0.031704,-0.034925,0.007881,-0.150924,1.628107,0.155112,NORMAL,NO_CRASH,0.0000,SERIOUS,12.975920,77.599105
13:54:53.400,-0.375721,1.568488,0.102051,0.050131,0.229464,-0.072003,1.616086,0.245665,NORMAL,NO_CRASH,0.0000,SERIOUS,12.975920,77.599105
13:54:53.450,-0.655892,-0.668636,-0.816056,-0.073631,0.078734,0.227286,1.242262,0.251554,NORMAL,NO_CRASH,0.0000,SERIOUS,12.975920,77.599105
13:54:53.501,0.655150,-1.191689,0.489650,0.058934,0.080627,0.074609,1.445372,0.124661,NORMAL,NO_CRASH,0.0000,SERIOUS,12.975920,77.599105
13:54:53.551,-0.121704,-0.538153,-1.827267,0.127354,-0.025617,-0.024209,1.908750,0.132141,NORMAL,NO_CRASH,0.0000,SERIOUS,12.975920,77.599105
13:54:53.602,-0.239696,-0.623296,0.939967,-0.035593,-0.081346,0.047792,1.153035,0.100837,NORMAL,NO_CRASH,0.0000,SERIOUS,12.975920,77.599105
13:54:53.652,1.451761,-0.040846,-1.216244,0.099711,0.032375,-0.164221,1.894341,0.194830,NORMAL,NO_CRASH,0.0000,SERIOUS,12.975920,77.599105
13:54:53.702,0.440688,-0.562732,-0.048471,-0.069236,-0.018982,0.018430,0.716396,0.074119,NORMAL,NO_CRASH,0.0000,SERIOUS,12.975920,77.599105
13:54:53.753,0.411342,0.679485,0.838172,0.003094,0.109686,-0.021150,1.154744,0.111749,NORMAL,NO_CRASH,0.0000,SERIOUS,12.975920,77.599105
13:54:53.804,-0.600146,-1.130954,-0.023403,-0.036366,0.008976,0.022161,1.280539,0.043521,NORMAL,NO_CRASH,0.0000,SERIOUS,12.975920,77.599105
13:54:53.854,0.123589,0.774604,-2.125007,0.022734,-0.037311,0.087570,2.265158,0.097864,NORMAL,NO_CRASH,0.0000,SERIOUS,12.975920,77.599105
13:54:53.904,0.433036,0.195852,1.352745,-0.075856,-0.098620,0.148143,1.433805,0.193459,NORMAL,NO_CRASH,0.0000,SERIOUS,12.975920,77.599105
13:54:53.955,-0.464748,-1.622436,0.650185,0.020568,-0.208211,-0.225720,1.808598,0.307773,NORMAL,NO_CRASH,0.0000,SERIOUS,12.975920,77.599105
13:54:54.006,-0.312162,-0.781672,-0.816991,-0.006300,-0.063017,0.030468,1.173001,0.070279,NORMAL,NO_CRASH,0.0000,SERIOUS,12.975920,77.599105
13:54:54.056,-0.198266,1.438507,-0.629064,0.013015,0.111552,-0.118731,1.582509,0.163433,NORMAL,NO_CRASH,0.0000,SERIOUS,12.975920,77.599105
13:54:54.106,0.260861,0.014021,0.979660,0.010253,-0.261372,-0.049891,1.013893,0.266289,NORMAL,NO_CRASH,0.0000,SERIOUS,12.975920,77.599105
13:54:54.157,0.542415,-0.521062,0.743885,-0.041721,-0.156045,0.050611,1.057868,0.169269,NORMAL,NO_CRASH,0.0000,SERIOUS,12.975920,77.599105
13:54:54.207,-0.437108,-0.626670,1.774139,0.053743,-0.034665,0.123963,1.931669,0.139487,NORMAL,NO_CRASH,0.0000,SERIOUS,12.975920,77.599105
13:54:54.257,0.946212,0.477247,-0.641153,0.024110,-0.066567,0.017469,1.238612,0.072922,NORMAL,NO_CRASH,0.0000,SERIOUS,12.975920,77.599105
13:54:54.308,0.585738,-0.507661,0.329229,-0.143587,0.046063,-0.026849,0.842141,0.153166,NORMAL,NO_CRASH,0.0000,SERIOUS,12.975920,77.599105
13:54:54.358,-0.506466,0.502725,-0.196265,-0.028412,-0.079405,-0.034609,0.740108,0.091160,NORMAL,NO_CRASH,0.0000,SERIOUS,12.975920,77.599105
13:54:54.408,-1.590867,-0.439524,-0.799344,0.043694,-0.194346,0.024033,1.833845,0.200642,NORMAL,NO_CRASH,0.0000,SERIOUS,12.975920,77.599105
13:54:54.458,0.610478,-0.823861,-0.003919,0.018564,0.002195,0.113275,1.025401,0.114807,NORMAL,NO_CRASH,0.0000,SERIOUS,12.975920,77.599105
13:54:54.509,-1.275337,0.228301,-0.085085,0.021236,-0.121219,0.031775,1.298401,0.127102,NORMAL,NO_CRASH,0.0000,SERIOUS,12.975920,77.599105
13:54:54.559,0.117473,0.907677,-0.548542,-0.194669,0.109547,-0.039036,1.067041,0.226761,NORMAL,NO_CRASH,0.0000,SERIOUS,12.975920,77.599105
13:54:54.610,0.891021,-0.304239,0.928185,0.007339,0.118591,-0.061063,1.322122,0.133590,NORMAL,NO_CRASH,0.0000,SERIOUS,12.975920,77.599105
13:54:54.660,-0.143087,-2.181569,0.618234,-0.049835,0.008881,0.162441,2.271988,0.170145,NORMAL,NO_CRASH,0.0000,SERIOUS,12.975920,77.599105
13:54:54.711,0.586815,-0.738007,0.725785,-0.008697,0.002418,-0.155921,1.189861,0.156182,NORMAL,NO_CRASH,0.0000,SERIOUS,12.975920,77.599105
13:54:54.762,0.224768,-1.717386,1.982257,0.060799,0.087020,0.004498,2.632352,0.106251,NORMAL,NO_CRASH,0.0000,SERIOUS,12.975920,77.599105
13:54:54.812,0.542503,-0.457525,-0.407295,-0.142974,0.079755,0.052824,0.818247,0.172025,NORMAL,NO_CRASH,0.0000,SERIOUS,12.975920,77.599105
13:54:54.862,-0.240453,-0.797742,-0.507263,-0.013059,-0.073476,-0.066544,0.975462,0.099987,NORMAL,NO_CRASH,0.0000,SERIOUS,12.975920,77.599105
13:54:54.913,-0.405272,-0.178628,-0.722365,0.076407,0.105856,-0.051443,0.847328,0.140321,NORMAL,NO_CRASH,0.0000,SERIOUS,12.975920,77.599105
13:54:54.963,0.973632,-0.431020,-0.428463,-0.063653,-0.061159,-0.008424,1.147744,0.088674,NORMAL,NO_CRASH,0.0000,SERIOUS,12.975920,77.599105
13:54:55.013,-0.047310,0.183296,-1.104464,0.018100,0.190311,0.190851,1.120570,0.270129,NORMAL,NO_CRASH,0.0000,SERIOUS,12.975920,77.599105
13:54:55.064,0.801890,0.292100,-1.428062,0.017852,0.014406,-0.109157,1.663644,0.111541,NORMAL,NO_CRASH,0.0000,SERIOUS,12.975920,77.599105
13:54:55.114,-1.113476,-0.522558,0.305703,0.072980,0.191287,0.054619,1.267419,0.211896,NORMAL,NO_CRASH,0.0000,SERIOUS,12.975920,77.599105
13:54:55.165,-0.842182,1.429343,0.611325,-0.034916,-0.135106,-0.005774,1.768053,0.139664,NORMAL,NO_CRASH,0.0000,SERIOUS,12.975920,77.599105
13:54:55.215,-0.889907,0.954828,0.518234,-0.038211,0.050911,-0.004600,1.404349,0.063822,NORMAL,NO_CRASH,0.0000,SERIOUS,12.975920,77.599105
13:54:55.266,0.036478,0.259488,-1.180898,-0.057839,0.172290,-0.020653,1.209622,0.182909,NORMAL,NO_CRASH,0.0000,SERIOUS,12.975920,77.599105
13:54:55.316,0.682353,1.096779,0.445640,0.000582,0.054017,0.011970,1.366428,0.055330,NORMAL,NO_CRASH,0.0000,SERIOUS,12.975920,77.599105
13:54:55.366,-0.502279,0.022557,-0.314518,0.056869,-0.016712,0.120511,0.593056,0.134299,NORMAL,NO_CRASH,0.0000,SERIOUS,12.975920,77.599105
13:54:55.417,1.545678,-0.434742,1.351680,0.023777,-0.155625,0.018298,2.098847,0.158491,NORMAL,NO_CRASH,0.0000,SERIOUS,12.975920,77.599105
13:54:55.467,0.705924,-0.939195,-0.436097,0.036842,0.083000,-0.044408,1.253235,0.101086,NORMAL,NO_CRASH,0.0000,SERIOUS,12.975920,77.599105
13:54:55.517,-0.268834,0.678675,0.607331,-0.082619,-0.065145,0.168023,0.949591,0.198246,NORMAL,NO_CRASH,0.0000,SERIOUS,12.975920,77.599105
13:54:55.568,-0.169400,0.146750,-2.018782,0.139339,0.160932,-0.139461,2.031185,0.254487,NORMAL,NO_CRASH,0.0000,SERIOUS,12.975920,77.599105
13:54:55.619,-0.528037,-0.773041,-0.300620,0.079905,0.110155,-0.060207,0.983254,0.148808,NORMAL,NO_CRASH,0.0000,SERIOUS,12.975920,77.599105
13:54:55.669,1.260935,0.853293,0.686403,0.060957,-0.061736,-0.066317,1.670094,0.109202,NORMAL,NO_CRASH,0.0000,SERIOUS,12.975920,77.599105
13:54:55.719,-0.240439,1.134453,-0.672342,-0.060584,0.072887,0.104139,1.340462,0.140811,NORMAL,NO_CRASH,0.0000,SERIOUS,12.975920,77.599105
13:54:55.770,-0.288107,0.585808,0.486788,0.077292,0.106612,-0.013241,0.814333,0.132347,NORMAL,NO_CRASH,0.0000,SERIOUS,12.975920,77.599105
13:54:55.820,1.135176,-0.053698,-1.246907,0.116347,-0.079822,0.051948,1.687094,0.150356,NORMAL,NO_CRASH,0.0000,SERIOUS,12.975920,77.599105
13:54:55.871,-0.576095,0.354768,-0.173083,-0.106328,-0.156705,0.001045,0.698358,0.189376,NORMAL,NO_CRASH,0.0000,SERIOUS,12.975920,77.599105
13:54:55.921,-1.218236,-0.453053,-0.584682,0.052625,-0.076390,-0.113549,1.425205,0.146623,NORMAL,NO_CRASH,0.0000,SERIOUS,12.975920,77.599105
13:54:55.971,-0.241426,0.471387,-1.064854,0.061253,-0.103647,0.022356,1.189288,0.122451,NORMAL,NO_CRASH,0.0000,SERIOUS,12.975920,77.599105
13:54:56.022,-1.084490,-0.424662,-0.821643,0.139582,0.002204,0.011006,1.425326,0.140033,NORMAL,NO_CRASH,0.0000,SERIOUS,12.975920,77.599105
13:54:56.072,0.533022,0.410051,0.472938,-0.024404,-0.075637,0.066740,0.822146,0.103782,NORMAL,NO_CRASH,0.0000,SERIOUS,12.975920,77.599105
13:54:56.123,0.608263,0.084849,-0.440778,-0.001957,-0.220747,0.014677,0.755956,0.221243,NORMAL,NO_CRASH,0.0000,SERIOUS,12.975920,77.599105
13:54:56.173,-0.297436,-1.010459,-1.197762,0.021430,0.185760,0.071023,1.595032,0.200026,NORMAL,NO_CRASH,0.0000,SERIOUS,12.975920,77.599105
13:54:56.223,0.037404,0.168729,-0.213257,0.082277,0.062401,-0.070377,0.274494,0.124966,NORMAL,NO_CRASH,0.0000,SERIOUS,12.975920,77.599105
13:54:56.274,0.243796,0.483820,0.235637,-0.021266,0.152479,0.148304,0.590798,0.213767,NORMAL,NO_CRASH,0.0000,SERIOUS,12.975920,77.599105
13:54:56.324,-0.197776,0.424562,0.193814,-0.099837,0.132009,-0.030185,0.506885,0.168241,NORMAL,NO_CRASH,0.0000,SERIOUS,12.975920,77.599105
13:54:56.375,-1.474119,-0.868304,-1.225500,-0.028931,0.056305,0.071177,2.104478,0.095255,NORMAL,NO_CRASH,0.0000,SERIOUS,12.975920,77.599105
13:54:56.425,0.636817,-0.654705,-1.625439,0.024093,0.085472,0.096382,1.864464,0.131055,NORMAL,NO_CRASH,0.0000,SERIOUS,12.975920,77.599105
13:54:56.476,0.892202,0.292437,0.598299,0.042644,-0.015525,-0.175922,1.113331,0.181682,NORMAL,NO_CRASH,0.0000,SERIOUS,12.975920,77.599105
13:54:56.526,-0.968042,0.197764,0.677607,0.017387,-0.058412,0.091224,1.198068,0.109710,NORMAL,NO_CRASH,0.0000,SERIOUS,12.975920,77.599105
13:54:56.576,-0.854082,-0.020936,-1.089745,-0.029278,-0.027092,0.093852,1.384716,0.101977,NORMAL,NO_CRASH,0.0000,SERIOUS,12.975920,77.599105
13:54:56.627,-1.242390,1.580200,0.574627,-0.004231,-0.261729,-0.020596,2.090637,0.262572,NORMAL,NO_CRASH,0.0000,SERIOUS,12.975920,77.599105
13:54:56.677,-0.102468,-0.369147,-0.063358,0.121253,0.038747,-0.088045,0.388308,0.154775,NORMAL,NO_CRASH,0.0000,SERIOUS,12.975920,77.599105
13:54:56.728,-0.771099,-1.043449,0.285202,-0.010540,-0.398313,-0.187557,1.328427,0.440388,NORMAL,NO_CRASH,0.0000,SERIOUS,12.975920,77.599105
13:54:56.778,0.591907,-0.509889,0.756739,-0.045856,-0.041143,-0.013811,1.087655,0.063137,NORMAL,NO_CRASH,0.0000,SERIOUS,12.975920,77.599105
13:54:56.829,-0.556486,-0.694236,-0.722718,0.086404,-0.112534,-0.039124,1.146282,0.147174,NORMAL,NO_CRASH,0.0000,SERIOUS,12.975920,77.599105
13:54:56.879,1.210450,-0.317824,0.333224,0.019182,-0.049691,0.011192,1.295083,0.054428,NORMAL,NO_CRASH,0.0000,SERIOUS,12.975920,77.599105
13:54:56.930,0.051572,-0.282720,-0.076186,0.000060,0.251128,-0.013679,0.297312,0.251500,NORMAL,NO_CRASH,0.0000,SERIOUS,12.975920,77.599105
13:54:56.981,-0.638185,-1.077679,0.933790,0.045711,0.084121,-0.048460,1.562254,0.107304,NORMAL,NO_CRASH,0.0000,SERIOUS,12.975920,77.599105
13:54:57.031,-0.635257,0.385754,-0.646186,0.103333,-0.226185,-0.008151,0.984842,0.248805,NORMAL,NO_CRASH,0.0000,SERIOUS,12.975920,77.599105
13:54:57.081,1.628485,0.017463,1.244197,0.072131,0.002906,-0.127803,2.049462,0.146782,NORMAL,NO_CRASH,0.0000,SERIOUS,12.975920,77.599105
13:54:57.132,-1.042128,0.001367,-0.947346,0.037236,-0.013914,-0.079531,1.408366,0.088911,NORMAL,NO_CRASH,0.0000,SERIOUS,12.975920,77.599105
13:54:57.183,-0.781819,0.556835,1.080175,0.038417,0.132581,-0.019259,1.445020,0.139372,NORMAL,NO_CRASH,0.0000,SERIOUS,12.975920,77.599105
13:54:57.233,0.402809,-0.348676,-1.229228,0.031277,0.147731,0.071065,1.339713,0.166892,NORMAL,NO_CRASH,0.0000,SERIOUS,12.975920,77.599105
13:54:57.283,-1.150178,-0.961964,-0.944612,0.000108,-0.059101,-0.058988,1.772167,0.083501,NORMAL,NO_CRASH,0.0000,SERIOUS,12.975920,77.599105
13:54:57.333,0.220882,1.477419,-0.176296,0.018002,-0.009688,-0.152841,1.504206,0.154203,NORMAL,NO_CRASH,0.0000,SERIOUS,12.975920,77.599105
13:54:57.383,0.444584,-0.141871,0.633840,-0.013694,-0.121134,0.231460,0.787106,0.261600,NORMAL,NO_CRASH,0.0000,SERIOUS,12.975920,77.599105
13:54:57.434,1.017612,-1.854465,-0.291631,0.042366,-0.045729,0.081896,2.135327,0.102922,NORMAL,NO_CRASH,0.0000,SERIOUS,12.975920,77.599105
13:54:57.484,-0.178665,0.432783,1.107626,0.001847,0.080915,0.039560,1.202521,0.090087,NORMAL,NO_CRASH,0.0000,SERIOUS,12.975920,77.599105
13:54:57.535,1.019767,-1.474550,0.814983,-0.029820,0.098481,0.029685,1.969370,0.107093,NORMAL,NO_CRASH,0.0000,SERIOUS,12.975920,77.599105
13:54:57.585,0.735909,-0.944606,-1.393922,0.019319,0.124613,-0.114021,1.837624,0.170007,NORMAL,NO_CRASH,0.0000,SERIOUS,12.975920,77.599105
13:54:57.636,0.548582,-0.950401,0.251150,0.012379,-0.034377,0.019620,1.125735,0.041472,NORMAL,NO_CRASH,0.0000,SERIOUS,12.975920,77.599105
13:54:57.686,2.210136,-0.691293,-0.204750,0.075913,0.021202,0.166218,2.324760,0.183958,NORMAL,NO_CRASH,0.0000,SERIOUS,12.975920,77.599105
13:54:57.736,0.795439,-1.843249,-0.064394,0.063910,-0.238828,0.103496,2.008591,0.268020,NORMAL,NO_CRASH,0.0000,SERIOUS,12.975920,77.599105
13:54:57.787,0.065552,-0.284243,0.064241,0.093286,-0.015032,0.217826,0.298694,0.237437,NORMAL,NO_CRASH,0.0000,SERIOUS,12.975920,77.599105
13:54:57.838,-0.415792,0.231510,-0.269647,0.002856,-0.002392,0.092698,0.546982,0.092773,NORMAL,NO_CRASH,0.0000,SERIOUS,12.975920,77.599105
13:54:57.888,0.487991,1.333431,1.356263,0.144342,0.063909,0.111250,1.963574,0.193120,NORMAL,NO_CRASH,0.0000,SERIOUS,12.975920,77.599105
13:54:57.938,0.851516,0.662060,0.323504,-0.112333,0.100894,-0.114378,1.126081,0.189422,NORMAL,NO_CRASH,0.0000,SERIOUS,12.975920,77.599105
13:54:57.989,-0.857663,0.144967,-0.365085,0.090141,0.055968,-0.004716,0.943339,0.106207,NORMAL,NO_CRASH,0.0000,SERIOUS,12.975920,77.599105
13:54:58.039,0.377456,-0.361432,-1.128028,-0.006186,-0.150848,0.046217,1.243203,0.157890,NORMAL,NO_CRASH,0.0000,SERIOUS,12.975920,77.599105
13:54:58.089,-0.641889,-0.348194,-0.811191,-0.070504,-0.021771,0.017117,1.091463,0.075749,NORMAL,NO_CRASH,0.0000,SERIOUS,12.975920,77.599105
13:54:58.140,-0.222458,0.648410,-0.183944,0.004252,0.004335,0.000937,0.709759,0.006144,NORMAL,NO_CRASH,0.0000,SERIOUS,12.975920,77.599105
13:54:58.191,1.095382,0.215090,1.342120,0.004733,0.136482,0.243609,1.745684,0.279276,NORMAL,NO_CRASH,0.0000,SERIOUS,12.975920,77.599105
13:54:58.241,0.714048,-0.503360,1.621754,0.012763,0.116347,-0.041252,1.842097,0.124102,NORMAL,NO_CRASH,0.0000,SERIOUS,12.975920,77.599105
13:54:58.292,1.135487,-0.160086,-1.100022,0.047089,-0.050932,-0.139623,1.589027,0.155904,NORMAL,NO_CRASH,0.0000,SERIOUS,12.975920,77.599105
13:54:58.342,-0.760350,0.359864,-1.247818,-0.012941,-0.114152,0.019884,1.504887,0.116592,NORMAL,NO_CRASH,0.0000,SERIOUS,12.975920,77.599105
13:54:58.393,0.123402,-0.381642,-1.542331,0.039078,-0.011119,0.047022,1.593632,0.062143,NORMAL,NO_CRASH,0.0000,SERIOUS,12.975920,77.599105
13:54:58.443,-0.193896,-0.641389,-0.338477,-0.004672,0.094451,-0.022036,0.750694,0.097099,NORMAL,NO_CRASH,0.0000,SERIOUS,12.975920,77.599105
13:54:58.494,1.041784,-0.125221,0.539736,0.003203,-0.005237,0.046666,1.179961,0.047068,NORMAL,NO_CRASH,0.0000,SERIOUS,12.975920,77.599105
13:54:58.544,-0.390329,0.011171,-0.553685,-0.017984,0.006371,-0.126366,0.677531,0.127798,NORMAL,NO_CRASH,0.0000,SERIOUS,12.975920,77.599105
13:54:58.595,0.066972,0.818861,0.359332,-0.000396,-0.094601,-0.261321,0.896737,0.277918,NORMAL,NO_CRASH,0.0000,SERIOUS,12.975920,77.599105
13:54:58.645,-0.328249,-0.336745,-1.463297,0.052151,-0.004808,-0.313609,1.537004,0.317952,NORMAL,NO_CRASH,0.0000,SERIOUS,12.975920,77.599105
13:54:58.696,-0.156568,0.527280,0.972929,0.067869,0.020993,-0.013312,1.117644,0.072278,NORMAL,NO_CRASH,0.0000,SERIOUS,12.975920,77.599105
13:54:58.746,0.978533,-0.478666,0.685227,-0.061217,-0.121715,-0.004348,1.286928,0.136312,NORMAL,NO_CRASH,0.0000,SERIOUS,12.975920,77.599105
13:54:58.796,-0.958835,0.683885,-0.401648,-0.071986,0.189437,0.097001,1.244341,0.224672,NORMAL,NO_CRASH,0.0000,SERIOUS,12.975920,77.599105
13:54:58.847,-1.031532,0.887583,-0.153754,-0.092212,0.118623,0.130199,1.369490,0.198812,NORMAL,NO_CRASH,0.0000,SERIOUS,12.975920,77.599105
13:54:58.897,-1.003435,-1.480317,-0.823406,-0.065430,-0.058725,-0.115915,1.968811,0.145485,NORMAL,NO_CRASH,0.0000,SERIOUS,12.975920,77.599105
13:54:58.948,0.513819,-1.258198,0.195103,-0.064391,-0.140499,-0.016019,1.373003,0.155379,NORMAL,NO_CRASH,0.0000,SERIOUS,12.975920,77.599105
13:54:58.998,0.236512,-0.305893,2.181339,-0.041266,0.000855,-0.008506,2.215344,0.042142,NORMAL,NO_CRASH,0.0000,SERIOUS,12.975920,77.599105
13:54:59.049,0.440713,0.379982,0.197447,0.024201,-0.059769,0.016595,0.614491,0.066584,NORMAL,NO_CRASH,0.0000,SERIOUS,12.975920,77.599105
13:54:59.099,2.096178,0.460125,1.343827,-0.136149,0.014222,0.064335,2.532104,0.151254,NORMAL,NO_CRASH,0.0000,SERIOUS,12.975920,77.599105
13:54:59.149,-0.050226,0.535123,1.576718,-0.076425,0.206888,0.100868,1.665809,0.242524,NORMAL,NO_CRASH,0.0000,SERIOUS,12.975920,77.599105
13:54:59.200,-1.220011,-1.089262,-0.047037,0.061078,0.005276,-0.061730,1.636194,0.086999,NORMAL,NO_CRASH,0.0000,SERIOUS,12.975920,77.599105
13:54:59.250,-0.709802,-0.206575,-0.955714,-0.097003,0.009988,-0.000579,1.208255,0.097518,NORMAL,NO_CRASH,0.0000,SERIOUS,12.975920,77.599105
13:54:59.301,0.511721,-0.454947,-0.238776,-0.092226,-0.145378,-0.114026,0.725154,0.206500,NORMAL,NO_CRASH,0.0000,SERIOUS,12.975920,77.599105
13:54:59.351,-0.432941,0.511415,-0.199033,-0.004500,0.037358,-0.023964,0.698997,0.044612,NORMAL,NO_CRASH,0.0000,SERIOUS,12.975920,77.599105
13:54:59.401,0.657153,0.730528,-0.159326,0.051876,0.149728,0.122852,0.995442,0.200505,NORMAL,NO_CRASH,0.0000,SERIOUS,12.975920,77.599105
13:54:59.452,-0.471181,-0.351024,-0.391807,-0.016698,-0.036374,0.115490,0.706216,0.122229,NORMAL,NO_CRASH,0.0000,SERIOUS,12.975920,77.599105
13:54:59.502,0.545285,-0.160798,-0.088609,0.032682,-0.013546,0.192940,0.575363,0.196156,NORMAL,NO_CRASH,0.0000,SERIOUS,12.975920,77.599105
13:54:59.553,0.236929,0.120246,-1.004140,0.014582,-0.032813,-0.128125,1.038697,0.133061,NORMAL,NO_CRASH,0.0000,SERIOUS,12.975920,77.599105
13:54:59.603,-0.895731,-0.787258,0.020922,0.063412,0.000081,-0.157064,1.192706,0.169382,NORMAL,NO_CRASH,0.0000,SERIOUS,12.975920,77.599105
13:54:59.654,-0.770210,-0.408915,1.404286,-0.022636,0.043072,0.079968,1.653014,0.093609,NORMAL,NO_CRASH,0.0000,SERIOUS,12.975920,77.599105
