Timestamp,AccX,AccY,AccZ,GyroX,GyroY,GyroZ,AccMagnitude,GyroMagnitude,DrivingBehaviour,CrashStatus,CrashConfidence,Severity,Latitude,Longitude
14:05:36.018,0.993448,-0.349767,-0.320894,0.052529,-0.101936,-0.182864,1.101021,0.215846,NORMAL,NO_CRASH,0.0000,,12.971608,77.594614
14:05:36.068,0.279723,-0.032826,-0.014490,0.078069,-0.185995,-0.052149,0.282015,0.208347,NORMAL,NO_CRASH,0.0000,,12.971626,77.594614
14:05:36.119,-0.152720,-0.449087,0.286452,-0.046557,-0.043402,0.128537,0.554128,0.143433,NORMAL,NO_CRASH,0.0000,,12.971643,77.594602
14:05:36.169,-0.054988,-1.013657,0.468557,0.046951,-0.168507,0.058935,1.118066,0.184587,NORMAL,NO_CRASH,0.0000,,12.971634,77.594598
14:05:36.219,-1.678380,-0.433294,0.058373,0.026409,-0.204702,-0.154903,1.734390,0.258061,NORMAL,NO_CRASH,0.0000,,12.971645,77.594618
14:05:36.270,-0.559816,-0.575677,-0.670938,0.088815,0.101836,-0.174743,1.046402,0.220893,NORMAL,NO_CRASH,0.0000,,12.971666,77.594607
14:05:36.320,0.391280,-0.673424,-1.345439,-0.000128,0.122164,-0.009676,1.554608,0.122546,NORMAL,NO_CRASH,0.0000,,12.971663,77.594614
14:05:36.370,0.306635,-0.195964,1.289920,-0.026903,-0.018225,-0.004343,1.340269,0.032784,NORMAL,NO_CRASH,0.0000,,12.971652,77.594625
14:05:36.421,-1.133001,-1.264385,0.213887,-0.001230,-0.122655,0.190665,1.711172,0.226713,NORMAL,NO_CRASH,0.0000,,12.971669,77.594619
14:05:36.471,-0.831199,-1.114458,-0.413264,0.061399,0.124672,0.022602,1.450412,0.140797,NORMAL,NO_CRASH,0.0000,,12.971679,77.594616
14:05:36.522,-0.400460,-0.656919,-0.638673,-0.011264,-0.151276,0.033304,0.999907,0.155308,NORMAL,NO_CRASH,0.0000,,12.971679,77.594628
14:05:36.572,0.002603,0.169115,-0.455313,0.010036,-0.127241,-0.119362,0.485712,0.174752,NORMAL,NO_CRASH,0.0000,,12.971701,77.594649
14:05:36.623,-1.162150,-0.807779,0.941001,0.103498,-0.058346,0.368993,1.699583,0.387650,NORMAL,NO_CRASH,0.0000,,12.971721,77.594669
14:05:36.673,-0.504272,0.452221,-0.332641,-0.252042,-0.207165,0.142538,0.754615,0.356033,NORMAL,NO_CRASH,0.0000,,12.971733,77.594673
14:05:36.723,-1.018355,-0.203538,-0.135938,0.020315,0.026141,0.068257,1.047356,0.075862,NORMAL,NO_CRASH,0.0000,,12.971734,77.594672
14:05:36.774,-1.008075,-0.082708,-0.611922,0.063971,-0.092811,-0.103023,1.182160,0.152708,NORMAL,NO_CRASH,0.0000,,12.971748,77.594671
14:05:36.824,-0.455842,-1.282607,-0.004014,-0.020515,-0.054040,0.002121,1.361209,0.057842,NORMAL,NO_CRASH,0.0000,,12.971760,77.594677
14:05:36.875,-0.061142,-0.294951,-1.242915,0.118268,0.170188,-0.111517,1.278895,0.235345,NORMAL,NO_CRASH,0.0000,,12.971781,77.594695
14:05:36.925,-0.553225,-1.016719,0.154995,0.035651,0.023229,-0.046649,1.167818,0.063141,NORMAL,NO_CRASH,0.0000,,12.971800,77.594698
14:05:36.975,0.508417,0.439943,-0.548354,0.022339,0.014396,0.079289,0.867600,0.083624,NORMAL,NO_CRASH,0.0000,,12.971788,77.594690
14:05:37.026,-0.693309,-1.045976,-0.016442,0.118201,-0.100439,-0.095801,1.254995,0.182311,NORMAL,NO_CRASH,0.0000,,12.971779,77.594704
14:05:37.076,-0.346922,0.475276,-1.534041,-0.076212,-0.049271,-0.085672,1.643023,0.124802,NORMAL,NO_CRASH,0.0000,,12.971787,77.594710
14:05:37.127,1.116243,-0.134316,1.787797,0.109325,0.101356,0.038522,2.111932,0.153977,NORMAL,NO_CRASH,0.0000,,12.971795,77.594716
14:05:37.177,-1.628808,0.012960,1.376724,-0.012799,-0.062397,0.241953,2.132733,0.250197,NORMAL,NO_CRASH,0.0000,,12.971785,77.594724
14:05:37.227,-0.743341,1.063779,1.643949,0.005824,-0.019074,0.024500,2.094457,0.031591,NORMAL,NO_CRASH,0.0000,,12.971786,77.594728
14:05:37.278,0.618471,-1.497729,-0.079173,0.037177,0.108206,0.021315,1.622334,0.116383,NORMAL,NO_CRASH,0.0000,,12.971780,77.594734
14:05:37.328,-0.912254,-0.494609,-0.474975,-0.079455,0.002804,0.229027,1.141247,0.242435,NORMAL,NO_CRASH,0.0000,,12.971771,77.594745
14:05:37.379,0.106931,-0.027831,1.356213,0.008385,0.151630,-0.090492,1.360707,0.176779,NORMAL,NO_CRASH,0.0000,,12.971775,77.594737
14:05:37.429,1.205299,-0.825649,-0.709563,0.021908,-0.022607,0.096511,1.624168,0.101516,NORMAL,NO_CRASH,0.0000,,12.971779,77.594751
14:05:37.480,-1.559698,0.079540,-0.876064,-0.000808,0.115531,0.160850,1.790663,0.198042,NORMAL,NO_CRASH,0.0000,,12.971787,77.594748
14:05:37.530,0.355882,-0.647142,-0.517942,-0.144630,0.094713,0.067526,0.902058,0.185602,NORMAL,NO_CRASH,0.0000,,12.971786,77.594747
14:05:37.581,0.999129,0.946795,-1.584414,0.031371,-0.244314,0.033851,2.098821,0.248635,NORMAL,NO_CRASH,0.0000,,12.971784,77.594752
14:05:37.631,-2.205550,-0.045329,-0.701906,-0.026812,0.010271,0.278746,2.314990,0.280221,NORMAL,NO_CRASH,0.0000,,12.971800,77.594773
14:05:37.681,1.925153,-1.034020,-0.150588,0.068792,-0.101255,0.098982,2.190454,0.157424,NORMAL,NO_CRASH,0.0000,,12.971804,77.594771
14:05:37.732,-0.262868,-0.820132,0.669654,-0.031627,-0.101291,0.138019,1.090941,0.174096,NORMAL,NO_CRASH,0.0000,,12.971800,77.594782
14:05:37.782,-0.695396,0.373242,-1.108624,0.030097,0.036141,0.176419,1.360857,0.182581,NORMAL,NO_CRASH,0.0000,,12.971796,77.594791
14:05:37.833,1.082938,-0.375671,-0.395666,0.067022,0.055974,0.064936,1.212615,0.108820,NORMAL,NO_CRASH,0.0000,,12.971801,77.594789
14:05:37.883,-0.304221,-0.539347,-0.571559,-0.021381,0.123974,-0.140942,0.842689,0.188922,NORMAL,NO_CRASH,0.0000,,12.971821,77.594795
14:05:37.933,0.073534,0.669502,0.712634,-0.013129,0.056800,0.050767,0.980555,0.077304,NORMAL,NO_CRASH,0.0000,,12.971811,77.594789
14:05:37.983,0.401734,-0.601044,1.093301,0.090748,0.022109,-0.045510,1.310706,0.103900,NORMAL,NO_CRASH,0.0000,,12.971830,77.594785
14:05:38.034,-0.840434,-0.128597,0.199758,0.028953,0.124045,-0.091522,0.873367,0.156849,NORMAL,NO_CRASH,0.0000,,12.971841,77.594795
14:05:38.084,0.990390,0.590829,-1.118641,-0.023135,0.037095,-0.058825,1.606646,0.073291,NORMAL,NO_CRASH,0.0000,,12.971840,77.594790
14:05:38.134,1.395267,-1.577968,2.078592,0.035356,0.054213,0.092973,2.959273,0.113283,NORMAL,NO_CRASH,0.0000,,12.971832,77.594780
14:05:38.185,1.223303,0.122656,0.231464,0.101325,0.151827,-0.010675,1.251035,0.182845,NORMAL,NO_CRASH,0.0000,,12.971853,77.594802
14:05:38.235,0.455390,0.222911,0.116042,0.071083,0.123154,-0.079921,0.520130,0.163117,NORMAL,NO_CRASH,0.0000,,12.971866,77.594820
14:05:38.286,-0.074306,0.598458,0.592688,-0.066131,0.102521,-0.361067,0.845549,0.381121,NORMAL,NO_CRASH,0.0000,,12.971884,77.594811
14:05:38.336,0.429297,1.843861,-0.451406,-0.038173,-0.113111,0.011987,1.946249,0.119979,NORMAL,NO_CRASH,0.0000,,12.971879,77.594812
14:05:38.386,-0.171771,0.445028,1.785500,-0.000371,0.067098,0.063016,1.848124,0.092050,NORMAL,NO_CRASH,0.0000,,12.971895,77.594825
14:05:38.447,0.377152,-0.281088,-0.648614,0.098234,0.208332,-0.141744,0.801221,0.270451,NORMAL,NO_CRASH,0.0000,,12.971904,77.594832
14:05:38.497,-0.206985,-0.949215,-1.551215,0.014068,-0.072687,-0.015350,1.830333,0.075610,NORMAL,NO_CRASH,0.0000,,12.971911,77.594822
14:05:38.548,-0.200346,-0.005015,-0.844650,0.020291,0.126397,0.028600,0.868099,0.131171,NORMAL,NO_CRASH,0.0000,,12.971909,77.594827
14:05:38.599,0.952447,-0.070654,-0.201269,-0.048231,-0.097271,0.002274,0.976041,0.108596,NORMAL,NO_CRASH,0.0000,,12.971899,77.594826
14:05:38.649,0.522408,-0.910094,0.845047,0.128646,0.338922,0.105372,1.347325,0.377520,NORMAL,NO_CRASH,0.0000,,12.971919,77.594827
14:05:38.699,-0.484220,0.749867,-0.741248,0.054685,0.133056,-0.157163,1.160266,0.213060,NORMAL,NO_CRASH,0.0000,,12.971940,77.594831
14:05:38.750,-0.764425,1.308325,0.298086,0.007155,0.136871,-0.050789,1.544317,0.146166,NORMAL,NO_CRASH,0.0000,,12.971952,77.594835
14:05:38.800,0.777064,0.103026,-1.486081,-0.090366,-0.177319,0.025723,1.680143,0.200673,NORMAL,NO_CRASH,0.0000,,12.971954,77.594840
14:05:38.851,1.021781,0.754475,-0.715084,0.098084,0.175497,-0.120670,1.457606,0.234480,NORMAL,NO_CRASH,0.0000,,12.971945,77.594858
14:05:38.906,-0.061818,-0.261684,0.503892,-0.002176,-0.012390,0.024387,0.571146,0.027440,NORMAL,NO_CRASH,0.0000,,12.971948,77.594880
14:05:38.956,-0.695540,1.003160,2.013210,-0.049892,-0.098280,0.093953,2.354383,0.144828,NORMAL,NO_CRASH,0.0000,,12.971944,77.594867
14:05:39.007,0.104312,-0.242726,2.407942,0.063138,0.006780,0.206951,2.422392,0.216474,NORMAL,NO_CRASH,0.0000,,12.971935,77.594858
14:05:39.057,1.623193,1.039522,-0.970822,0.077712,0.024222,-0.103206,2.158207,0.131443,NORMAL,NO_CRASH,0.0000,,12.971932,77.594868
14:05:39.108,-0.723824,-0.607595,-0.104428,-0.059712,-0.079091,-0.046405,0.950788,0.109428,NORMAL,NO_CRASH,0.0000,,12.971942,77.594862
14:05:39.158,0.174024,-1.176327,0.040190,-0.023801,0.117861,0.012199,1.189808,0.120857,NORMAL,NO_CRASH,0.0000,,12.971958,77.594871
14:05:39.208,-0.601049,0.315933,-0.979852,0.084178,-0.004236,-0.114360,1.192134,0.142063,NORMAL,NO_CRASH,0.0000,,12.971956,77.594873
14:05:39.259,1.028254,0.519947,0.255884,-0.141525,-0.017569,-0.092292,1.180308,0.169870,NORMAL,NO_CRASH,0.0000,,12.971943,77.594889
14:05:39.309,-0.039877,0.125953,-2.224824,-0.028754,0.035836,0.120834,2.228744,0.129275,NORMAL,NO_CRASH,0.0000,,12.971938,77.594902
14:05:39.360,0.390523,-1.227894,0.050523,-0.094548,0.146169,-0.060004,1.289490,0.184133,NORMAL,NO_CRASH,0.0000,,12.971932,77.594913
14:05:39.410,-0.609217,0.641798,0.765305,-0.082216,-0.253953,0.076288,1.169933,0.277617,NORMAL,NO_CRASH,0.0000,,12.971936,77.594930
14:05:39.461,1.348357,0.888732,-0.791139,0.018016,-0.054893,0.018879,1.798281,0.060781,NORMAL,NO_CRASH,0.0000,,12.971951,77.594953
14:05:39.511,-0.901032,-0.928519,1.081447,0.041887,-0.193879,-0.025453,1.686278,0.199979,NORMAL,NO_CRASH,0.0000,,12.971958,77.594948
14:05:39.561,-0.518647,-0.272663,1.308930,-0.080447,-0.232604,0.056105,1.434098,0.252436,NORMAL,NO_CRASH,0.0000,,12.971953,77.594948
14:05:39.612,-0.228810,-1.647365,-0.791334,0.013041,0.012838,-0.032809,1.841840,0.037567,NORMAL,NO_CRASH,0.0000,,12.971961,77.594938
14:05:39.662,0.580105,-1.404481,0.850463,-0.079354,0.052899,-0.086175,1.741372,0.128537,NORMAL,NO_CRASH,0.0000,,12.971963,77.594937
14:05:39.712,-1.002860,-1.625812,-1.091920,0.055481,0.105242,-0.030468,2.200291,0.122810,NORMAL,NO_CRASH,0.0000,,12.971981,77.594945
14:05:39.763,-0.930535,-0.548677,0.254038,0.127994,0.098776,-0.104246,1.109719,0.192370,NORMAL,NO_CRASH,0.0000,,12.971992,77.594936
14:05:39.813,1.888399,-1.318736,-0.075022,0.033969,0.144319,0.172403,2.304505,0.227387,NORMAL,NO_CRASH,0.0000,,12.972008,77.594944
14:05:39.863,-1.551583,0.097412,0.870269,-0.049954,0.061420,0.177740,1.781647,0.194575,NORMAL,NO_CRASH,0.0000,,12.972002,77.594953
14:05:39.914,1.862388,-0.486394,-1.127382,-0.016793,0.047083,-0.150938,2.230708,0.159001,NORMAL,NO_CRASH,0.0000,,12.972015,77.594955
14:05:39.970,-0.186527,-2.046179,0.351545,-0.035707,0.043328,-0.025068,2.084520,0.061488,NORMAL,NO_CRASH,0.0000,,12.972027,77.594950
14:05:40.020,-0.902623,1.353002,1.760809,0.071256,-0.165365,0.110295,2.397038,0.211158,NORMAL,NO_CRASH,0.0000,,12.972019,77.594963
14:05:40.071,1.427697,-0.586829,0.659574,-0.004286,0.020476,-0.063114,1.678608,0.066491,NORMAL,NO_CRASH,0.0000,,12.972028,77.594977
14:05:40.122,0.367631,1.540801,-0.447507,-0.089162,0.101097,0.070101,1.646051,0.151936,NORMAL,NO_CRASH,0.0000,,12.972050,77.594994
14:05:40.172,-0.542348,1.393735,0.267268,0.059780,-0.187815,0.070713,1.519234,0.209400,NORMAL,NO_CRASH,0.0000,,12.972069,77.595014
14:05:40.222,0.812129,-0.892322,0.565839,0.013124,-0.127570,-0.006223,1.332653,0.128394,NORMAL,NO_CRASH,0.0000,,12.972089,77.595005
14:05:40.273,0.478138,-0.522273,-2.375629,-0.007365,0.177923,0.069771,2.478911,0.191256,NORMAL,NO_CRASH,0.0000,,12.972110,77.595016
14:05:40.323,0.378668,-0.427513,0.717095,0.053402,0.024941,0.017292,0.916723,0.061424,NORMAL,NO_CRASH,0.0000,,12.972101,77.595014
14:05:40.373,1.498526,-0.241593,0.277413,-0.014100,0.051864,0.130628,1.543018,0.141253,NORMAL,NO_CRASH,0.0000,,12.972097,77.595036
14:05:40.424,-0.966636,0.896309,-0.264159,0.062729,-0.062725,0.084634,1.344446,0.122606,NORMAL,NO_CRASH,0.0000,,12.972089,77.595056
14:05:40.474,-1.523554,-0.438402,-1.242298,0.026427,-0.032190,0.174810,2.014129,0.179703,NORMAL,NO_CRASH,0.0000,,12.972110,77.595046
14:05:40.524,-0.294332,-0.570500,1.401434,0.009708,0.029408,0.058331,1.541466,0.066042,NORMAL,NO_CRASH,0.0000,,12.972116,77.595052
14:05:40.575,-0.414542,-0.162085,0.821998,0.123180,0.007926,-0.010544,0.934771,0.123884,NORMAL,NO_CRASH,0.0000,,12.972109,77.595049
14:05:40.625,-0.669245,0.574325,0.019092,0.024310,0.001969,-0.203314,0.882101,0.204772,NORMAL,NO_CRASH,0.0000,,12.972115,77.595040
14:05:40.676,-0.229584,-1.495916,-0.084464,0.089251,-0.058776,-0.068497,1.515786,0.126934,NORMAL,NO_CRASH,0.0000,,12.972107,77.595058
14:05:40.726,0.286326,0.093233,-0.402446,-0.103747,0.196412,-0.028141,0.502631,0.223904,NORMAL,NO_CRASH,0.0000,,12.972099,77.595060
14:05:40.777,-0.578628,0.257673,0.584121,0.099004,-0.104212,-0.064054,0.861628,0.157368,NORMAL,NO_CRASH,0.0000,,12.972105,77.595050
14:05:40.828,-0.609000,-0.600789,0.857976,0.060203,0.144712,-0.126022,1.211590,0.201115,NORMAL,NO_CRASH,0.0000,,12.972126,77.595056
14:05:40.878,0.438308,-0.454279,1.333786,-0.019571,0.013958,0.086771,1.475625,0.090039,NORMAL,NO_CRASH,0.0000,,12.972134,77.595067
14:05:40.929,0.200387,0.222369,1.713104,-0.043838,-0.041331,0.256611,1.739059,0.263589,NORMAL,NO_CRASH,0.0000,,12.972156,77.595059
14:05:40.979,0.248679,0.293141,1.754622,-0.008455,0.036528,-0.068066,1.796238,0.077710,NORMAL,NO_CRASH,0.0000,,12.972163,77.595072
14:05:41.030,0.910480,1.236364,1.035191,0.183375,0.047195,0.013467,1.851807,0.189829,NORMAL,NO_CRASH,0.0000,,12.972152,77.595071
14:05:41.080,0.887554,1.002229,0.126014,-0.026138,0.289027,0.062756,1.344654,0.296914,NORMAL,NO_CRASH,0.0000,,12.972140,77.595080
14:05:41.130,-0.875820,-0.535045,1.042586,0.090305,-0.122077,-0.238084,1.462983,0.282386,NORMAL,NO_CRASH,0.0000,,12.972144,77.595088
14:05:41.181,-0.705686,-0.723069,0.995958,0.075032,-0.065385,-0.045615,1.418716,0.109480,NORMAL,NO_CRASH,0.0000,,12.972161,77.595076
14:05:41.231,-1.395771,1.025233,-0.145069,0.122360,0.257698,0.038435,1.737908,0.287850,NORMAL,NO_CRASH,0.0000,,12.972172,77.595093
14:05:41.282,0.038755,1.068148,-0.481623,-0.006263,0.068304,0.090250,1.172350,0.113357,NORMAL,NO_CRASH,0.0000,,12.972172,77.595081
14:05:41.332,-0.086182,-1.279617,-0.608076,0.060725,0.000548,0.081270,1.419367,0.101453,NORMAL,NO_CRASH,0.0000,,12.972178,77.595093
14:05:41.382,-0.311159,0.428162,-0.751062,0.025828,-0.042237,-0.091889,0.918823,0.104377,NORMAL,NO_CRASH,0.0000,,12.972191,77.595107
14:05:41.433,0.241710,-1.322615,-1.265369,-0.124195,-0.020054,0.080940,1.846318,0.149592,NORMAL,NO_CRASH,0.0000,,12.972188,77.595122
14:05:41.483,-0.360744,-0.224831,0.079306,0.032228,0.146550,-0.070751,0.432405,0.165895,NORMAL,NO_CRASH,0.0000,,12.972183,77.595123
14:05:41.534,0.114711,0.028125,0.820458,0.052411,0.181368,-0.029572,0.828916,0.191091,NORMAL,NO_CRASH,0.0000,,12.972194,77.595132
14:05:41.585,0.080263,-0.002093,-0.325795,0.025661,-0.054846,-0.002174,0.335543,0.060592,NORMAL,NO_CRASH,0.0000,,12.972189,77.595128
14:05:41.635,0.594289,-0.476142,-0.305169,-0.050676,0.103952,-0.276959,0.820377,0.300134,NORMAL,NO_CRASH,0.0000,,12.972199,77.595133
14:05:41.686,-0.913752,1.431495,0.471979,0.053976,0.015711,-0.099549,1.762636,0.114325,NORMAL,NO_CRASH,0.0000,,12.972218,77.595153
14:05:41.736,-1.049062,-0.095705,0.638920,0.046462,0.121142,-0.048356,1.232035,0.138465,NORMAL,NO_CRASH,0.0000,,12.972224,77.595174
14:05:41.786,0.932051,0.238310,0.909074,0.010239,-0.014975,0.076260,1.323603,0.078388,NORMAL,NO_CRASH,0.0000,,12.972232,77.595174
14:05:41.837,0.663469,1.806378,0.743693,0.040364,-0.135702,-0.101258,2.063074,0.174062,NORMAL,NO_CRASH,0.0000,,12.972229,77.595168
14:05:41.887,-0.273294,-0.710798,1.260067,-0.068840,0.050256,0.128295,1.472308,0.154027,NORMAL,NO_CRASH,0.0000,,12.972234,77.595180
14:05:41.938,0.138817,1.083069,-1.229753,0.045192,0.115641,-0.063222,1.644567,0.139327,NORMAL,NO_CRASH,0.0000,,12.972249,77.595177
14:05:41.988,-0.879049,-1.392069,0.940038,0.005601,0.219153,-0.022395,1.895852,0.220365,NORMAL,NO_CRASH,0.0000,,12.972270,77.595182
14:05:42.038,-0.078459,-0.845681,1.405444,-0.072762,0.025577,0.220757,1.642134,0.233842,NORMAL,NO_CRASH,0.0000,,12.972261,77.595176
14:05:42.089,-0.107919,-0.602960,0.929645,0.042125,0.040867,0.029847,1.113305,0.065844,NORMAL,NO_CRASH,0.0000,,12.972275,77.595175
14:05:42.139,-0.037129,1.164922,0.532428,-0.075088,-0.206625,-0.276248,1.281367,0.353051,NORMAL,NO_CRASH,0.0000,,12.972289,77.595173
14:05:42.189,-0.211318,-0.184273,-0.946537,0.056058,-0.014525,0.059369,0.987190,0.082935,NORMAL,NO_CRASH,0.0000,,12.972290,77.595196
14:05:42.240,0.831413,0.746031,0.879154,-0.048099,0.116610,0.211775,1.421521,0.246496,NORMAL,NO_CRASH,0.0000,,12.972298,77.595188
14:05:42.290,2.884747,-0.082399,-0.505954,-0.004871,-0.161711,0.117682,2.929940,0.200058,NORMAL,NO_CRASH,0.0000,,12.972315,77.595211
14:05:42.341,0.089875,0.260907,0.267184,0.059261,0.017532,0.020367,0.384106,0.065069,NORMAL,NO_CRASH,0.0000,,12.972319,77.595210
14:05:42.391,-0.811422,-1.070896,-0.516985,0.003666,-0.116837,-0.015606,1.439617,0.117932,NORMAL,NO_CRASH,0.0000,,12.972325,77.595228
14:05:42.450,-0.141795,-0.628945,-1.608724,-0.071697,0.101749,-0.080702,1.733111,0.148345,NORMAL,NO_CRASH,0.0000,,12.972325,77.595250
14:05:42.501,0.600004,0.352525,-1.306784,-0.059281,-0.017133,0.018606,1.480528,0.064451,NORMAL,NO_CRASH,0.0000,,12.972337,77.595270
14:05:42.551,-0.676201,0.229175,-0.561496,-0.085765,0.073230,-0.034408,0.908321,0.117908,NORMAL,NO_CRASH,0.0000,,12.972348,77.595273
14:05:42.602,-0.278237,-0.397210,-0.056562,0.084054,0.007310,-0.128572,0.488253,0.153783,NORMAL,NO_CRASH,0.0000,,12.972368,77.595263
14:05:42.652,1.317934,1.270063,0.392693,-0.035767,-0.048197,-0.320011,1.871956,0.325591,NORMAL,NO_CRASH,0.0000,,12.972367,77.595255
14:05:42.702,1.821480,1.384196,1.137887,0.030570,0.125927,0.004725,2.555108,0.129671,NORMAL,NO_CRASH,0.0000,,12.972357,77.595259
14:05:42.753,-0.168583,-0.351968,-0.484410,-0.056260,0.023847,-0.079332,0.622057,0.100137,NORMAL,NO_CRASH,0.0000,,12.972368,77.595261
14:05:42.803,1.746174,0.267593,0.868516,0.018463,0.098047,-0.027073,1.968515,0.103378,NORMAL,NO_CRASH,0.0000,,12.972361,77.595256
14:05:42.854,-1.233137,-1.283116,-0.772699,-0.091805,-0.116797,0.177473,1.940123,0.231444,NORMAL,NO_CRASH,0.0000,,12.972381,77.595264
14:05:42.904,-0.193825,-0.100996,0.038832,-0.140956,-0.116039,0.093657,0.221983,0.205195,NORMAL,NO_CRASH,0.0000,,12.972387,77.595264
14:05:42.954,-0.954994,-1.904619,-0.354150,0.005664,-0.066395,-0.002600,2.159863,0.066687,NORMAL,NO_CRASH,0.0000,,12.972379,77.595287
14:05:43.004,1.061190,-0.753880,-0.204837,0.106167,-0.056129,-0.139138,1.317731,0.183797,NORMAL,NO_CRASH,0.0000,,12.972377,77.595283
14:05:43.055,0.271270,1.827466,0.511753,-0.018260,-0.012565,-0.012391,1.917058,0.025394,NORMAL,NO_CRASH,0.0000,,12.972398,77.595306
14:05:43.105,-0.468236,-0.344643,-0.651705,-0.000272,-0.072709,0.010071,0.873352,0.073404,NORMAL,NO_CRASH,0.0000,,12.972399,77.595306
14:05:43.156,0.192517,-0.107779,-0.057571,-0.067937,0.196595,-0.009284,0.228021,0.208210,NORMAL,NO_CRASH,0.0000,,12.972402,77.595321
14:05:43.207,-0.098637,-0.011567,-2.169603,0.006126,0.074610,0.039817,2.171875,0.084791,NORMAL,NO_CRASH,0.0000,,12.972397,77.595317
14:05:43.257,1.037829,-0.264788,-0.225075,0.134023,0.065535,-0.057735,1.094468,0.159970,NORMAL,NO_CRASH,0.0000,,12.972398,77.595331
14:05:43.308,0.218674,0.768911,-0.937162,0.068761,-0.126585,0.016098,1.231793,0.144951,NORMAL,NO_CRASH,0.0000,,12.972395,77.595332
14:05:43.358,-0.383944,0.134640,-1.494130,-0.085402,-0.173790,-0.012748,1.548536,0.194059,NORMAL,NO_CRASH,0.0000,,12.972386,77.595348
14:05:43.409,-0.498438,0.345189,-1.122691,0.060946,-0.025139,0.040340,1.275943,0.077290,NORMAL,NO_CRASH,0.0000,,12.972400,77.595337
14:05:43.460,0.147842,0.150628,1.206993,0.029833,-0.080451,-0.168262,1.225308,0.188877,NORMAL,NO_CRASH,0.0000,,12.972414,77.595345
14:05:43.510,0.348845,-0.795308,0.517209,-0.020574,0.166230,0.032748,1.010798,0.170670,NORMAL,NO_CRASH,0.0000,,12.972428,77.595360
14:05:43.560,1.132492,-2.146147,-0.124553,-0.006419,-0.071238,-0.039347,2.429814,0.081635,NORMAL,NO_CRASH,0.0000,,12.972452,77.595365
14:05:43.611,0.097634,-1.083475,-1.163453,0.076418,-0.105016,-0.060996,1.592820,0.143487,NORMAL,NO_CRASH,0.0000,,12.972450,77.595366
14:05:43.661,-1.311040,0.177663,-0.348748,-0.042577,0.029026,-0.137618,1.368216,0.146950,NORMAL,NO_CRASH,0.0000,,12.972458,77.595355
14:05:43.712,-0.553488,0.278714,-1.133614,0.040891,0.064586,0.156807,1.291940,0.174448,NORMAL,NO_CRASH,0.0000,,12.972462,77.595375
14:05:43.762,0.684672,0.231014,-0.112650,0.052095,0.072344,-0.099132,0.731323,0.133322,NORMAL,NO_CRASH,0.0000,,12.972456,77.595392
14:05:43.812,-0.135985,-0.281583,-0.273377,-0.006420,-0.081462,-0.139630,0.415350,0.161783,NORMAL,NO_CRASH,0.0000,,12.972467,77.595410
14:05:43.863,-0.450863,-0.205120,0.028666,0.025307,0.046427,0.049717,0.496158,0.072579,NORMAL,NO_CRASH,0.0000,,12.972464,77.595421
14:05:43.913,-0.594044,-0.484638,-0.104681,-0.102710,-0.052460,0.131912,0.773770,0.175220,NORMAL,NO_CRASH,0.0000,,12.972472,77.595431
14:05:43.963,-0.086341,1.166506,-0.220013,0.025443,0.096066,-0.089663,1.190209,0.133849,NORMAL,NO_CRASH,0.0000,,12.972486,77.595445
14:05:44.014,-0.735623,-1.335342,-0.730343,0.018730,0.089297,-0.267383,1.690467,0.282522,NORMAL,NO_CRASH,0.0000,,12.972495,77.595443
14:05:44.064,0.628613,-0.241529,1.427711,-0.032560,0.043881,-0.195839,1.578559,0.203319,NORMAL,NO_CRASH,0.0000,,12.972508,77.595456
14:05:44.114,1.202519,1.253563,0.506694,-0.046660,-0.096057,-0.083628,1.809479,0.135638,NORMAL,NO_CRASH,0.0000,,12.972515,77.595455
14:05:44.165,0.771048,0.075701,-0.778889,-0.050574,0.040641,-0.197689,1.098596,0.208063,NORMAL,NO_CRASH,0.0000,,12.972536,77.595475
14:05:44.215,0.983799,0.323911,0.560714,-0.077445,0.229055,0.005248,1.177786,0.241850,NORMAL,NO_CRASH,0.0000,,12.972546,77.595473
14:05:44.265,-1.836668,0.126318,-0.410521,-0.010403,0.039033,0.052069,1.886222,0.065902,NORMAL,NO_CRASH,0.0000,,12.972555,77.595469
14:05:44.315,0.109263,0.476372,-0.508897,-0.158976,-0.101604,0.222738,0.705581,0.291906,NORMAL,NO_CRASH,0.0000,,12.972543,77.595481
14:05:44.366,0.005770,-0.221987,-0.080276,0.008169,-0.079567,-0.215191,0.236127,0.229575,NORMAL,NO_CRASH,0.0000,,12.972558,77.595490
14:05:44.416,0.744228,0.380298,0.032503,0.087430,-0.048307,-0.152188,0.836396,0.182041,NORMAL,NO_CRASH,0.0000,,12.972560,77.595508
14:05:44.466,0.250665,0.959493,0.997322,-0.071686,0.218984,0.072856,1.406453,0.241662,NORMAL,NO_CRASH,0.0000,,12.972576,77.595529
14:05:44.516,-2.357023,-0.810005,-0.955813,0.019899,-0.100978,0.034031,2.669315,0.108400,NORMAL,NO_CRASH,0.0000,,12.972585,77.595539
14:05:44.567,-0.457915,1.046710,0.023127,-0.017683,0.017440,-0.052407,1.142727,0.057994,NORMAL,NO_CRASH,0.0000,,12.972587,77.595561
14:05:44.617,-0.678777,-0.352912,0.493608,0.042330,0.018741,-0.011435,0.910458,0.047685,NORMAL,NO_CRASH,0.0000,,12.972592,77.595555
14:05:44.668,0.458340,1.122855,0.337697,-0.113430,0.159315,0.160617,1.258936,0.253072,NORMAL,NO_CRASH,0.0000,,12.972605,77.595545
14:05:44.718,0.344219,-0.230955,1.467207,-0.008889,-0.189468,-0.035524,1.524639,0.192974,NORMAL,NO_CRASH,0.0000,,12.972604,77.595533
14:05:44.769,-0.480608,0.911862,2.667239,0.062281,-0.022518,0.040396,2.859483,0.077575,NORMAL,NO_CRASH,0.0000,,12.972602,77.595549
14:05:44.819,0.348193,-0.630848,0.525018,0.051981,0.044214,0.003250,0.891545,0.068318,NORMAL,NO_CRASH,0.0000,,12.972602,77.595559
14:05:44.869,-0.578111,-1.184673,0.389668,-0.056972,0.041381,0.086190,1.374593,0.111296,NORMAL,NO_CRASH,0.0000,,12.972604,77.595556
14:05:44.919,0.912546,-0.737168,-0.673935,0.105672,-0.110255,-0.206873,1.352903,0.257137,NORMAL,NO_CRASH,0.0000,,12.972595,77.595547
14:05:44.970,-1.757198,1.878561,0.897146,0.017851,0.061397,0.046207,2.724263,0.078889,NORMAL,NO_CRASH,0.0000,,12.972599,77.595566
14:05:45.020,0.081877,-0.199111,1.121737,-0.048830,-0.249322,0.139106,1.142209,0.289649,NORMAL,NO_CRASH,0.0000,,12.972610,77.595556
14:05:45.071,1.659005,1.643562,-0.508912,-0.088136,-0.036136,0.170170,2.390101,0.195017,NORMAL,NO_CRASH,0.0000,,12.972608,77.595552
14:05:45.121,-2.348909,0.226875,-0.674163,0.016371,0.191173,-0.064136,2.454249,0.202308,NORMAL,NO_CRASH,0.0000,,12.972625,77.595570
14:05:45.172,-1.001707,-0.116033,-1.564996,0.005804,0.248611,-0.016873,1.861744,0.249250,NORMAL,NO_CRASH,0.0000,,12.972622,77.595581
14:05:45.223,0.205182,-0.582882,1.528496,-0.055043,-0.212150,0.113228,1.648682,0.246693,NORMAL,NO_CRASH,0.0000,,12.972644,77.595595
14:05:45.273,1.353661,-1.054165,0.112797,0.034528,0.314090,-0.012926,1.719414,0.316246,NORMAL,NO_CRASH,0.0000,,12.972662,77.595601
14:05:45.324,-0.221316,-0.145934,-0.143073,-0.050854,0.010446,0.148428,0.301243,0.157245,NORMAL,NO_CRASH,0.0000,,12.972653,77.595621
14:05:45.374,0.414330,-0.891878,-1.646856,-0.149823,-0.111592,-0.017105,1.918137,0.187596,NORMAL,NO_CRASH,0.0000,,12.972662,77.595643
14:05:45.424,2.360635,1.510131,-1.529188,0.039817,-0.095748,-0.073644,3.192414,0.127187,NORMAL,NO_CRASH,0.0000,,12.972661,77.595660
14:05:45.481,0.193889,-0.293092,0.372541,-0.013397,0.012810,-0.116612,0.512135,0.118076,NORMAL,NO_CRASH,0.0000,,12.972674,77.595662
14:05:45.532,-0.805501,1.110050,-0.620921,-0.123309,-0.174665,0.030811,1.505519,0.216015,NORMAL,NO_CRASH,0.0000,,12.972693,77.595673
14:05:45.582,-0.164627,0.463412,1.951461,0.015327,-0.100156,-0.086240,2.012474,0.133054,NORMAL,NO_CRASH,0.0000,,12.972688,77.595661
14:05:45.633,0.600519,0.716630,0.017388,-0.058457,0.038054,-0.093186,0.935139,0.116400,NORMAL,NO_CRASH,0.0000,,12.972693,77.595654
14:05:45.683,-0.138282,-0.435468,0.038711,0.079520,0.001123,-0.247541,0.458534,0.260002,NORMAL,NO_CRASH,0.0000,,12.972704,77.595651
14:05:45.733,1.171515,0.290776,0.406845,-0.019281,-0.019692,-0.181528,1.273782,0.183608,NORMAL,NO_CRASH,0.0000,,12.972701,77.595672
14:05:45.784,-0.064590,0.198108,-0.861803,-0.033173,-0.069878,0.057343,0.886636,0.096288,NORMAL,NO_CRASH,0.0000,,12.972723,77.595685
14:05:45.834,0.605247,0.570969,-0.664946,-0.010760,-0.108965,0.073687,1.065121,0.131980,NORMAL,NO_CRASH,0.0000,,12.972733,77.595708
14:05:45.884,-1.555605,-0.800370,-0.350844,-0.029713,0.021246,0.200046,1.784262,0.203354,NORMAL,NO_CRASH,0.0000,,12.972752,77.595722
14:05:45.935,2.131052,-0.357238,0.467153,-0.055193,-0.133337,0.102354,2.210709,0.176921,NORMAL,NO_CRASH,0.0000,,12.972741,77.595729
14:05:45.985,-1.408719,1.333418,-0.525455,0.038001,-0.042657,-0.214084,2.009625,0.221575,NORMAL,NO_CRASH,0.0000,,12.972749,77.595752
14:05:46.035,0.702636,-1.131047,0.028980,-0.120876,-0.033135,-0.112185,1.331843,0.168210,NORMAL,NO_CRASH,0.0000,,12.972751,77.595758
14:05:46.086,-0.157223,-0.804995,1.456510,-0.013762,-0.177509,-0.089201,1.671573,0.199137,NORMAL,NO_CRASH,0.0000,,12.972752,77.595765
14:05:46.136,0.536173,-1.385462,-1.459667,-0.125616,-0.128170,-0.215455,2.082694,0.280406,NORMAL,NO_CRASH,0.0000,,12.972754,77.595778
14:05:46.186,-1.332408,0.307091,-0.903813,0.052610,-0.106272,0.211360,1.639053,0.242353,NORMAL,NO_CRASH,0.0000,,12.972775,77.595790
14:05:46.237,-0.826334,0.651395,-0.943017,0.054116,0.183275,0.002861,1.412949,0.191119,NORMAL,NO_CRASH,0.0000,,12.972762,77.595782
14:05:46.287,-0.599830,0.554703,-0.178022,0.064930,0.077638,0.071629,0.836172,0.123994,NORMAL,NO_CRASH,0.0000,,12.972762,77.595771
14:05:46.338,0.305325,0.009697,-0.871488,-0.032620,0.245938,0.069613,0.923477,0.257673,NORMAL,NO_CRASH,0.0000,,12.972784,77.595767
14:05:46.388,-0.387490,-0.959870,-0.369287,-0.104053,0.225970,-0.049160,1.099032,0.253587,NORMAL,NO_CRASH,0.0000,,12.972804,77.595760
14:05:46.439,0.401021,0.264109,-1.113759,0.041683,0.107496,0.121247,1.212860,0.167313,NORMAL,NO_CRASH,0.0000,,12.972822,77.595763
14:05:46.489,-0.739368,-0.434581,-0.510401,0.118496,0.044161,0.245456,0.998016,0.276116,NORMAL,NO_CRASH,0.0000,,12.972813,77.595787
14:05:46.539,-1.281833,0.919710,-1.032254,0.027353,-0.159386,0.188071,1.885341,0.248038,NORMAL,NO_CRASH,0.0000,,12.972807,77.595799
14:05:46.590,-0.359225,-0.876452,-0.207061,-0.015993,0.022183,0.077521,0.969580,0.082203,NORMAL,NO_CRASH,0.0000,,12.972812,77.595816
14:05:46.640,-0.292266,-1.815605,-1.378221,0.147611,-0.002040,0.022088,2.298115,0.149268,NORMAL,NO_CRASH,0.0000,,12.972830,77.595807
14:05:46.691,-0.420541,0.749319,0.194649,-0.028711,-0.055845,0.110413,0.881035,0.127020,NORMAL,NO_CRASH,0.0000,,12.972818,77.595818
14:05:46.741,-1.237660,-0.762437,1.010571,0.067519,-0.039160,0.137780,1.770414,0.158353,NORMAL,NO_CRASH,0.0000,,12.972814,77.595821
14:05:46.791,0.984162,-0.128586,0.140584,0.012282,0.194039,-0.047569,1.002433,0.200162,NORMAL,NO_CRASH,0.0000,,12.972837,77.595840
14:05:46.842,0.644383,-0.338275,0.156393,-0.025846,-0.040416,0.033173,0.744391,0.058326,NORMAL,NO_CRASH,0.0000,,12.972836,77.595837
14:05:46.892,-1.347974,0.357569,-0.536125,0.004821,-0.084198,0.030691,1.494095,0.089746,NORMAL,NO_CRASH,0.0000,,12.972833,77.595843
14:05:46.943,0.948483,-0.877662,0.034176,0.031271,0.007124,0.226190,1.292702,0.228453,NORMAL,NO_CRASH,0.0000,,12.972852,77.595830
14:05:46.993,-0.107059,0.065940,-1.841823,0.007729,-0.107003,0.000077,1.846110,0.107282,NORMAL,NO_CRASH,0.0000,,12.972844,77.595846
14:05:47.043,-0.796000,-0.164697,0.450276,0.008565,-0.053202,-0.150810,0.929241,0.160148,NORMAL,NO_CRASH,0.0000,,12.972833,77.595839
14:05:47.094,0.453415,0.258707,0.583740,-0.027144,-0.161771,0.013517,0.783113,0.164588,NORMAL,NO_CRASH,0.0000,,12.972831,77.595831
14:05:47.144,-0.328311,-2.286265,-0.144409,0.052568,0.167460,-0.051941,2.314228,0.183041,NORMAL,NO_CRASH,0.0000,,12.972850,77.595843
14:05:47.194,0.291837,-0.372966,0.689732,-0.088959,-0.004423,0.140855,0.836662,0.166653,NORMAL,NO_CRASH,0.0000,,12.972849,77.595840
14:05:47.244,0.385013,-0.916873,-0.584920,-0.045289,-0.083652,0.167419,1.153700,0.192556,NORMAL,NO_CRASH,0.0000,,12.972853,77.595831
14:05:47.295,-0.011465,0.390551,-0.320657,0.095625,0.085634,0.008365,0.505453,0.128636,NORMAL,NO_CRASH,0.0000,,12.972864,77.595843
14:05:47.345,-0.448150,1.100957,0.449875,0.003558,-0.193147,0.035014,1.270957,0.196328,NORMAL,NO_CRASH,0.0000,,12.972884,77.595866
14:05:47.396,-0.454818,-0.378706,-0.754067,0.096071,-0.005102,-0.037215,0.958590,0.103153,NORMAL,NO_CRASH,0.0000,,12.972874,77.595882
14:05:47.446,-1.634970,-0.647854,1.905838,0.097929,-0.164490,0.032798,2.593272,0.194223,NORMAL,NO_CRASH,0.0000,,12.972883,77.595896
14:05:47.497,0.269523,-0.047094,-0.713806,0.042432,-0.057143,-0.030377,0.764447,0.077386,NORMAL,NO_CRASH,0.0000,,12.972878,77.595890
14:05:47.548,-0.774740,-0.471809,0.653122,-0.054600,0.122187,0.121783,1.117763,0.180947,NORMAL,NO_CRASH,0.0000,,12.972901,77.595897
14:05:47.598,1.215491,0.812659,0.048323,0.064700,-0.009381,0.203280,1.462932,0.213534,NORMAL,NO_CRASH,0.0000,,12.972924,77.595887
14:05:47.648,-1.739112,-0.384106,-1.121310,-0.002124,0.037648,-0.056300,2.104610,0.067761,NORMAL,NO_CRASH,0.0000,,12.972916,77.595875
14:05:47.699,0.836797,-0.678625,0.960301,0.070184,0.120573,-0.015194,1.443239,0.140337,NORMAL,NO_CRASH,0.0000,,12.972911,77.595866
14:05:47.749,1.211134,0.519260,0.910934,-0.087030,0.170755,0.071978,1.601960,0.204725,NORMAL,NO_CRASH,0.0000,,12.972909,77.595868
14:05:47.800,-0.395750,0.323357,-0.324884,0.060664,-0.096134,0.090965,0.605581,0.145590,NORMAL,NO_CRASH,0.0000,,12.972903,77.595884
14:05:47.850,0.270116,0.124425,0.095633,0.013614,0.063668,0.020760,0.312394,0.068337,NORMAL,NO_CRASH,0.0000,,12.972920,77.595899
14:05:47.901,-1.367027,0.407264,-0.643338,-0.016175,-0.196827,-0.000439,1.564772,0.197491,NORMAL,NO_CRASH,0.0000,,12.972923,77.595900
14:05:47.951,1.230318,-1.259957,3.487993,-0.139918,0.024394,-0.014769,3.907336,0.142794,NORMAL,NO_CRASH,0.0000,,12.972923,77.595897
14:05:48.002,1.023484,0.572421,-0.350864,-0.040533,0.245476,-0.030432,1.224047,0.250654,NORMAL,NO_CRASH,0.0000,,12.972919,77.595920
14:05:48.052,0.183267,-0.501191,0.719146,-0.069350,0.071027,0.134332,0.895517,0.167031,NORMAL,NO_CRASH,0.0000,,12.972915,77.595923
14:05:48.103,0.364263,-0.526626,-0.030512,-0.050430,-0.126940,0.185450,0.641056,0.230323,NORMAL,NO_CRASH,0.0000,,12.972934,77.595940
14:05:48.153,1.103642,0.041463,-0.505108,0.052950,-0.054483,-0.103323,1.214446,0.128249,NORMAL,NO_CRASH,0.0000,,12.972933,77.595948
14:05:48.203,-1.289346,0.012798,0.262534,0.014933,0.175213,0.064303,1.315865,0.187237,NORMAL,NO_CRASH,0.0000,,12.972951,77.595948
14:05:48.254,0.348110,-0.897349,0.971440,0.034062,0.069661,0.047975,1.367520,0.091184,NORMAL,NO_CRASH,0.0000,,12.972968,77.595956
14:05:48.305,-0.014769,-0.810494,1.238265,-0.058817,-0.009354,-0.107835,1.480006,0.123189,NORMAL,NO_CRASH,0.0000,,12.972988,77.595948
14:05:48.355,-0.736027,-0.534035,0.656249,0.094254,-0.084619,0.176646,1.121424,0.217366,NORMAL,NO_CRASH,0.0000,,12.972998,77.595940
14:05:48.406,1.116515,-0.234214,0.677160,-0.031246,-0.007557,-0.004804,1.326653,0.032504,NORMAL,NO_CRASH,0.0000,,12.972986,77.595949
14:05:48.456,0.332387,0.528232,0.851026,-0.038021,-0.018360,0.041662,1.055346,0.059316,NORMAL,NO_CRASH,0.0000,,12.973005,77.595941
14:05:48.506,0.156930,0.044450,-0.104581,-0.022835,0.004776,-0.189467,0.193752,0.190897,NORMAL,NO_CRASH,0.0000,,12.973007,77.595943
14:05:48.557,-1.718331,0.521949,0.706321,-0.027452,-0.082296,-0.000317,1.929762,0.086754,NORMAL,NO_CRASH,0.0000,,12.973005,77.595957
14:05:48.607,0.942472,0.173416,-0.757833,-0.037361,0.068383,0.206169,1.221736,0.220404,NORMAL,NO_CRASH,0.0000,,12.973015,77.595968
14:05:48.658,-1.529778,-1.127805,0.006931,0.096042,-0.028687,-0.219433,1.900582,0.241243,NORMAL,NO_CRASH,0.0000,,12.973006,77.595987
14:05:48.708,0.055041,-0.363311,-0.467407,0.003291,-0.041503,-0.151402,0.594553,0.157022,NORMAL,NO_CRASH,0.0000,,12.973009,77.596004
14:05:48.759,-1.447189,0.036333,0.348058,-0.016482,0.023367,-0.375098,1.488899,0.376186,NORMAL,NO_CRASH,0.0000,,12.973006,77.596025
14:05:48.809,0.923848,0.041840,-0.039852,-0.040889,0.221957,0.098909,0.925653,0.246414,NORMAL,NO_CRASH,0.0000,,12.972994,77.596045
14:05:48.859,0.026972,1.115060,1.734927,-0.026414,0.150502,0.079283,2.062537,0.172146,NORMAL,NO_CRASH,0.0000,,12.972984,77.596061
14:05:48.910,0.711420,0.035541,0.215384,0.073824,0.001312,-0.105572,0.744159,0.128830,NORMAL,NO_CRASH,0.0000,,12.972990,77.596069
14:05:48.960,0.423602,-0.017905,-1.710591,-0.008882,-0.036973,0.016801,1.762351,0.041572,NORMAL,NO_CRASH,0.0000,,12.972991,77.596074
14:05:49.011,1.458644,-1.179866,-0.468360,-0.020833,0.041431,-0.097660,1.933672,0.108111,NORMAL,NO_CRASH,0.0000,,12.973009,77.596090
14:05:49.061,0.047427,0.333524,-0.011705,-0.084184,0.135272,-0.012625,0.337083,0.159828,NORMAL,NO_CRASH,0.0000,,12.973016,77.596100
14:05:49.111,0.655507,-0.800948,0.268943,0.046225,-0.062862,-0.147036,1.069363,0.166457,NORMAL,NO_CRASH,0.0000,,12.973020,77.596119
14:05:49.162,-0.788329,-1.085994,0.438215,-0.074439,-0.296996,-0.043894,1.411693,0.309313,NORMAL,NO_CRASH,0.0000,,12.973034,77.596126
14:05:49.212,1.465334,0.258950,0.441427,-0.100996,-0.152864,0.118170,1.552133,0.218017,NORMAL,NO_CRASH,0.0000,,12.973046,77.596142
14:05:49.262,1.285437,0.524321,-0.104390,-0.041576,-0.093960,0.058204,1.392178,0.118088,NORMAL,NO_CRASH,0.0000,,12.973046,77.596154
14:05:49.313,-0.538952,-0.372083,-0.040476,0.094275,-0.028725,0.060958,0.656166,0.115883,NORMAL,NO_CRASH,0.0000,,12.973040,77.596152
14:05:49.363,0.248444,0.799925,-2.113716,-0.004248,-0.166158,-0.097273,2.273631,0.192584,NORMAL,NO_CRASH,0.0000,,12.973051,77.596144
14:05:49.413,0.775582,0.278375,0.100433,0.079707,0.013210,-0.007747,0.830125,0.081165,NORMAL,NO_CRASH,0.0000,,12.973051,77.596135
14:05:49.464,0.672739,0.581733,-1.399125,-0.022892,0.076455,0.093610,1.657873,0.123013,NORMAL,NO_CRASH,0.0000,,12.973048,77.596132
14:05:49.514,-0.027653,0.407700,-0.423950,0.071063,0.174923,0.063325,0.588827,0.199143,NORMAL,NO_CRASH,0.0000,,12.973054,77.596132
14:05:49.565,0.451477,0.263939,0.046154,-0.028135,0.114012,-0.062416,0.525000,0.132989,NORMAL,NO_CRASH,0.0000,,12.973072,77.596142
14:05:49.615,-0.166943,0.662245,-0.660904,-0.094134,0.190801,0.008263,0.950386,0.212920,NORMAL,NO_CRASH,0.0000,,12.973083,77.596162
14:05:49.665,-0.185531,1.304276,1.286311,-0.012140,-0.128784,0.176369,1.841237,0.218721,NORMAL,NO_CRASH,0.0000,,12.973075,77.596175
14:05:49.716,0.109900,0.966145,-1.909780,0.028040,0.031517,0.026824,2.143076,0.049991,NORMAL,NO_CRASH,0.0000,,12.973086,77.596164
14:05:49.766,1.055918,0.571810,-1.289050,0.091291,-0.166260,-0.076997,1.761698,0.204707,NORMAL,NO_CRASH,0.0000,,12.973109,77.596187
14:05:49.816,-0.698947,0.713217,0.330441,0.017962,-0.064899,0.063419,1.051854,0.092501,NORMAL,NO_CRASH,0.0000,,12.973122,77.596194
14:05:49.867,-0.158706,-0.299404,-1.051731,-0.007132,0.060888,0.147657,1.104974,0.159878,NORMAL,NO_CRASH,0.0000,,12.973120,77.596215
14:05:49.917,-1.135099,-0.416977,-0.818797,-0.044771,0.032040,-0.198004,1.460393,0.205515,NORMAL,NO_CRASH,0.0000,,12.973131,77.596224
14:05:49.968,-0.897602,0.606303,0.440504,0.003828,0.015648,-0.032671,1.169332,0.036426,NORMAL,NO_CRASH,0.0000,,12.973134,77.596236
14:05:50.018,1.213299,0.633970,-0.140348,0.066933,-0.068530,-0.227231,1.376121,0.246597,NORMAL,NO_CRASH,0.0000,,12.973143,77.596225
14:05:50.068,-0.343486,-0.553506,-0.513819,0.061399,-0.019259,0.147171,0.829676,0.160624,NORMAL,NO_CRASH,0.0000,,12.973146,77.596223
14:05:50.118,0.227287,0.267615,1.667088,0.010040,0.136023,-0.039091,1.703661,0.141884,NORMAL,NO_CRASH,0.0000,,12.973148,77.596231
14:05:50.169,1.003994,0.010939,1.301561,-0.067370,0.081154,0.060473,1.643832,0.121580,NORMAL,NO_CRASH,0.0000,,12.973162,77.596231
14:05:50.219,-0.276743,0.184620,0.271538,-0.093798,0.026735,0.024097,0.429423,0.100466,NORMAL,NO_CRASH,0.0000,,12.973155,77.596239
14:05:50.270,-0.825272,-0.248925,-0.080092,-0.069499,0.100317,-0.076570,0.865709,0.144071,NORMAL,NO_CRASH,0.0000,,12.973164,77.596240
14:05:50.320,-0.206460,0.182038,0.988030,0.003625,0.058826,0.073942,1.025655,0.094557,NORMAL,NO_CRASH,0.0000,,12.973169,77.596263
14:05:50.370,0.077796,0.223445,-0.611538,0.043498,-0.040193,0.022976,0.655712,0.063525,NORMAL,NO_CRASH,0.0000,,12.973162,77.596272
14:05:50.421,-1.286479,0.139625,-1.144922,-0.062882,0.195977,0.243849,1.727823,0.319098,NORMAL,NO_CRASH,0.0000,,12.973180,77.596285
14:05:50.472,-0.256182,-0.872308,-0.709371,-0.075531,-0.016160,-0.110850,1.153151,0.135106,NORMAL,NO_CRASH,0.0000,,12.973183,77.596300
14:05:50.522,-1.781637,0.645350,1.498509,-0.028216,-0.054261,-0.002141,2.415830,0.061196,NORMAL,NO_CRASH,0.0000,,12.973196,77.596322
14:05:50.572,-0.092694,-0.332234,0.735704,0.071547,-0.018777,0.008213,0.812546,0.074424,NORMAL,NO_CRASH,0.0000,,12.973217,77.596346
14:05:50.623,0.458196,0.599103,0.741687,0.040864,-0.104980,-0.012120,1.057812,0.113303,NORMAL,NO_CRASH,0.0000,,12.973236,77.596360
14:05:50.673,-0.653228,0.892534,-0.532425,0.020564,0.139606,0.046848,1.227518,0.148685,NORMAL,NO_CRASH,0.0000,,12.973234,77.596363
14:05:50.723,0.009714,0.036812,0.570670,0.041918,0.027865,-0.204280,0.571938,0.210390,NORMAL,NO_CRASH,0.0000,,12.973250,77.596380
14:05:50.774,0.213248,0.029068,0.333945,-0.101727,-0.156435,0.057351,0.397289,0.195216,NORMAL,NO_CRASH,0.0000,,12.973265,77.596379
14:05:50.825,-0.226983,1.579110,0.577718,-0.043989,0.012890,-0.102133,1.696722,0.111948,NORMAL,NO_CRASH,0.0000,,12.973285,77.596400
14:05:50.875,1.136385,-1.474061,0.609605,-0.026991,-0.209821,-0.027691,1.958531,0.213355,NORMAL,NO_CRASH,0.0000,,12.973304,77.596399
14:05:50.926,0.537106,0.837600,-1.531971,0.046764,0.071534,-0.060602,1.826743,0.104770,NORMAL,NO_CRASH,0.0000,,12.973314,77.596388
14:05:50.976,-1.776492,0.079699,-0.284348,0.062647,-0.034691,0.102880,1.800869,0.125349,NORMAL,NO_CRASH,0.0000,,12.973314,77.596383
14:05:51.028,1.536772,-0.044232,0.022867,0.077982,-0.081425,-0.189763,1.537578,0.220729,AGGRESSIVE,NO_CRASH,0.0000,,12.973338,77.596373
14:05:51.078,-1.948699,-2.086067,1.235033,-0.027914,-0.022241,-0.029393,3.110371,0.046236,AGGRESSIVE,NO_CRASH,0.0000,,12.973345,77.596365
14:05:51.128,0.524902,-0.316369,0.173668,-0.060925,0.086270,-0.037766,0.637003,0.112163,AGGRESSIVE,NO_CRASH,0.0000,,12.973345,77.596362
14:05:51.178,-2.316649,-3.889772,0.556677,0.040330,-0.223032,0.046660,4.561478,0.231402,AGGRESSIVE,NO_CRASH,0.0000,,12.973343,77.596367
14:05:51.229,1.632365,0.567541,2.151756,0.138093,-0.021355,0.298256,2.759850,0.329367,AGGRESSIVE,NO_CRASH,0.0000,,12.973336,77.596359
14:05:51.279,0.761869,-1.690048,-0.908787,0.019853,-0.130135,0.002746,2.064607,0.131670,AGGRESSIVE,NO_CRASH,0.0000,,12.973349,77.596358
14:05:51.330,0.941891,-0.190237,-1.000395,0.134124,-0.127799,0.160770,1.387133,0.245294,AGGRESSIVE,NO_CRASH,0.0000,,12.973369,77.596383
14:05:51.380,-1.086799,-0.939745,-0.930454,0.091189,-0.023578,0.048840,1.711724,0.106098,AGGRESSIVE,NO_CRASH,0.0000,,12.973374,77.596400
14:05:51.431,1.495778,1.181667,-0.036552,-0.134328,0.061620,0.037322,1.906574,0.152427,AGGRESSIVE,NO_CRASH,0.0000,,12.973373,77.596395
14:05:51.481,0.179168,0.248389,-0.227066,-0.077749,-0.242961,0.045765,0.381257,0.259171,AGGRESSIVE,NO_CRASH,0.0000,,12.973363,77.596401
14:05:51.534,1.306275,0.218454,-0.282465,-0.076334,0.181692,0.077135,1.354202,0.211633,AGGRESSIVE,NO_CRASH,0.0000,,12.973369,77.596400
14:05:51.586,0.205769,1.814015,0.249479,-0.047398,-0.137496,-0.121389,1.842616,0.189439,AGGRESSIVE,NO_CRASH,0.0000,,12.973358,77.596401
14:05:51.637,1.188063,0.130563,-1.429829,-0.007819,-0.049985,0.161924,1.863585,0.169643,AGGRESSIVE,NO_CRASH,0.0000,,12.973357,77.596419
14:05:51.687,-0.018443,-0.259518,-0.847718,0.006897,-0.147011,0.085622,0.886744,0.170267,AGGRESSIVE,NO_CRASH,0.0000,,12.973381,77.596425
14:05:51.738,0.394537,0.595443,-0.335278,-0.028292,-0.063021,-0.122916,0.789065,0.140998,AGGRESSIVE,NO_CRASH,0.0000,,12.973373,77.596425
14:05:51.788,-0.649615,0.248817,0.409463,0.087935,-0.032208,0.315538,0.807198,0.329142,AGGRESSIVE,NO_CRASH,0.0000,,12.973394,77.596442
14:05:51.838,0.559046,-0.117337,-1.676240,-0.041980,0.062639,0.092116,1.770899,0.119043,AGGRESSIVE,NO_CRASH,0.0000,,12.973415,77.596435
14:05:51.889,2.020293,0.814736,1.523200,-0.015176,-0.182254,-0.159103,2.658103,0.242406,AGGRESSIVE,NO_CRASH,0.0000,,12.973438,77.596454
14:05:51.940,0.022249,0.998873,-0.925625,0.090590,-0.122572,-0.053454,1.361993,0.161517,AGGRESSIVE,NO_CRASH,0.0000,,12.973460,77.596476
14:05:51.990,1.778009,-1.161898,2.134026,-0.082669,-0.215871,0.071491,3.010878,0.241961,AGGRESSIVE,NO_CRASH,0.0000,,12.973480,77.596476
14:05:52.040,-0.040849,-1.103185,-0.373981,-0.046453,0.119203,-0.016419,1.165568,0.128984,AGGRESSIVE,NO_CRASH,0.0000,,12.973494,77.596500
14:05:52.091,-0.340584,1.759534,-0.498253,0.029509,0.085983,0.173357,1.860165,0.195746,AGGRESSIVE,NO_CRASH,0.0000,,12.973501,77.596524
14:05:52.141,1.995643,0.595239,-1.388028,-0.038326,0.034357,0.175598,2.502703,0.182987,AGGRESSIVE,NO_CRASH,0.0000,,12.973515,77.596516
14:05:52.191,-1.467798,0.114678,-0.558623,0.066184,0.030950,-0.029957,1.574688,0.078967,AGGRESSIVE,NO_CRASH,0.0000,,12.973526,77.596540
14:05:52.242,0.702245,0.133504,-1.657599,0.058477,0.068139,0.199249,1.805161,0.218546,AGGRESSIVE,NO_CRASH,0.0000,,12.973542,77.596532
14:05:52.292,-0.501802,-0.898569,0.079456,0.007459,-0.094666,-0.138690,1.032252,0.168084,AGGRESSIVE,NO_CRASH,0.0000,,12.973539,77.596555
14:05:52.343,2.089503,-0.597608,-1.375956,0.056332,-0.008499,-0.057393,2.572239,0.080867,AGGRESSIVE,NO_CRASH,0.0000,,12.973530,77.596576
14:05:52.393,0.436816,-0.656180,1.807172,-0.040020,0.097182,0.312130,1.971612,0.329350,AGGRESSIVE,NO_CRASH,0.0000,,12.973535,77.596576
14:05:52.444,0.645121,1.234919,-2.167125,-0.136911,0.133828,-0.161508,2.576361,0.250478,AGGRESSIVE,NO_CRASH,0.0000,,12.973529,77.596586
14:05:52.494,-0.177650,-0.240132,-0.209808,0.009237,0.007523,-0.087558,0.365024,0.088365,AGGRESSIVE,NO_CRASH,0.0000,,12.973529,77.596583
14:05:52.544,0.753277,-0.063229,0.470041,-0.114649,0.144557,-0.035930,0.890148,0.187968,AGGRESSIVE,NO_CRASH,0.0000,,12.973539,77.596597
14:05:52.595,0.184288,0.044244,-0.342548,0.056739,0.117682,0.120577,0.391483,0.177784,AGGRESSIVE,NO_CRASH,0.0000,,12.973539,77.596621
14:05:52.645,2.085913,-0.756869,0.544185,-0.035141,-0.094026,-0.047197,2.284736,0.110921,AGGRESSIVE,NO_CRASH,0.0000,,12.973560,77.596640
14:05:52.695,-0.516959,0.325280,1.370062,0.107064,0.064074,-0.052089,1.500042,0.135209,AGGRESSIVE,NO_CRASH,0.0000,,12.973569,77.596651
14:05:52.746,0.575198,0.642432,-0.068808,0.093699,-0.235323,-0.185863,0.865047,0.314168,AGGRESSIVE,NO_CRASH,0.0000,,12.973559,77.596657
14:05:52.797,2.127244,1.243197,-0.150871,-0.023820,-0.308112,-0.284471,2.468495,0.420029,AGGRESSIVE,NO_CRASH,0.0000,,12.973549,77.596657
14:05:52.847,1.972923,-0.412233,0.572637,-0.046950,-0.252713,0.049058,2.095298,0.261677,AGGRESSIVE,NO_CRASH,0.0000,,12.973540,77.596678
14:05:52.897,-1.587877,-0.847892,2.547823,0.028150,0.105289,0.160004,3.119563,0.193596,AGGRESSIVE,NO_CRASH,0.0000,,12.973534,77.596674
14:05:52.947,0.425408,0.492053,0.064334,-0.063474,-0.047640,0.041888,0.653626,0.089739,AGGRESSIVE,NO_CRASH,0.0000,,12.973547,77.596695
14:05:52.998,-2.874090,-2.114999,-1.627618,0.078703,0.238364,-0.177282,3.922086,0.307312,AGGRESSIVE,NO_CRASH,0.0000,,12.973555,77.596691
14:05:53.048,0.675182,-0.621950,0.132900,-0.011429,0.166787,0.168388,0.927553,0.237283,AGGRESSIVE,NO_CRASH,0.0000,,12.973548,77.596688
14:05:53.098,-1.164024,-1.483423,0.006504,0.040537,0.153635,0.127267,1.885614,0.203578,AGGRESSIVE,NO_CRASH,0.0000,,12.973565,77.596713
14:05:53.148,1.547412,-0.510277,1.665081,0.021307,-0.106689,-0.310866,2.329670,0.329355,AGGRESSIVE,NO_CRASH,0.0000,,12.973579,77.596727
14:05:53.198,0.711297,-1.880890,0.627661,0.005919,-0.111629,-0.051041,2.106573,0.122887,AGGRESSIVE,NO_CRASH,0.0000,,12.973596,77.596744
14:05:53.249,-0.650647,-0.992758,-0.062438,0.041244,0.039687,0.021454,1.188616,0.061126,AGGRESSIVE,NO_CRASH,0.0000,,12.973612,77.596746
14:05:53.299,0.377208,1.013863,-0.866968,-0.065316,0.035994,0.130713,1.386304,0.150492,AGGRESSIVE,NO_CRASH,0.0000,,12.973634,77.596751
14:05:53.349,1.316417,-1.147372,-0.277746,-0.018829,0.040850,0.021335,1.768208,0.049784,AGGRESSIVE,NO_CRASH,0.0000,,12.973633,77.596750
14:05:53.400,1.314137,-0.131058,-1.115181,-0.065342,0.010928,0.244057,1.728515,0.252889,AGGRESSIVE,NO_CRASH,0.0000,,12.973641,77.596741
14:05:53.450,0.620953,0.093693,-0.718995,-0.020354,-0.000042,0.131714,0.954629,0.133278,AGGRESSIVE,NO_CRASH,0.0000,,12.973653,77.596735
14:05:53.501,-0.723001,-1.560493,2.152269,0.181936,0.054134,-0.075396,2.755020,0.204244,AGGRESSIVE,NO_CRASH,0.0000,,12.973667,77.596747
14:05:53.551,1.343474,1.765256,-0.007580,-0.019472,0.205170,-0.020188,2.218357,0.207079,AGGRESSIVE,NO_CRASH,0.0000,,12.973675,77.596765
14:05:53.601,0.930174,-0.136828,-0.381857,-0.061243,-0.112623,0.198075,1.014772,0.235941,AGGRESSIVE,NO_CRASH,0.0000,,12.973692,77.596786
14:05:53.651,-0.996978,0.424358,-0.557165,-0.045523,0.191914,0.034932,1.218391,0.200308,AGGRESSIVE,NO_CRASH,0.0000,,12.973712,77.596791
14:05:53.702,1.638132,-0.538477,2.703966,-0.006257,0.096775,-0.039811,3.207003,0.104830,AGGRESSIVE,NO_CRASH,0.0000,,12.973725,77.596789
14:05:53.752,-0.382664,-0.045392,-1.053449,-0.166411,0.084757,-0.054331,1.121716,0.194495,AGGRESSIVE,NO_CRASH,0.0000,,12.973724,77.596801
14:05:53.802,1.171540,0.013400,0.609558,-0.027927,-0.022715,-0.131333,1.320700,0.136177,AGGRESSIVE,NO_CRASH,0.0000,,12.973734,77.596793
14:05:53.853,-1.523811,-0.070847,0.002661,0.153593,-0.188154,0.043119,1.525460,0.246682,AGGRESSIVE,NO_CRASH,0.0000,,12.973733,77.596782
14:05:53.904,-0.395172,0.427705,1.142554,-0.008479,-0.294951,-0.118279,1.282390,0.317896,AGGRESSIVE,NO_CRASH,0.0000,,12.973758,77.596789
14:05:53.954,0.287670,0.143796,-1.204962,0.044325,-0.183086,0.103621,1.247143,0.214994,AGGRESSIVE,NO_CRASH,0.0000,,12.973756,77.596787
14:05:54.005,3.010170,0.995149,-0.789306,0.108544,-0.055910,0.114114,3.267178,0.167122,AGGRESSIVE,NO_CRASH,0.0000,,12.973752,77.596788
14:05:54.055,2.476389,-2.115253,-1.796897,0.076431,0.214694,0.081778,3.719629,0.242122,AGGRESSIVE,NO_CRASH,0.0000,,12.973762,77.596796
14:05:54.105,0.863764,-0.940305,-1.272989,0.004562,-0.241734,0.086049,1.802987,0.256633,AGGRESSIVE,NO_CRASH,0.0000,,12.973772,77.596792
14:05:54.156,0.961732,-0.349411,0.162361,-0.151120,0.094572,0.007565,1.036040,0.178433,AGGRESSIVE,NO_CRASH,0.0000,,12.973764,77.596811
14:05:54.206,-0.104736,0.298097,-0.252687,-0.097800,0.145665,-0.296826,0.404577,0.344803,AGGRESSIVE,NO_CRASH,0.0000,,12.973769,77.596811
14:05:54.256,0.872281,-0.289897,0.372613,0.003106,-0.072549,0.173612,0.991844,0.188186,AGGRESSIVE,NO_CRASH,0.0000,,12.973766,77.596810
14:05:54.307,-1.192408,-3.009918,-0.924845,-0.038282,0.094562,0.180885,3.367013,0.207670,AGGRESSIVE,NO_CRASH,0.0000,,12.973771,77.596816
14:05:54.357,0.059583,-0.290584,-2.043863,0.050726,0.114442,0.060742,2.065276,0.139139,AGGRESSIVE,NO_CRASH,0.0000,,12.973771,77.596806
14:05:54.407,0.649603,-1.418320,-0.688788,-0.017096,-0.026264,0.182842,1.705298,0.185508,AGGRESSIVE,NO_CRASH,0.0000,,12.973770,77.596803
14:05:54.458,-0.242641,0.176093,0.245163,0.012659,-0.047057,-0.140314,0.387283,0.148535,AGGRESSIVE,NO_CRASH,0.0000,,12.973782,77.596805
14:05:54.508,-1.508612,1.531967,-2.051754,0.174219,0.176252,0.183572,2.971957,0.308408,AGGRESSIVE,NO_CRASH,0.0000,,12.973783,77.596817
14:05:54.558,-0.463731,0.428727,0.994893,0.114272,-0.056106,0.107422,1.178416,0.166570,AGGRESSIVE,NO_CRASH,0.0000,,12.973788,77.596823
14:05:54.608,-0.461498,-1.574109,0.440289,-0.010721,0.014594,0.101597,1.698427,0.103198,AGGRESSIVE,NO_CRASH,0.0000,,12.973796,77.596838
14:05:54.659,-0.624898,-0.771086,0.647497,0.021387,0.075904,0.010731,1.185041,0.079586,AGGRESSIVE,NO_CRASH,0.0000,,12.973804,77.596845
14:05:54.709,0.497525,1.344107,-0.728235,0.087309,0.029532,-0.105911,1.607632,0.140400,AGGRESSIVE,NO_CRASH,0.0000,,12.973821,77.596838
14:05:54.760,-0.318334,1.729426,0.870394,0.078332,-0.240019,-0.071440,1.962100,0.262390,AGGRESSIVE,NO_CRASH,0.0000,,12.973811,77.596831
14:05:54.810,-0.408155,-2.032098,-0.557856,-0.009462,-0.117075,0.062511,2.146443,0.133056,AGGRESSIVE,NO_CRASH,0.0000,,12.973833,77.596837
14:05:54.861,-0.589474,0.349259,1.256216,0.008721,-0.166537,0.133635,1.430923,0.213703,AGGRESSIVE,NO_CRASH,0.0000,,12.973827,77.596850
14:05:54.911,-0.210913,1.468270,1.185701,-0.042189,0.139374,0.123034,1.898997,0.190637,AGGRESSIVE,NO_CRASH,0.0000,,12.973837,77.596862
14:05:54.961,0.361393,1.130346,-0.008079,-0.006407,-0.078795,-0.097554,1.186741,0.125564,AGGRESSIVE,NO_CRASH,0.0000,,12.973855,77.596875
14:05:55.012,0.122979,-1.888403,0.614365,-0.050963,0.035996,-0.035300,1.989632,0.071687,AGGRESSIVE,NO_CRASH,0.0000,,12.973874,77.596887
14:05:55.065,0.883045,-0.769790,-1.052767,-0.028867,-0.071905,-0.004155,1.575012,0.077594,AGGRESSIVE,NO_CRASH,0.0000,,12.973870,77.596897
14:05:55.120,2.239887,-0.381874,-1.160749,-0.007607,0.086506,-0.192307,2.551521,0.211005,AGGRESSIVE,NO_CRASH,0.0000,,12.973886,77.596915
14:05:55.170,0.838283,-1.668067,0.530882,0.106123,0.033550,0.165698,1.940876,0.199608,AGGRESSIVE,NO_CRASH,0.0000,,12.973877,77.596911
14:05:55.220,2.053897,-3.172274,2.088851,-0.137870,0.050968,-0.214825,4.317999,0.260299,AGGRESSIVE,NO_CRASH,0.0000,,12.973896,77.596934
14:05:55.271,-2.046803,1.283846,1.282758,0.035358,-0.026159,0.124346,2.735531,0.131895,AGGRESSIVE,NO_CRASH,0.0000,,12.973909,77.596959
14:05:55.321,0.766246,-0.550253,-2.927650,0.018525,-0.052085,0.021393,3.075881,0.059276,AGGRESSIVE,NO_CRASH,0.0000,,12.973907,77.596982
14:05:55.372,0.408729,0.046658,0.876459,0.096511,-0.036259,-0.092152,0.968203,0.138279,AGGRESSIVE,NO_CRASH,0.0000,,12.973926,77.596986
14:05:55.423,-0.316375,3.140704,-2.402578,-0.006391,-0.041257,0.091201,3.966925,0.100303,AGGRESSIVE,NO_CRASH,0.0000,,12.973928,77.596992
14:05:55.473,1.370347,-1.031110,1.574568,0.084814,-0.029403,0.279915,2.328154,0.293956,AGGRESSIVE,NO_CRASH,0.0000,,12.973948,77.596983
14:05:55.523,-1.879467,-1.406063,1.390221,-0.040921,-0.182867,0.021177,2.728025,0.188582,AGGRESSIVE,NO_CRASH,0.0000,,12.973942,77.597007
14:05:55.574,-1.776884,-0.738819,0.152524,-0.015914,0.020443,0.104306,1.930397,0.107475,AGGRESSIVE,NO_CRASH,0.0000,,12.973964,77.597005
14:05:55.624,-0.617999,1.398685,-0.801498,0.050330,0.114063,0.159184,1.726453,0.202195,AGGRESSIVE,NO_CRASH,0.0000,,12.973978,77.597006
14:05:55.675,0.402346,-0.312724,0.262452,-0.098649,0.210747,0.178333,0.573201,0.293170,AGGRESSIVE,NO_CRASH,0.0000,,12.973976,77.597022
14:05:55.725,1.049557,0.469134,1.748693,0.019688,-0.166282,-0.010594,2.092745,0.167778,AGGRESSIVE,NO_CRASH,0.0000,,12.973975,77.597035
14:05:55.775,-2.412611,0.501445,2.004543,-0.054946,0.203039,0.250698,3.176528,0.327252,AGGRESSIVE,NO_CRASH,0.0000,,12.973989,77.597048
14:05:55.826,-0.827377,-2.502314,-2.608458,-0.118445,-0.017341,-0.083068,3.708124,0.145706,AGGRESSIVE,NO_CRASH,0.0000,,12.974004,77.597065
14:05:55.876,-0.638483,-1.718351,0.433194,0.049224,-0.073140,-0.217050,1.883626,0.234271,AGGRESSIVE,NO_CRASH,0.0000,,12.974005,77.597060
14:05:55.926,0.380822,-0.985703,1.976366,0.088940,-0.035598,-0.033766,2.241129,0.101577,AGGRESSIVE,NO_CRASH,0.0000,,12.974008,77.597082
14:05:55.977,0.670930,-1.496148,-0.021233,-0.033371,-0.040416,-0.032226,1.639835,0.061527,AGGRESSIVE,NO_CRASH,0.0000,,12.974023,77.597086
14:05:56.027,1.185258,2.225199,-2.081629,0.055969,0.210316,0.206928,3.269484,0.300307,AGGRESSIVE,NO_CRASH,0.0000,,12.974025,77.597097
14:05:56.077,0.026621,-1.860453,0.443367,-0.018164,-0.080784,-0.059899,1.912738,0.102195,AGGRESSIVE,NO_CRASH,0.0000,,12.974015,77.597106
14:05:56.128,-2.466280,-0.722569,1.160338,-0.188662,0.297943,0.111211,2.819757,0.369772,AGGRESSIVE,NO_CRASH,0.0000,,12.974031,77.597123
14:05:56.178,-1.415502,1.429381,-0.824300,-0.035162,0.056452,-0.061456,2.173993,0.090554,AGGRESSIVE,NO_CRASH,0.0000,,12.974030,77.597142
14:05:56.229,1.602905,0.283335,-1.417806,0.020204,0.171331,-0.091706,2.158647,0.195378,AGGRESSIVE,NO_CRASH,0.0000,,12.974046,77.597161
14:05:56.279,0.768035,-0.786463,-0.466399,0.077243,-0.318650,-0.235373,1.194123,0.403615,AGGRESSIVE,NO_CRASH,0.0000,,12.974057,77.597168
14:05:56.329,0.116749,-0.356922,-0.661674,-0.041386,-0.207836,0.215607,0.760813,0.302316,AGGRESSIVE,NO_CRASH,0.0000,,12.974049,77.597178
14:05:56.380,0.991084,0.536498,0.573815,0.149143,0.087877,-0.179796,1.264651,0.249585,AGGRESSIVE,NO_CRASH,0.0000,,12.974042,77.597198
14:05:56.430,1.573365,0.405108,0.657215,0.060076,0.092175,0.007001,1.752576,0.110247,AGGRESSIVE,NO_CRASH,0.0000,,12.974055,77.597203
14:05:56.480,-1.141704,-1.302343,-0.336619,-0.037360,0.124843,0.085154,1.764340,0.155669,AGGRESSIVE,NO_CRASH,0.0000,,12.974048,77.597222
14:05:56.531,-0.758020,-0.191862,-0.558785,-0.024261,-0.124918,-0.046947,0.961065,0.135636,AGGRESSIVE,NO_CRASH,0.0000,,12.974069,77.597220
14:05:56.581,-0.452517,0.052717,-1.053871,-0.030269,0.048571,-0.140260,1.148127,0.151486,AGGRESSIVE,NO_CRASH,0.0000,,12.974087,77.597210
14:05:56.632,-0.060979,-0.518564,0.256559,-0.003355,0.003485,-0.008874,0.581764,0.010107,AGGRESSIVE,NO_CRASH,0.0000,,12.974083,77.597227
14:05:56.682,0.655386,-1.786956,-2.055735,0.026701,-0.145557,-0.255208,2.801569,0.295010,AGGRESSIVE,NO_CRASH,0.0000,,12.974078,77.597231
14:05:56.733,-0.102257,0.771671,2.672315,0.006846,-0.143330,0.065111,2.783379,0.157575,AGGRESSIVE,NO_CRASH,0.0000,,12.974103,77.597231
14:05:56.784,1.891615,0.036196,-0.395092,0.122372,-0.235806,0.056498,1.932774,0.271609,AGGRESSIVE,NO_CRASH,0.0000,,12.974121,77.597221
14:05:56.834,0.143871,0.865865,-0.894667,-0.020618,0.122101,0.220512,1.253336,0.252901,AGGRESSIVE,NO_CRASH,0.0000,,12.974133,77.597239
14:05:56.885,-0.408108,0.082845,-0.338138,0.038607,0.041449,-0.072433,0.536426,0.091952,AGGRESSIVE,NO_CRASH,0.0000,,12.974125,77.597240
14:05:56.935,-1.864897,0.445245,-0.075733,0.037960,-0.084246,-0.098263,1.918807,0.134885,AGGRESSIVE,NO_CRASH,0.0000,,12.974122,77.597257
14:05:56.985,-2.306234,0.420294,0.226829,-0.001735,-0.209684,-0.080913,2.355168,0.224760,AGGRESSIVE,NO_CRASH,0.0000,,12.974139,77.597276
14:05:57.035,1.539659,-1.789996,0.805884,0.056281,0.039727,0.067942,2.494812,0.096757,AGGRESSIVE,NO_CRASH,0.0000,,12.974163,77.597269
14:05:57.086,0.980961,0.037639,-1.174721,0.005473,0.018958,-0.277747,1.530905,0.278447,AGGRESSIVE,NO_CRASH,0.0000,,12.974164,77.597283
14:05:57.136,0.173395,0.900537,-0.611999,-0.009666,-0.369958,0.208371,1.102531,0.424712,AGGRESSIVE,NO_CRASH,0.0000,,12.974164,77.597301
14:05:57.186,2.102118,-1.038718,0.134842,-0.047933,0.163632,-0.068669,2.348620,0.183816,AGGRESSIVE,NO_CRASH,0.0000,,12.974170,77.597302
14:05:57.236,-0.213909,0.910372,0.028667,-0.116192,0.087283,-0.271310,0.935605,0.307779,AGGRESSIVE,NO_CRASH,0.0000,,12.974165,77.597312
14:05:57.287,1.080014,1.328046,-0.326806,-0.030249,-0.278391,-0.062190,1.742681,0.286852,AGGRESSIVE,NO_CRASH,0.0000,,12.974169,77.597322
14:05:57.337,0.596068,0.081472,0.315977,0.011954,-0.044062,0.117364,0.679541,0.125931,AGGRESSIVE,NO_CRASH,0.0000,,12.974191,77.597329
14:05:57.387,2.310222,0.423352,-0.786752,0.004593,0.020134,0.054635,2.476960,0.058408,AGGRESSIVE,NO_CRASH,0.0000,,12.974209,77.597320
14:05:57.438,0.174530,1.146391,0.251238,0.060955,-0.064522,-0.129335,1.186505,0.156863,AGGRESSIVE,NO_CRASH,0.0000,,12.974225,77.597333
14:05:57.488,0.225941,0.411436,0.055623,0.038783,0.217199,-0.131149,0.472676,0.256670,AGGRESSIVE,NO_CRASH,0.0000,,12.974248,77.597334
14:05:57.539,1.439460,-0.138528,-0.750075,-0.004032,0.022547,0.104438,1.629063,0.106920,AGGRESSIVE,NO_CRASH,0.0000,,12.974263,77.597336
14:05:57.589,-0.604946,-0.884639,-2.166577,0.013239,-0.037150,0.109941,2.417148,0.116801,AGGRESSIVE,NO_CRASH,0.0000,,12.974282,77.597337
14:05:57.640,-1.044045,-2.136664,0.658893,-0.128756,-0.312135,-0.155085,2.467692,0.371561,AGGRESSIVE,NO_CRASH,0.0000,,12.974306,77.597354
14:05:57.690,-1.140894,-1.191300,-0.326339,-0.061167,-0.015325,0.222535,1.681467,0.231297,AGGRESSIVE,NO_CRASH,0.0000,,12.974316,77.597357
14:05:57.741,0.389841,-0.263573,-1.363929,-0.105860,-0.032786,0.165409,1.442827,0.199101,AGGRESSIVE,NO_CRASH,0.0000,,12.974314,77.597361
14:05:57.791,-0.568795,0.241186,0.377088,-0.172913,-0.121555,-0.016173,0.723805,0.211981,AGGRESSIVE,NO_CRASH,0.0000,,12.974323,77.597387
14:05:57.864,2.068231,0.411035,0.855694,0.039533,0.018648,0.217573,2.275684,0.221920,AGGRESSIVE,NO_CRASH,0.0000,,12.974342,77.597401
14:05:57.922,-0.367439,-0.498774,0.662528,-0.048170,-0.200842,-0.023390,0.907045,0.207858,AGGRESSIVE,NO_CRASH,0.0000,,12.974334,77.597416
14:05:57.973,-2.032148,-2.034625,0.600821,0.064989,-0.083983,-0.025453,2.937739,0.109199,AGGRESSIVE,NO_CRASH,0.0000,,12.974335,77.597416
14:05:58.023,-0.926979,-0.028395,0.600478,-0.118162,0.055419,0.114898,1.104840,0.173883,AGGRESSIVE,NO_CRASH,0.0000,,12.974348,77.597423
14:05:58.073,-0.798535,1.292995,0.698866,-0.022821,0.133777,-0.107743,1.672694,0.173279,AGGRESSIVE,NO_CRASH,0.0000,,12.974370,77.597447
14:05:58.124,2.357692,0.655771,2.170028,0.087131,-0.112792,0.061354,3.270745,0.155171,AGGRESSIVE,NO_CRASH,0.0000,,12.974365,77.597454
14:05:58.174,1.384510,-1.117277,0.477329,-0.043312,-0.218915,0.014369,1.842015,0.223621,AGGRESSIVE,NO_CRASH,0.0000,,12.974358,77.597448
14:05:58.224,1.158858,-0.781609,-1.327348,-0.027180,-0.232681,0.053678,1.927619,0.240334,AGGRESSIVE,NO_CRASH,0.0000,,12.974367,77.597442
14:05:58.275,-0.418384,0.783746,0.230014,-0.121695,0.233502,-0.029962,0.917719,0.265011,AGGRESSIVE,NO_CRASH,0.0000,,12.974363,77.597438
14:05:58.325,1.123691,-0.093378,-0.642968,-0.043740,-0.026333,0.164047,1.298002,0.171808,AGGRESSIVE,NO_CRASH,0.0000,,12.974381,77.597447
14:05:58.376,0.150288,-0.836073,-1.672522,-0.033742,-0.223736,-0.132586,1.875882,0.262250,AGGRESSIVE,NO_CRASH,0.0000,,12.974373,77.597454
14:05:58.426,0.437770,0.028621,-1.323807,0.053346,-0.052154,0.254285,1.394606,0.265003,AGGRESSIVE,NO_CRASH,0.0000,,12.974363,77.597455
14:05:58.477,1.435872,0.509125,-0.286139,0.104346,-0.079280,-0.049949,1.550100,0.140244,AGGRESSIVE,NO_CRASH,0.0000,,12.974360,77.597445
14:05:58.527,-0.130530,0.579953,1.408747,-0.076687,-0.123273,0.178227,1.529036,0.229874,AGGRESSIVE,NO_CRASH,0.0000,,12.974371,77.597466
14:05:58.578,-0.906979,-0.458939,-0.904113,-0.066895,-0.213862,-0.220168,1.360389,0.314143,AGGRESSIVE,NO_CRASH,0.0000,,12.974386,77.597471
14:05:58.628,-1.324139,2.015260,-1.604302,0.029438,0.096860,0.136360,2.896274,0.169831,AGGRESSIVE,NO_CRASH,0.0000,,12.974401,77.597487
14:05:58.679,0.176209,1.117873,0.252376,-0.063537,0.070202,-0.146987,1.159475,0.174845,AGGRESSIVE,NO_CRASH,0.0000,,12.974392,77.597486
14:05:58.729,-0.134868,-0.385841,-2.438342,0.057743,-0.078482,-0.022657,2.472362,0.100035,AGGRESSIVE,NO_CRASH,0.0000,,12.974410,77.597494
14:05:58.779,0.938647,-0.443269,1.982922,-0.011474,-0.232339,0.015426,2.238197,0.233133,AGGRESSIVE,NO_CRASH,0.0000,,12.974429,77.597516
14:05:58.829,-1.477528,0.584591,-0.975302,-0.181902,0.180113,0.112062,1.864417,0.279440,AGGRESSIVE,NO_CRASH,0.0000,,12.974426,77.597511
14:05:58.880,0.214350,1.414898,0.488290,0.058908,0.109953,0.034225,1.512055,0.129349,AGGRESSIVE,NO_CRASH,0.0000,,12.974426,77.597520
14:05:58.930,-0.475207,-0.148320,-1.649399,-0.071605,-0.142484,0.032847,1.722887,0.162813,AGGRESSIVE,NO_CRASH,0.0000,,12.974432,77.597525
14:05:58.980,0.450958,0.409134,-1.217374,-0.118376,-0.105228,-0.153922,1.361159,0.220857,AGGRESSIVE,NO_CRASH,0.0000,,12.974436,77.597534
14:05:59.031,-0.165666,-0.531372,-1.554762,0.019222,0.061898,-0.071073,1.651389,0.096188,AGGRESSIVE,NO_CRASH,0.0000,,12.974436,77.597540
14:05:59.081,0.855812,1.980715,2.069123,0.010371,0.191647,-0.275605,2.989468,0.335849,AGGRESSIVE,NO_CRASH,0.0000,,12.974454,77.597561
14:05:59.131,-2.744325,-0.925181,-2.126443,-0.068732,0.101436,0.071353,3.592915,0.141790,AGGRESSIVE,NO_CRASH,0.0000,,12.974468,77.597557
14:05:59.182,0.723805,0.471746,-0.113810,-0.141498,0.236314,-0.107457,0.871431,0.295656,AGGRESSIVE,NO_CRASH,0.0000,,12.974486,77.597559
14:05:59.232,0.260871,-2.308350,0.757439,0.128820,0.081125,-0.116187,2.443409,0.191508,AGGRESSIVE,NO_CRASH,0.0000,,12.974482,77.597582
14:05:59.282,-2.310428,-0.248160,0.427748,-0.033288,0.147335,-0.002021,2.362759,0.151062,AGGRESSIVE,NO_CRASH,0.0000,,12.974503,77.597607
14:05:59.333,1.455493,-1.247273,0.781143,-0.018968,-0.122642,0.125168,2.069863,0.176261,AGGRESSIVE,NO_CRASH,0.0000,,12.974520,77.597622
14:05:59.383,-0.204254,0.718961,0.654128,-0.081424,0.091086,0.047257,0.993231,0.130995,AGGRESSIVE,NO_CRASH,0.0000,,12.974540,77.597642
14:05:59.434,1.480369,0.370773,0.108431,0.077957,-0.228087,0.100013,1.529942,0.260966,AGGRESSIVE,NO_CRASH,0.0000,,12.974533,77.597662
14:05:59.484,1.462207,-2.192352,-0.403962,0.060956,0.032603,0.145714,2.666016,0.161280,AGGRESSIVE,NO_CRASH,0.0000,,12.974548,77.597684
14:05:59.534,0.423701,0.932428,-0.114402,-0.015902,-0.416007,0.067549,1.030550,0.421756,AGGRESSIVE,NO_CRASH,0.0000,,12.974538,77.597678
14:05:59.585,-0.071004,-1.963732,1.192056,0.013408,-0.194133,-0.153096,2.298321,0.247600,AGGRESSIVE,NO_CRASH,0.0000,,12.974530,77.597689
14:05:59.635,1.466347,-0.996675,0.501697,-0.017973,0.007765,-0.025636,1.842617,0.032257,AGGRESSIVE,NO_CRASH,0.0000,,12.974551,77.597713
14:05:59.686,1.373653,-1.861057,-1.412407,0.103629,0.101170,0.153710,2.710231,0.211190,AGGRESSIVE,NO_CRASH,0.0000,,12.974552,77.597723
14:05:59.736,-0.756026,-0.811205,-1.135419,0.020883,-0.000600,0.219387,1.587074,0.220379,AGGRESSIVE,NO_CRASH,0.0000,,12.974558,77.597717
14:05:59.787,2.388455,-0.466457,1.415103,-0.046699,-0.056951,-0.180269,2.815105,0.194733,AGGRESSIVE,NO_CRASH,0.0000,,12.974573,77.597726
14:05:59.837,1.819382,-0.001204,-0.793907,0.196821,-0.006776,0.090172,1.985054,0.216600,AGGRESSIVE,NO_CRASH,0.0000,,12.974572,77.597721
14:05:59.887,0.266885,-0.152927,0.873082,0.039548,-0.040866,-0.071028,0.925682,0.090990,AGGRESSIVE,NO_CRASH,0.0000,,12.974590,77.597723
14:05:59.938,-0.952911,0.756794,0.122709,-0.032416,-0.039432,-0.362527,1.223043,0.366104,AGGRESSIVE,NO_CRASH,0.0000,,12.974581,77.597730
14:05:59.988,0.660207,0.001122,0.143217,-0.053739,0.227931,0.224024,0.675563,0.324079,AGGRESSIVE,NO_CRASH,0.0000,,12.974583,77.597736
14:06:00.039,-1.378171,-0.005664,-1.126515,-0.116563,-0.056870,-0.073822,1.780006,0.149234,AGGRESSIVE,NO_CRASH,0.0000,,12.974589,77.597742
14:06:00.089,-2.485035,-0.762462,-1.166294,0.015200,0.098766,0.104557,2.849033,0.144631,AGGRESSIVE,NO_CRASH,0.0000,,12.974598,77.597734
14:06:00.140,-0.606699,0.328156,0.037722,0.125676,-0.191682,0.007255,0.690792,0.229323,AGGRESSIVE,NO_CRASH,0.0000,,12.974590,77.597729
14:06:00.190,-1.316274,-0.883744,-0.290090,0.077212,-0.100697,-0.042713,1.611749,0.133888,AGGRESSIVE,NO_CRASH,0.0000,,12.974590,77.597743
14:06:00.241,-0.070641,0.985316,-1.080085,0.068021,0.177113,-0.060425,1.463701,0.199116,AGGRESSIVE,NO_CRASH,0.0000,,12.974608,77.597746
14:06:00.292,-2.569112,2.394030,0.459761,-0.095225,-0.084457,-0.027488,3.541623,0.130217,AGGRESSIVE,NO_CRASH,0.0000,,12.974613,77.597755
14:06:00.342,4.776753,-1.175325,-0.955123,-0.134302,0.159353,0.032203,5.011089,0.210873,AGGRESSIVE,NO_CRASH,0.0000,,12.974615,77.597764
14:06:00.393,2.108450,0.844301,-0.240440,0.029084,0.014009,-0.130413,2.283904,0.134350,AGGRESSIVE,NO_CRASH,0.0000,,12.974637,77.597762
14:06:00.443,-1.122293,0.382132,0.275421,-0.056305,0.140872,0.005486,1.217137,0.151807,AGGRESSIVE,NO_CRASH,0.0000,,12.974660,77.597759
14:06:00.493,-0.146490,0.047312,0.712336,0.003704,0.116936,0.070936,0.728780,0.136820,AGGRESSIVE,NO_CRASH,0.0000,,12.974681,77.597784
14:06:00.544,-1.097792,1.069156,0.036642,0.046435,-0.015143,-0.201857,1.532835,0.207682,AGGRESSIVE,NO_CRASH,0.0000,,12.974704,77.597794
14:06:00.594,3.821207,-2.105057,-0.998793,0.168890,0.001041,-0.009014,4.475541,0.169134,AGGRESSIVE,NO_CRASH,0.0000,,12.974728,77.597798
14:06:00.645,0.914783,0.884616,-1.699962,0.052176,0.134766,-0.081911,2.123498,0.166114,AGGRESSIVE,NO_CRASH,0.0000,,12.974746,77.597819
14:06:00.695,0.728687,-3.130517,-1.171028,0.126788,0.174280,-0.174149,3.420881,0.277086,AGGRESSIVE,NO_CRASH,0.0000,,12.974752,77.597835
14:06:00.746,0.724752,0.338670,1.319170,0.079974,-0.104847,-0.007028,1.542781,0.132054,AGGRESSIVE,NO_CRASH,0.0000,,12.974755,77.597826
14:06:00.796,0.056028,0.610566,0.952491,0.000839,0.192364,0.139814,1.132770,0.237808,AGGRESSIVE,NO_CRASH,0.0000,,12.974777,77.597817
14:06:00.846,-1.564578,-1.768473,0.404943,0.087092,-0.120353,0.311306,2.395701,0.344937,AGGRESSIVE,NO_CRASH,0.0000,,12.974792,77.597826
14:06:00.897,2.458323,0.710785,0.439983,0.069723,-0.283702,0.096768,2.596565,0.307753,AGGRESSIVE,NO_CRASH,0.0000,,12.974787,77.597823
14:06:00.948,-0.602555,2.864582,-1.942947,0.012122,0.152625,-0.202278,3.513395,0.253688,AGGRESSIVE,NO_CRASH,0.0000,,12.974778,77.597845
14:06:00.999,-0.104985,0.135470,0.310244,0.017828,0.087438,0.160847,0.354437,0.183943,AGGRESSIVE,NO_CRASH,0.0000,,12.974794,77.597840
14:06:01.049,1.703950,1.350419,-0.321003,-0.148180,0.122233,0.121493,2.197754,0.227286,AGGRESSIVE,NO_CRASH,0.0000,,12.974813,77.597866
14:06:01.099,2.321770,0.746194,-0.249363,0.051540,-0.031956,0.018010,2.451449,0.063260,AGGRESSIVE,NO_CRASH,0.0000,,12.974802,77.597878
14:06:01.150,1.379776,0.343326,0.247803,-0.071911,0.235404,0.248081,1.443282,0.349472,AGGRESSIVE,NO_CRASH,0.0000,,12.974802,77.597899
14:06:01.200,1.795000,-0.590744,-0.586505,-0.066409,0.182591,-0.025672,1.978634,0.195981,AGGRESSIVE,NO_CRASH,0.0000,,12.974814,77.597917
14:06:01.250,-0.223078,-0.130652,1.194446,-0.007574,0.031760,-0.063289,1.222102,0.071215,AGGRESSIVE,NO_CRASH,0.0000,,12.974814,77.597937
14:06:01.301,0.815638,-1.012670,1.825179,0.039789,-0.084288,-0.091973,2.240992,0.130945,AGGRESSIVE,NO_CRASH,0.0000,,12.974812,77.597931
14:06:01.351,-2.460932,1.198565,0.281305,-0.011666,0.066566,-0.065849,2.751704,0.094357,AGGRESSIVE,NO_CRASH,0.0000,,12.974804,77.597951
14:06:01.401,0.519801,0.344334,-1.112344,-0.062918,0.107168,-0.037327,1.275173,0.129757,AGGRESSIVE,NO_CRASH,0.0000,,12.974807,77.597949
14:06:01.452,1.208724,-2.199690,2.355419,0.055711,0.250327,-0.101163,3.442041,0.275683,AGGRESSIVE,NO_CRASH,0.0000,,12.974800,77.597945
14:06:01.502,1.165580,-0.802642,-0.537113,0.167864,0.103602,0.217210,1.513704,0.293414,AGGRESSIVE,NO_CRASH,0.0000,,12.974791,77.597962
14:06:01.553,-0.033422,-0.223964,-0.625775,0.066513,-0.114828,-0.142368,0.665486,0.194623,AGGRESSIVE,NO_CRASH,0.0000,,12.974811,77.597983
14:06:01.603,-0.875587,-1.875436,-0.252638,0.068570,-0.103937,0.033813,2.085123,0.129027,AGGRESSIVE,NO_CRASH,0.0000,,12.974825,77.597995
14:06:01.653,0.396331,-1.634416,-0.526357,-0.038941,-0.123956,-0.119129,1.762227,0.176276,AGGRESSIVE,NO_CRASH,0.0000,,12.974847,77.598015
14:06:01.704,1.442839,0.272624,-0.635517,-0.035676,-0.149057,0.084368,1.599997,0.174954,AGGRESSIVE,NO_CRASH,0.0000,,12.974861,77.598020
14:06:01.754,0.682480,0.416202,0.930421,0.059593,-0.042618,-0.026967,1.226656,0.078070,AGGRESSIVE,NO_CRASH,0.0000,,12.974884,77.598036
14:06:01.805,0.357982,-1.117720,0.354300,-0.005660,0.116858,0.141350,1.225960,0.183488,AGGRESSIVE,NO_CRASH,0.0000,,12.974886,77.598028
14:06:01.855,0.583773,0.830461,1.301520,-0.042687,0.140718,0.102083,1.650579,0.179010,AGGRESSIVE,NO_CRASH,0.0000,,12.974888,77.598046
14:06:01.905,-0.421312,-1.480706,1.214581,0.004199,0.156556,0.131845,1.960919,0.204721,AGGRESSIVE,NO_CRASH,0.0000,,12.974884,77.598044
14:06:01.956,-1.081666,-1.017939,1.403308,0.027936,0.165145,0.005488,2.043398,0.167581,AGGRESSIVE,NO_CRASH,0.0000,,12.974876,77.598070
14:06:02.007,-1.507846,-2.075167,-0.611879,-0.141545,-0.348898,-0.065874,2.637104,0.382236,AGGRESSIVE,NO_CRASH,0.0000,,12.974879,77.598073
14:06:02.056,0.057814,-0.541768,-0.548749,-0.059775,-0.005139,-0.167292,0.773292,0.177724,AGGRESSIVE,NO_CRASH,0.0000,,12.974883,77.598084
14:06:02.107,1.276107,1.601330,-2.086912,0.073314,0.006182,0.058889,2.923681,0.094240,AGGRESSIVE,NO_CRASH,0.0000,,12.974874,77.598098
14:06:02.158,-0.583623,-0.059811,-0.121567,0.017731,-0.051282,-0.180583,0.599142,0.188559,AGGRESSIVE,NO_CRASH,0.0000,,12.974883,77.598093
14:06:02.208,-0.169666,-1.445056,1.397017,-0.089364,-0.043157,0.020591,2.017085,0.101353,AGGRESSIVE,NO_CRASH,0.0000,,12.974889,77.598090
14:06:02.258,-2.807738,1.645910,0.299856,0.015402,0.051423,-0.023323,3.268383,0.058528,AGGRESSIVE,NO_CRASH,0.0000,,12.974878,77.598098
14:06:02.308,-1.718435,-1.178278,1.108923,0.075867,0.101088,0.050255,2.360311,0.136015,AGGRESSIVE,NO_CRASH,0.0000,,12.974885,77.598095
14:06:02.359,1.657904,0.077016,0.219036,0.050585,-0.158414,-0.003364,1.674083,0.166328,AGGRESSIVE,NO_CRASH,0.0000,,12.974910,77.598103
14:06:02.409,0.396593,-1.110844,-2.799195,0.035547,-0.096240,0.044029,3.037557,0.111643,AGGRESSIVE,NO_CRASH,0.0000,,12.974919,77.598124
14:06:02.460,-0.331684,-0.062439,-0.268728,-0.030569,-0.078828,-0.007355,0.431425,0.084867,AGGRESSIVE,NO_CRASH,0.0000,,12.974910,77.598148
14:06:02.510,-1.093992,-0.651382,0.474059,-0.099151,0.122831,-0.068269,1.358620,0.171986,AGGRESSIVE,NO_CRASH,0.0000,,12.974911,77.598174
14:06:02.560,-0.385911,-1.611319,-1.341920,-0.030889,-0.135427,0.037060,2.132142,0.143764,AGGRESSIVE,NO_CRASH,0.0000,,12.974904,77.598163
14:06:02.611,0.400634,-0.469008,-2.669915,0.047148,-0.146966,0.238379,2.740241,0.283984,AGGRESSIVE,NO_CRASH,0.0000,,12.974908,77.598166
14:06:02.661,2.184575,-0.599171,-0.915347,0.005137,0.247110,-0.071063,2.443202,0.257177,AGGRESSIVE,NO_CRASH,0.0000,,12.974900,77.598183
14:06:02.711,-2.547807,0.088068,0.395122,-0.064238,-0.141050,0.112928,2.579767,0.191766,AGGRESSIVE,NO_CRASH,0.0000,,12.974889,77.598182
14:06:02.762,0.508607,-0.769742,0.896204,-0.016679,0.336532,0.230753,1.286221,0.408385,AGGRESSIVE,NO_CRASH,0.0000,,12.974900,77.598202
14:06:02.812,-1.301184,-0.872601,-0.755899,0.089068,-0.056082,-0.032989,1.739511,0.110302,AGGRESSIVE,NO_CRASH,0.0000,,12.974890,77.598221
14:06:02.862,-2.411081,-0.611547,2.241438,-0.029180,0.015960,-0.028252,3.348335,0.043639,AGGRESSIVE,NO_CRASH,0.0000,,12.974912,77.598222
14:06:02.913,-2.195175,-0.212723,-3.138803,0.020479,-0.106688,0.100460,3.836161,0.147966,AGGRESSIVE,NO_CRASH,0.0000,,12.974936,77.598241
14:06:02.963,-0.213797,-1.238505,0.618772,-0.051263,-0.064642,0.181414,1.400887,0.199293,AGGRESSIVE,NO_CRASH,0.0000,,12.974940,77.598254
14:06:03.013,1.793132,0.302765,0.028152,-0.144774,-0.008162,0.137510,1.818730,0.199838,AGGRESSIVE,NO_CRASH,0.0000,,12.974963,77.598277
14:06:03.064,1.696185,-0.522906,1.451822,0.056274,0.148291,0.016024,2.293090,0.159417,AGGRESSIVE,NO_CRASH,0.0000,,12.974957,77.598267
14:06:03.114,-0.302463,-1.215904,-1.400177,-0.076871,-0.146698,0.154035,1.878936,0.226177,AGGRESSIVE,NO_CRASH,0.0000,,12.974964,77.598276
14:06:03.164,-2.257848,-0.065195,-0.453644,-0.069169,-0.073604,0.035899,2.303892,0.107194,AGGRESSIVE,NO_CRASH,0.0000,,12.974965,77.598285
14:06:03.215,-1.278861,-0.067679,-1.907526,0.048714,-0.002374,-0.157502,2.297547,0.164880,AGGRESSIVE,NO_CRASH,0.0000,,12.974963,77.598296
14:06:03.266,-2.035706,0.444850,0.644121,0.045903,-0.091081,-0.007952,2.181027,0.102304,AGGRESSIVE,NO_CRASH,0.0000,,12.974977,77.598299
14:06:03.316,0.063529,0.049648,-1.138915,0.068715,0.035697,0.057848,1.141765,0.096656,AGGRESSIVE,NO_CRASH,0.0000,,12.974977,77.598306
14:06:03.366,-2.037522,-1.799665,-0.331436,0.052863,0.111475,0.054740,2.738639,0.134973,AGGRESSIVE,NO_CRASH,0.0000,,12.974997,77.598296
14:06:03.417,0.841507,-0.304171,-0.407995,0.005285,-0.101605,-0.270033,0.983420,0.288565,AGGRESSIVE,NO_CRASH,0.0000,,12.975017,77.598313
14:06:03.468,1.558857,0.896270,-0.160273,0.097593,-0.205103,0.072892,1.805276,0.238547,AGGRESSIVE,NO_CRASH,0.0000,,12.975030,77.598323
14:06:03.518,-0.595944,-0.930143,0.360881,-0.023740,-0.034580,0.124803,1.162132,0.131663,AGGRESSIVE,NO_CRASH,0.0000,,12.975031,77.598325
14:06:03.568,-0.530927,0.584971,1.089266,0.002770,-0.092697,-0.387098,1.345576,0.398052,AGGRESSIVE,NO_CRASH,0.0000,,12.975055,77.598316
14:06:03.619,-0.798128,1.758636,-0.427927,0.033051,0.126231,0.267607,1.978113,0.297725,AGGRESSIVE,NO_CRASH,0.0000,,12.975048,77.598318
14:06:03.669,-2.807273,0.041106,0.814713,0.007840,-0.205792,-0.007246,2.923394,0.206069,AGGRESSIVE,NO_CRASH,0.0000,,12.975070,77.598343
14:06:03.720,-1.272615,-1.059702,0.155253,0.107532,-0.280813,0.269373,1.663316,0.403709,AGGRESSIVE,NO_CRASH,0.0000,,12.975072,77.598344
14:06:03.770,0.188884,-0.411342,-1.396053,-0.059809,-0.248881,0.020491,1.467598,0.256785,AGGRESSIVE,NO_CRASH,0.0000,,12.975075,77.598342
14:06:03.820,-0.151840,1.814698,-0.138526,-0.063466,-0.266579,-0.012978,1.826300,0.274337,AGGRESSIVE,NO_CRASH,0.0000,,12.975092,77.598362
14:06:03.871,-1.231733,1.039892,-0.176317,-0.074060,0.090144,-0.080988,1.621613,0.142021,AGGRESSIVE,NO_CRASH,0.0000,,12.975111,77.598358
14:06:03.921,-0.152160,2.568613,-2.538013,-0.040189,0.039344,0.215498,3.614200,0.222716,AGGRESSIVE,NO_CRASH,0.0000,,12.975104,77.598352
14:06:03.971,1.389417,0.267599,-0.711124,-0.051353,0.148796,0.016960,1.583599,0.158319,AGGRESSIVE,NO_CRASH,0.0000,,12.975103,77.598342
14:06:04.021,0.424947,0.402912,1.544602,0.033636,-0.050374,-0.113642,1.651881,0.128777,AGGRESSIVE,NO_CRASH,0.0000,,12.975123,77.598364
14:06:04.072,0.472910,0.541342,0.880495,-0.102364,-0.162594,0.190533,1.136648,0.270588,AGGRESSIVE,NO_CRASH,0.0000,,12.975147,77.598368
14:06:04.122,-0.833930,0.262261,-0.809198,0.000875,-0.124868,0.047501,1.191227,0.133601,AGGRESSIVE,NO_CRASH,0.0000,,12.975167,77.598378
14:06:04.172,0.077159,1.069004,-0.123433,-0.008823,0.173528,0.180056,1.078869,0.250220,AGGRESSIVE,NO_CRASH,0.0000,,12.975186,77.598396
14:06:04.223,-0.825558,-1.827463,-0.820153,0.062301,-0.139026,-0.120565,2.166522,0.194282,AGGRESSIVE,NO_CRASH,0.0000,,12.975188,77.598417
14:06:04.273,1.534346,-2.192292,1.385381,0.035679,0.093464,-0.115023,3.013245,0.152442,AGGRESSIVE,NO_CRASH,0.0000,,12.975208,77.598434
14:06:04.324,-0.221176,1.082995,0.982914,0.094691,0.072451,-0.010197,1.479161,0.119664,AGGRESSIVE,NO_CRASH,0.0000,,12.975226,77.598452
14:06:04.375,0.069298,-1.089966,1.435714,0.066816,-0.183501,-0.017998,1.803914,0.196115,AGGRESSIVE,NO_CRASH,0.0000,,12.975226,77.598476
14:06:04.424,-0.242651,0.697090,1.975946,-0.150326,0.088385,-0.010013,2.109308,0.174671,AGGRESSIVE,NO_CRASH,0.0000,,12.975232,77.598490
14:06:04.475,0.192623,-1.795886,-0.444492,0.024126,-0.060211,-0.062446,1.860076,0.090038,AGGRESSIVE,NO_CRASH,0.0000,,12.975238,77.598485
14:06:04.525,0.567354,1.231245,-0.207134,-0.038580,0.022574,0.340561,1.371408,0.343482,AGGRESSIVE,NO_CRASH,0.0000,,12.975237,77.598496
14:06:04.576,-0.203128,-0.280941,-0.463671,0.047178,0.103894,0.176786,0.578948,0.210411,AGGRESSIVE,NO_CRASH,0.0000,,12.975248,77.598504
14:06:04.626,-0.741197,0.461955,0.037008,-0.078478,0.031104,0.028627,0.874154,0.089139,AGGRESSIVE,NO_CRASH,0.0000,,12.975247,77.598523
14:06:04.676,-2.490937,0.781664,0.968972,0.030679,-0.172804,0.103356,2.784722,0.203679,AGGRESSIVE,NO_CRASH,0.0000,,12.975258,77.598518
14:06:04.727,1.227145,1.464870,-2.443282,-0.046955,0.160787,0.126143,3.101832,0.209688,AGGRESSIVE,NO_CRASH,0.0000,,12.975251,77.598524
14:06:04.777,-0.373105,-1.757430,0.015489,0.120202,0.093855,-0.094065,1.796666,0.179179,AGGRESSIVE,NO_CRASH,0.0000,,12.975251,77.598532
14:06:04.827,-0.720006,-0.219944,0.154424,0.102309,0.310234,0.069478,0.768525,0.333976,AGGRESSIVE,NO_CRASH,0.0000,,12.975255,77.598553
14:06:04.878,0.145273,-1.136098,1.160149,0.010310,-0.055354,0.220184,1.630267,0.227269,AGGRESSIVE,NO_CRASH,0.0000,,12.975253,77.598559
14:06:04.928,-0.928008,0.147739,0.717055,0.202527,-0.211269,-0.112079,1.182030,0.313390,AGGRESSIVE,NO_CRASH,0.0000,,12.975271,77.598581
14:06:04.979,1.650072,-1.190467,0.802248,0.072839,0.061890,0.256233,2.187133,0.273480,AGGRESSIVE,NO_CRASH,0.0000,,12.975288,77.598600
14:06:05.029,-0.661779,0.355591,0.606317,0.069671,0.061735,-0.026185,0.965410,0.096701,AGGRESSIVE,NO_CRASH,0.0000,,12.975284,77.598593
14:06:05.079,-1.746153,-1.110422,-0.340603,-0.029490,0.171611,0.020583,2.097164,0.175339,AGGRESSIVE,NO_CRASH,0.0000,,12.975278,77.598607
14:06:05.129,-1.173443,-0.977143,-0.799973,0.193450,-0.099866,0.210179,1.723871,0.302607,AGGRESSIVE,NO_CRASH,0.0000,,12.975278,77.598620
14:06:05.180,1.063155,1.997185,-1.195300,0.052886,0.042826,-0.055295,2.558865,0.087684,AGGRESSIVE,NO_CRASH,0.0000,,12.975286,77.598638
14:06:05.230,-1.340274,-2.005653,-0.014512,0.060674,0.170089,-0.180745,2.412300,0.255500,AGGRESSIVE,NO_CRASH,0.0000,,12.975296,77.598629
14:06:05.281,0.484144,0.512015,0.302889,-0.018761,0.044534,-0.240821,0.767005,0.245622,AGGRESSIVE,NO_CRASH,0.0000,,12.975298,77.598635
14:06:05.331,0.947319,0.712345,2.531514,0.067989,0.005802,-0.131296,2.795248,0.147969,AGGRESSIVE,NO_CRASH,0.0000,,12.975318,77.598633
14:06:05.381,1.036866,-0.729313,1.097956,0.095517,-0.053741,0.177744,1.677050,0.208817,AGGRESSIVE,NO_CRASH,0.0000,,12.975315,77.598622
14:06:05.432,-0.999554,-2.987638,-1.127074,-0.114506,0.144431,-0.083141,3.345950,0.202199,AGGRESSIVE,NO_CRASH,0.0000,,12.975318,77.598641
14:06:05.482,-2.552589,0.689609,-0.195456,0.101159,0.079487,0.073353,2.651315,0.148095,AGGRESSIVE,NO_CRASH,0.0000,,12.975339,77.598652
14:06:05.532,0.880155,-0.631330,-0.386828,-0.020121,-0.066910,-0.084000,1.150168,0.109260,AGGRESSIVE,NO_CRASH,0.0000,,12.975339,77.598645
14:06:05.583,1.406847,-0.656168,-1.736466,-0.022589,-0.197334,0.074519,2.329182,0.212142,AGGRESSIVE,NO_CRASH,0.0000,,12.975331,77.598645
14:06:05.633,0.557497,1.067235,1.656328,0.034815,-0.003547,0.002367,2.047734,0.035075,AGGRESSIVE,NO_CRASH,0.0000,,12.975341,77.598643
14:06:05.683,-1.886140,0.160900,-0.663513,0.073733,0.159900,0.022998,2.005907,0.177577,AGGRESSIVE,NO_CRASH,0.0000,,12.975349,77.598638
14:06:05.734,1.796117,-0.172581,1.108982,0.005892,0.097306,-0.058945,2.117938,0.113919,AGGRESSIVE,NO_CRASH,0.0000,,12.975344,77.598641
14:06:05.784,-0.334541,0.350624,-0.337698,0.101098,0.075585,-0.286003,0.590674,0.312620,AGGRESSIVE,NO_CRASH,0.0000,,12.975335,77.598640
14:06:05.835,-1.581065,-0.271021,0.850182,-0.010141,0.279560,0.170843,1.815497,0.327786,AGGRESSIVE,NO_CRASH,0.0000,,12.975351,77.598638
14:06:05.885,0.588202,0.725926,1.842663,0.080268,0.032777,0.075307,2.066000,0.114841,AGGRESSIVE,NO_CRASH,0.0000,,12.975374,77.598634
14:06:05.935,0.928037,0.290061,0.057213,0.119633,0.046111,0.142088,0.973993,0.191382,AGGRESSIVE,NO_CRASH,0.0000,,12.975393,77.598641
14:06:05.985,1.210886,-0.560604,0.246409,0.027869,0.268611,-0.126057,1.356923,0.298025,AGGRESSIVE,NO_CRASH,0.0000,,12.975392,77.598663
14:06:06.036,-4.644479,-5.261413,1.450013,-0.392436,-0.353546,-0.832713,7.166323,0.986110,CRASH,NO_CRASH,0.0968,,12.975403,77.598645
14:06:06.086,-0.285371,4.127870,-0.327298,-0.102824,0.527538,0.231387,4.150647,0.585157,CRASH,NO_CRASH,0.0968,,12.975392,77.598663
14:06:06.136,1.574121,1.342951,-0.980623,-0.350785,0.475892,0.101151,2.289758,0.599796,CRASH,NO_CRASH,0.0968,,12.975374,77.598654
14:06:06.187,6.525879,0.512381,-3.061204,-0.754377,-0.564652,-0.640242,7.226382,1.139222,CRASH,NO_CRASH,0.0968,,12.975390,77.598638
14:06:06.237,-0.300072,-0.326432,-4.020066,-0.054027,0.733135,0.079848,4.044444,0.739447,CRASH,NO_CRASH,0.0968,,12.975396,77.598623
14:06:06.287,-0.549492,1.849532,-1.744027,-0.244118,0.296731,0.820380,2.600835,0.905906,CRASH,NO_CRASH,0.0968,,12.975413,77.598636
14:06:06.338,2.498734,-0.767160,1.173230,-1.078907,0.676908,-0.133714,2.865078,1.280673,CRASH,NO_CRASH,0.0968,,12.975401,77.598636
14:06:06.388,-1.316911,-1.964058,-2.199576,0.309382,0.342955,-0.226826,3.229537,0.514573,CRASH,NO_CRASH,0.0968,,12.975390,77.598622
14:06:06.438,6.285631,-1.002484,-2.082855,0.824449,0.714992,0.239992,6.697194,1.117374,CRASH,NO_CRASH,0.0968,,12.975377,77.598613
14:06:06.489,4.150241,-1.400935,1.803504,-0.267922,0.194626,0.521121,4.737061,0.617437,CRASH,NO_CRASH,0.0968,,12.975380,77.598625
14:06:06.539,1.286911,-3.888625,1.997116,-0.278328,1.259196,0.191456,4.556975,1.303724,CRASH,NO_CRASH,0.0968,,12.975382,77.598631
14:06:06.589,-2.687255,-1.884839,0.655787,-0.729555,-0.413327,0.114972,3.347240,0.846350,CRASH,NO_CRASH,0.0968,,12.975386,77.598614
14:06:06.639,-1.616748,1.004538,-1.415247,-0.459776,-0.270537,0.161422,2.371897,0.557352,CRASH,NO_CRASH,0.0968,,12.975371,77.598625
14:06:06.690,-0.211117,0.777135,2.890998,-0.083212,0.608037,0.500714,3.001063,0.792053,CRASH,NO_CRASH,0.0968,,12.975368,77.598624
14:06:06.741,2.733058,-0.766795,-3.447614,0.155320,0.262534,-0.382546,4.465828,0.489275,CRASH,NO_CRASH,0.0968,,12.975357,77.598641
14:06:06.791,0.591998,-2.012993,0.701628,0.363908,-0.421030,0.580152,2.212438,0.803911,CRASH,NO_CRASH,0.0968,,12.975366,77.598636
14:06:06.842,-1.450273,0.506405,-1.036504,0.033192,-0.263862,-0.528810,1.853127,0.591916,CRASH,NO_CRASH,0.0968,,12.975367,77.598625
14:06:06.892,0.709540,6.592761,-1.642998,-0.043243,0.164903,-0.385770,6.831353,0.421759,CRASH,NO_CRASH,0.0968,,12.975362,77.598619
14:06:06.943,1.315913,0.096572,-3.143304,1.056758,-0.432922,-0.974481,3.409004,1.501257,CRASH,NO_CRASH,0.0968,,12.975355,77.598627
14:06:06.993,-0.213558,5.524172,4.669948,-0.209417,0.104730,-0.498949,7.236747,0.551157,CRASH,NO_CRASH,0.0000,,12.975356,77.598619
14:06:07.044,3.270143,2.193142,-2.550127,0.000000,-0.000000,0.000000,4.691146,0.000000,CRASH,NO_CRASH,0.0000,,12.975342,77.598611
14:06:07.094,9.530443,7.936195,9.294828,2.950657,-2.169970,4.025175,15.498592,5.442167,CRASH,NO_CRASH,0.5940,,12.975343,77.598624
14:06:07.144,8.712801,10.515428,9.195873,-0.399247,3.070859,9.877570,16.463633,10.351617,CRASH,POSSIBLE_CRASH,0.6948,,12.975352,77.598627
14:06:07.194,12.696051,13.555597,15.416420,-2.053335,11.305200,-8.424693,24.137315,14.247778,CRASH,POSSIBLE_CRASH,0.7715,,12.975369,77.598641
14:06:07.245,13.951202,17.542355,24.593918,-1.810428,-3.110919,-16.357950,33.275082,16.749268,CRASH,POSSIBLE_CRASH,0.8301,,12.975386,77.598651
14:06:07.295,14.727224,14.100528,25.869521,-11.628166,6.724119,-11.389782,32.938551,17.611223,CRASH,CRASH_DETECTED,0.9301,SERIOUS,12.975402,77.598640
14:06:07.648,16.761594,13.888560,23.649134,-3.901320,10.854953,-12.144451,32.142257,16.749268,CRASH,CRASH_DETECTED,0.9301,SERIOUS,12.975402,77.598640
14:06:07.699,10.335509,16.833004,17.842765,-8.600183,9.530928,6.180409,26.618359,14.247778,CRASH,CRASH_DETECTED,0.9301,SERIOUS,12.975402,77.598640
14:06:07.749,8.374407,9.336678,13.955995,-0.189149,8.696255,-5.612071,18.763636,10.351617,CRASH,CRASH_DETECTED,0.9301,SERIOUS,12.975402,77.598640
14:06:07.800,6.268233,8.067149,12.662865,2.737339,-4.235816,-2.044999,16.270150,5.442167,CRASH,CRASH_DETECTED,0.9301,SERIOUS,12.975402,77.598640
14:06:07.850,5.972082,5.256949,6.999553,-6.395260,-1.161032,2.716152,10.596934,7.044489,CRASH,CRASH_DETECTED,0.9301,SERIOUS,12.975402,77.598640
14:06:07.901,4.717388,4.691615,3.302896,-5.693268,1.844478,-1.481103,7.427929,6.165149,CRASH,CRASH_DETECTED,0.9301,SERIOUS,12.975402,77.598640
14:06:07.951,4.690775,0.656153,5.480814,-2.234748,0.955700,4.817131,7.243840,5.395574,CRASH,CRASH_DETECTED,0.9301,SERIOUS,12.975402,77.598640
14:06:08.002,2.035317,3.874796,3.912861,2.367709,-4.085426,-0.033415,5.870864,4.722062,CRASH,CRASH_DETECTED,0.9301,SERIOUS,12.975402,77.598640
14:06:08.052,1.743690,3.488470,2.893676,4.015189,0.090853,-0.973948,4.856258,4.132623,CRASH,CRASH_DETECTED,0.9301,SERIOUS,12.975402,77.598640
14:06:08.102,1.885093,2.475130,3.202013,1.909663,-2.320003,2.012892,4.464609,3.616761,CRASH,CRASH_DETECTED,0.9301,SERIOUS,12.975402,77.598640
14:06:08.153,3.217488,1.784767,3.424860,-2.788668,-0.460938,1.424762,5.026658,3.165293,CRASH,CRASH_DETECTED,0.9301,SERIOUS,12.975402,77.598640
14:06:08.204,2.370507,2.334934,2.048471,-2.404549,0.203680,-1.360352,3.907359,2.770180,CRASH,NO_CRASH,0.8301,SERIOUS,12.975402,77.598640
14:06:08.254,2.434011,1.301009,2.382168,0.552027,-2.061895,1.149569,3.645787,2.424388,CRASH,NO_CRASH,0.8301,SERIOUS,12.975402,77.598640
14:06:08.304,1.964038,1.834431,1.752533,-0.140635,-2.087777,-0.351102,3.208420,2.121759,CRASH,NO_CRASH,0.8301,SERIOUS,12.975402,77.598640
14:06:08.355,1.256042,1.703938,2.429372,0.807147,1.166588,-1.198203,3.222250,1.856907,CRASH,NO_CRASH,0.8023,SERIOUS,12.975402,77.598640
14:06:08.405,1.073608,0.936051,1.317022,1.000182,-1.279081,-0.067753,1.939941,1.625116,CRASH,NO_CRASH,0.8023,SERIOUS,12.975402,77.598640
14:06:08.455,0.418651,1.000272,1.134789,0.511051,-1.217408,-0.528737,1.569572,1.422258,CRASH,NO_CRASH,0.8023,SERIOUS,12.975402,77.598640
14:06:08.506,0.780770,0.832139,1.417056,0.270884,-0.530929,-1.092735,1.819370,1.244722,CRASH,NO_CRASH,0.7809,SERIOUS,12.975402,77.598640
14:06:08.556,0.628304,0.867904,1.001314,-0.345214,0.245373,1.003642,1.466510,1.089348,CRASH,NO_CRASH,0.7809,SERIOUS,12.975402,77.598640
14:06:08.607,0.818389,0.526271,0.821897,-0.412084,0.027924,0.859254,1.273670,0.953368,CRASH,NO_CRASH,0.7809,SERIOUS,12.975402,77.598640
14:06:08.657,0.451093,0.661002,0.933342,-0.099011,0.172216,-0.810369,1.229446,0.834362,CRASH,NO_CRASH,0.7471,SERIOUS,12.975402,77.598640
14:06:08.707,0.367261,0.369977,0.701430,0.320024,0.481592,-0.445940,0.873938,0.730212,CRASH,NO_CRASH,0.6322,SERIOUS,12.975402,77.598640
14:06:08.758,0.521458,0.398436,0.577212,-0.092303,0.317301,0.546992,0.873982,0.639062,CRASH,NO_CRASH,0.5481,SERIOUS,12.975402,77.598640
14:06:08.808,0.506735,0.389578,0.827054,0.187545,-0.304563,-0.429969,1.045261,0.559290,CRASH,NO_CRASH,0.2469,SERIOUS,12.975402,77.598640
14:06:08.859,0.290710,0.197510,0.467599,0.149977,0.251884,0.391979,0.584954,0.489475,CRASH,NO_CRASH,0.1233,SERIOUS,12.975402,77.598640
14:06:08.910,0.244419,0.176141,0.446949,0.143280,-0.336622,-0.222851,0.539008,0.428376,CRASH,NO_CRASH,0.1079,SERIOUS,12.975402,77.598640
14:06:08.960,0.175418,0.171390,0.230173,0.041077,0.260105,0.266852,0.336342,0.374903,CRASH,NO_CRASH,0.0944,SERIOUS,12.975402,77.598640
14:06:09.011,0.083901,0.021475,0.360944,0.041612,0.078775,0.315778,0.371189,0.328105,CRASH,NO_CRASH,0.0827,SERIOUS,12.975402,77.598640
14:06:09.061,0.181017,0.218259,0.446062,0.149032,-0.235028,0.070751,0.528560,0.287149,CRASH,NO_CRASH,0.0723,SERIOUS,12.975402,77.598640
14:06:09.111,0.250700,0.213854,0.212352,-0.038740,-0.227824,0.098740,0.392017,0.251305,CRASH,NO_CRASH,0.0633,SERIOUS,12.975402,77.598640
14:06:09.162,0.159126,0.078186,0.161167,-0.147178,-0.145687,-0.074065,0.239602,0.219935,CRASH,NO_CRASH,0.0000,SERIOUS,12.975402,77.598640
14:06:09.212,0.120810,0.089679,0.140664,0.181244,0.031289,0.056753,0.205970,0.192482,CRASH,NO_CRASH,0.0000,SERIOUS,12.975402,77.598640
14:06:09.263,0.165519,0.081486,0.216813,-0.118374,0.073234,0.094876,0.284683,0.168455,CRASH,NO_CRASH,0.0000,SERIOUS,12.975402,77.598640
14:06:09.313,0.095892,0.125696,0.111029,0.101409,0.070338,-0.080644,0.193190,0.147427,CRASH,NO_CRASH,0.0000,SERIOUS,12.975402,77.598640
14:06:09.363,-0.085768,-0.000372,-0.024983,0.029458,0.000281,0.060460,0.089333,0.067255,CRASH,NO_CRASH,0.0000,SERIOUS,12.975402,77.598640
14:06:09.413,1.435463,0.652653,-0.393876,0.018287,-0.032829,-0.006147,1.625315,0.038078,CRASH,NO_CRASH,0.0000,SERIOUS,12.975402,77.598640
14:06:09.464,0.808692,-0.384578,-1.487929,0.103168,0.112259,-0.033965,1.736611,0.156203,CRASH,NO_CRASH,0.0000,SERIOUS,12.975402,77.598640
14:06:09.515,1.810263,-0.727733,-0.763537,0.094370,0.011857,-0.106924,2.095146,0.143104,CRASH,NO_CRASH,0.0000,SERIOUS,12.975402,77.598640
14:06:09.565,0.572468,0.377959,1.770392,-0.026545,-0.030335,-0.005432,1.898647,0.040674,CRASH,NO_CRASH,0.0000,SERIOUS,12.975402,77.598640
14:06:09.616,-0.279875,-0.369658,-0.218383,0.019507,0.074647,0.116881,0.512512,0.140049,CRASH,NO_CRASH,0.0000,SERIOUS,12.975402,77.598640
14:06:09.666,-0.640683,-0.480106,0.042134,0.033293,0.071312,-0.109838,0.801718,0.135123,CRASH,NO_CRASH,0.0000,SERIOUS,12.975402,77.598640
14:06:09.716,0.063029,0.219693,0.675989,0.080947,0.079103,0.028344,0.713582,0.116675,CRASH,NO_CRASH,0.0000,SERIOUS,12.975402,77.598640
14:06:09.767,-0.122833,-0.438810,-0.702851,-0.141014,-0.042592,-0.030078,0.837641,0.150345,CRASH,NO_CRASH,0.0000,SERIOUS,12.975402,77.598640
14:06:09.817,0.272485,0.975571,0.027544,0.047746,0.039030,0.019377,1.013285,0.064642,CRASH,NO_CRASH,0.0000,SERIOUS,12.975402,77.598640
14:06:09.867,0.528770,-0.221269,0.196681,-0.064644,-0.085810,0.048952,0.606004,0.118061,CRASH,NO_CRASH,0.0000,SERIOUS,12.975402,77.598640
14:06:09.918,-0.299232,-0.076988,0.865434,-0.001420,0.066559,0.078590,0.918936,0.102997,CRASH,NO_CRASH,0.0000,SERIOUS,12.975402,77.598640
14:06:09.969,-0.453761,0.062991,-0.394247,-0.041744,-0.069152,0.059626,0.604398,0.100398,CRASH,NO_CRASH,0.0000,SERIOUS,12.975402,77.598640
14:06:10.019,-0.424840,0.158489,0.176615,0.029958,-0.122231,0.016578,0.486621,0.126936,CRASH,NO_CRASH,0.0000,SERIOUS,12.975402,77.598640
14:06:10.070,-0.036179,0.285355,-0.065499,-0.015402,0.019684,-0.024426,0.295003,0.034947,CRASH,NO_CRASH,0.0000,SERIOUS,12.975402,77.598640
14:06:10.120,-0.221001,0.088954,0.077441,0.012884,-0.009633,0.085784,0.250502,0.087279,CRASH,NO_CRASH,0.0000,SERIOUS,12.975402,77.598640
14:06:10.170,-0.201783,0.286475,-0.034265,0.042685,-0.023008,-0.007998,0.352077,0.049146,CRASH,NO_CRASH,0.0000,SERIOUS,12.975402,77.598640
14:06:10.221,0.016148,0.181590,0.695326,0.017219,0.023989,-0.010554,0.718828,0.031359,CRASH,NO_CRASH,0.0000,SERIOUS,12.975402,77.598640
14:06:10.271,-0.147294,-0.000237,0.284777,-0.015850,0.006787,0.076011,0.320614,0.077942,CRASH,NO_CRASH,0.0000,SERIOUS,12.975402,77.598640
14:06:10.322,0.012349,-0.022479,0.217344,0.032149,-0.032460,-0.037801,0.218852,0.059298,CRASH,NO_CRASH,0.0000,SERIOUS,12.975402,77.598640
14:06:10.372,0.214836,-0.130567,-0.399329,0.005023,-0.031924,0.054158,0.471875,0.063067,CRASH,NO_CRASH,0.0000,SERIOUS,12.975402,77.598640
14:06:10.422,-0.059098,-0.098904,-0.324764,0.017939,0.026909,0.064774,0.344596,0.072399,CRASH,NO_CRASH,0.0000,SERIOUS,12.975402,77.598640
14:06:10.473,-0.132466,-0.273231,0.306618,0.014501,-0.010469,0.036748,0.431529,0.040870,CRASH,NO_CRASH,0.0000,SERIOUS,12.975402,77.598640
14:06:10.523,0.118793,-0.207015,0.219565,-0.070366,0.040307,-0.028960,0.324308,0.086109,CRASH,NO_CRASH,0.0000,SERIOUS,12.975402,77.598640
14:06:10.574,-0.034471,-0.096245,-0.199223,-0.030058,-0.000458,0.006956,0.223922,0.030856,CRASH,NO_CRASH,0.0000,SERIOUS,12.975402,77.598640
14:06:10.624,-0.156483,-0.043655,-0.056466,-0.029641,-0.006026,0.012514,0.171992,0.032733,CRASH,NO_CRASH,0.0000,SERIOUS,12.975402,77.598640
14:06:10.675,-0.075312,-0.159801,0.183570,-0.050717,0.013743,-0.008282,0.254767,0.053195,CRASH,NO_CRASH,0.0000,SERIOUS,12.975402,77.598640
14:06:10.725,-0.524107,-0.229328,0.018115,0.008817,-0.011147,0.031972,0.572370,0.034988,CRASH,NO_CRASH,0.0000,SERIOUS,12.975402,77.598640
14:06:10.776,-0.337295,-0.146553,-0.045635,-0.026516,-0.029944,0.018087,0.370578,0.043896,CRASH,NO_CRASH,0.0000,SERIOUS,12.975402,77.598640
14:06:10.826,-0.438481,-0.056019,-0.073432,0.006107,0.032888,-0.014096,0.448103,0.036299,CRASH,NO_CRASH,0.0000,SERIOUS,12.975402,77.598640
14:06:10.877,-0.267791,0.019331,0.006950,0.015904,-0.020602,-0.007439,0.268578,0.027069,CRASH,NO_CRASH,0.0000,SERIOUS,12.975402,77.598640
14:06:10.927,-0.027108,0.036867,0.136195,-0.017072,0.012910,-0.027497,0.143677,0.034845,CRASH,NO_CRASH,0.0000,SERIOUS,12.975402,77.598640
14:06:10.978,-0.225788,0.111787,-0.304400,0.013495,-0.008355,0.015930,0.395140,0.022488,CRASH,NO_CRASH,0.0000,SERIOUS,12.975402,77.598640
14:06:11.028,0.104655,0.034724,0.206529,0.008221,-0.021470,0.015345,0.234121,0.027641,CRASH,NO_CRASH,0.0000,SERIOUS,12.975402,77.598640
14:06:11.078,-0.025983,-0.198636,-0.066135,0.004928,-0.018280,-0.023471,0.210963,0.030155,CRASH,NO_CRASH,0.0000,SERIOUS,12.975402,77.598640
14:06:11.129,0.044625,0.126480,-0.016383,-0.029457,0.006470,-0.013692,0.135118,0.033122,CRASH,NO_CRASH,0.0000,SERIOUS,12.975402,77.598640
14:06:11.179,-0.201598,-0.083135,0.178132,0.013723,-0.005699,-0.008307,0.281574,0.017024,CRASH,NO_CRASH,0.0000,SERIOUS,12.975402,77.598640
14:06:11.229,-0.069584,0.003133,-0.031281,-0.004638,-0.021912,-0.001140,0.076356,0.022427,CRASH,NO_CRASH,0.0000,SERIOUS,12.975402,77.598640
14:06:11.280,0.041088,-0.095628,0.221451,0.003273,0.014916,-0.019636,0.244691,0.024875,CRASH,NO_CRASH,0.0000,SERIOUS,12.975402,77.598640
14:06:11.330,-0.065451,-0.104157,-0.067056,0.006976,0.010900,0.027914,0.140104,0.030768,CRASH,NO_CRASH,0.0000,SERIOUS,12.975402,77.598640
14:06:11.380,-0.973495,-0.278070,-0.068680,-0.015963,-0.141800,0.111122,1.014758,0.180859,NORMAL,NO_CRASH,0.0000,SERIOUS,12.975402,77.598640
14:06:11.431,0.672787,-0.120930,-0.130067,0.011991,0.142583,0.123465,0.695833,0.188991,NORMAL,NO_CRASH,0.0000,SERIOUS,12.975402,77.598640
14:06:11.482,0.921168,0.626160,-2.297144,-0.117233,-0.001020,-0.309789,2.552939,0.331230,NORMAL,NO_CRASH,0.0000,SERIOUS,12.975402,77.598640
14:06:11.532,0.554165,-0.663481,0.147158,-0.050632,0.103073,0.074001,0.876905,0.136615,NORMAL,NO_CRASH,0.0000,SERIOUS,12.975402,77.598640
14:06:11.582,-0.866541,-0.587722,0.209799,0.113953,0.051166,-0.094065,1.067861,0.156369,NORMAL,NO_CRASH,0.0000,SERIOUS,12.975402,77.598640
14:06:11.633,-1.334713,-0.317295,1.819637,0.157968,0.059854,0.016860,2.278862,0.169766,NORMAL,NO_CRASH,0.0000,SERIOUS,12.975402,77.598640
14:06:11.683,0.368162,-0.662772,-0.434418,0.065591,-0.098592,0.109468,0.873801,0.161263,NORMAL,NO_CRASH,0.0000,SERIOUS,12.975402,77.598640
14:06:11.734,-0.619793,0.156578,1.639578,0.029139,0.033853,-0.024527,1.759794,0.050958,NORMAL,NO_CRASH,0.0000,SERIOUS,12.975402,77.598640
14:06:11.784,-1.220881,1.835567,-0.184377,-0.070860,-0.101112,-0.050205,2.212205,0.133287,NORMAL,NO_CRASH,0.0000,SERIOUS,12.975402,77.598640
14:06:11.835,-0.206151,-2.685803,-0.579390,-0.097187,0.073719,0.103344,2.755309,0.159874,NORMAL,NO_CRASH,0.0000,SERIOUS,12.975402,77.598640
14:06:11.885,-0.470142,0.505346,1.214322,-0.028890,-0.004902,-0.158197,1.396777,0.160888,NORMAL,NO_CRASH,0.0000,SERIOUS,12.975402,77.598640
14:06:11.935,0.194641,0.536326,0.422327,-0.091388,-0.046693,0.008429,0.709852,0.102971,NORMAL,NO_CRASH,0.0000,SERIOUS,12.975402,77.598640
14:06:11.986,-0.823176,0.598527,-0.235286,0.015655,0.290521,0.002864,1.044611,0.290957,NORMAL,NO_CRASH,0.0000,SERIOUS,12.975402,77.598640
14:06:12.036,1.451897,1.991408,-0.413266,0.145176,0.031947,-0.049340,2.498899,0.156624,NORMAL,NO_CRASH,0.0000,SERIOUS,12.975402,77.598640
14:06:12.087,-0.105081,0.394410,0.811813,-0.010755,-0.134047,0.061002,0.908648,0.147666,NORMAL,NO_CRASH,0.0000,SERIOUS,12.975402,77.598640
14:06:12.137,-0.102511,-0.531861,0.380442,0.054751,0.096621,-0.040315,0.661907,0.118147,NORMAL,NO_CRASH,0.0000,SERIOUS,12.975402,77.598640
14:06:12.187,-0.141562,0.046318,-1.101632,0.029724,0.113855,-0.064453,1.111655,0.134167,NORMAL,NO_CRASH,0.0000,SERIOUS,12.975402,77.598640
14:06:12.237,0.350309,-1.281963,-0.476527,-0.002527,-0.135398,-0.140079,1.411815,0.194836,NORMAL,NO_CRASH,0.0000,SERIOUS,12.975402,77.598640
14:06:12.288,1.230550,0.327165,-1.619184,-0.085480,-0.131245,0.064557,2.059866,0.169410,NORMAL,NO_CRASH,0.0000,SERIOUS,12.975402,77.598640
14:06:12.338,1.773847,-0.502872,0.056060,-0.000357,0.131797,-0.038259,1.844602,0.137238,NORMAL,NO_CRASH,0.0000,SERIOUS,12.975402,77.598640
14:06:12.389,-0.643878,1.919145,0.733618,-0.008617,0.032928,-0.186532,2.153112,0.189612,NORMAL,NO_CRASH,0.0000,SERIOUS,12.975402,77.598640
14:06:12.440,2.018222,-1.852790,-1.415431,0.047109,-0.169429,-0.006981,3.083747,0.175995,NORMAL,NO_CRASH,0.0000,SERIOUS,12.975402,77.598640
14:06:12.490,-0.100759,-1.239093,-1.640571,-0.077117,0.118003,0.027525,2.058392,0.143629,NORMAL,NO_CRASH,0.0000,SERIOUS,12.975402,77.598640
14:06:12.541,0.590115,-1.008505,-0.189660,0.070829,-0.106761,0.142250,1.183760,0.191441,NORMAL,NO_CRASH,0.0000,SERIOUS,12.975402,77.598640
14:06:12.591,0.330022,-0.472863,0.867438,-0.137303,0.002757,-0.065916,1.041615,0.152331,NORMAL,NO_CRASH,0.0000,SERIOUS,12.975402,77.598640
14:06:12.642,0.079419,-0.974770,-0.015820,-0.020568,-0.041440,0.049844,0.978128,0.068005,NORMAL,NO_CRASH,0.0000,SERIOUS,12.975402,77.598640
14:06:12.692,0.420174,-0.607783,0.148928,0.080871,0.147248,-0.163132,0.753741,0.234167,NORMAL,NO_CRASH,0.0000,SERIOUS,12.975402,77.598640
14:06:12.742,-0.001677,-0.053273,1.287922,-0.096807,-0.146003,-0.008356,1.289024,0.175380,NORMAL,NO_CRASH,0.0000,SERIOUS,12.975402,77.598640
14:06:12.793,-0.220027,0.730911,1.534813,-0.016860,0.145579,-0.089946,1.714145,0.171952,NORMAL,NO_CRASH,0.0000,SERIOUS,12.975402,77.598640
14:06:12.843,0.102987,-0.063589,-0.613480,-0.052962,0.081859,0.109082,0.625307,0.146303,NORMAL,NO_CRASH,0.0000,SERIOUS,12.975402,77.598640
14:06:12.894,0.133729,1.409340,-0.395013,-0.071027,0.107259,-0.241620,1.469748,0.273733,NORMAL,NO_CRASH,0.0000,SERIOUS,12.975402,77.598640
14:06:12.944,0.029955,0.473644,-1.043600,-0.047010,0.156424,0.118130,1.146445,0.201576,NORMAL,NO_CRASH,0.0000,SERIOUS,12.975402,77.598640
14:06:12.995,0.392800,-0.209011,-0.842962,-0.003787,-0.078137,0.081136,0.953185,0.112707,NORMAL,NO_CRASH,0.0000,SERIOUS,12.975402,77.598640
14:06:13.046,0.995303,0.037778,-1.065748,0.070433,0.047996,-0.022829,1.458723,0.088236,NORMAL,NO_CRASH,0.0000,SERIOUS,12.975402,77.598640
14:06:13.097,-1.286769,-0.824087,-0.042749,-0.008739,-0.181533,-0.121611,1.528634,0.218677,NORMAL,NO_CRASH,0.0000,SERIOUS,12.975402,77.598640
14:06:13.147,-0.084437,-0.067086,1.336575,-0.027205,-0.069893,-0.017895,1.340919,0.077106,NORMAL,NO_CRASH,0.0000,SERIOUS,12.975402,77.598640
14:06:13.197,-0.325745,-0.555095,-2.072717,0.036880,-0.190091,-0.081657,2.170344,0.210149,NORMAL,NO_CRASH,0.0000,SERIOUS,12.975402,77.598640
14:06:13.248,-0.435009,-0.528700,1.380523,-0.055150,-0.043860,0.054434,1.540974,0.089041,NORMAL,NO_CRASH,0.0000,SERIOUS,12.975402,77.598640
14:06:13.298,1.396816,0.367150,0.144419,0.039929,-0.102322,-0.027588,1.451465,0.113249,NORMAL,NO_CRASH,0.0000,SERIOUS,12.975402,77.598640
14:06:13.349,-0.873270,-1.222080,-0.515693,0.084728,0.130074,0.091181,1.588086,0.180033,NORMAL,NO_CRASH,0.0000,SERIOUS,12.975402,77.598640
14:06:13.399,-0.751651,-0.073807,0.698415,0.177547,0.100040,0.149668,1.028694,0.252847,NORMAL,NO_CRASH,0.0000,SERIOUS,12.975402,77.598640
14:06:13.449,0.385948,-0.437295,0.618306,0.048209,-0.033888,-0.061472,0.849991,0.085155,NORMAL,NO_CRASH,0.0000,SERIOUS,12.975402,77.598640
14:06:13.500,0.912596,-1.479436,-1.771687,0.009021,-0.271725,-0.036012,2.482023,0.274249,NORMAL,NO_CRASH,0.0000,SERIOUS,12.975402,77.598640
14:06:13.550,-0.529955,-0.100961,0.536979,-0.099712,-0.101355,-0.099719,0.761178,0.173664,NORMAL,NO_CRASH,0.0000,SERIOUS,12.975402,77.598640
14:06:13.601,0.028109,0.940280,-0.812781,0.046377,-0.062461,0.024758,1.243193,0.081641,NORMAL,NO_CRASH,0.0000,SERIOUS,12.975402,77.598640
14:06:13.651,-3.103517,-1.130523,1.269689,-0.054079,0.111915,0.051763,3.538645,0.134644,NORMAL,NO_CRASH,0.0000,SERIOUS,12.975402,77.598640
14:06:13.702,0.319031,-0.607483,-0.152845,-0.035302,-0.108131,-0.212234,0.702978,0.240794,NORMAL,NO_CRASH,0.0000,SERIOUS,12.975402,77.598640
14:06:13.752,0.089070,0.967916,0.098377,-0.088770,0.040860,-0.203527,0.976972,0.225772,NORMAL,NO_CRASH,0.0000,SERIOUS,12.975402,77.598640
14:06:13.802,-0.464393,-0.404161,-0.272625,-0.131099,0.054679,-0.088066,0.673299,0.167130,NORMAL,NO_CRASH,0.0000,SERIOUS,12.975402,77.598640
14:06:13.853,-1.476226,-1.409739,-0.165639,0.035634,-0.016131,0.228811,2.047936,0.232131,NORMAL,NO_CRASH,0.0000,SERIOUS,12.975402,77.598640
14:06:13.903,0.536850,-0.931615,-0.558520,-0.006124,-0.069115,-0.004359,1.211635,0.069523,NORMAL,NO_CRASH,0.0000,SERIOUS,12.975402,77.598640
14:06:13.954,-0.441541,-0.640472,0.470291,-0.056094,-0.015147,-0.110725,0.909030,0.125044,NORMAL,NO_CRASH,0.0000,SERIOUS,12.975402,77.598640
14:06:14.004,-0.462094,0.093880,-1.349130,-0.085379,-0.022346,0.041999,1.429159,0.097738,NORMAL,NO_CRASH,0.0000,SERIOUS,12.975402,77.598640
14:06:14.054,-0.601306,-0.469383,-0.512584,-0.055977,0.176768,-0.165759,0.919038,0.248709,NORMAL,NO_CRASH,0.0000,SERIOUS,12.975402,77.598640
14:06:14.105,0.644890,0.168823,-0.663917,0.197888,-0.011228,-0.023315,0.940835,0.199573,NORMAL,NO_CRASH,0.0000,SERIOUS,12.975402,77.598640
14:06:14.156,0.128230,-1.234372,0.143479,-0.020919,0.259678,-0.062478,1.249281,0.267906,NORMAL,NO_CRASH,0.0000,SERIOUS,12.975402,77.598640
14:06:14.205,-0.454640,0.601206,-0.998831,0.056895,-0.001508,-0.028562,1.251323,0.063680,NORMAL,NO_CRASH,0.0000,SERIOUS,12.975402,77.598640
14:06:14.256,-0.301256,-0.086314,-0.627613,0.020117,0.074436,0.097823,0.701501,0.124558,NORMAL,NO_CRASH,0.0000,SERIOUS,12.975402,77.598640
14:06:14.306,0.321676,1.138706,-0.126361,-0.107698,0.129090,0.028373,1.189998,0.170493,NORMAL,NO_CRASH,0.0000,SERIOUS,12.975402,77.598640
14:06:14.357,-0.142912,0.233677,-0.613454,0.047888,-0.045013,0.214413,0.671829,0.224259,NORMAL,NO_CRASH,0.0000,SERIOUS,12.975402,77.598640
14:06:14.407,0.846547,-1.987848,1.232116,-0.025695,-0.176355,0.010015,2.487225,0.178498,NORMAL,NO_CRASH,0.0000,SERIOUS,12.975402,77.598640
14:06:14.458,-1.490733,2.086342,0.609243,-0.010861,0.019468,-0.225208,2.635581,0.226309,NORMAL,NO_CRASH,0.0000,SERIOUS,12.975402,77.598640
14:06:14.508,-0.692450,-0.952349,-0.171159,0.002873,0.102288,-0.122373,1.189853,0.159519,NORMAL,NO_CRASH,0.0000,SERIOUS,12.975402,77.598640
14:06:14.559,-1.217291,0.038921,-1.179328,-0.024806,-0.096554,0.146020,1.695325,0.176805,NORMAL,NO_CRASH,0.0000,SERIOUS,12.975402,77.598640
14:06:14.610,-0.161552,0.782614,0.558476,0.019119,-0.221198,0.284379,0.974925,0.360785,NORMAL,NO_CRASH,0.0000,SERIOUS,12.975402,77.598640
14:06:14.660,0.800767,-0.250527,1.339774,0.058820,0.103082,0.031073,1.580819,0.122684,NORMAL,NO_CRASH,0.0000,SERIOUS,12.975402,77.598640
14:06:14.710,-0.202280,1.406925,-0.046701,-0.134728,-0.095955,-0.106489,1.422159,0.196720,NORMAL,NO_CRASH,0.0000,SERIOUS,12.975402,77.598640
14:06:14.761,1.541469,0.689431,1.266849,-0.015966,0.032622,-0.166060,2.111007,0.169986,NORMAL,NO_CRASH,0.0000,SERIOUS,12.975402,77.598640
14:06:14.812,0.280808,0.071727,-1.306154,-0.003770,0.192519,0.063533,1.337922,0.202767,NORMAL,NO_CRASH,0.0000,SERIOUS,12.975402,77.598640
14:06:14.862,0.188966,0.256792,2.007546,0.123286,0.010665,0.004920,2.032705,0.123844,NORMAL,NO_CRASH,0.0000,SERIOUS,12.975402,77.598640
14:06:14.913,0.476252,1.008871,0.109769,-0.216133,-0.035808,-0.096571,1.121020,0.239420,NORMAL,NO_CRASH,0.0000,SERIOUS,12.975402,77.598640
14:06:14.963,0.754785,-0.461988,0.055282,0.049136,-0.046354,0.060986,0.886674,0.091007,NORMAL,NO_CRASH,0.0000,SERIOUS,12.975402,77.598640
14:06:15.013,0.263926,-1.333644,-0.155321,0.021689,-0.051855,0.067300,1.368352,0.087685,NORMAL,NO_CRASH,0.0000,SERIOUS,12.975402,77.598640
14:06:15.064,1.010696,-1.253268,-0.375995,-0.062305,-0.272961,-0.131163,1.653348,0.309182,NORMAL,NO_CRASH,0.0000,SERIOUS,12.975402,77.598640
14:06:15.114,0.992179,-0.330291,0.326019,0.018016,-0.186645,-0.126061,1.095354,0.225947,NORMAL,NO_CRASH,0.0000,SERIOUS,12.975402,77.598640
14:06:15.165,0.077527,0.487881,0.911238,-0.055776,0.022684,-0.097735,1.036530,0.114794,NORMAL,NO_CRASH,0.0000,SERIOUS,12.975402,77.598640
14:06:15.217,-0.901613,-0.529131,0.589750,0.029725,-0.096671,0.125060,1.200288,0.160838,NORMAL,NO_CRASH,0.0000,SERIOUS,12.975402,77.598640
14:06:15.266,0.570693,-0.880881,0.860671,0.003166,-0.064894,-0.005004,1.357349,0.065163,NORMAL,NO_CRASH,0.0000,SERIOUS,12.975402,77.598640
14:06:15.316,-0.925590,-0.134636,0.091593,0.065454,0.075638,0.191797,0.939805,0.216313,NORMAL,NO_CRASH,0.0000,SERIOUS,12.975402,77.598640
14:06:15.367,0.024059,-0.935885,-0.056388,0.005528,-0.137005,0.049720,0.937891,0.145853,NORMAL,NO_CRASH,0.0000,SERIOUS,12.975402,77.598640
14:06:15.417,-2.429348,-0.396543,0.448403,-0.067789,0.203401,-0.287895,2.502008,0.358959,NORMAL,NO_CRASH,0.0000,SERIOUS,12.975402,77.598640
14:06:15.467,0.948634,-1.420975,-0.241429,0.076901,-0.072918,-0.051566,1.725504,0.117855,NORMAL,NO_CRASH,0.0000,SERIOUS,12.975402,77.598640
14:06:15.518,-0.062164,-0.053334,-1.430299,-0.031010,0.123896,-0.055202,1.432643,0.139137,NORMAL,NO_CRASH,0.0000,SERIOUS,12.975402,77.598640
14:06:15.568,0.248047,-1.298395,-1.423024,-0.097560,0.324789,0.036336,1.942255,0.341067,NORMAL,NO_CRASH,0.0000,SERIOUS,12.975402,77.598640
14:06:15.618,0.822505,-0.128415,0.396007,-0.059168,-0.030136,-0.150185,0.921860,0.164209,NORMAL,NO_CRASH,0.0000,SERIOUS,12.975402,77.598640
14:06:15.669,0.371347,-2.397359,-0.654351,0.048988,-0.147852,-0.071368,2.512649,0.171328,NORMAL,NO_CRASH,0.0000,SERIOUS,12.975402,77.598640
14:06:15.719,-0.770700,-1.071269,-1.499237,0.107099,-0.136263,-0.051589,1.997325,0.180829,NORMAL,NO_CRASH,0.0000,SERIOUS,12.975402,77.598640
14:06:15.770,-0.724435,-1.184376,-0.213730,-0.003601,0.040033,-0.019566,1.404718,0.044704,NORMAL,NO_CRASH,0.0000,SERIOUS,12.975402,77.598640
14:06:15.820,0.815777,-0.731631,-0.162021,-0.013826,0.191348,-0.011252,1.107712,0.192177,NORMAL,NO_CRASH,0.0000,SERIOUS,12.975402,77.598640
14:06:15.870,-0.040999,1.544723,1.388098,0.092538,-0.101556,-0.080611,2.077177,0.159295,NORMAL,NO_CRASH,0.0000,SERIOUS,12.975402,77.598640
14:06:15.921,0.104524,0.637330,1.186307,-0.053629,-0.187085,-0.129187,1.350718,0.233594,NORMAL,NO_CRASH,0.0000,SERIOUS,12.975402,77.598640
14:06:15.971,-0.708810,-1.163841,0.363371,-0.064424,-0.035182,-0.117423,1.410310,0.138479,NORMAL,NO_CRASH,0.0000,SERIOUS,12.975402,77.598640
14:06:16.021,0.919964,-1.527902,0.744678,-0.032566,0.153930,-0.041485,1.932709,0.162715,NORMAL,NO_CRASH,0.0000,SERIOUS,12.975402,77.598640
14:06:16.072,-0.358102,0.363543,-0.277960,-0.035940,-0.126204,0.047718,0.581087,0.139629,NORMAL,NO_CRASH,0.0000,SERIOUS,12.975402,77.598640
14:06:16.122,0.251771,0.077216,1.585902,0.035621,-0.007153,-0.025177,1.607618,0.044203,NORMAL,NO_CRASH,0.0000,SERIOUS,12.975402,77.598640
14:06:16.172,-1.879078,-0.233920,0.945967,-0.123883,0.209228,-0.035060,2.116721,0.245667,NORMAL,NO_CRASH,0.0000,SERIOUS,12.975402,77.598640
14:06:16.223,-1.116774,0.499648,-0.780587,0.011647,0.150253,0.050364,1.451257,0.158896,NORMAL,NO_CRASH,0.0000,SERIOUS,12.975402,77.598640
14:06:16.274,0.890933,0.622044,-1.164836,0.005057,0.064609,-0.065956,1.592967,0.092467,NORMAL,NO_CRASH,0.0000,SERIOUS,12.975402,77.598640
14:06:16.324,0.359123,-0.237621,0.315792,-0.003291,-0.242873,0.047986,0.534002,0.247590,NORMAL,NO_CRASH,0.0000,SERIOUS,12.975402,77.598640
14:06:16.375,-0.186784,0.492808,1.171188,0.000409,-0.047156,-0.097140,1.284301,0.107982,NORMAL,NO_CRASH,0.0000,SERIOUS,12.975402,77.598640
14:06:16.425,0.906506,0.255014,-0.628138,-0.004065,-0.124071,-0.201776,1.131964,0.236905,NORMAL,NO_CRASH,0.0000,SERIOUS,12.975402,77.598640
14:06:16.476,-1.447486,0.106961,-1.438194,-0.015899,0.033085,0.019176,2.043296,0.041414,NORMAL,NO_CRASH,0.0000,SERIOUS,12.975402,77.598640
14:06:16.526,-1.148187,0.145347,-0.052981,0.062779,-0.021377,-0.007852,1.158562,0.066782,NORMAL,NO_CRASH,0.0000,SERIOUS,12.975402,77.598640
14:06:16.577,0.017022,0.611925,-0.909587,0.107519,0.094469,-0.083255,1.096399,0.165578,NORMAL,NO_CRASH,0.0000,SERIOUS,12.975402,77.598640
14:06:16.627,-0.310727,0.749879,-0.478625,-0.047589,0.166499,-0.129578,0.942312,0.216280,NORMAL,NO_CRASH,0.0000,SERIOUS,12.975402,77.598640
14:06:16.678,0.056875,-1.084043,0.128886,-0.044803,0.084605,0.169244,1.093158,0.194445,NORMAL,NO_CRASH,0.0000,SERIOUS,12.975402,77.598640
14:06:16.729,-1.885630,0.088960,-0.572071,0.007832,0.023620,0.080376,1.972506,0.084140,NORMAL,NO_CRASH,0.0000,SERIOUS,12.975402,77.598640
14:06:16.779,0.542699,1.308463,-1.056028,-0.037682,-0.104255,-0.074831,1.766860,0.133748,NORMAL,NO_CRASH,0.0000,SERIOUS,12.975402,77.598640
14:06:16.830,0.963984,1.123486,1.702823,0.050678,0.096693,-0.042453,2.256345,0.117133,NORMAL,NO_CRASH,0.0000,SERIOUS,12.975402,77.598640
14:06:16.880,-1.244181,0.314353,-0.793371,-0.023644,0.041623,-0.039184,1.508722,0.061862,NORMAL,NO_CRASH,0.0000,SERIOUS,12.975402,77.598640
14:06:16.930,-2.007058,0.514934,0.103671,-0.101015,-0.091385,0.019177,2.074654,0.137561,NORMAL,NO_CRASH,0.0000,SERIOUS,12.975402,77.598640
14:06:16.981,-0.218682,-1.380423,0.808761,-0.021050,0.227021,-0.083015,1.614770,0.242638,NORMAL,NO_CRASH,0.0000,SERIOUS,12.975402,77.598640
14:06:17.031,-0.518538,0.214710,1.774696,-0.010821,-0.311305,-0.061804,1.861324,0.317565,NORMAL,NO_CRASH,0.0000,SERIOUS,12.975402,77.598640
14:06:17.081,-0.183508,-1.148039,0.443290,-0.032630,0.173541,0.186263,1.244256,0.256662,NORMAL,NO_CRASH,0.0000,SERIOUS,12.975402,77.598640
14:06:17.132,-0.604032,-1.214365,0.974087,0.041191,0.073514,-0.006133,1.669845,0.084490,NORMAL,NO_CRASH,0.0000,SERIOUS,12.975402,77.598640
14:06:17.182,-0.617631,0.006787,0.608903,-0.082188,0.037456,-0.072159,0.867339,0.115606,NORMAL,NO_CRASH,0.0000,SERIOUS,12.975402,77.598640
14:06:17.232,0.002564,0.411262,0.424116,-0.049866,0.049426,0.041493,0.590777,0.081555,NORMAL,NO_CRASH,0.0000,SERIOUS,12.975402,77.598640
14:06:17.283,0.939942,0.222322,0.173975,-0.049817,0.357560,-0.135540,0.981420,0.385619,NORMAL,NO_CRASH,0.0000,SERIOUS,12.975402,77.598640
14:06:17.334,0.192523,-0.805917,0.985116,0.004925,0.112561,0.147774,1.287254,0.185827,NORMAL,NO_CRASH,0.0000,SERIOUS,12.975402,77.598640
14:06:17.384,-1.010662,-0.121914,0.950041,0.009629,-0.009033,0.042074,1.392437,0.044096,NORMAL,NO_CRASH,0.0000,SERIOUS,12.975402,77.598640
14:06:17.434,-0.090480,0.317130,-1.354326,-0.028225,-0.119322,0.140196,1.393899,0.186251,NORMAL,NO_CRASH,0.0000,SERIOUS,12.975402,77.598640
14:06:17.484,-0.586136,-0.447895,-0.778461,-0.076543,0.222007,0.197445,1.072459,0.306807,NORMAL,NO_CRASH,0.0000,SERIOUS,12.975402,77.598640
14:06:17.535,0.571806,-0.740197,-0.062939,-0.102825,-0.120122,0.182547,0.937452,0.241507,NORMAL,NO_CRASH,0.0000,SERIOUS,12.975402,77.598640
14:06:17.585,-0.614933,0.760471,0.057884,0.029607,0.032525,-0.172135,0.979698,0.177665,NORMAL,NO_CRASH,0.0000,SERIOUS,12.975402,77.598640
14:06:17.636,-0.364230,-0.340328,0.055396,0.026551,-0.195224,0.033869,0.501553,0.199911,NORMAL,NO_CRASH,0.0000,SERIOUS,12.975402,77.598640
14:06:17.686,0.395544,0.104783,-1.568328,-0.007635,-0.039661,-0.022552,1.620829,0.046259,NORMAL,NO_CRASH,0.0000,SERIOUS,12.975402,77.598640
14:06:17.736,-0.070204,0.552403,-1.527325,0.084855,-0.132360,-0.011212,1.625669,0.157624,NORMAL,NO_CRASH,0.0000,SERIOUS,12.975402,77.598640
14:06:17.786,0.500140,-0.029651,-0.533077,-0.024609,-0.073899,0.146719,0.731567,0.166112,NORMAL,NO_CRASH,0.0000,SERIOUS,12.975402,77.598640
14:06:17.837,-0.745815,-0.575263,0.861293,-0.004350,0.008965,-0.138245,1.276320,0.138604,NORMAL,NO_CRASH,0.0000,SERIOUS,12.975402,77.598640
14:06:17.887,-0.254135,-0.067298,1.147773,-0.102474,-0.005404,-0.127014,1.177496,0.163287,NORMAL,NO_CRASH,0.0000,SERIOUS,12.975402,77.598640
14:06:17.937,0.697015,0.860445,-0.295753,-0.009219,0.194135,-0.097942,1.146152,0.217638,NORMAL,NO_CRASH,0.0000,SERIOUS,12.975402,77.598640
14:06:17.987,-1.494108,1.139521,-0.324164,-0.053467,0.145534,-0.093762,1.906817,0.181191,NORMAL,NO_CRASH,0.0000,SERIOUS,12.975402,77.598640
14:06:18.038,0.405502,0.420752,-0.566425,-0.090889,-0.014133,0.003757,0.813819,0.092058,NORMAL,NO_CRASH,0.0000,SERIOUS,12.975402,77.598640
14:06:18.088,1.733985,0.057571,-0.329709,0.033155,0.212697,-0.005860,1.765992,0.215345,NORMAL,NO_CRASH,0.0000,SERIOUS,12.975402,77.598640
14:06:18.139,-0.789597,-0.917774,-0.380452,-0.058428,0.246694,-0.152729,1.269061,0.295969,NORMAL,NO_CRASH,0.0000,SERIOUS,12.975402,77.598640
14:06:18.189,-0.655535,1.403516,-0.513353,0.039257,0.041397,0.207826,1.631905,0.215514,NORMAL,NO_CRASH,0.0000,SERIOUS,12.975402,77.598640
14:06:18.239,0.532830,1.130642,-0.305294,0.026272,0.148884,0.052109,1.286648,0.159912,NORMAL,NO_CRASH,0.0000,SERIOUS,12.975402,77.598640
14:06:18.290,-0.719634,-0.037327,-0.116209,-0.036819,0.100687,-0.068811,0.729912,0.127391,NORMAL,NO_CRASH,0.0000,SERIOUS,12.975402,77.598640
14:06:18.341,0.783720,-0.088594,-1.981263,-0.012561,0.233258,-0.028099,2.132479,0.235280,NORMAL,NO_CRASH,0.0000,SERIOUS,12.975402,77.598640
14:06:18.391,0.082204,-0.934277,-1.133507,-0.124740,-0.087288,-0.064047,1.471213,0.165171,NORMAL,NO_CRASH,0.0000,SERIOUS,12.975402,77.598640
14:06:18.441,0.142488,0.528555,0.955889,0.075585,0.133424,0.070566,1.101543,0.168803,NORMAL,NO_CRASH,0.0000,SERIOUS,12.975402,77.598640
14:06:18.491,0.771080,-1.277519,0.772855,0.021811,-0.263188,0.083756,1.680453,0.277054,NORMAL,NO_CRASH,0.0000,SERIOUS,12.975402,77.598640
14:06:18.542,0.334203,-0.791653,0.448306,0.004678,0.152992,-0.081404,0.969218,0.173364,NORMAL,NO_CRASH,0.0000,SERIOUS,12.975402,77.598640
14:06:18.593,0.334660,1.103120,-1.206880,0.007472,0.163857,0.015024,1.668961,0.164714,NORMAL,NO_CRASH,0.0000,SERIOUS,12.975402,77.598640
14:06:18.643,-0.167549,0.453613,-1.014242,0.015211,0.174603,-0.126183,1.123621,0.215962,NORMAL,NO_CRASH,0.0000,SERIOUS,12.975402,77.598640
14:06:18.694,-0.765272,-0.074907,-0.380258,0.070628,0.041013,0.173636,0.857816,0.191885,NORMAL,NO_CRASH,0.0000,SERIOUS,12.975402,77.598640
14:06:18.744,-0.396181,0.485707,-0.418986,0.024641,0.072501,-0.074334,0.753936,0.106720,NORMAL,NO_CRASH,0.0000,SERIOUS,12.975402,77.598640
14:06:18.794,-0.229288,-0.064292,0.378624,0.089336,-0.040885,-0.117593,0.447284,0.153234,NORMAL,NO_CRASH,0.0000,SERIOUS,12.975402,77.598640
14:06:18.845,-0.401582,-0.538814,1.867508,0.029313,0.070317,0.040665,1.984736,0.086356,NORMAL,NO_CRASH,0.0000,SERIOUS,12.975402,77.598640
14:06:18.895,-1.376062,-0.613195,0.863701,-0.026162,-0.106389,-0.078505,1.736529,0.134782,NORMAL,NO_CRASH,0.0000,SERIOUS,12.975402,77.598640
14:06:18.945,-0.466381,0.505066,1.327668,0.066402,-0.157265,0.084585,1.495094,0.190516,NORMAL,NO_CRASH,0.0000,SERIOUS,12.975402,77.598640
14:06:18.996,0.711342,0.180213,-1.673037,0.071416,-0.160925,-0.066641,1.826893,0.188250,NORMAL,NO_CRASH,0.0000,SERIOUS,12.975402,77.598640
14:06:19.047,0.912193,-0.771132,-0.054073,0.088882,-0.002246,0.018248,1.195686,0.090764,NORMAL,NO_CRASH,0.0000,SERIOUS,12.975402,77.598640
14:06:19.097,-0.661202,-0.305809,-1.297476,-0.052786,0.050223,0.089131,1.488002,0.115122,NORMAL,NO_CRASH,0.0000,SERIOUS,12.975402,77.598640
14:06:19.148,-0.630046,0.990858,1.177736,0.071031,-0.118068,0.111139,1.663075,0.177024,NORMAL,NO_CRASH,0.0000,SERIOUS,12.975402,77.598640
14:06:19.198,-0.031129,0.712885,0.044298,0.034446,0.295295,-0.088262,0.714938,0.310122,NORMAL,NO_CRASH,0.0000,SERIOUS,12.975402,77.598640
14:06:19.248,0.617978,0.053610,-0.700818,0.046525,0.079044,-0.057525,0.935905,0.108267,NORMAL,NO_CRASH,0.0000,SERIOUS,12.975402,77.598640
14:06:19.298,0.374643,-0.753767,-0.060286,-0.035391,0.056735,0.233139,0.843894,0.242539,NORMAL,NO_CRASH,0.0000,SERIOUS,12.975402,77.598640
14:06:19.349,0.252289,0.726456,0.222868,0.037884,0.113033,-0.067458,0.800661,0.136975,NORMAL,NO_CRASH,0.0000,SERIOUS,12.975402,77.598640
14:06:19.399,-1.149994,0.003084,0.685654,-0.103879,-0.015369,0.255215,1.338887,0.275974,NORMAL,NO_CRASH,0.0000,SERIOUS,12.975402,77.598640
14:06:19.450,0.203124,-0.276626,0.070890,0.087375,-0.356679,0.001423,0.350437,0.367228,NORMAL,NO_CRASH,0.0000,SERIOUS,12.975402,77.598640
14:06:19.500,-0.454530,1.142600,0.203950,-0.081175,-0.205206,0.014095,1.246487,0.221128,NORMAL,NO_CRASH,0.0000,SERIOUS,12.975402,77.598640
14:06:19.550,0.871575,-1.656742,-1.029210,0.046611,-0.058570,0.061857,2.136284,0.097105,NORMAL,NO_CRASH,0.0000,SERIOUS,12.975402,77.598640
14:06:19.601,0.958853,-0.744204,1.347961,0.030207,0.026531,-0.002346,1.813901,0.040272,NORMAL,NO_CRASH,0.0000,SERIOUS,12.975402,77.598640
14:06:19.651,-1.786219,-0.520244,-0.331967,-0.015633,0.121435,-0.011807,1.889824,0.123005,NORMAL,NO_CRASH,0.0000,SERIOUS,12.975402,77.598640
14:06:19.702,0.408914,-0.004669,-1.319075,-0.010793,0.022338,-0.114408,1.381011,0.117067,NORMAL,NO_CRASH,0.0000,SERIOUS,12.975402,77.598640
14:06:19.752,-1.695832,0.285904,0.430137,0.010843,-0.040563,-0.061664,1.772740,0.074601,NORMAL,NO_CRASH,0.0000,SERIOUS,12.975402,77.598640
14:06:19.802,0.716001,-1.338944,-0.960699,-0.098026,-0.124824,-0.034151,1.796767,0.162347,NORMAL,NO_CRASH,0.0000,SERIOUS,12.975402,77.598640
14:06:19.853,0.536420,0.332709,0.724890,-0.033905,-0.098459,-0.169599,0.961201,0.199016,NORMAL,NO_CRASH,0.0000,SERIOUS,12.975402,77.598640
14:06:19.903,1.827488,-1.455642,1.087944,-0.020287,0.052884,0.074317,2.577252,0.093441,NORMAL,NO_CRASH,0.0000,SERIOUS,12.975402,77.598640
14:06:19.954,0.804916,-0.634174,0.804280,0.020933,0.065130,-0.003912,1.302663,0.068523,NORMAL,NO_CRASH,0.0000,SERIOUS,12.975402,77.598640
14:06:20.004,-1.327351,0.607975,-2.349268,-0.006900,-0.006572,0.068743,2.765963,0.069401,NORMAL,NO_CRASH,0.0000,SERIOUS,12.975402,77.598640
14:06:20.055,-1.131883,1.023089,0.009615,0.039611,0.251804,-0.168344,1.525766,0.305474,NORMAL,NO_CRASH,0.0000,SERIOUS,12.975402,77.598640
14:06:20.105,-0.367040,-0.293839,0.547021,0.017293,0.153234,-0.100576,0.721312,0.184107,NORMAL,NO_CRASH,0.0000,SERIOUS,12.975402,77.598640
14:06:20.156,-0.607620,-1.204857,-0.249438,0.017059,-0.011922,0.200227,1.372262,0.201306,NORMAL,NO_CRASH,0.0000,SERIOUS,12.975402,77.598640
14:06:20.206,0.628372,1.906118,0.614610,0.114388,0.164082,0.124318,2.099020,0.235505,NORMAL,NO_CRASH,0.0000,SERIOUS,12.975402,77.598640
14:06:20.256,-1.267178,0.958164,2.166777,0.016097,0.040817,-0.083578,2.686772,0.094395,NORMAL,NO_CRASH,0.0000,SERIOUS,12.975402,77.598640
14:06:20.307,0.364276,1.727880,1.569810,0.024439,-0.062868,-0.020019,2.362746,0.070360,NORMAL,NO_CRASH,0.0000,SERIOUS,12.975402,77.598640
14:06:20.357,-0.471676,1.010489,-0.208966,-0.030142,0.061833,-0.110782,1.134563,0.130401,NORMAL,NO_CRASH,0.0000,SERIOUS,12.975402,77.598640
14:06:20.408,1.400044,-0.213990,1.166086,0.035366,0.210503,-0.038411,1.834577,0.216881,NORMAL,NO_CRASH,0.0000,SERIOUS,12.975402,77.598640
14:06:20.459,0.006286,0.580100,1.989866,0.029574,-0.128052,-0.103949,2.072708,0.167563,NORMAL,NO_CRASH,0.0000,SERIOUS,12.975402,77.598640
14:06:20.509,-0.076573,0.187354,0.119130,-0.048228,0.074773,-0.025588,0.234855,0.092583,NORMAL,NO_CRASH,0.0000,SERIOUS,12.975402,77.598640
14:06:20.559,-0.415057,-0.118421,0.844482,-0.064583,0.153916,-0.062371,0.948391,0.178189,NORMAL,NO_CRASH,0.0000,SERIOUS,12.975402,77.598640
14:06:20.610,-0.940360,-0.669502,-0.344716,0.059147,-0.087204,0.128557,1.204715,0.166222,NORMAL,NO_CRASH,0.0000,SERIOUS,12.975402,77.598640
14:06:20.660,-0.176248,-0.144712,1.792321,0.001725,-0.214855,-0.043731,1.806770,0.219267,NORMAL,NO_CRASH,0.0000,SERIOUS,12.975402,77.598640
14:06:20.710,1.096167,0.056096,0.485680,-0.021745,-0.091942,-0.072139,1.200256,0.118870,NORMAL,NO_CRASH,0.0000,SERIOUS,12.975402,77.598640
14:06:20.761,0.448640,-0.778887,-0.602996,-0.037379,-0.054925,-0.280884,1.082380,0.288634,NORMAL,NO_CRASH,0.0000,SERIOUS,12.975402,77.598640
14:06:20.811,1.528052,0.230335,0.197733,0.031575,0.042478,0.139813,1.557914,0.149496,NORMAL,NO_CRASH,0.0000,SERIOUS,12.975402,77.598640
14:06:20.861,-0.166984,0.267864,-0.833086,-0.043577,-0.168080,-0.146970,0.890880,0.227486,NORMAL,NO_CRASH,0.0000,SERIOUS,12.975402,77.598640
14:06:20.911,-0.566714,1.822219,-0.205318,0.029978,-0.063430,-0.053676,1.919323,0.088336,NORMAL,NO_CRASH,0.0000,SERIOUS,12.975402,77.598640
14:06:20.962,0.392269,-0.154922,1.368209,0.101755,-0.022279,0.071240,1.431737,0.126197,NORMAL,NO_CRASH,0.0000,SERIOUS,12.975402,77.598640
14:06:21.012,-0.223692,-0.001180,1.433898,-0.013411,0.011356,-0.074240,1.451242,0.076292,NORMAL,NO_CRASH,0.0000,SERIOUS,12.975402,77.598640
