Timestamp,AccX,AccY,AccZ,GyroX,GyroY,GyroZ,AccMagnitude,GyroMagnitude,DrivingBehaviour,CrashStatus,CrashConfidence,Severity,Latitude,Longitude
14:35:49.027,-0.595064,-1.449987,-1.251257,0.001513,0.216867,-0.117150,2.005544,0.246490,NORMAL,NO_CRASH,0.0000,,12.971603,77.594587
14:35:49.077,-1.065993,-0.002167,-0.915494,-0.040891,-0.075904,-0.301538,1.405161,0.313621,NORMAL,NO_CRASH,0.0000,,12.971601,77.594590
14:35:49.127,0.163877,0.213103,-0.383207,0.105529,-0.084134,0.035420,0.468099,0.139533,NORMAL,NO_CRASH,0.0000,,12.971596,77.594583
14:35:49.178,0.181062,-0.120571,1.322729,-0.004167,0.034829,-0.116292,1.340498,0.121467,NORMAL,NO_CRASH,0.0000,,12.971595,77.594598
14:35:49.228,0.919378,-0.322774,1.206047,0.108651,-0.061650,0.306548,1.550480,0.331025,NORMAL,NO_CRASH,0.0000,,12.971609,77.594599
14:35:49.278,2.376407,-0.901911,-1.611860,0.076928,-0.194927,0.094757,3.009792,0.229985,NORMAL,NO_CRASH,0.0000,,12.971608,77.594600
14:35:49.328,-0.246156,0.319726,0.348403,0.134910,0.062997,0.160597,0.533106,0.219000,NORMAL,NO_CRASH,0.0000,,12.971624,77.594594
14:35:49.379,1.072972,0.742702,1.010250,-0.001579,0.045897,0.075734,1.650296,0.088570,NORMAL,NO_CRASH,0.0000,,12.971639,77.594586
14:35:49.429,-0.833165,0.944179,0.532730,-0.054824,0.001815,0.153154,1.367274,0.162681,NORMAL,NO_CRASH,0.0000,,12.971635,77.594574
14:35:49.479,-0.481507,0.115805,-0.394598,-0.117457,0.117275,0.044034,0.633220,0.171722,NORMAL,NO_CRASH,0.0000,,12.971649,77.594597
14:35:49.529,-1.597075,0.357158,-0.705046,-0.014614,0.124044,-0.014737,1.781937,0.125769,NORMAL,NO_CRASH,0.0000,,12.971660,77.594606
14:35:49.580,-0.671832,1.391807,-0.065729,0.063933,-0.003529,-0.162035,1.546870,0.174227,NORMAL,NO_CRASH,0.0000,,12.971659,77.594613
14:35:49.630,0.263870,1.042259,-0.693839,0.012367,0.150633,-0.013578,1.279587,0.151748,NORMAL,NO_CRASH,0.0000,,12.971670,77.594619
14:35:49.681,0.505208,-0.525599,1.599820,0.108937,-0.194029,0.179211,1.758099,0.285711,NORMAL,NO_CRASH,0.0000,,12.971688,77.594626
14:35:49.731,0.119574,0.829026,1.182080,0.077669,0.014725,-0.173594,1.448757,0.190746,NORMAL,NO_CRASH,0.0000,,12.971687,77.594618
14:35:49.781,-0.867107,-0.220891,-1.153734,0.037140,0.043939,-0.010037,1.460059,0.058401,NORMAL,NO_CRASH,0.0000,,12.971678,77.594608
14:35:49.832,0.996428,0.065925,1.194395,0.013985,-0.262555,0.000421,1.556854,0.262928,NORMAL,NO_CRASH,0.0000,,12.971669,77.594595
14:35:49.882,-1.030917,-0.685914,-1.463358,-0.123822,0.004963,-0.005060,1.916947,0.124024,NORMAL,NO_CRASH,0.0000,,12.971690,77.594590
14:35:49.932,-1.258171,-1.964817,0.470103,0.078769,0.026275,0.112560,2.380020,0.139873,NORMAL,NO_CRASH,0.0000,,12.971705,77.594586
14:35:49.983,0.539623,-1.988734,0.514584,-0.094530,-0.072948,-0.019299,2.123924,0.120954,NORMAL,NO_CRASH,0.0000,,12.971714,77.594580
14:35:50.033,-1.727378,-0.811609,0.635179,-0.036521,0.115054,0.151657,2.011466,0.193832,NORMAL,NO_CRASH,0.0000,,12.971707,77.594595
14:35:50.084,0.719929,-0.500909,0.204329,0.025634,0.045569,-0.022153,0.900532,0.056784,NORMAL,NO_CRASH,0.0000,,12.971727,77.594589
14:35:50.134,0.391537,0.334630,-0.604243,0.015932,0.189040,0.006341,0.793970,0.189816,NORMAL,NO_CRASH,0.0000,,12.971742,77.594601
14:35:50.184,-0.143696,-0.276531,-0.542993,0.070596,-0.090976,-0.075254,0.626066,0.137563,NORMAL,NO_CRASH,0.0000,,12.971744,77.594594
14:35:50.234,1.473726,1.191652,-2.449539,0.014205,0.014762,0.057432,3.097118,0.060977,NORMAL,NO_CRASH,0.0000,,12.971738,77.594594
14:35:50.284,1.918334,0.760112,-0.410652,-0.091696,-0.021821,-0.001597,2.103904,0.094270,NORMAL,NO_CRASH,0.0000,,12.971731,77.594584
14:35:50.335,0.132632,-0.943721,0.657435,0.036296,0.196617,-0.090617,1.157765,0.219515,NORMAL,NO_CRASH,0.0000,,12.971747,77.594595
14:35:50.385,-2.369300,0.032698,0.219436,-0.061722,-0.001314,0.087659,2.379664,0.107216,NORMAL,NO_CRASH,0.0000,,12.971752,77.594607
14:35:50.435,-0.954133,0.636005,0.958219,-0.053081,0.042029,-0.015487,1.494341,0.069454,NORMAL,NO_CRASH,0.0000,,12.971756,77.594630
14:35:50.485,-0.925669,0.625518,-0.252097,0.000176,0.049755,0.108102,1.145290,0.119002,NORMAL,NO_CRASH,0.0000,,12.971761,77.594638
14:35:50.536,-0.502650,-0.465545,-0.700584,-0.011874,0.258129,-0.073040,0.979901,0.268526,NORMAL,NO_CRASH,0.0000,,12.971755,77.594651
14:35:50.586,-1.049747,-0.096077,-0.531854,0.015503,-0.061796,0.342449,1.180706,0.348325,NORMAL,NO_CRASH,0.0000,,12.971767,77.594661
14:35:50.636,-0.025353,-0.198843,-1.018824,-0.056301,0.116726,-0.162906,1.038356,0.208166,NORMAL,NO_CRASH,0.0000,,12.971775,77.594669
14:35:50.687,-0.281860,1.121763,-1.588840,-0.119560,-0.161091,0.105545,1.965250,0.226682,NORMAL,NO_CRASH,0.0000,,12.971798,77.594671
14:35:50.737,0.052712,-0.929019,1.212201,0.015324,-0.151832,0.156381,1.528164,0.218501,NORMAL,NO_CRASH,0.0000,,12.971802,77.594672
14:35:50.788,-1.753221,-1.725847,0.117291,-0.117308,0.192187,0.071649,2.462943,0.236285,NORMAL,NO_CRASH,0.0000,,12.971824,77.594664
14:35:50.838,0.429764,-0.773176,-0.458467,-0.129000,0.013597,-0.091020,0.996338,0.158463,NORMAL,NO_CRASH,0.0000,,12.971813,77.594680
14:35:50.888,-0.695931,-0.804040,-0.753887,0.022363,-0.289206,-0.004344,1.303513,0.290102,NORMAL,NO_CRASH,0.0000,,12.971823,77.594702
14:35:50.939,0.385542,1.174149,0.441360,-0.098742,-0.021711,0.106085,1.312276,0.146545,NORMAL,NO_CRASH,0.0000,,12.971831,77.594691
14:35:50.989,-2.509771,0.207353,-1.053774,0.003667,0.038351,-0.180368,2.729905,0.184437,NORMAL,NO_CRASH,0.0000,,12.971844,77.594699
14:35:51.040,-0.762367,0.065751,0.194057,0.049349,0.060561,0.224608,0.789421,0.237806,NORMAL,NO_CRASH,0.0000,,12.971849,77.594707
14:35:51.090,-0.554551,0.784201,-0.075186,-0.006222,-0.104614,-0.204589,0.963406,0.229869,NORMAL,NO_CRASH,0.0000,,12.971869,77.594707
14:35:51.141,0.491038,-0.039001,0.483946,-0.038354,-0.022492,-0.243470,0.690538,0.247496,NORMAL,NO_CRASH,0.0000,,12.971891,77.594710
14:35:51.191,1.181872,0.892436,0.426936,-0.018853,-0.059626,0.142305,1.541278,0.155439,NORMAL,NO_CRASH,0.0000,,12.971879,77.594728
14:35:51.241,0.226781,1.723520,0.087316,0.025091,0.066696,-0.195866,1.740567,0.208426,NORMAL,NO_CRASH,0.0000,,12.971872,77.594719
14:35:51.292,1.036281,-0.828531,-0.205771,-0.015168,-0.062352,0.106228,1.342640,0.124106,NORMAL,NO_CRASH,0.0000,,12.971865,77.594735
14:35:51.342,0.007410,-1.052669,0.759500,0.070732,0.035539,0.116230,1.298079,0.140625,NORMAL,NO_CRASH,0.0000,,12.971868,77.594726
14:35:51.392,-0.741881,-0.151600,-0.963830,-0.091148,0.048480,0.027508,1.225700,0.106841,NORMAL,NO_CRASH,0.0000,,12.971863,77.594738
14:35:51.443,1.254185,-0.528877,0.046260,0.001763,-0.016124,-0.066070,1.361922,0.068031,NORMAL,NO_CRASH,0.0000,,12.971857,77.594739
14:35:51.493,1.632950,-0.087654,0.241316,0.088367,-0.075010,-0.020196,1.653010,0.117657,NORMAL,NO_CRASH,0.0000,,12.971876,77.594761
14:35:51.544,-0.014249,-0.064573,0.284796,-0.098845,-0.047412,0.038129,0.292372,0.116069,NORMAL,NO_CRASH,0.0000,,12.971867,77.594769
14:35:51.594,-0.565590,-0.685728,-0.457652,-0.020382,0.150627,0.162921,0.999780,0.222817,NORMAL,NO_CRASH,0.0000,,12.971862,77.594767
14:35:51.645,-0.544402,-0.265728,-0.158487,0.053644,-0.025341,-0.233393,0.626181,0.240816,NORMAL,NO_CRASH,0.0000,,12.971869,77.594762
14:35:51.695,-0.762440,-1.228128,-1.654437,0.013862,0.010452,0.066466,2.196993,0.068696,NORMAL,NO_CRASH,0.0000,,12.971882,77.594785
14:35:51.746,1.309566,1.760903,-0.616508,-0.112421,-0.102950,0.077807,2.279435,0.171147,NORMAL,NO_CRASH,0.0000,,12.971875,77.594783
14:35:51.796,1.321005,1.290036,-1.072351,0.122501,0.350040,0.001173,2.135224,0.370859,NORMAL,NO_CRASH,0.0000,,12.971870,77.594795
14:35:51.847,0.614316,-0.649016,0.810025,-0.070191,-0.009030,-0.074306,1.206128,0.102614,NORMAL,NO_CRASH,0.0000,,12.971885,77.594791
14:35:51.897,-0.281556,-1.247884,0.684058,-0.083569,0.256160,0.041362,1.450664,0.272603,NORMAL,NO_CRASH,0.0000,,12.971882,77.594802
14:35:51.947,-1.465246,0.524580,-0.555908,-0.034027,0.177146,0.064776,1.652623,0.191663,NORMAL,NO_CRASH,0.0000,,12.971886,77.594807
14:35:51.998,1.221464,-0.809542,1.700265,0.122191,0.070023,-0.092337,2.244601,0.168404,NORMAL,NO_CRASH,0.0000,,12.971881,77.594807
14:35:52.048,-0.639934,0.576407,-1.307842,0.031920,-0.037399,0.049722,1.565954,0.069927,NORMAL,NO_CRASH,0.0000,,12.971900,77.594803
14:35:52.099,-1.728303,0.578878,-1.325508,-0.029987,-0.052431,0.073838,2.253686,0.095395,NORMAL,NO_CRASH,0.0000,,12.971906,77.594808
14:35:52.149,0.266591,0.782978,0.639675,-0.082410,0.132711,-0.211907,1.045614,0.263265,NORMAL,NO_CRASH,0.0000,,12.971912,77.594829
14:35:52.200,-0.505465,-0.149349,1.873136,-0.049782,-0.082786,-0.142739,1.945877,0.172354,NORMAL,NO_CRASH,0.0000,,12.971923,77.594818
14:35:52.250,-0.694456,1.262407,0.100409,-0.018157,-0.169856,-0.072117,1.444307,0.185422,NORMAL,NO_CRASH,0.0000,,12.971932,77.594817
14:35:52.301,-0.165251,1.190892,-0.168862,-0.045350,-0.081616,0.062812,1.214103,0.112531,NORMAL,NO_CRASH,0.0000,,12.971934,77.594808
14:35:52.351,0.198762,-0.530776,-0.973078,0.021646,-0.073704,0.031071,1.126104,0.082863,NORMAL,NO_CRASH,0.0000,,12.971939,77.594807
14:35:52.401,-0.763522,1.126107,0.774924,-0.002648,-0.120631,0.241607,1.565755,0.270061,NORMAL,NO_CRASH,0.0000,,12.971949,77.594828
14:35:52.452,-0.587261,-1.776079,-0.182973,-0.004307,-0.240079,0.058527,1.879577,0.247147,NORMAL,NO_CRASH,0.0000,,12.971954,77.594840
14:35:52.503,1.125036,2.077610,0.874663,0.009622,-0.035429,0.133883,2.519366,0.138825,NORMAL,NO_CRASH,0.0000,,12.971963,77.594833
14:35:52.553,-0.127958,-1.008530,-1.522811,-0.029129,0.095474,-0.092464,1.830972,0.136064,NORMAL,NO_CRASH,0.0000,,12.971959,77.594851
14:35:52.603,-1.578030,-0.738425,0.664148,0.083031,-0.234642,0.223976,1.864549,0.334838,NORMAL,NO_CRASH,0.0000,,12.971961,77.594850
14:35:52.654,-0.031171,-0.781731,-1.000427,-0.081593,-0.108989,0.071441,1.270012,0.153752,NORMAL,NO_CRASH,0.0000,,12.971983,77.594839
14:35:52.704,-0.191317,0.163075,0.016048,-0.005708,-0.186763,0.264908,0.251899,0.324175,NORMAL,NO_CRASH,0.0000,,12.971973,77.594858
14:35:52.754,-0.682632,-0.002044,1.118739,-0.130363,-0.082061,-0.024345,1.310560,0.155952,NORMAL,NO_CRASH,0.0000,,12.971973,77.594878
14:35:52.805,0.923597,-1.041860,-0.599775,0.011959,-0.125317,-0.011899,1.515993,0.126448,NORMAL,NO_CRASH,0.0000,,12.971962,77.594891
14:35:52.856,-0.188917,-0.270068,0.407088,0.080474,-0.030297,-0.055572,0.523782,0.102383,NORMAL,NO_CRASH,0.0000,,12.971974,77.594890
14:35:52.906,-1.727358,-1.022088,0.987416,0.015663,0.025518,-0.221530,2.236833,0.223545,NORMAL,NO_CRASH,0.0000,,12.971987,77.594882
14:35:52.956,-0.146732,-0.399927,0.639776,0.100799,0.115290,0.059356,0.768626,0.164242,NORMAL,NO_CRASH,0.0000,,12.971992,77.594871
14:35:53.007,-0.073593,0.402567,0.431370,-0.011019,-0.001727,0.077916,0.594606,0.078710,NORMAL,NO_CRASH,0.0000,,12.971987,77.594865
14:35:53.057,0.880739,-1.184948,1.524166,0.024955,-0.249203,0.007035,2.122000,0.250548,NORMAL,NO_CRASH,0.0000,,12.971985,77.594854
14:35:53.107,-0.456238,0.180546,-1.283603,0.035852,-0.081007,0.076683,1.374186,0.117165,NORMAL,NO_CRASH,0.0000,,12.972006,77.594863
14:35:53.158,0.746383,-0.177601,1.858205,0.000224,-0.226678,-0.273310,2.010362,0.355080,NORMAL,NO_CRASH,0.0000,,12.972019,77.594854
14:35:53.208,-1.267972,-0.741659,-0.393046,0.058742,-0.234762,0.075743,1.520624,0.253576,NORMAL,NO_CRASH,0.0000,,12.972030,77.594848
14:35:53.258,-0.194284,-1.135930,2.020779,-0.092232,-0.102058,0.091117,2.326292,0.165000,NORMAL,NO_CRASH,0.0000,,12.972022,77.594847
14:35:53.308,0.562321,0.473698,0.378375,0.174255,-0.113542,0.064216,0.826899,0.217670,NORMAL,NO_CRASH,0.0000,,12.972017,77.594855
14:35:53.359,-0.381715,-0.340939,-0.673277,0.125347,0.158809,0.142300,0.845723,0.247349,NORMAL,NO_CRASH,0.0000,,12.972024,77.594869
14:35:53.410,0.172629,-0.721790,0.306797,0.025557,-0.020646,0.065571,0.803061,0.073342,NORMAL,NO_CRASH,0.0000,,12.972042,77.594874
14:35:53.460,0.407107,-0.769870,0.990720,0.033886,0.277862,-0.050557,1.319076,0.284450,NORMAL,NO_CRASH,0.0000,,12.972038,77.594878
14:35:53.511,-0.732773,0.085567,-1.162511,0.123033,0.156378,0.031704,1.376848,0.201485,NORMAL,NO_CRASH,0.0000,,12.972027,77.594884
14:35:53.561,-0.892023,0.640511,-0.810638,0.077982,0.217270,-0.005515,1.364951,0.230907,NORMAL,NO_CRASH,0.0000,,12.972018,77.594876
14:35:53.612,-0.176523,0.634556,-0.172424,0.057896,0.018837,0.095425,0.680847,0.113193,NORMAL,NO_CRASH,0.0000,,12.972032,77.594876
14:35:53.662,-0.455472,-0.214575,-0.003982,-0.060422,0.106588,0.085213,0.503501,0.149242,NORMAL,NO_CRASH,0.0000,,12.972041,77.594899
14:35:53.712,-0.725276,-0.998217,-0.516897,-0.085514,0.123215,-0.152503,1.337776,0.213896,NORMAL,NO_CRASH,0.0000,,12.972032,77.594917
14:35:53.763,-0.451703,0.662056,0.016559,0.063054,0.343304,-0.043031,0.801641,0.351689,NORMAL,NO_CRASH,0.0000,,12.972030,77.594935
14:35:53.814,0.003111,0.958657,0.301758,-0.069880,0.006402,-0.098912,1.005033,0.121275,NORMAL,NO_CRASH,0.0000,,12.972046,77.594938
14:35:53.864,-1.818504,0.144399,0.429497,0.009601,-0.220537,0.004278,1.874107,0.220788,NORMAL,NO_CRASH,0.0000,,12.972066,77.594958
14:35:53.915,-0.159815,-1.879058,-0.824732,0.013893,-0.001730,-0.120351,2.058296,0.121162,NORMAL,NO_CRASH,0.0000,,12.972068,77.594962
14:35:53.965,0.410238,1.010416,-0.565230,0.065600,-0.098948,-0.201450,1.228300,0.233829,NORMAL,NO_CRASH,0.0000,,12.972071,77.594951
14:35:54.015,-0.233882,1.332868,-0.952728,0.028051,0.180153,-0.174035,1.654970,0.252052,NORMAL,NO_CRASH,0.0000,,12.972088,77.594943
14:35:54.066,1.299767,0.570539,0.045751,0.003248,-0.115090,-0.124203,1.420213,0.169360,NORMAL,NO_CRASH,0.0000,,12.972106,77.594959
14:35:54.116,0.107398,1.110317,2.022093,-0.014730,-0.155374,0.137988,2.309372,0.208324,NORMAL,NO_CRASH,0.0000,,12.972127,77.594981
14:35:54.166,0.565276,0.687735,-0.788275,0.026665,0.100021,-0.088103,1.189073,0.135931,NORMAL,NO_CRASH,0.0000,,12.972128,77.594980
14:35:54.217,-0.863813,-0.042737,-0.501497,-0.038413,0.106773,0.126269,0.999749,0.169764,NORMAL,NO_CRASH,0.0000,,12.972139,77.594971
14:35:54.267,-0.913856,0.391638,-0.081950,0.081303,-0.071808,0.068448,0.997612,0.128264,NORMAL,NO_CRASH,0.0000,,12.972141,77.594966
14:35:54.318,0.810875,-2.415073,0.560947,0.012045,0.018745,0.247469,2.608593,0.248470,NORMAL,NO_CRASH,0.0000,,12.972140,77.594986
14:35:54.368,0.797798,0.155641,0.394030,0.017953,0.073852,-0.104940,0.903307,0.129572,NORMAL,NO_CRASH,0.0000,,12.972146,77.595009
14:35:54.419,-0.449586,-0.885246,-1.611637,0.017859,-0.076482,-0.001425,1.892924,0.078553,NORMAL,NO_CRASH,0.0000,,12.972151,77.595030
14:35:54.469,-0.840526,-0.440729,0.955903,-0.013507,-0.015116,-0.126690,1.347025,0.128302,NORMAL,NO_CRASH,0.0000,,12.972147,77.595050
14:35:54.520,0.693677,1.359042,0.509360,0.005722,-0.037719,-0.111719,1.608611,0.118054,NORMAL,NO_CRASH,0.0000,,12.972164,77.595058
14:35:54.571,0.327739,-0.861095,-0.955820,-0.065664,-0.074497,0.075761,1.327588,0.124905,NORMAL,NO_CRASH,0.0000,,12.972165,77.595064
14:35:54.621,0.977638,1.009871,-0.745918,-0.063506,-0.050814,0.295436,1.591229,0.306426,NORMAL,NO_CRASH,0.0000,,12.972168,77.595053
14:35:54.671,-0.124174,-0.660564,0.091642,0.115322,0.048520,-0.103547,0.678352,0.162405,NORMAL,NO_CRASH,0.0000,,12.972177,77.595051
14:35:54.721,1.039198,-1.797616,0.014171,0.068308,-0.062378,0.019768,2.076429,0.094593,NORMAL,NO_CRASH,0.0000,,12.972196,77.595048
14:35:54.772,0.093063,1.635174,1.125287,0.076259,-0.205027,-0.042093,1.987140,0.222763,NORMAL,NO_CRASH,0.0000,,12.972200,77.595069
14:35:54.822,0.244562,-0.014471,3.355812,0.129974,-0.068277,-0.029461,3.364743,0.149743,NORMAL,NO_CRASH,0.0000,,12.972190,77.595066
14:35:54.872,0.986088,0.070258,-0.855295,0.090348,-0.069462,0.125741,1.307225,0.169701,NORMAL,NO_CRASH,0.0000,,12.972202,77.595070
14:35:54.923,-0.512430,-0.103272,-0.494829,-0.006127,0.102059,-0.073362,0.719795,0.125839,NORMAL,NO_CRASH,0.0000,,12.972195,77.595091
14:35:54.973,-0.018135,-0.392086,0.307264,-0.038552,-0.172477,-0.063828,0.498469,0.187905,NORMAL,NO_CRASH,0.0000,,12.972215,77.595086
14:35:55.023,0.132602,0.395226,0.567387,0.002876,-0.244959,-0.123247,0.704070,0.274231,NORMAL,NO_CRASH,0.0000,,12.972208,77.595083
14:35:55.074,0.504520,1.059788,-0.722451,-0.063621,0.113885,0.055642,1.378269,0.141821,NORMAL,NO_CRASH,0.0000,,12.972214,77.595083
14:35:55.124,-0.265671,-0.010063,-0.754859,-0.056788,0.105217,-0.107459,0.800309,0.160757,NORMAL,NO_CRASH,0.0000,,12.972206,77.595077
14:35:55.175,0.381476,-0.735894,-1.645372,-0.057675,-0.014606,-0.096541,1.842366,0.113402,NORMAL,NO_CRASH,0.0000,,12.972224,77.595064
14:35:55.225,-1.106139,-0.256459,-0.905986,0.151724,0.040463,0.013874,1.452627,0.157638,NORMAL,NO_CRASH,0.0000,,12.972225,77.595061
14:35:55.275,-1.119957,-0.145520,-0.992399,-0.049827,0.023816,0.107965,1.503441,0.121270,NORMAL,NO_CRASH,0.0000,,12.972234,77.595061
14:35:55.325,1.410994,-0.447689,1.770986,0.030292,0.164553,-0.026806,2.308185,0.169452,NORMAL,NO_CRASH,0.0000,,12.972237,77.595072
14:35:55.376,1.242521,0.070600,0.796721,0.117243,0.043444,0.046410,1.477704,0.133369,NORMAL,NO_CRASH,0.0000,,12.972251,77.595068
14:35:55.426,-0.683815,0.906292,0.914448,0.015563,0.169615,-0.093352,1.457801,0.194232,NORMAL,NO_CRASH,0.0000,,12.972250,77.595067
14:35:55.476,1.363552,0.560940,0.418346,0.019616,-0.080107,0.076843,1.532626,0.112725,NORMAL,NO_CRASH,0.0000,,12.972263,77.595069
14:35:55.527,-0.352064,-2.455499,-1.299274,0.021915,-0.208760,-0.034645,2.800274,0.212747,NORMAL,NO_CRASH,0.0000,,12.972272,77.595078
14:35:55.577,0.069365,0.770608,0.319126,0.038903,0.088612,-0.071257,0.836952,0.120179,NORMAL,NO_CRASH,0.0000,,12.972270,77.595088
14:35:55.628,-0.441419,-0.386183,-0.747613,0.002566,-0.033502,-0.130902,0.950217,0.135145,NORMAL,NO_CRASH,0.0000,,12.972279,77.595102
14:35:55.678,0.439023,-2.401576,-1.624001,0.015367,-0.067572,0.240488,2.932182,0.250273,NORMAL,NO_CRASH,0.0000,,12.972268,77.595123
14:35:55.728,0.607399,0.141511,0.427575,-0.012147,-0.089617,-0.000739,0.756160,0.090440,NORMAL,NO_CRASH,0.0000,,12.972288,77.595124
14:35:55.778,1.673731,-1.471745,-0.005754,0.092254,0.204430,0.168654,2.228776,0.280618,NORMAL,NO_CRASH,0.0000,,12.972308,77.595121
14:35:55.829,-0.546607,-0.083889,0.169994,-0.013121,0.004521,0.014945,0.578545,0.020395,NORMAL,NO_CRASH,0.0000,,12.972322,77.595138
14:35:55.885,-0.922532,-0.484870,-0.250014,0.055999,-0.192070,-0.026940,1.071761,0.201873,NORMAL,NO_CRASH,0.0000,,12.972322,77.595138
14:35:55.935,0.970373,0.331722,1.393077,0.005504,0.053485,0.087563,1.729834,0.102753,NORMAL,NO_CRASH,0.0000,,12.972309,77.595151
14:35:55.985,-1.237681,-1.586450,-0.224503,-0.021428,0.009533,0.102900,2.024618,0.105539,NORMAL,NO_CRASH,0.0000,,12.972304,77.595167
14:35:56.035,1.142675,-1.193962,0.274271,-0.093921,-0.035667,0.062631,1.675254,0.118389,NORMAL,NO_CRASH,0.0000,,12.972325,77.595184
14:35:56.086,1.394757,0.656919,0.024791,-0.013928,-0.211778,0.037029,1.541916,0.215441,NORMAL,NO_CRASH,0.0000,,12.972318,77.595198
14:35:56.137,-0.110431,-0.367010,0.669616,-0.091779,0.063466,0.123216,0.771542,0.166233,NORMAL,NO_CRASH,0.0000,,12.972338,77.595203
14:35:56.187,-1.879398,-0.831588,-0.289864,0.006163,-0.024671,0.104081,2.075499,0.107143,NORMAL,NO_CRASH,0.0000,,12.972355,77.595200
14:35:56.237,-1.872993,0.822773,-1.770831,-0.046680,0.012418,0.187168,2.705716,0.193300,NORMAL,NO_CRASH,0.0000,,12.972357,77.595189
14:35:56.288,1.315625,-0.356721,-0.702715,0.008364,0.086480,0.098636,1.533600,0.131445,NORMAL,NO_CRASH,0.0000,,12.972359,77.595176
14:35:56.338,0.971197,0.365522,0.245910,-0.177131,0.052595,-0.030367,1.066443,0.187253,NORMAL,NO_CRASH,0.0000,,12.972351,77.595168
14:35:56.388,-2.189173,0.431233,0.825073,-0.076588,-0.014136,-0.026343,2.378905,0.082216,NORMAL,NO_CRASH,0.0000,,12.972362,77.595181
14:35:56.439,0.395380,-0.171286,0.648901,-0.020470,0.059633,-0.153529,0.778933,0.165971,NORMAL,NO_CRASH,0.0000,,12.972363,77.595196
14:35:56.489,-0.081161,0.538972,0.603744,0.047664,-0.010822,-0.020648,0.813379,0.053060,NORMAL,NO_CRASH,0.0000,,12.972355,77.595187
14:35:56.556,1.476501,-0.244050,-0.329420,0.059730,-0.124401,-0.148497,1.532362,0.202718,NORMAL,NO_CRASH,0.0000,,12.972365,77.595178
14:35:56.606,0.112429,0.951820,1.318949,-0.050027,-0.036706,0.038610,1.630408,0.073081,NORMAL,NO_CRASH,0.0000,,12.972354,77.595174
14:35:56.657,-1.285585,-0.622200,-0.785702,-0.017577,0.018449,0.223931,1.630089,0.225376,NORMAL,NO_CRASH,0.0000,,12.972344,77.595188
14:35:56.707,-0.371585,-0.069463,0.588764,-0.086444,0.039964,-0.244472,0.699674,0.262367,NORMAL,NO_CRASH,0.0000,,12.972333,77.595191
14:35:56.757,-1.562783,1.609807,0.398509,0.032031,-0.108024,-0.064747,2.278723,0.129952,NORMAL,NO_CRASH,0.0000,,12.972332,77.595184
14:35:56.807,2.731339,-0.123308,0.873475,-0.062918,0.141745,0.171052,2.870257,0.230888,NORMAL,NO_CRASH,0.0000,,12.972346,77.595189
14:35:56.857,0.073117,0.026935,0.040868,0.102422,-0.002262,-0.172864,0.087987,0.200941,NORMAL,NO_CRASH,0.0000,,12.972339,77.595187
14:35:56.908,0.698095,0.466034,1.619383,0.054980,-0.176275,-0.170313,1.823987,0.251202,NORMAL,NO_CRASH,0.0000,,12.972328,77.595183
14:35:56.958,-0.168808,0.826048,-0.186563,-0.107546,0.024682,0.026108,0.863514,0.113388,NORMAL,NO_CRASH,0.0000,,12.972324,77.595201
14:35:57.009,0.791055,-1.168703,0.348519,-0.028722,-0.074173,0.076088,1.453651,0.110072,NORMAL,NO_CRASH,0.0000,,12.972334,77.595218
14:35:57.059,1.193945,0.500545,-0.491408,-0.005707,-0.122397,-0.028019,1.384750,0.125692,NORMAL,NO_CRASH,0.0000,,12.972352,77.595231
14:35:57.110,0.004196,-0.798277,0.231865,-0.054525,-0.020386,-0.036451,0.831280,0.068682,NORMAL,NO_CRASH,0.0000,,12.972352,77.595232
14:35:57.160,1.460225,1.307251,-1.263374,-0.065143,0.107547,-0.124608,2.331797,0.177023,NORMAL,NO_CRASH,0.0000,,12.972364,77.595234
14:35:57.210,-0.490371,1.208651,0.246296,0.004518,0.236773,-0.067082,1.327390,0.246134,NORMAL,NO_CRASH,0.0000,,12.972353,77.595239
14:35:57.261,0.192972,-0.543671,-0.540892,0.029532,-0.007903,-0.056181,0.790810,0.063960,NORMAL,NO_CRASH,0.0000,,12.972350,77.595240
14:35:57.311,-1.956339,-0.180129,-1.223836,0.096049,0.119138,-0.135093,2.314624,0.204131,NORMAL,NO_CRASH,0.0000,,12.972345,77.595259
14:35:57.361,0.890751,0.575417,-1.175523,-0.030426,0.162801,-0.117883,1.583160,0.203289,NORMAL,NO_CRASH,0.0000,,12.972350,77.595268
14:35:57.412,1.029880,0.769407,0.587060,0.038758,-0.016915,-0.010459,1.413251,0.043562,NORMAL,NO_CRASH,0.0000,,12.972338,77.595280
14:35:57.463,0.421074,0.027315,-0.067181,-0.062814,0.037289,0.066137,0.427274,0.098540,NORMAL,NO_CRASH,0.0000,,12.972360,77.595285
14:35:57.513,0.101466,0.985918,1.026953,0.009673,-0.124936,-0.087568,1.427221,0.152875,NORMAL,NO_CRASH,0.0000,,12.972380,77.595293
14:35:57.563,-0.431945,0.697486,-0.205272,0.009807,0.050339,-0.031686,0.845695,0.060285,NORMAL,NO_CRASH,0.0000,,12.972393,77.595306
14:35:57.613,-0.391663,-0.017133,1.105402,-0.077380,-0.072133,0.047855,1.172863,0.116108,NORMAL,NO_CRASH,0.0000,,12.972411,77.595319
14:35:57.664,-0.114798,-0.184546,2.461981,0.039555,-0.117818,0.207421,2.471556,0.241804,NORMAL,NO_CRASH,0.0000,,12.972402,77.595321
14:35:57.714,-0.075872,-0.548583,0.426924,-0.010692,0.077675,0.029783,0.699260,0.083874,NORMAL,NO_CRASH,0.0000,,12.972400,77.595336
14:35:57.764,-0.818360,0.037679,0.465324,-0.136373,0.017430,-0.078127,0.942156,0.158130,NORMAL,NO_CRASH,0.0000,,12.972397,77.595359
14:35:57.815,-0.332076,0.321227,-0.950758,0.027608,0.360444,-0.143799,1.057073,0.389050,NORMAL,NO_CRASH,0.0000,,12.972401,77.595358
14:35:57.865,0.397776,-0.614961,0.580471,-0.092295,-0.000280,0.017971,0.934532,0.094029,NORMAL,NO_CRASH,0.0000,,12.972392,77.595381
14:35:57.915,0.387541,0.329888,0.545908,-0.045778,-0.101120,0.259701,0.746344,0.282428,NORMAL,NO_CRASH,0.0000,,12.972414,77.595397
14:35:57.966,-0.245031,-1.081066,1.016693,0.022129,0.137305,-0.186116,1.504131,0.232339,NORMAL,NO_CRASH,0.0000,,12.972412,77.595404
14:35:58.016,-0.032369,0.577310,1.015950,-0.045629,0.055600,-0.020212,1.168969,0.074712,NORMAL,NO_CRASH,0.0000,,12.972430,77.595418
14:35:58.067,0.520149,0.454655,0.023397,0.037828,0.133745,-0.197660,0.691241,0.241636,NORMAL,NO_CRASH,0.0000,,12.972420,77.595428
14:35:58.117,-0.260124,0.135765,-0.218122,-0.029590,-0.128743,0.208272,0.365614,0.246632,NORMAL,NO_CRASH,0.0000,,12.972428,77.595416
14:35:58.168,-0.293470,2.043821,0.237460,-0.020943,-0.030824,-0.118369,2.078393,0.124097,NORMAL,NO_CRASH,0.0000,,12.972426,77.595417
14:35:58.218,-1.789542,0.071478,0.031738,0.000876,-0.289213,0.030567,1.791250,0.290825,NORMAL,NO_CRASH,0.0000,,12.972427,77.595408
14:35:58.269,0.555191,-0.107429,-0.746429,0.066225,0.084973,-0.082939,0.936448,0.135960,NORMAL,NO_CRASH,0.0000,,12.972439,77.595406
14:35:58.318,1.957065,-0.670366,2.011441,0.064519,-0.151502,0.040748,2.885375,0.169635,NORMAL,NO_CRASH,0.0000,,12.972460,77.595414
14:35:58.369,-0.006351,-0.431243,-1.367552,0.005800,-0.046215,0.092870,1.433949,0.103896,NORMAL,NO_CRASH,0.0000,,12.972475,77.595435
14:35:58.419,-1.208851,0.184048,-0.061479,-0.019314,0.027593,-0.104764,1.224326,0.110045,NORMAL,NO_CRASH,0.0000,,12.972487,77.595440
14:35:58.469,0.107039,0.504396,1.000825,-0.098494,-0.024673,0.049691,1.125843,0.113044,NORMAL,NO_CRASH,0.0000,,12.972491,77.595427
14:35:58.520,0.445198,1.387874,0.807837,0.065135,0.172844,-0.010120,1.666432,0.184986,NORMAL,NO_CRASH,0.0000,,12.972487,77.595423
14:35:58.570,0.226224,1.321106,0.462763,0.081333,0.184310,0.018771,1.417973,0.202330,NORMAL,NO_CRASH,0.0000,,12.972499,77.595436
14:35:58.620,-0.445614,-0.382736,0.343816,-0.053217,-0.095910,-0.103231,0.680638,0.150623,NORMAL,NO_CRASH,0.0000,,12.972504,77.595459
14:35:58.671,0.270254,-1.373503,-0.023133,0.071988,0.104491,0.051328,1.400029,0.136877,NORMAL,NO_CRASH,0.0000,,12.972496,77.595449
14:35:58.721,0.483023,0.995694,0.637955,-0.023057,0.142262,-0.091828,1.277382,0.170887,NORMAL,NO_CRASH,0.0000,,12.972519,77.595461
14:35:58.772,-1.169101,-0.180185,1.498037,0.017321,0.178682,-0.134731,1.908764,0.224454,NORMAL,NO_CRASH,0.0000,,12.972541,77.595462
14:35:58.822,-0.616311,1.824899,1.316820,0.110702,0.073691,0.097906,2.333262,0.165139,NORMAL,NO_CRASH,0.0000,,12.972545,77.595452
14:35:58.872,-1.026706,-0.955684,1.559902,0.033037,-0.111688,-0.097490,2.097797,0.151888,NORMAL,NO_CRASH,0.0000,,12.972533,77.595470
14:35:58.923,-1.318536,0.052813,-0.100534,-0.059301,-0.002704,0.078468,1.323418,0.098393,NORMAL,NO_CRASH,0.0000,,12.972551,77.595486
14:35:58.973,-0.728931,0.186466,-1.511807,-0.086521,-0.001783,0.078934,1.688689,0.117131,NORMAL,NO_CRASH,0.0000,,12.972552,77.595479
14:35:59.023,1.026291,0.371443,0.027350,0.002764,-0.069110,-0.067418,1.091783,0.096586,NORMAL,NO_CRASH,0.0000,,12.972548,77.595473
14:35:59.074,-0.869013,-1.547238,0.241421,-0.032280,0.099078,-0.001268,1.790925,0.104212,NORMAL,NO_CRASH,0.0000,,12.972566,77.595484
14:35:59.124,0.417984,1.381994,0.494746,0.010382,0.019445,0.029930,1.526235,0.037171,NORMAL,NO_CRASH,0.0000,,12.972583,77.595491
14:35:59.174,-0.962187,1.733415,-1.221423,0.005088,-0.136283,-0.229847,2.328606,0.267262,NORMAL,NO_CRASH,0.0000,,12.972572,77.595493
14:35:59.225,-1.501712,0.288867,-0.394592,0.009888,-0.054686,-0.041408,1.579331,0.069304,NORMAL,NO_CRASH,0.0000,,12.972570,77.595496
14:35:59.275,0.983251,-0.579353,1.881138,0.019275,-0.015302,-0.055521,2.200252,0.060731,NORMAL,NO_CRASH,0.0000,,12.972561,77.595503
14:35:59.326,0.875636,-0.777393,1.052242,0.064358,-0.026926,-0.064831,1.574259,0.095236,NORMAL,NO_CRASH,0.0000,,12.972554,77.595523
14:35:59.377,1.536965,1.367793,-1.060413,-0.028804,0.037055,0.172478,2.314648,0.178749,NORMAL,NO_CRASH,0.0000,,12.972545,77.595525
14:35:59.427,0.995646,0.119192,-2.109152,-0.089659,0.127124,0.254878,2.335389,0.298600,NORMAL,NO_CRASH,0.0000,,12.972540,77.595532
14:35:59.477,-0.850247,-1.799716,1.265762,0.086671,0.003011,-0.015969,2.358824,0.088181,NORMAL,NO_CRASH,0.0000,,12.972558,77.595543
14:35:59.527,-1.082442,1.364518,-0.440545,-0.002522,-0.027188,0.058645,1.796572,0.064690,NORMAL,NO_CRASH,0.0000,,12.972565,77.595540
14:35:59.578,0.263572,1.460935,-0.232303,-0.075008,0.118619,-0.220812,1.502586,0.261638,NORMAL,NO_CRASH,0.0000,,12.972583,77.595554
14:35:59.628,0.367762,2.104202,-0.609933,0.019238,-0.113129,0.075858,2.221471,0.137560,NORMAL,NO_CRASH,0.0000,,12.972575,77.595572
14:35:59.678,0.576776,1.174014,1.237981,-0.058498,0.083040,-0.081625,1.800993,0.130308,NORMAL,NO_CRASH,0.0000,,12.972575,77.595587
14:35:59.729,-1.130018,-0.310236,-1.438988,0.080480,0.147012,0.011700,1.855768,0.168007,NORMAL,NO_CRASH,0.0000,,12.972593,77.595605
14:35:59.779,0.936973,0.119487,-2.621665,-0.045200,0.155300,-0.152559,2.786633,0.222340,NORMAL,NO_CRASH,0.0000,,12.972605,77.595608
14:35:59.830,-0.047564,-0.315691,3.274422,0.033846,-0.092924,-0.102667,3.289949,0.142552,NORMAL,NO_CRASH,0.0000,,12.972601,77.595612
14:35:59.897,1.231406,-0.018131,0.269593,0.124747,0.127178,0.141066,1.260702,0.227235,NORMAL,NO_CRASH,0.0000,,12.972617,77.595602
14:35:59.948,-0.195487,0.251393,0.600465,0.071533,-0.028523,0.092872,0.679685,0.120647,NORMAL,NO_CRASH,0.0000,,12.972613,77.595618
14:35:59.998,-1.677723,1.133778,-0.263315,0.047637,0.054041,-0.155383,2.041945,0.171270,NORMAL,NO_CRASH,0.0000,,12.972631,77.595638
14:36:00.049,0.544475,0.154578,0.183381,-0.029077,0.085163,0.274872,0.594959,0.289228,NORMAL,NO_CRASH,0.0000,,12.972636,77.595630
14:36:00.099,-1.347616,-0.375397,0.789433,-0.065124,-0.043669,0.107442,1.606299,0.133011,NORMAL,NO_CRASH,0.0000,,12.972643,77.595638
14:36:00.149,-0.292102,1.183699,0.631594,-0.026737,-0.162052,0.154924,1.373091,0.225781,NORMAL,NO_CRASH,0.0000,,12.972649,77.595634
14:36:00.199,-0.393450,-0.150774,-0.425548,-0.023613,-0.141877,-0.041801,0.598855,0.149780,NORMAL,NO_CRASH,0.0000,,12.972637,77.595652
14:36:00.250,-1.739424,-0.998243,0.119694,-0.026084,-0.060156,-0.053416,2.009083,0.084572,NORMAL,NO_CRASH,0.0000,,12.972657,77.595672
14:36:00.300,0.446872,0.067484,0.675346,-0.028514,0.022317,-0.189959,0.812614,0.193379,NORMAL,NO_CRASH,0.0000,,12.972657,77.595666
14:36:00.350,-0.048949,-0.419976,0.810898,0.042359,-0.133024,-0.053842,0.914512,0.149628,NORMAL,NO_CRASH,0.0000,,12.972661,77.595669
14:36:00.401,-0.400369,0.872612,0.676975,0.063697,-0.035390,-0.030916,1.174752,0.079156,NORMAL,NO_CRASH,0.0000,,12.972675,77.595669
14:36:00.451,0.618118,0.677427,0.930248,0.145078,-0.038534,-0.067866,1.306269,0.164737,NORMAL,NO_CRASH,0.0000,,12.972687,77.595681
14:36:00.502,-1.537414,0.741718,1.174965,-0.045375,-0.086439,0.081071,2.072277,0.126898,NORMAL,NO_CRASH,0.0000,,12.972705,77.595675
14:36:00.552,0.606007,-1.941673,-0.682998,-0.020071,-0.025297,0.018444,2.145652,0.037188,NORMAL,NO_CRASH,0.0000,,12.972713,77.595688
14:36:00.603,-1.279710,-0.451460,-0.015401,-0.003968,0.004084,-0.149323,1.357096,0.149432,NORMAL,NO_CRASH,0.0000,,12.972713,77.595690
14:36:00.653,-1.050865,0.295602,1.071100,0.083609,-0.017556,0.107644,1.529363,0.137426,NORMAL,NO_CRASH,0.0000,,12.972705,77.595699
14:36:00.703,-1.175796,0.453302,0.356256,0.055953,-0.037515,-0.073965,1.309541,0.100045,NORMAL,NO_CRASH,0.0000,,12.972728,77.595721
14:36:00.754,-1.843479,0.340645,0.323422,-0.011445,-0.199845,0.178891,1.902382,0.268461,NORMAL,NO_CRASH,0.0000,,12.972721,77.595734
14:36:00.804,0.636542,-0.545143,-0.209224,0.074392,-0.072108,-0.005094,0.863795,0.103729,NORMAL,NO_CRASH,0.0000,,12.972716,77.595750
14:36:00.855,-2.581927,0.344795,-0.102647,-0.091300,0.246649,-0.122324,2.606869,0.290059,NORMAL,NO_CRASH,0.0000,,12.972724,77.595739
14:36:00.905,-2.032786,-1.302326,-0.001438,-0.026260,0.077083,-0.093241,2.414181,0.123795,NORMAL,NO_CRASH,0.0000,,12.972743,77.595729
14:36:00.955,-0.627128,0.193336,1.390957,0.013902,-0.181389,-0.120746,1.537996,0.218346,NORMAL,NO_CRASH,0.0000,,12.972736,77.595732
14:36:01.006,0.522544,-0.720498,1.887439,-0.048723,-0.076501,0.080024,2.086766,0.120956,NORMAL,NO_CRASH,0.0000,,12.972742,77.595728
14:36:01.056,-0.845980,-1.875525,0.839106,-0.044952,-0.117988,0.191697,2.222020,0.229542,NORMAL,NO_CRASH,0.0000,,12.972745,77.595720
14:36:01.106,-0.974913,1.517920,0.246893,-0.002690,0.053821,0.123779,1.820850,0.135001,NORMAL,NO_CRASH,0.0000,,12.972737,77.595721
14:36:01.157,0.396260,0.433560,1.368176,-0.029386,0.113052,0.164473,1.488926,0.201732,NORMAL,NO_CRASH,0.0000,,12.972748,77.595726
14:36:01.207,-0.285453,-0.334048,0.220582,0.014117,0.033921,0.034572,0.491658,0.050449,NORMAL,NO_CRASH,0.0000,,12.972769,77.595745
14:36:01.257,1.145526,0.929123,-1.055226,0.025046,-0.084649,0.097447,1.813560,0.131486,NORMAL,NO_CRASH,0.0000,,12.972761,77.595737
14:36:01.307,0.797364,-1.507034,0.449192,0.093596,-0.148620,-0.251845,1.763155,0.307041,NORMAL,NO_CRASH,0.0000,,12.972754,77.595748
14:36:01.358,0.271290,0.325484,-1.367614,-0.087637,-0.021531,-0.054494,1.431749,0.105420,NORMAL,NO_CRASH,0.0000,,12.972754,77.595735
14:36:01.408,-0.917195,-0.399416,-0.223832,0.059034,0.068142,0.033712,1.025124,0.096254,NORMAL,NO_CRASH,0.0000,,12.972762,77.595751
14:36:01.459,0.221500,0.289069,0.624967,-0.042499,0.154026,-0.035176,0.723330,0.163607,NORMAL,NO_CRASH,0.0000,,12.972780,77.595774
14:36:01.509,1.684801,-0.286239,0.683351,-0.042552,0.038208,-0.021309,1.840504,0.061029,NORMAL,NO_CRASH,0.0000,,12.972788,77.595778
14:36:01.559,0.074386,-0.999472,-1.667710,0.100566,-0.123681,-0.023999,1.945696,0.161203,NORMAL,NO_CRASH,0.0000,,12.972797,77.595784
14:36:01.610,-0.540536,-1.251914,0.169384,0.095302,-0.009622,0.251081,1.374103,0.268732,NORMAL,NO_CRASH,0.0000,,12.972789,77.595772
14:36:01.660,-0.095039,0.133851,-0.060840,-0.061875,-0.170563,-0.046174,0.175071,0.187223,NORMAL,NO_CRASH,0.0000,,12.972808,77.595765
14:36:01.710,0.730304,-0.845147,1.160003,0.036441,0.055141,-0.010106,1.610349,0.066862,NORMAL,NO_CRASH,0.0000,,12.972812,77.595771
14:36:01.761,0.792311,-0.166845,0.224127,0.058799,0.080320,-0.022468,0.840135,0.102047,NORMAL,NO_CRASH,0.0000,,12.972826,77.595787
14:36:01.811,0.040286,-0.101418,0.540586,-0.051398,0.021514,0.094187,0.551491,0.109434,NORMAL,NO_CRASH,0.0000,,12.972834,77.595776
14:36:01.862,-0.102840,0.643984,-0.053493,0.011612,0.210086,0.105337,0.654334,0.235301,NORMAL,NO_CRASH,0.0000,,12.972852,77.595782
14:36:01.912,1.389769,1.346027,-0.585350,0.072828,0.127942,-0.065195,2.021356,0.161007,NORMAL,NO_CRASH,0.0000,,12.972857,77.595796
14:36:01.963,-0.590543,-0.114914,0.746654,0.037403,-0.116009,0.073423,0.958874,0.142295,NORMAL,NO_CRASH,0.0000,,12.972877,77.595808
14:36:02.013,-0.286708,0.037466,-0.819457,0.017993,0.045888,-0.025627,0.868974,0.055554,NORMAL,NO_CRASH,0.0000,,12.972872,77.595813
14:36:02.064,0.505816,0.800644,-1.546690,-0.134898,-0.142168,0.086373,1.813596,0.214172,NORMAL,NO_CRASH,0.0000,,12.972885,77.595824
14:36:02.115,1.291203,0.609187,1.060087,0.046674,0.020199,-0.017496,1.778229,0.053783,NORMAL,NO_CRASH,0.0000,,12.972877,77.595843
14:36:02.165,0.591575,0.578048,-0.403377,-0.029246,-0.121652,0.144872,0.920224,0.191422,NORMAL,NO_CRASH,0.0000,,12.972896,77.595851
14:36:02.216,0.294170,0.908207,-2.210549,0.087243,-0.103855,-0.208908,2.407883,0.249078,NORMAL,NO_CRASH,0.0000,,12.972887,77.595865
14:36:02.266,-0.113671,-0.360199,1.266381,-0.018477,-0.092726,0.075327,1.321509,0.120887,NORMAL,NO_CRASH,0.0000,,12.972878,77.595881
14:36:02.317,0.404729,-0.409309,-0.549547,0.046412,-0.099662,-0.102878,0.795827,0.150567,NORMAL,NO_CRASH,0.0000,,12.972868,77.595880
14:36:02.367,-0.204566,-1.348804,0.444214,-0.020566,0.118656,0.212272,1.434729,0.244053,NORMAL,NO_CRASH,0.0000,,12.972874,77.595882
14:36:02.417,0.206869,0.127212,0.678985,0.023545,0.040195,-0.026301,0.721109,0.053495,NORMAL,NO_CRASH,0.0000,,12.972884,77.595904
14:36:02.468,-0.494646,0.433085,-1.484211,0.022456,-0.004898,0.128849,1.623305,0.130882,NORMAL,NO_CRASH,0.0000,,12.972887,77.595912
14:36:02.519,0.164263,0.077698,0.262285,-0.057931,0.164161,-0.253707,0.319081,0.307689,NORMAL,NO_CRASH,0.0000,,12.972884,77.595911
14:36:02.569,-1.427858,-0.634596,0.032080,-0.132287,-0.165264,-0.010265,1.562857,0.211938,NORMAL,NO_CRASH,0.0000,,12.972878,77.595931
14:36:02.620,1.226299,0.207997,-0.494252,0.023637,0.029432,0.177423,1.338416,0.181394,NORMAL,NO_CRASH,0.0000,,12.972894,77.595926
14:36:02.670,-0.224934,0.247541,-0.896008,0.007823,-0.204493,0.086045,0.956401,0.221996,NORMAL,NO_CRASH,0.0000,,12.972892,77.595929
14:36:02.721,-0.355271,1.386064,-0.363211,-0.078346,0.003172,0.010997,1.476250,0.079178,NORMAL,NO_CRASH,0.0000,,12.972903,77.595922
14:36:02.771,-0.565411,-0.681366,2.830949,0.005207,0.081918,-0.047746,2.966180,0.094960,NORMAL,NO_CRASH,0.0000,,12.972922,77.595944
14:36:02.821,-0.256385,-0.803767,1.321265,0.062157,-0.206779,0.122732,1.567647,0.248363,NORMAL,NO_CRASH,0.0000,,12.972914,77.595934
14:36:02.872,1.596848,-0.341054,1.992283,-0.028439,-0.015533,-0.130059,2.575933,0.134035,NORMAL,NO_CRASH,0.0000,,12.972928,77.595921
14:36:02.922,0.301619,0.871552,0.105716,-0.011676,-0.057645,0.088745,0.928307,0.106466,NORMAL,NO_CRASH,0.0000,,12.972926,77.595910
14:36:02.972,-0.237606,-0.698976,0.818151,-0.015531,0.155534,0.092830,1.101996,0.181795,NORMAL,NO_CRASH,0.0000,,12.972942,77.595899
14:36:03.023,0.660695,-0.175299,-0.280700,0.001835,-0.183448,-0.095734,0.738946,0.206933,NORMAL,NO_CRASH,0.0000,,12.972958,77.595917
14:36:03.073,0.204477,-0.014205,0.302571,0.030858,-0.079803,-0.223548,0.365461,0.239363,NORMAL,NO_CRASH,0.0000,,12.972959,77.595921
14:36:03.123,0.651589,0.102193,-0.399617,0.078686,-0.136442,-0.026988,0.771171,0.159801,NORMAL,NO_CRASH,0.0000,,12.972972,77.595909
14:36:03.174,0.384027,-0.262408,-0.547610,-0.023677,0.136729,-0.076187,0.718479,0.158303,NORMAL,NO_CRASH,0.0000,,12.972972,77.595914
14:36:03.256,-1.586334,-0.243906,-0.764154,0.026639,-0.328800,0.117929,1.777605,0.350323,NORMAL,NO_CRASH,0.0000,,12.972964,77.595917
14:36:03.308,0.543119,1.274520,0.313356,0.073888,-0.064258,-0.155037,1.420412,0.183371,NORMAL,NO_CRASH,0.0000,,12.972956,77.595910
14:36:03.358,-0.919885,-0.880775,-0.080843,0.018793,-0.141558,0.118650,1.276123,0.185661,NORMAL,NO_CRASH,0.0000,,12.972972,77.595922
14:36:03.408,-0.383022,0.281027,1.474135,0.063318,-0.059017,0.050451,1.548792,0.100188,NORMAL,NO_CRASH,0.0000,,12.972965,77.595927
14:36:03.459,-1.416233,1.311571,-0.243796,-0.002295,0.064544,0.173033,1.945603,0.184693,NORMAL,NO_CRASH,0.0000,,12.972974,77.595926
14:36:03.509,-0.745541,1.845378,0.273585,-0.066573,-0.111228,-0.149560,2.009005,0.197919,NORMAL,NO_CRASH,0.0000,,12.972987,77.595929
14:36:03.559,0.681498,-1.384625,-1.696044,0.027044,0.058134,-0.104628,2.293075,0.122711,NORMAL,NO_CRASH,0.0000,,12.973003,77.595944
14:36:03.609,-0.533841,0.360190,0.931881,-0.060775,-0.115071,0.093579,1.132751,0.160286,NORMAL,NO_CRASH,0.0000,,12.973004,77.595947
14:36:03.659,-0.149921,-1.853969,-0.672159,0.033675,-0.075021,-0.157786,1.977745,0.177929,NORMAL,NO_CRASH,0.0000,,12.972992,77.595944
14:36:03.710,0.204815,0.835852,-0.365064,0.079507,-0.008873,0.019738,0.934810,0.082400,NORMAL,NO_CRASH,0.0000,,12.972995,77.595955
14:36:03.760,-0.461320,0.746993,0.426106,-0.074786,-0.185181,-0.004205,0.975900,0.199756,NORMAL,NO_CRASH,0.0000,,12.972999,77.595964
14:36:03.811,0.289400,0.443027,0.191462,0.034894,0.106384,-0.110437,0.562746,0.157263,NORMAL,NO_CRASH,0.0000,,12.972993,77.595973
14:36:03.861,0.116183,0.227632,1.487676,0.008176,-0.039159,0.079173,1.509468,0.088706,NORMAL,NO_CRASH,0.0000,,12.973009,77.595976
14:36:03.912,-2.317265,-1.972759,0.498146,-0.129067,0.049855,-0.248967,3.083771,0.284830,NORMAL,NO_CRASH,0.0000,,12.973022,77.595990
14:36:03.962,0.101265,1.264654,-0.066927,0.016448,-0.013491,-0.100284,1.270466,0.102516,NORMAL,NO_CRASH,0.0000,,12.973015,77.595995
14:36:04.012,1.120555,1.072835,0.400465,-0.033726,0.065126,-0.149485,1.602183,0.166507,NORMAL,NO_CRASH,0.0000,,12.973007,77.595996
14:36:04.062,-1.633626,-0.613185,-0.253957,-0.088580,-0.296274,0.084352,1.763300,0.320530,AGGRESSIVE,NO_CRASH,0.0000,,12.972999,77.596007
14:36:04.112,1.270320,0.222452,-1.411935,0.058111,0.054655,0.036493,1.912265,0.087726,AGGRESSIVE,NO_CRASH,0.0000,,12.973014,77.596027
14:36:04.163,-0.915138,0.231313,0.156904,-0.018811,-0.182553,0.021261,0.956871,0.184747,AGGRESSIVE,NO_CRASH,0.0000,,12.973034,77.596034
14:36:04.213,0.495292,-2.984703,-0.139002,0.002685,0.090290,0.012672,3.028711,0.091214,AGGRESSIVE,NO_CRASH,0.0000,,12.973057,77.596045
14:36:04.263,-0.756593,-1.069763,-0.568813,-0.033104,-0.114793,-0.052846,1.428417,0.130636,AGGRESSIVE,NO_CRASH,0.0000,,12.973063,77.596055
14:36:04.314,0.754544,1.797953,2.438527,-0.049240,0.259557,0.211990,3.122240,0.338725,AGGRESSIVE,NO_CRASH,0.0000,,12.973081,77.596063
14:36:04.364,0.138378,-0.842156,-0.729204,0.059055,0.127763,-0.000130,1.122548,0.140752,AGGRESSIVE,NO_CRASH,0.0000,,12.973087,77.596064
14:36:04.415,-0.638215,1.056378,-1.952421,0.069284,-0.154439,-0.049066,2.309805,0.176236,AGGRESSIVE,NO_CRASH,0.0000,,12.973089,77.596058
14:36:04.465,0.504970,-0.273779,-0.269642,-0.050107,0.214651,0.014502,0.634552,0.220898,AGGRESSIVE,NO_CRASH,0.0000,,12.973094,77.596051
14:36:04.515,-0.354415,-0.114377,-0.156125,0.014561,-0.024136,-0.013245,0.403816,0.031145,AGGRESSIVE,NO_CRASH,0.0000,,12.973113,77.596041
14:36:04.566,0.985384,-0.384805,-0.055963,-0.117628,0.174607,0.040806,1.059334,0.214451,AGGRESSIVE,NO_CRASH,0.0000,,12.973103,77.596038
14:36:04.616,1.460708,-0.457746,-0.996104,-0.006984,-0.108022,-0.134143,1.826314,0.172372,AGGRESSIVE,NO_CRASH,0.0000,,12.973114,77.596058
14:36:04.666,-1.159754,1.032986,-0.388874,-0.003614,0.085575,0.006514,1.601035,0.085898,AGGRESSIVE,NO_CRASH,0.0000,,12.973107,77.596059
14:36:04.716,1.043857,-0.529678,-0.137238,-0.088401,-0.123524,-0.059671,1.178572,0.163198,AGGRESSIVE,NO_CRASH,0.0000,,12.973118,77.596075
14:36:04.767,-0.264257,1.328270,-0.455966,-0.108232,0.045106,0.246865,1.428998,0.273297,AGGRESSIVE,NO_CRASH,0.0000,,12.973134,77.596067
14:36:04.818,-2.096572,-0.611398,-0.204355,-0.126365,0.152034,0.168038,2.193441,0.259459,AGGRESSIVE,NO_CRASH,0.0000,,12.973128,77.596066
14:36:04.868,-0.117987,-0.462688,-1.195111,-0.097366,0.020110,0.096129,1.286970,0.138294,AGGRESSIVE,NO_CRASH,0.0000,,12.973125,77.596063
14:36:04.918,-0.650871,-2.818687,3.522760,-0.002981,0.154528,-0.022810,4.558341,0.156231,AGGRESSIVE,NO_CRASH,0.0000,,12.973116,77.596086
14:36:04.969,1.005220,-1.027784,0.693018,0.071658,0.193363,-0.011322,1.595958,0.206524,AGGRESSIVE,NO_CRASH,0.0000,,12.973124,77.596083
14:36:05.019,3.128262,-0.318047,-0.372475,0.104309,-0.171105,0.045637,3.166373,0.205524,AGGRESSIVE,NO_CRASH,0.0000,,12.973142,77.596072
14:36:05.070,-0.777211,-0.748651,1.514371,-0.087740,0.087000,-0.081741,1.859531,0.148151,AGGRESSIVE,NO_CRASH,0.0000,,12.973153,77.596090
14:36:05.120,-0.478488,-0.462982,-0.226912,0.175173,0.034185,0.053097,0.703415,0.186208,AGGRESSIVE,NO_CRASH,0.0000,,12.973157,77.596085
14:36:05.170,-1.670577,-0.831799,-1.444749,-0.161906,0.064241,-0.108488,2.360088,0.205208,AGGRESSIVE,NO_CRASH,0.0000,,12.973150,77.596102
14:36:05.221,0.401085,0.237474,-0.768841,-0.034027,0.310878,-0.207076,0.899099,0.375078,AGGRESSIVE,NO_CRASH,0.0000,,12.973155,77.596092
14:36:05.272,0.788404,0.130066,-0.704460,-0.032273,0.109846,0.035616,1.065252,0.119901,AGGRESSIVE,NO_CRASH,0.0000,,12.973177,77.596103
14:36:05.322,-0.589712,0.606436,-0.162150,-0.187576,-0.012743,-0.026882,0.861288,0.189920,AGGRESSIVE,NO_CRASH,0.0000,,12.973166,77.596110
14:36:05.372,0.023416,0.870215,-0.199471,0.028048,-0.075071,0.212987,0.893091,0.227565,AGGRESSIVE,NO_CRASH,0.0000,,12.973185,77.596105
14:36:05.423,-0.299854,-0.534617,-0.727739,0.056402,-0.101944,-0.157985,0.951490,0.196298,AGGRESSIVE,NO_CRASH,0.0000,,12.973190,77.596111
14:36:05.474,-0.071525,-0.011122,1.410576,0.018406,0.035895,-0.079217,1.412432,0.088897,AGGRESSIVE,NO_CRASH,0.0000,,12.973211,77.596120
14:36:05.524,0.521900,-2.616152,-0.452247,0.042442,-0.033186,-0.071653,2.705764,0.089648,AGGRESSIVE,NO_CRASH,0.0000,,12.973212,77.596143
14:36:05.574,0.331897,1.340501,-0.135588,0.049224,0.119567,0.048064,1.387618,0.137947,AGGRESSIVE,NO_CRASH,0.0000,,12.973219,77.596154
14:36:05.625,-4.220927,-1.496624,-0.059038,0.039526,-0.035295,-0.064041,4.478793,0.083122,AGGRESSIVE,NO_CRASH,0.0000,,12.973214,77.596158
14:36:05.675,1.055317,3.148437,-1.798852,0.016580,0.167182,0.243917,3.776535,0.296176,AGGRESSIVE,NO_CRASH,0.0000,,12.973223,77.596174
14:36:05.726,0.268225,-0.450584,1.490740,0.038090,0.018804,0.009354,1.580277,0.043497,AGGRESSIVE,NO_CRASH,0.0000,,12.973242,77.596164
14:36:05.776,1.831026,-0.056343,-0.429580,-0.154923,0.035466,-0.105491,1.881587,0.190755,AGGRESSIVE,NO_CRASH,0.0000,,12.973240,77.596177
14:36:05.827,1.587620,0.764122,0.902197,-0.016357,0.151458,-0.072442,1.979489,0.168686,AGGRESSIVE,NO_CRASH,0.0000,,12.973239,77.596196
14:36:05.877,-0.692022,-3.089563,-1.394318,-0.054147,0.166434,-0.013204,3.459540,0.175518,AGGRESSIVE,NO_CRASH,0.0000,,12.973246,77.596188
14:36:05.927,1.371048,0.096894,0.191446,-0.040312,-0.161170,0.078666,1.387736,0.183818,AGGRESSIVE,NO_CRASH,0.0000,,12.973253,77.596200
14:36:05.977,0.264664,0.474423,3.247787,-0.009045,0.007902,0.127073,3.292908,0.127640,AGGRESSIVE,NO_CRASH,0.0000,,12.973263,77.596200
14:36:06.028,2.770693,0.015005,0.624082,0.005467,-0.165327,0.081067,2.840148,0.184214,AGGRESSIVE,NO_CRASH,0.0000,,12.973285,77.596199
14:36:06.084,-0.716577,-2.319978,2.379641,-0.048643,0.078303,0.052085,3.399775,0.105879,AGGRESSIVE,NO_CRASH,0.0000,,12.973280,77.596215
14:36:06.134,-0.273448,0.125382,-0.318505,0.064605,-0.223605,0.013438,0.438109,0.233139,AGGRESSIVE,NO_CRASH,0.0000,,12.973270,77.596207
14:36:06.185,-1.144283,-0.044177,2.735721,0.089515,0.261815,0.211009,2.965722,0.347972,AGGRESSIVE,NO_CRASH,0.0000,,12.973285,77.596206
14:36:06.235,0.298252,1.291952,0.345221,-0.030490,-0.078472,0.080771,1.370136,0.116668,AGGRESSIVE,NO_CRASH,0.0000,,12.973303,77.596198
14:36:06.286,-0.693162,-2.352057,-0.081041,-0.089843,0.020252,-0.082363,2.453408,0.123554,AGGRESSIVE,NO_CRASH,0.0000,,12.973300,77.596199
14:36:06.336,-0.954726,-1.142240,-0.253871,-0.015635,0.242045,-0.133610,1.510187,0.276915,AGGRESSIVE,NO_CRASH,0.0000,,12.973320,77.596224
14:36:06.386,0.956948,1.896213,1.786399,0.091203,-0.107949,-0.135477,2.775355,0.195768,AGGRESSIVE,NO_CRASH,0.0000,,12.973330,77.596248
14:36:06.437,0.298998,-0.033035,0.047666,-0.052236,-0.162955,0.000853,0.304571,0.171125,AGGRESSIVE,NO_CRASH,0.0000,,12.973324,77.596240
14:36:06.487,-0.411885,-0.391996,-0.863536,-0.141015,0.024634,0.130573,1.033927,0.193756,AGGRESSIVE,NO_CRASH,0.0000,,12.973342,77.596252
14:36:06.546,-0.389518,0.281436,1.357052,-0.022898,0.063824,0.038973,1.439625,0.078209,AGGRESSIVE,NO_CRASH,0.0000,,12.973337,77.596245
14:36:06.602,1.214711,-0.891553,0.494033,0.013612,0.121517,-0.115854,1.585704,0.168445,AGGRESSIVE,NO_CRASH,0.0000,,12.973339,77.596244
14:36:06.652,0.036648,-0.826357,-0.349494,-0.217623,-0.120423,-0.189590,0.897973,0.312739,AGGRESSIVE,NO_CRASH,0.0000,,12.973341,77.596236
14:36:06.703,-0.534780,-0.221940,-0.739074,0.052628,0.004220,0.094406,0.938870,0.108167,AGGRESSIVE,NO_CRASH,0.0000,,12.973340,77.596259
14:36:06.753,0.438353,-0.050887,-1.650836,-0.035483,0.007507,0.018242,1.708802,0.040598,AGGRESSIVE,NO_CRASH,0.0000,,12.973336,77.596253
14:36:06.804,-1.340083,1.897538,1.843826,-0.052811,0.077140,0.180270,2.965833,0.203068,AGGRESSIVE,NO_CRASH,0.0000,,12.973331,77.596275
14:36:06.854,-1.855521,0.836356,-1.427533,0.077322,0.187852,0.125378,2.486021,0.238719,AGGRESSIVE,NO_CRASH,0.0000,,12.973343,77.596279
14:36:06.905,-1.250521,-0.574885,0.443292,-0.032393,-0.011008,0.256201,1.445961,0.258476,AGGRESSIVE,NO_CRASH,0.0000,,12.973365,77.596275
14:36:06.955,-0.795672,0.797660,-0.665961,0.170312,-0.129833,0.085168,1.308763,0.230469,AGGRESSIVE,NO_CRASH,0.0000,,12.973376,77.596293
14:36:07.005,0.776378,0.616502,1.324988,0.098122,-0.191673,0.010791,1.654820,0.215599,AGGRESSIVE,NO_CRASH,0.0000,,12.973386,77.596283
14:36:07.055,-0.221405,0.693366,1.397025,0.071305,0.003662,0.217054,1.575264,0.228496,AGGRESSIVE,NO_CRASH,0.0000,,12.973392,77.596296
14:36:07.106,-1.229060,0.027038,1.102414,-0.007912,-0.068545,0.285974,1.651252,0.294180,AGGRESSIVE,NO_CRASH,0.0000,,12.973397,77.596303
14:36:07.157,-1.116618,-0.022029,-0.684513,0.022808,0.171149,-0.017917,1.309916,0.173589,AGGRESSIVE,NO_CRASH,0.0000,,12.973407,77.596328
14:36:07.207,-1.657135,-0.158801,-1.178235,-0.006393,0.164682,0.047008,2.039497,0.171379,AGGRESSIVE,NO_CRASH,0.0000,,12.973404,77.596337
14:36:07.257,1.174040,-0.588362,-0.652079,-0.059117,-0.012631,0.009901,1.466201,0.061256,AGGRESSIVE,NO_CRASH,0.0000,,12.973422,77.596347
14:36:07.308,-1.927397,-0.165810,1.097333,0.009377,0.001171,-0.118475,2.224071,0.118851,AGGRESSIVE,NO_CRASH,0.0000,,12.973427,77.596356
14:36:07.358,0.406229,-0.706826,2.196891,-0.011664,0.012279,0.103891,2.343279,0.105262,AGGRESSIVE,NO_CRASH,0.0000,,12.973445,77.596379
14:36:07.408,2.255849,-0.482003,-0.087882,0.010822,0.032026,0.219794,2.308442,0.222379,AGGRESSIVE,NO_CRASH,0.0000,,12.973466,77.596380
14:36:07.459,2.684491,0.972504,0.079549,-0.094353,0.125536,-0.010900,2.856323,0.157418,AGGRESSIVE,NO_CRASH,0.0000,,12.973491,77.596402
14:36:07.509,0.836075,-1.165055,0.706351,-0.141469,0.108997,-0.145120,1.598532,0.230116,AGGRESSIVE,NO_CRASH,0.0000,,12.973481,77.596395
14:36:07.560,0.759757,-0.824352,0.309144,-0.022806,-0.104029,-0.088855,1.162909,0.138699,AGGRESSIVE,NO_CRASH,0.0000,,12.973503,77.596414
14:36:07.624,0.854918,-1.583624,0.261810,0.072949,-0.146005,0.066995,1.818596,0.176429,AGGRESSIVE,NO_CRASH,0.0000,,12.973501,77.596433
14:36:07.674,-1.158849,-0.598411,-0.450854,-0.067504,0.051966,0.076648,1.379962,0.114595,AGGRESSIVE,NO_CRASH,0.0000,,12.973516,77.596442
14:36:07.724,0.210386,-0.199044,-1.222255,0.008434,-0.067545,-0.153822,1.256100,0.168210,AGGRESSIVE,NO_CRASH,0.0000,,12.973523,77.596467
14:36:07.775,-0.319939,1.475944,0.063896,0.009739,-0.150011,0.074594,1.511574,0.167817,AGGRESSIVE,NO_CRASH,0.0000,,12.973537,77.596459
14:36:07.825,-0.482679,-0.096177,0.349768,0.128372,-0.056028,0.144287,0.603794,0.201090,AGGRESSIVE,NO_CRASH,0.0000,,12.973547,77.596457
14:36:07.876,1.205954,0.609212,0.223989,0.039708,0.007898,-0.011947,1.369538,0.042212,AGGRESSIVE,NO_CRASH,0.0000,,12.973549,77.596477
14:36:07.926,-1.414851,0.300147,-0.595676,-0.110168,-0.027185,-0.084939,1.564200,0.141742,AGGRESSIVE,NO_CRASH,0.0000,,12.973558,77.596490
14:36:07.976,0.871900,1.260453,-0.688923,-0.017129,-0.160337,0.055641,1.680347,0.170579,AGGRESSIVE,NO_CRASH,0.0000,,12.973581,77.596511
14:36:08.027,0.487812,1.315636,-0.338590,0.061359,-0.094099,-0.221154,1.443434,0.248050,AGGRESSIVE,NO_CRASH,0.0000,,12.973576,77.596519
14:36:08.078,-0.026568,-0.275068,-0.776198,-0.097665,-0.197335,-0.013909,0.823924,0.220620,AGGRESSIVE,NO_CRASH,0.0000,,12.973592,77.596527
14:36:08.128,-0.163250,-2.209898,-0.063823,0.023443,-0.019202,0.123902,2.216839,0.127554,AGGRESSIVE,NO_CRASH,0.0000,,12.973587,77.596531
14:36:08.178,2.655808,-0.626477,0.627103,-0.020661,0.112197,-0.161303,2.799830,0.197570,AGGRESSIVE,NO_CRASH,0.0000,,12.973609,77.596529
14:36:08.228,-1.852725,0.573923,-0.189444,-0.030599,0.095135,-0.065187,1.948812,0.119316,AGGRESSIVE,NO_CRASH,0.0000,,12.973634,77.596523
14:36:08.279,1.344727,-1.450488,-0.081081,0.068084,-0.075757,-0.244364,1.979591,0.264742,AGGRESSIVE,NO_CRASH,0.0000,,12.973640,77.596540
14:36:08.329,-0.165391,-0.361056,0.591189,-0.003680,-0.348690,-0.158955,0.712194,0.383229,AGGRESSIVE,NO_CRASH,0.0000,,12.973638,77.596545
14:36:08.380,-1.946338,-1.295603,-0.860631,-0.092424,0.020836,0.187059,2.491487,0.209684,AGGRESSIVE,NO_CRASH,0.0000,,12.973655,77.596541
14:36:08.430,-0.138492,-1.098603,-0.750257,-0.055428,-0.055638,-0.062636,1.337532,0.100455,AGGRESSIVE,NO_CRASH,0.0000,,12.973653,77.596564
14:36:08.480,1.924140,-0.462493,-2.672922,0.004967,0.166276,-0.059507,3.325767,0.176673,AGGRESSIVE,NO_CRASH,0.0000,,12.973669,77.596583
14:36:08.531,-3.105830,0.514185,0.934364,0.030734,0.090382,-0.083074,3.283839,0.126549,AGGRESSIVE,NO_CRASH,0.0000,,12.973664,77.596605
14:36:08.581,0.682534,0.145456,1.984732,0.031339,-0.130739,0.077605,2.103846,0.155233,AGGRESSIVE,NO_CRASH,0.0000,,12.973667,77.596614
14:36:08.631,0.978303,1.860024,-0.139155,0.046245,0.160540,-0.107005,2.106213,0.198398,AGGRESSIVE,NO_CRASH,0.0000,,12.973680,77.596608
14:36:08.682,-1.020470,0.914120,-2.142641,0.005777,0.210630,0.071676,2.543204,0.222567,AGGRESSIVE,NO_CRASH,0.0000,,12.973679,77.596629
14:36:08.732,-1.603049,-0.897180,0.430443,0.034901,0.068147,-0.033097,1.886790,0.083412,AGGRESSIVE,NO_CRASH,0.0000,,12.973672,77.596632
14:36:08.783,-0.680200,-0.831662,-0.061949,0.026833,0.192679,0.187476,1.076184,0.270171,AGGRESSIVE,NO_CRASH,0.0000,,12.973685,77.596653
14:36:08.833,0.839674,0.620962,0.028773,-0.026501,-0.130585,0.144973,1.044737,0.196906,AGGRESSIVE,NO_CRASH,0.0000,,12.973698,77.596651
14:36:08.883,-1.125456,1.601946,-1.088171,-0.191238,0.103635,0.123269,2.239866,0.250015,AGGRESSIVE,NO_CRASH,0.0000,,12.973703,77.596648
14:36:08.934,-0.708033,0.274908,-0.851306,0.022503,0.187791,-0.052665,1.140880,0.196330,AGGRESSIVE,NO_CRASH,0.0000,,12.973711,77.596666
14:36:08.985,0.754359,0.459498,-0.919254,0.047947,0.109356,0.341261,1.274843,0.361548,AGGRESSIVE,NO_CRASH,0.0000,,12.973722,77.596659
14:36:09.035,1.483309,-0.467786,0.242888,0.069558,-0.275401,0.083313,1.574174,0.296016,AGGRESSIVE,NO_CRASH,0.0000,,12.973737,77.596659
14:36:09.085,0.046706,-0.153015,0.703392,-0.022801,-0.087056,-0.061336,0.721356,0.108907,AGGRESSIVE,NO_CRASH,0.0000,,12.973740,77.596665
14:36:09.136,-0.503915,0.027466,0.946766,0.061572,-0.124982,-0.015856,1.072870,0.140224,AGGRESSIVE,NO_CRASH,0.0000,,12.973745,77.596661
14:36:09.186,-2.257292,1.109277,-2.341606,0.023004,0.342091,0.137677,3.436420,0.369473,AGGRESSIVE,NO_CRASH,0.0000,,12.973750,77.596662
14:36:09.237,-1.200544,-0.775212,-1.771512,-0.093315,-0.068660,0.103852,2.276075,0.155586,AGGRESSIVE,NO_CRASH,0.0000,,12.973742,77.596659
14:36:09.287,1.331055,0.244197,0.294983,-0.069936,-0.283172,0.046670,1.385046,0.295390,AGGRESSIVE,NO_CRASH,0.0000,,12.973737,77.596665
14:36:09.337,0.562487,-0.385900,-1.514931,-0.038433,0.031651,-0.080437,1.661423,0.094599,AGGRESSIVE,NO_CRASH,0.0000,,12.973744,77.596670
14:36:09.388,-0.319888,0.198454,-1.525208,0.010866,0.033869,0.168997,1.570978,0.172700,AGGRESSIVE,NO_CRASH,0.0000,,12.973736,77.596664
14:36:09.438,-2.032605,-1.370002,-0.863688,-0.072607,0.052570,0.044312,2.598912,0.099995,AGGRESSIVE,NO_CRASH,0.0000,,12.973755,77.596664
14:36:09.488,1.237607,-1.593264,0.350546,-0.077839,-0.008916,-0.033427,2.047692,0.085180,AGGRESSIVE,NO_CRASH,0.0000,,12.973778,77.596686
14:36:09.538,-0.409326,0.269328,-1.127632,-0.021678,-0.121080,-0.018204,1.229488,0.124345,AGGRESSIVE,NO_CRASH,0.0000,,12.973794,77.596681
14:36:09.589,-1.958458,0.619334,-1.189313,-0.055410,-0.115203,0.098707,2.373520,0.161508,AGGRESSIVE,NO_CRASH,0.0000,,12.973794,77.596678
14:36:09.639,1.792435,-0.233234,-1.525316,-0.092960,0.004713,0.016597,2.365124,0.094548,AGGRESSIVE,NO_CRASH,0.0000,,12.973788,77.596700
14:36:09.689,1.302869,1.702445,-1.353323,0.039065,-0.099321,0.095918,2.535207,0.143495,AGGRESSIVE,NO_CRASH,0.0000,,12.973789,77.596717
14:36:09.740,0.092738,0.139257,-0.290035,0.119766,0.177916,-0.112271,0.334833,0.242080,AGGRESSIVE,NO_CRASH,0.0000,,12.973782,77.596726
14:36:09.790,0.218498,0.340874,1.806139,-0.045634,0.078003,0.015285,1.850965,0.091654,AGGRESSIVE,NO_CRASH,0.0000,,12.973780,77.596717
14:36:09.840,0.451529,-1.563967,0.747387,0.044647,-0.118587,0.211054,1.791217,0.246171,AGGRESSIVE,NO_CRASH,0.0000,,12.973800,77.596727
14:36:09.891,0.690560,-1.285836,-0.927132,0.013656,0.093897,0.304604,1.729110,0.319040,AGGRESSIVE,NO_CRASH,0.0000,,12.973802,77.596733
14:36:09.942,0.826891,-1.625663,-0.053374,0.068694,0.070105,-0.190902,1.824658,0.214656,AGGRESSIVE,NO_CRASH,0.0000,,12.973802,77.596738
14:36:09.993,2.399013,1.188651,-0.533081,-0.036009,0.053993,-0.000045,2.729895,0.064899,AGGRESSIVE,NO_CRASH,0.0000,,12.973822,77.596740
14:36:10.043,0.308005,0.139950,1.180045,0.083087,-0.005987,0.016882,1.227583,0.084995,AGGRESSIVE,NO_CRASH,0.0000,,12.973825,77.596741
14:36:10.094,-0.331541,-0.904482,0.761876,0.123017,0.107322,-0.148946,1.228195,0.220989,AGGRESSIVE,NO_CRASH,0.0000,,12.973837,77.596746
14:36:10.144,1.007815,-0.110116,0.568530,0.083134,0.064143,0.031274,1.162344,0.109561,AGGRESSIVE,NO_CRASH,0.0000,,12.973855,77.596746
14:36:10.194,-2.146688,-0.015447,-1.710436,-0.024773,-0.041509,0.114948,2.744831,0.124699,AGGRESSIVE,NO_CRASH,0.0000,,12.973861,77.596754
14:36:10.244,0.326162,-0.542337,0.243292,-0.094495,0.169955,0.055722,0.678014,0.202285,AGGRESSIVE,NO_CRASH,0.0000,,12.973855,77.596753
14:36:10.295,1.959554,-0.973662,0.162601,0.093493,-0.018000,-0.104947,2.194153,0.141700,AGGRESSIVE,NO_CRASH,0.0000,,12.973871,77.596766
14:36:10.345,-3.468879,-0.922149,-1.747620,0.096747,0.077961,-0.040808,3.992199,0.130780,AGGRESSIVE,NO_CRASH,0.0000,,12.973885,77.596787
14:36:10.396,-2.586134,-1.400894,-1.936744,-0.041037,0.135716,-0.055920,3.521586,0.152414,AGGRESSIVE,NO_CRASH,0.0000,,12.973883,77.596793
14:36:10.446,-1.178359,-0.189386,-1.580732,0.074261,0.154203,-0.152713,1.980684,0.229378,AGGRESSIVE,NO_CRASH,0.0000,,12.973903,77.596788
14:36:10.496,-0.314900,2.001936,-1.327230,0.018760,-0.091300,-0.016661,2.422489,0.094685,AGGRESSIVE,NO_CRASH,0.0000,,12.973921,77.596791
14:36:10.547,-0.360918,2.325830,0.034301,0.063576,-0.125563,-0.136485,2.353917,0.196051,AGGRESSIVE,NO_CRASH,0.0000,,12.973941,77.596797
14:36:10.597,1.631001,0.468460,0.891205,0.038858,0.086603,0.079717,1.916733,0.123955,AGGRESSIVE,NO_CRASH,0.0000,,12.973956,77.596789
14:36:10.647,-3.353958,0.954631,-0.817834,0.030037,-0.033768,0.194334,3.581788,0.199520,AGGRESSIVE,NO_CRASH,0.0000,,12.973978,77.596795
14:36:10.698,-1.320717,-1.625520,-0.748008,0.029048,0.007305,0.225338,2.223989,0.227320,AGGRESSIVE,NO_CRASH,0.0000,,12.973978,77.596787
14:36:10.748,-0.753740,1.275396,1.059286,0.103185,0.000409,-0.087886,1.821221,0.135541,AGGRESSIVE,NO_CRASH,0.0000,,12.973988,77.596812
14:36:10.799,0.929910,-0.717458,1.622903,-0.048250,-0.269035,-0.009508,2.003320,0.273493,AGGRESSIVE,NO_CRASH,0.0000,,12.974006,77.596831
14:36:10.849,0.650425,-1.217997,-0.961744,0.038167,0.050083,0.029991,1.682712,0.069746,AGGRESSIVE,NO_CRASH,0.0000,,12.974006,77.596838
14:36:10.900,1.513762,-0.007266,-0.313607,-0.010376,0.056299,0.162392,1.545923,0.172187,AGGRESSIVE,NO_CRASH,0.0000,,12.974008,77.596833
14:36:10.950,0.957522,-0.084255,1.523132,-0.057103,-0.039478,-0.023969,1.801077,0.073443,AGGRESSIVE,NO_CRASH,0.0000,,12.974002,77.596852
14:36:11.001,-1.259502,-3.332162,0.840253,-0.108096,0.144550,-0.093882,3.660010,0.203453,AGGRESSIVE,NO_CRASH,0.0000,,12.974024,77.596850
14:36:11.051,0.172680,-0.345392,0.482833,-0.100751,0.002626,0.069778,0.618257,0.122583,AGGRESSIVE,NO_CRASH,0.0000,,12.974041,77.596847
14:36:11.102,1.203309,-1.941320,0.727199,0.066853,-0.219810,-0.120090,2.396976,0.259244,AGGRESSIVE,NO_CRASH,0.0000,,12.974057,77.596838
14:36:11.152,1.325703,0.354623,-0.553230,-0.028271,-0.092959,-0.109090,1.479631,0.146087,AGGRESSIVE,NO_CRASH,0.0000,,12.974049,77.596863
14:36:11.203,-3.595573,-1.616106,-0.945016,-0.111008,-0.169391,0.060579,4.053763,0.211390,AGGRESSIVE,NO_CRASH,0.0000,,12.974073,77.596888
14:36:11.253,-0.647138,0.255789,0.016214,0.026582,-0.094281,0.136745,0.696045,0.168210,AGGRESSIVE,NO_CRASH,0.0000,,12.974093,77.596894
14:36:11.303,-0.315169,-0.590817,-0.185447,0.005368,-0.109410,-0.039555,0.694829,0.116465,AGGRESSIVE,NO_CRASH,0.0000,,12.974083,77.596919
14:36:11.354,0.013500,-1.872347,0.919078,0.065356,-0.302129,-0.184087,2.085803,0.359780,AGGRESSIVE,NO_CRASH,0.0000,,12.974100,77.596943
14:36:11.404,-0.391620,-0.625865,-0.242180,-0.019111,0.111518,-0.085005,0.776997,0.141518,AGGRESSIVE,NO_CRASH,0.0000,,12.974114,77.596941
14:36:11.454,1.349868,-2.261683,0.730555,-0.085005,0.020835,0.129895,2.733325,0.156629,AGGRESSIVE,NO_CRASH,0.0000,,12.974120,77.596937
14:36:11.505,-0.028240,0.685928,-1.661532,0.016465,0.010780,-0.014728,1.797771,0.024580,AGGRESSIVE,NO_CRASH,0.0000,,12.974116,77.596932
14:36:11.555,1.271943,0.415578,0.520749,0.085699,-0.060829,0.062686,1.435871,0.122368,AGGRESSIVE,NO_CRASH,0.0000,,12.974116,77.596935
14:36:11.605,1.643787,2.074136,-1.136715,0.125145,0.144422,0.041761,2.880312,0.195609,AGGRESSIVE,NO_CRASH,0.0000,,12.974127,77.596937
14:36:11.656,-0.949266,-2.174926,0.017260,0.030360,-0.062129,0.126689,2.373122,0.144332,AGGRESSIVE,NO_CRASH,0.0000,,12.974149,77.596958
14:36:11.706,0.025995,0.729919,-1.519702,-0.039668,0.073048,0.264458,1.686105,0.277214,AGGRESSIVE,NO_CRASH,0.0000,,12.974143,77.596981
14:36:11.757,-1.081309,0.061236,-0.302270,0.076804,0.196270,0.240333,1.124431,0.319657,AGGRESSIVE,NO_CRASH,0.0000,,12.974162,77.596990
14:36:11.807,0.753807,-0.986485,-0.612250,-0.022419,-0.077858,-0.089621,1.384279,0.120815,AGGRESSIVE,NO_CRASH,0.0000,,12.974154,77.597011
14:36:11.858,0.228113,-0.311619,0.678180,0.097833,0.090789,-0.213068,0.780429,0.251420,AGGRESSIVE,NO_CRASH,0.0000,,12.974147,77.597006
14:36:11.909,0.554714,-1.294931,-0.199797,-0.051233,-0.252089,-0.011204,1.422840,0.257487,AGGRESSIVE,NO_CRASH,0.0000,,12.974152,77.597027
14:36:11.959,0.115292,-2.250456,1.091462,-0.028947,-0.255198,-0.069651,2.503824,0.266111,AGGRESSIVE,NO_CRASH,0.0000,,12.974157,77.597050
14:36:12.009,-0.566560,-0.377689,1.554401,0.112236,-0.086662,0.073424,1.696998,0.159682,AGGRESSIVE,NO_CRASH,0.0000,,12.974180,77.597054
14:36:12.060,-0.998843,0.899472,-2.915480,-0.128372,0.013577,-0.115458,3.210414,0.173189,AGGRESSIVE,NO_CRASH,0.0000,,12.974200,77.597057
14:36:12.110,-0.072928,1.361612,1.176858,-0.049116,-0.063688,0.096719,1.801194,0.125790,AGGRESSIVE,NO_CRASH,0.0000,,12.974219,77.597071
14:36:12.160,0.726393,-0.337573,0.320830,0.050423,0.103829,0.138020,0.862864,0.179923,AGGRESSIVE,NO_CRASH,0.0000,,12.974231,77.597077
14:36:12.211,3.349262,-0.502331,2.399420,-0.106516,-0.089412,-0.113537,4.150555,0.179530,AGGRESSIVE,NO_CRASH,0.0000,,12.974249,77.597086
14:36:12.261,0.980981,1.407413,0.381319,0.017793,-0.032540,0.018828,1.757424,0.041592,AGGRESSIVE,NO_CRASH,0.0000,,12.974252,77.597075
14:36:12.311,-0.854321,-1.032054,-0.242924,-0.016733,0.046094,-0.060718,1.361621,0.078047,AGGRESSIVE,NO_CRASH,0.0000,,12.974254,77.597092
14:36:12.362,0.526216,1.440911,-0.208623,0.097477,-0.078609,-0.261860,1.548112,0.290262,AGGRESSIVE,NO_CRASH,0.0000,,12.974265,77.597103
14:36:12.412,-0.226571,-1.481281,0.604055,-0.055681,-0.058100,-0.107469,1.615676,0.134260,AGGRESSIVE,NO_CRASH,0.0000,,12.974288,77.597127
14:36:12.463,-0.097895,-0.755042,-0.193291,0.000612,0.046005,0.075137,0.785514,0.088104,AGGRESSIVE,NO_CRASH,0.0000,,12.974289,77.597132
14:36:12.513,-0.010644,-1.257868,0.070888,0.128894,0.018102,0.042723,1.259909,0.136991,AGGRESSIVE,NO_CRASH,0.0000,,12.974302,77.597147
14:36:12.564,1.786832,0.853796,0.743020,0.069409,0.155811,0.165675,2.115139,0.237787,AGGRESSIVE,NO_CRASH,0.0000,,12.974314,77.597156
14:36:12.614,0.311151,0.638253,-0.370233,0.063140,0.170973,0.006646,0.800784,0.182380,AGGRESSIVE,NO_CRASH,0.0000,,12.974304,77.597173
14:36:12.665,-2.878829,1.355961,-0.460426,-0.038083,0.038075,-0.142308,3.215320,0.152157,AGGRESSIVE,NO_CRASH,0.0000,,12.974323,77.597171
14:36:12.715,1.589170,-0.606751,0.857940,0.135452,-0.144572,0.024000,1.905169,0.199561,AGGRESSIVE,NO_CRASH,0.0000,,12.974334,77.597190
14:36:12.766,0.975801,-1.352215,-1.413682,-0.081696,0.127039,0.015282,2.186132,0.151811,AGGRESSIVE,NO_CRASH,0.0000,,12.974329,77.597198
14:36:12.816,0.537768,0.225057,-0.014696,-0.049433,-0.030808,-0.162256,0.583147,0.172395,AGGRESSIVE,NO_CRASH,0.0000,,12.974339,77.597218
14:36:12.866,-1.453718,0.470448,1.644418,-0.054941,-0.080739,-0.076438,2.244711,0.124016,AGGRESSIVE,NO_CRASH,0.0000,,12.974333,77.597219
14:36:12.917,0.570268,2.048739,-1.350412,0.122971,0.297062,0.032176,2.519156,0.323115,AGGRESSIVE,NO_CRASH,0.0000,,12.974347,77.597213
14:36:12.967,1.035465,0.680358,0.820719,0.089889,-0.002032,0.139733,1.486154,0.166161,AGGRESSIVE,NO_CRASH,0.0000,,12.974339,77.597230
14:36:13.018,0.143608,-0.396554,-0.339593,-0.052185,-0.012445,-0.152138,0.541481,0.161320,AGGRESSIVE,NO_CRASH,0.0000,,12.974349,77.597238
14:36:13.068,0.671195,-1.938983,1.413073,0.032761,-0.121914,0.190300,2.491372,0.228365,AGGRESSIVE,NO_CRASH,0.0000,,12.974339,77.597236
14:36:13.119,-1.883866,2.309866,-0.891785,-0.041866,0.169131,-0.104967,3.111224,0.203411,AGGRESSIVE,NO_CRASH,0.0000,,12.974341,77.597236
14:36:13.169,1.015329,-1.270102,-0.352365,0.060169,-0.032349,0.003952,1.663795,0.068428,AGGRESSIVE,NO_CRASH,0.0000,,12.974343,77.597231
14:36:13.219,-0.600323,0.570562,0.718385,0.077639,-0.009310,-0.043090,1.096360,0.089282,AGGRESSIVE,NO_CRASH,0.0000,,12.974352,77.597221
14:36:13.270,0.737334,-2.130383,-1.783609,0.009707,0.040410,-0.039880,2.874622,0.057599,AGGRESSIVE,NO_CRASH,0.0000,,12.974369,77.597229
14:36:13.320,-2.442867,-0.910406,1.230699,0.006661,-0.017502,0.013703,2.882891,0.023205,AGGRESSIVE,NO_CRASH,0.0000,,12.974392,77.597241
14:36:13.370,-0.147435,0.006489,1.611423,0.001146,-0.010681,-0.077262,1.618166,0.078005,AGGRESSIVE,NO_CRASH,0.0000,,12.974384,77.597258
14:36:13.421,-0.709150,0.266153,-3.031282,-0.065310,0.062874,-0.222485,3.124484,0.240246,AGGRESSIVE,NO_CRASH,0.0000,,12.974382,77.597264
14:36:13.471,2.870163,1.110477,-0.309943,0.009459,-0.077701,0.076888,3.093066,0.109721,AGGRESSIVE,NO_CRASH,0.0000,,12.974392,77.597254
14:36:13.521,2.065199,-0.994391,0.616345,0.019697,-0.061870,-0.108081,2.373550,0.126085,AGGRESSIVE,NO_CRASH,0.0000,,12.974393,77.597261
14:36:13.572,-0.160535,-0.611639,1.947901,0.070096,0.269675,0.012434,2.047973,0.278914,AGGRESSIVE,NO_CRASH,0.0000,,12.974390,77.597282
14:36:13.622,0.259652,1.272850,-0.870545,-0.062841,0.119141,-0.047043,1.563782,0.142677,AGGRESSIVE,NO_CRASH,0.0000,,12.974388,77.597284
14:36:13.672,0.650462,-1.473961,-1.126246,0.029896,-0.184368,-0.111330,1.965729,0.217439,AGGRESSIVE,NO_CRASH,0.0000,,12.974377,77.597282
14:36:13.723,0.270958,1.158909,0.699799,0.033309,0.175482,0.066913,1.380655,0.190738,AGGRESSIVE,NO_CRASH,0.0000,,12.974376,77.597302
14:36:13.773,0.359214,0.839327,2.483057,-0.021406,0.071400,-0.045684,2.645577,0.087426,AGGRESSIVE,NO_CRASH,0.0000,,12.974396,77.597316
14:36:13.823,-0.949650,-0.269380,-1.772722,-0.046143,-0.234408,-0.086434,2.029025,0.254061,AGGRESSIVE,NO_CRASH,0.0000,,12.974385,77.597334
14:36:13.874,-0.883029,-1.270629,-1.114754,-0.026899,0.011371,-0.130644,1.907070,0.133868,AGGRESSIVE,NO_CRASH,0.0000,,12.974402,77.597347
14:36:13.924,1.123428,0.821341,0.520026,-0.048024,-0.204077,-0.001436,1.485638,0.209657,AGGRESSIVE,NO_CRASH,0.0000,,12.974404,77.597367
14:36:13.975,-0.927075,-2.422456,0.526872,-0.136383,-0.222908,0.018740,2.646763,0.261991,AGGRESSIVE,NO_CRASH,0.0000,,12.974411,77.597381
14:36:14.025,-1.937548,-3.157578,-0.308723,0.078230,0.179402,0.072767,3.717487,0.208806,AGGRESSIVE,NO_CRASH,0.0000,,12.974412,77.597382
14:36:14.075,-0.651394,-1.022719,1.041355,0.011970,0.014617,-0.182276,1.598339,0.183253,AGGRESSIVE,NO_CRASH,0.0000,,12.974423,77.597404
14:36:14.126,1.731775,0.520441,-1.287295,-0.013569,0.149466,-0.087702,2.219692,0.173827,AGGRESSIVE,NO_CRASH,0.0000,,12.974446,77.597415
14:36:14.176,-2.114680,0.534508,1.131523,-0.041091,0.171473,0.067026,2.457217,0.188637,AGGRESSIVE,NO_CRASH,0.0000,,12.974449,77.597425
14:36:14.227,-0.119799,-1.042559,1.779351,0.059379,-0.111901,0.037973,2.065762,0.132248,AGGRESSIVE,NO_CRASH,0.0000,,12.974448,77.597447
14:36:14.277,2.139447,0.259245,-0.192559,-0.023944,-0.080725,0.096413,2.163682,0.128006,AGGRESSIVE,NO_CRASH,0.0000,,12.974454,77.597451
14:36:14.328,1.124382,1.084543,-0.437639,0.066984,0.038940,-0.037313,1.622343,0.085997,AGGRESSIVE,NO_CRASH,0.0000,,12.974475,77.597458
14:36:14.378,-1.904840,1.123922,1.544174,0.063477,-0.157106,0.010858,2.697423,0.169792,AGGRESSIVE,NO_CRASH,0.0000,,12.974464,77.597452
14:36:14.428,-0.925012,-0.697267,0.677059,-0.013401,0.007475,0.005786,1.341729,0.016400,AGGRESSIVE,NO_CRASH,0.0000,,12.974478,77.597446
14:36:14.478,-0.172014,-0.335817,0.627324,0.068660,0.061179,-0.093939,0.732050,0.131460,AGGRESSIVE,NO_CRASH,0.0000,,12.974502,77.597467
14:36:14.529,-0.387160,-0.597394,0.296001,-0.068959,-0.114688,-0.071046,0.770966,0.151513,AGGRESSIVE,NO_CRASH,0.0000,,12.974518,77.597465
14:36:14.592,-0.907446,-1.800141,1.769468,-0.002190,-0.010691,-0.119624,2.682347,0.120120,AGGRESSIVE,NO_CRASH,0.0000,,12.974511,77.597464
14:36:14.642,0.412426,-0.162124,1.180727,-0.030932,0.023358,-0.028284,1.261149,0.047983,AGGRESSIVE,NO_CRASH,0.0000,,12.974502,77.597488
14:36:14.693,-0.727129,-0.999271,-0.429135,-0.061403,-0.017368,-0.227650,1.308211,0.236424,AGGRESSIVE,NO_CRASH,0.0000,,12.974493,77.597506
14:36:14.743,1.552078,1.062396,-0.794470,-0.048718,-0.097254,-0.093042,2.041767,0.143138,AGGRESSIVE,NO_CRASH,0.0000,,12.974514,77.597524
14:36:14.793,-0.262530,-0.364961,2.938188,-0.111281,-0.144462,0.142748,2.972384,0.231581,AGGRESSIVE,NO_CRASH,0.0000,,12.974532,77.597541
14:36:14.844,2.049761,-0.653823,-0.113348,-0.058603,0.057377,0.067991,2.154496,0.106533,AGGRESSIVE,NO_CRASH,0.0000,,12.974522,77.597540
14:36:14.894,1.231345,-0.654800,-3.653459,0.041919,-0.032011,-0.110399,3.910592,0.122351,AGGRESSIVE,NO_CRASH,0.0000,,12.974516,77.597539
14:36:14.944,1.917847,1.474822,1.676360,-0.028963,0.006822,-0.012487,2.943369,0.032269,AGGRESSIVE,NO_CRASH,0.0000,,12.974513,77.597542
14:36:14.995,-1.547006,-0.221530,0.674296,0.006660,-0.175649,0.197017,1.702052,0.264031,AGGRESSIVE,NO_CRASH,0.0000,,12.974532,77.597535
14:36:15.045,-1.046431,0.951014,0.937258,0.050292,-0.129646,-0.004420,1.696437,0.139129,AGGRESSIVE,NO_CRASH,0.0000,,12.974524,77.597530
14:36:15.096,0.863518,-0.686859,0.890600,-0.035254,0.101642,-0.020612,1.417959,0.109539,AGGRESSIVE,NO_CRASH,0.0000,,12.974522,77.597550
14:36:15.146,1.685479,-1.605633,-0.896434,-0.145751,-0.156026,-0.139444,2.494492,0.255013,AGGRESSIVE,NO_CRASH,0.0000,,12.974531,77.597540
14:36:15.196,0.468084,-0.979385,-0.064276,0.053698,-0.072309,0.112343,1.087395,0.143990,AGGRESSIVE,NO_CRASH,0.0000,,12.974523,77.597546
14:36:15.247,2.015004,-1.655498,0.543237,0.010089,0.091030,-0.160288,2.663836,0.184608,AGGRESSIVE,NO_CRASH,0.0000,,12.974541,77.597557
14:36:15.297,-0.723141,-1.595434,1.079347,0.154113,0.024168,0.141661,2.057506,0.210719,AGGRESSIVE,NO_CRASH,0.0000,,12.974535,77.597568
14:36:15.348,-2.220271,0.716763,1.552601,-0.001813,-0.069996,-0.252286,2.802485,0.261822,AGGRESSIVE,NO_CRASH,0.0000,,12.974550,77.597587
14:36:15.398,0.980706,-0.537931,-1.742702,0.068341,-0.048733,0.148208,2.070788,0.170326,AGGRESSIVE,NO_CRASH,0.0000,,12.974546,77.597584
14:36:15.449,0.846255,-1.142418,-1.837198,-0.070544,0.137017,-0.171639,2.323051,0.230673,AGGRESSIVE,NO_CRASH,0.0000,,12.974564,77.597600
14:36:15.499,1.105996,-2.061812,2.660572,-0.071361,0.023927,0.204904,3.543012,0.218290,AGGRESSIVE,NO_CRASH,0.0000,,12.974584,77.597599
14:36:15.550,-0.897276,0.057009,0.103778,-0.043241,0.020514,0.059111,0.905054,0.076057,AGGRESSIVE,NO_CRASH,0.0000,,12.974604,77.597592
14:36:15.600,-0.251578,-2.316360,-1.285296,0.112556,0.189891,0.076178,2.660977,0.233518,AGGRESSIVE,NO_CRASH,0.0000,,12.974626,77.597596
14:36:15.651,-1.351562,0.795959,1.409279,-0.112017,0.060887,-0.118867,2.108634,0.174311,AGGRESSIVE,NO_CRASH,0.0000,,12.974641,77.597615
14:36:15.702,1.275429,1.075953,-2.653266,-0.018704,0.001638,0.037539,3.134361,0.041973,AGGRESSIVE,NO_CRASH,0.0000,,12.974659,77.597636
14:36:15.752,0.445425,-0.935791,1.439680,-0.032377,-0.043497,0.273140,1.773919,0.278470,AGGRESSIVE,NO_CRASH,0.0000,,12.974649,77.597638
14:36:15.802,0.370632,-1.391637,0.822805,0.012075,0.208281,0.094322,1.658623,0.228962,AGGRESSIVE,NO_CRASH,0.0000,,12.974657,77.597633
14:36:15.853,-0.741797,-0.458294,0.453512,0.015003,-0.193194,0.130684,0.982837,0.233725,AGGRESSIVE,NO_CRASH,0.0000,,12.974681,77.597647
14:36:15.903,0.975478,-0.904466,-0.178871,-0.000136,-0.035190,-0.042022,1.342241,0.054810,AGGRESSIVE,NO_CRASH,0.0000,,12.974706,77.597653
14:36:15.953,-1.600425,2.805250,-1.313440,-0.097781,0.084087,-0.174191,3.486533,0.216736,AGGRESSIVE,NO_CRASH,0.0000,,12.974726,77.597651
14:36:16.003,0.615801,-1.448881,0.010959,-0.098598,-0.096459,0.217687,1.574352,0.257708,AGGRESSIVE,NO_CRASH,0.0000,,12.974729,77.597669
14:36:16.054,0.767014,0.655629,-2.212491,-0.094451,0.058911,-0.019715,2.431723,0.113049,AGGRESSIVE,NO_CRASH,0.0000,,12.974725,77.597661
14:36:16.105,-1.764798,-1.435448,0.838523,-0.028741,0.203184,-0.161643,2.424488,0.261225,AGGRESSIVE,NO_CRASH,0.0000,,12.974717,77.597670
14:36:16.155,0.316200,0.260349,-0.926087,-0.002142,0.141357,-0.030182,1.012621,0.144559,AGGRESSIVE,NO_CRASH,0.0000,,12.974717,77.597695
14:36:16.205,1.483161,-1.586029,-0.371550,0.090067,-0.173965,0.011281,2.203022,0.196222,AGGRESSIVE,NO_CRASH,0.0000,,12.974724,77.597711
14:36:16.255,0.130086,-0.819506,0.468819,0.014542,0.044389,0.087859,0.953050,0.099504,AGGRESSIVE,NO_CRASH,0.0000,,12.974722,77.597727
14:36:16.305,-2.376199,2.165256,1.806626,-0.009714,0.052267,-0.106150,3.687622,0.118718,AGGRESSIVE,NO_CRASH,0.0000,,12.974721,77.597727
14:36:16.356,0.475041,0.803687,0.757504,-0.015867,-0.106323,-0.055698,1.202243,0.121073,AGGRESSIVE,NO_CRASH,0.0000,,12.974731,77.597747
14:36:16.406,-0.055040,-2.052498,1.495582,0.106701,0.257144,0.279594,2.540186,0.394564,AGGRESSIVE,NO_CRASH,0.0000,,12.974745,77.597763
14:36:16.457,-1.172728,2.487477,-1.962901,0.238442,-0.073975,-0.120337,3.378730,0.277142,AGGRESSIVE,NO_CRASH,0.0000,,12.974763,77.597755
14:36:16.507,0.234877,-0.465430,1.608052,-0.115560,0.108417,-0.210336,1.690451,0.263343,AGGRESSIVE,NO_CRASH,0.0000,,12.974764,77.597759
14:36:16.557,2.134817,-0.063554,0.328680,0.020759,0.265365,-0.141394,2.160905,0.301400,AGGRESSIVE,NO_CRASH,0.0000,,12.974754,77.597766
14:36:16.608,0.850860,-1.559698,-0.730247,-0.097002,0.061423,0.022671,1.920906,0.117031,AGGRESSIVE,NO_CRASH,0.0000,,12.974766,77.597782
14:36:16.658,2.362516,-0.208309,0.798586,-0.018005,0.093646,0.084519,2.502521,0.127425,AGGRESSIVE,NO_CRASH,0.0000,,12.974772,77.597773
14:36:16.709,0.318442,-0.799272,-0.148071,0.097015,-0.265925,0.031037,0.873022,0.284765,AGGRESSIVE,NO_CRASH,0.0000,,12.974782,77.597779
14:36:16.759,2.914530,-2.231956,-0.504133,-0.045098,-0.051655,0.120077,3.705437,0.138277,AGGRESSIVE,NO_CRASH,0.0000,,12.974788,77.597769
14:36:16.809,-0.186107,-0.733583,-1.164625,0.129515,0.115161,-0.068510,1.388931,0.186360,AGGRESSIVE,NO_CRASH,0.0000,,12.974808,77.597790
14:36:16.860,0.989974,-1.450042,0.661315,0.096700,-0.056231,-0.331887,1.876169,0.350231,AGGRESSIVE,NO_CRASH,0.0000,,12.974803,77.597813
14:36:16.910,-1.343803,-0.494322,1.895473,0.052554,0.212933,0.188387,2.375495,0.289123,AGGRESSIVE,NO_CRASH,0.0000,,12.974794,77.597807
14:36:16.960,-1.135440,0.025850,1.388503,0.016740,-0.155205,-0.281213,1.793831,0.321636,AGGRESSIVE,NO_CRASH,0.0000,,12.974809,77.597809
14:36:17.011,-0.444333,-0.231145,-0.534189,0.079289,0.275035,-0.079535,0.732269,0.297080,AGGRESSIVE,NO_CRASH,0.0000,,12.974802,77.597819
14:36:17.062,-0.336256,0.968123,0.914018,0.017499,-0.145326,-0.051690,1.373230,0.155235,AGGRESSIVE,NO_CRASH,0.0000,,12.974822,77.597833
14:36:17.112,0.715566,-0.114231,1.593449,0.012139,-0.023653,0.015030,1.750475,0.030541,AGGRESSIVE,NO_CRASH,0.0000,,12.974842,77.597850
14:36:17.162,-0.529963,-0.954101,-0.662810,-0.133096,0.036640,-0.098804,1.276905,0.169762,AGGRESSIVE,NO_CRASH,0.0000,,12.974843,77.597868
14:36:17.213,-0.076466,0.334570,-1.140572,-0.035668,-0.111903,0.092239,1.191088,0.149340,AGGRESSIVE,NO_CRASH,0.0000,,12.974867,77.597886
14:36:17.263,-0.232936,0.803463,1.102614,-0.048993,0.051615,-0.166958,1.384041,0.181492,AGGRESSIVE,NO_CRASH,0.0000,,12.974881,77.597891
14:36:17.313,-0.178893,-0.303099,-1.771639,0.018603,-0.157420,0.142635,1.806260,0.213242,AGGRESSIVE,NO_CRASH,0.0000,,12.974893,77.597896
14:36:17.364,-0.664246,-1.925467,1.542201,-0.022552,0.097453,-0.059125,2.554805,0.116195,AGGRESSIVE,NO_CRASH,0.0000,,12.974882,77.597916
14:36:17.414,-0.153825,0.601007,-1.247438,-0.009086,-0.029563,-0.136367,1.393188,0.139831,AGGRESSIVE,NO_CRASH,0.0000,,12.974873,77.597935
14:36:17.465,-1.786885,0.274816,1.691169,-0.043732,-0.152513,-0.236682,2.475587,0.284941,AGGRESSIVE,NO_CRASH,0.0000,,12.974886,77.597945
14:36:17.515,-1.548336,1.838337,-0.533084,-0.119244,0.034237,0.168243,2.461911,0.209038,AGGRESSIVE,NO_CRASH,0.0000,,12.974890,77.597954
14:36:17.566,-1.102127,-0.570091,-1.599261,0.008210,-0.113467,-0.047104,2.024185,0.123130,AGGRESSIVE,NO_CRASH,0.0000,,12.974883,77.597972
14:36:17.616,-0.790433,1.251417,1.858204,0.020526,0.124245,-0.004720,2.375658,0.126017,AGGRESSIVE,NO_CRASH,0.0000,,12.974877,77.597963
14:36:17.666,1.224869,-0.046929,-0.632891,-0.063416,0.005784,0.200545,1.379513,0.210412,AGGRESSIVE,NO_CRASH,0.0000,,12.974881,77.597955
14:36:17.717,-2.391815,-0.792236,2.431416,-0.079914,0.063936,0.112608,3.501457,0.152166,AGGRESSIVE,NO_CRASH,0.0000,,12.974886,77.597960
14:36:17.767,1.817095,-0.116831,1.106110,0.168113,0.184807,-0.044959,2.130484,0.253844,AGGRESSIVE,NO_CRASH,0.0000,,12.974907,77.597962
14:36:17.818,1.323719,-0.478572,-0.554879,0.015400,0.121686,-0.152044,1.512995,0.195351,AGGRESSIVE,NO_CRASH,0.0000,,12.974918,77.597962
14:36:17.889,0.667334,-0.245384,0.913405,-0.128982,-0.213539,-0.112925,1.157522,0.273838,AGGRESSIVE,NO_CRASH,0.0000,,12.974934,77.597961
14:36:17.940,2.178271,-1.217483,-1.352763,-0.048368,-0.288471,-0.110881,2.838503,0.312809,AGGRESSIVE,NO_CRASH,0.0000,,12.974929,77.597962
14:36:17.991,-0.345749,-0.588250,1.814551,-0.003660,-0.047637,-0.037667,1.938601,0.060840,AGGRESSIVE,NO_CRASH,0.0000,,12.974935,77.597985
14:36:18.041,-0.224381,-1.058354,-2.417310,-0.074523,0.042752,0.034443,2.648366,0.092562,AGGRESSIVE,NO_CRASH,0.0000,,12.974928,77.598001
14:36:18.091,0.646521,2.145692,-1.499998,-0.016904,0.178728,0.183784,2.696660,0.256916,AGGRESSIVE,NO_CRASH,0.0000,,12.974952,77.598000
14:36:18.142,1.128736,-0.557475,0.666625,-0.060103,-0.022256,0.102857,1.424504,0.121192,AGGRESSIVE,NO_CRASH,0.0000,,12.974966,77.598016
14:36:18.192,-1.172634,1.038659,-2.670377,-0.049728,-0.218333,-0.012119,3.095932,0.224252,AGGRESSIVE,NO_CRASH,0.0000,,12.974975,77.598013
14:36:18.242,-0.908151,-0.466537,0.967466,-0.054491,-0.050774,0.009839,1.406551,0.075127,AGGRESSIVE,NO_CRASH,0.0000,,12.974994,77.598026
14:36:18.292,0.132694,0.672690,1.231546,0.056916,0.068143,0.044884,1.409547,0.099486,AGGRESSIVE,NO_CRASH,0.0000,,12.975012,77.598049
14:36:18.343,-0.898703,-0.171092,-0.357376,0.091049,-0.043593,0.173397,0.982170,0.200641,AGGRESSIVE,NO_CRASH,0.0000,,12.975030,77.598060
14:36:18.393,-1.093349,-0.351910,-0.443270,0.066144,0.051219,-0.261652,1.231155,0.274700,AGGRESSIVE,NO_CRASH,0.0000,,12.975049,77.598062
14:36:18.444,-2.379881,-0.975879,-0.367225,-0.077473,0.138249,0.091677,2.598274,0.183083,AGGRESSIVE,NO_CRASH,0.0000,,12.975053,77.598057
14:36:18.494,1.102972,-1.450874,0.206191,0.030749,-0.115140,0.024075,1.834148,0.121583,AGGRESSIVE,NO_CRASH,0.0000,,12.975074,77.598057
14:36:18.544,1.309912,0.523792,1.659090,0.079102,0.099662,0.078352,2.177798,0.149428,AGGRESSIVE,NO_CRASH,0.0000,,12.975097,77.598071
14:36:18.595,1.036374,-0.606394,0.199962,0.110545,-0.087037,0.244807,1.217279,0.282358,AGGRESSIVE,NO_CRASH,0.0000,,12.975095,77.598062
14:36:18.645,-0.280552,0.518008,0.784547,-0.081543,-0.140127,-0.039323,0.981100,0.166826,AGGRESSIVE,NO_CRASH,0.0000,,12.975093,77.598085
14:36:18.695,-0.640228,0.691072,-0.640692,0.060944,0.166853,-0.314240,1.139280,0.360972,AGGRESSIVE,NO_CRASH,0.0000,,12.975084,77.598084
14:36:18.746,1.267184,-1.762089,1.207230,0.012946,-0.128766,0.010037,2.483570,0.129803,AGGRESSIVE,NO_CRASH,0.0000,,12.975088,77.598088
14:36:18.796,0.974683,-1.256032,0.510596,-0.012636,0.016864,-0.018921,1.669829,0.028320,AGGRESSIVE,NO_CRASH,0.0000,,12.975100,77.598097
14:36:18.847,3.571850,0.062287,2.579845,0.000617,0.160054,0.061250,4.406540,0.171375,AGGRESSIVE,NO_CRASH,0.0000,,12.975097,77.598109
14:36:18.898,-0.917731,0.369418,-1.150305,-0.027337,0.040204,0.066160,1.517202,0.082103,AGGRESSIVE,NO_CRASH,0.0000,,12.975097,77.598120
14:36:18.948,0.431847,-1.172914,-0.957845,0.052569,-0.083339,-0.080100,1.574702,0.126984,AGGRESSIVE,NO_CRASH,0.0000,,12.975120,77.598135
14:36:18.998,-1.229345,-1.636014,0.654441,0.071244,-0.023017,0.011182,2.148517,0.075701,AGGRESSIVE,NO_CRASH,0.0000,,12.975128,77.598141
14:36:19.049,-0.375315,2.261366,-1.679828,0.013812,0.110042,0.221101,2.841911,0.247357,CRASH,NO_CRASH,0.0000,,12.975126,77.598123
14:36:19.099,1.224789,-5.029033,-0.628332,0.354429,0.147870,0.544315,5.214027,0.666156,CRASH,NO_CRASH,0.0000,,12.975132,77.598138
14:36:19.149,-1.404848,3.545967,2.690673,-0.782060,0.117165,0.105382,4.667677,0.797779,CRASH,NO_CRASH,0.0000,,12.975149,77.598136
14:36:19.200,-0.517257,1.688481,-3.643724,-0.816549,0.255237,0.327142,4.049104,0.915925,CRASH,NO_CRASH,0.0000,,12.975137,77.598141
14:36:19.250,0.652790,0.864974,0.499568,0.627193,0.012239,0.112485,1.193266,0.637318,CRASH,NO_CRASH,0.0000,,12.975120,77.598147
14:36:19.301,3.074429,3.338593,0.278266,0.280283,-0.464008,-0.607027,4.547059,0.813845,CRASH,NO_CRASH,0.0000,,12.975124,77.598154
14:36:19.351,0.999814,2.145535,-1.443754,0.697899,-0.230258,-0.303560,2.772612,0.795129,CRASH,NO_CRASH,0.0000,,12.975136,77.598160
14:36:19.402,1.288045,0.389376,-0.728345,0.050243,0.162869,0.429366,1.530085,0.461959,CRASH,NO_CRASH,0.0000,,12.975133,77.598178
14:36:19.452,0.172137,0.370569,-2.499063,-0.273901,0.402995,-0.076806,2.532245,0.493280,CRASH,NO_CRASH,0.0000,,12.975148,77.598178
14:36:19.502,-2.605823,0.318867,2.112602,0.366681,0.359988,0.644880,3.369730,0.824571,CRASH,NO_CRASH,0.0000,,12.975143,77.598186
14:36:19.553,2.613950,1.870038,-0.812321,0.348635,-0.202539,-0.066520,3.315063,0.408648,CRASH,NO_CRASH,0.0000,,12.975160,77.598170
14:36:19.603,-5.425377,6.612847,-2.559607,0.586474,-0.605926,0.389262,8.928384,0.928775,CRASH,NO_CRASH,0.1828,,12.975171,77.598178
14:36:19.653,4.560026,0.010419,0.664709,-0.564782,0.130437,0.459506,4.608230,0.739687,CRASH,NO_CRASH,0.1828,,12.975154,77.598176
14:36:19.704,1.284775,0.151865,-0.026269,0.763491,0.721395,1.533265,1.293986,1.858556,CRASH,NO_CRASH,0.1828,,12.975150,77.598168
14:36:19.754,-0.254800,0.079890,2.365693,-0.022335,0.034680,0.817507,2.380716,0.818547,CRASH,NO_CRASH,0.1828,,12.975164,77.598171
14:36:19.805,0.458045,-1.164193,2.626599,-0.308874,0.262760,-0.282175,2.909325,0.494033,CRASH,NO_CRASH,0.1828,,12.975172,77.598161
14:36:19.855,-4.688404,-2.939664,-2.840095,-0.276278,-1.061474,-1.003243,6.220040,1.486456,CRASH,NO_CRASH,0.1828,,12.975157,77.598160
14:36:19.906,-3.830274,-0.800272,4.048152,-0.684713,0.408149,0.621428,5.630183,1.010737,CRASH,NO_CRASH,0.1828,,12.975141,77.598142
14:36:19.956,-3.744314,2.184405,1.843982,-0.477274,0.346117,-0.146162,4.710815,0.607413,CRASH,NO_CRASH,0.1828,,12.975156,77.598148
14:36:20.006,2.219164,3.359584,1.890087,-0.097871,0.543622,-0.164330,4.447912,0.576288,CRASH,NO_CRASH,0.1828,,12.975165,77.598158
14:36:20.056,-0.293631,-3.099039,-1.523299,0.000000,0.000000,0.000000,3.465645,0.000000,CRASH,NO_CRASH,0.1828,,12.975164,77.598143
14:36:20.107,13.860024,-0.915880,2.624760,-1.933883,0.483232,2.797209,14.136069,3.434792,CRASH,NO_CRASH,0.3879,,12.975180,77.598160
14:36:20.157,27.811441,0.382803,0.801896,2.771623,-5.202098,2.817998,27.825632,6.533363,CRASH,POSSIBLE_CRASH,0.7871,,12.975185,77.598172
14:36:20.207,33.989519,-2.476613,-2.198241,8.099082,-3.824468,0.801014,34.150451,8.992403,CRASH,POSSIBLE_CRASH,0.8580,,12.975171,77.598156
14:36:20.258,40.009847,1.097040,-0.264671,-4.911995,9.317924,-0.893843,40.025759,10.571204,CRASH,POSSIBLE_CRASH,0.8782,,12.975178,77.598165
14:36:20.308,38.813061,-0.907977,-2.714397,-10.832348,-1.027440,2.269970,38.918455,11.115222,CRASH,CRASH_DETECTED,0.9782,SERIOUS,12.975196,77.598165
14:36:20.417,40.765072,1.512035,1.508990,-3.152825,9.496687,-3.409248,40.821004,10.571204,CRASH,CRASH_DETECTED,0.9782,SERIOUS,12.975196,77.598165
14:36:20.468,35.161945,0.321589,-0.792000,-6.867291,4.823413,3.230838,35.172334,8.992403,CRASH,CRASH_DETECTED,0.9782,SERIOUS,12.975196,77.598165
14:36:20.518,22.476725,2.331280,-1.544874,1.708128,-6.168070,1.312267,22.650047,6.533363,CRASH,CRASH_DETECTED,0.9782,SERIOUS,12.975196,77.598165
14:36:20.569,12.725008,-0.861585,1.251663,0.196934,3.428963,-0.035053,12.815413,3.434792,CRASH,CRASH_DETECTED,0.9782,SERIOUS,12.975196,77.598165
14:36:20.620,14.003476,-1.320667,2.372129,2.272150,2.577302,-2.821800,14.264239,4.446089,CRASH,CRASH_DETECTED,0.9782,SERIOUS,12.975196,77.598165
14:36:20.670,9.629162,0.198093,1.717055,0.311847,-0.354443,-3.862352,9.783061,3.891098,CRASH,CRASH_DETECTED,0.9782,SERIOUS,12.975196,77.598165
14:36:20.721,10.050591,0.748504,1.110742,-3.157185,1.165515,-0.520006,10.139447,3.405385,CRASH,CRASH_DETECTED,0.9782,SERIOUS,12.975196,77.598165
14:36:20.771,10.018373,1.411253,0.959171,-0.098947,-0.197458,-2.972107,10.162649,2.980302,CRASH,CRASH_DETECTED,0.9782,SERIOUS,12.975196,77.598165
14:36:20.822,7.190891,-0.024900,-0.407351,0.800035,0.216556,-2.473091,7.202463,2.608281,CRASH,NO_CRASH,0.8782,SERIOUS,12.975196,77.598165
14:36:20.872,5.055277,0.099645,-0.735470,0.201451,2.267070,0.174707,5.109469,2.282698,CRASH,NO_CRASH,0.8782,SERIOUS,12.975196,77.598165
14:36:20.922,5.767898,0.682361,0.408909,0.311618,-1.906724,0.508261,5.822496,1.997756,CRASH,NO_CRASH,0.8782,SERIOUS,12.975196,77.598165
14:36:20.973,6.126793,-1.184323,0.324672,0.871070,-0.925897,1.200331,6.248650,1.748383,CRASH,NO_CRASH,0.8782,SERIOUS,12.975196,77.598165
14:36:21.023,4.995555,0.428003,0.578635,0.540384,-0.588224,-1.305106,5.047136,1.530138,CRASH,NO_CRASH,0.8782,SERIOUS,12.975196,77.598165
14:36:21.074,3.171971,-0.853875,0.226277,-1.102964,0.732979,0.198739,3.292674,1.339136,CRASH,NO_CRASH,0.8782,SERIOUS,12.975196,77.598165
14:36:21.124,3.060048,-0.509442,0.548282,0.596464,0.222951,-0.983896,3.150244,1.171976,CRASH,NO_CRASH,0.8782,SERIOUS,12.975196,77.598165
14:36:21.174,2.934693,-0.072564,0.033061,-0.885804,0.368552,0.362691,2.935776,1.025682,CRASH,NO_CRASH,0.8587,SERIOUS,12.975196,77.598165
14:36:21.225,2.678867,0.205746,-0.394212,0.013385,-0.641257,0.628001,2.715523,0.897650,CRASH,NO_CRASH,0.8587,SERIOUS,12.975196,77.598165
14:36:21.275,2.160916,0.364256,0.073445,-0.766359,0.004013,0.172754,2.192632,0.785599,CRASH,NO_CRASH,0.8587,SERIOUS,12.975196,77.598165
14:36:21.326,2.001615,0.225641,0.268797,0.065478,-0.238007,-0.641693,2.032149,0.687535,CRASH,NO_CRASH,0.8587,SERIOUS,12.975196,77.598165
14:36:21.378,1.499278,-0.218837,0.215585,-0.312364,0.205317,-0.471521,1.530425,0.601713,CRASH,NO_CRASH,0.8587,SERIOUS,12.975196,77.598165
14:36:21.428,1.698479,0.080762,-0.059356,-0.038216,-0.525122,0.009871,1.701433,0.526603,CRASH,NO_CRASH,0.8386,SERIOUS,12.975196,77.598165
14:36:21.479,1.251894,0.133837,0.010903,0.032484,-0.245106,0.388932,1.259074,0.460869,CRASH,NO_CRASH,0.6711,SERIOUS,12.975196,77.598165
14:36:21.529,1.539406,0.004134,-0.238282,-0.351450,-0.118905,-0.158202,1.557744,0.403340,CRASH,NO_CRASH,0.2316,SERIOUS,12.975196,77.598165
14:36:21.579,1.296420,-0.009930,0.164054,0.114548,-0.200772,-0.266783,1.306796,0.352992,CRASH,NO_CRASH,0.2316,SERIOUS,12.975196,77.598165
14:36:21.630,0.811222,0.038256,-0.051966,0.248079,0.171653,-0.066554,0.813784,0.308930,CRASH,NO_CRASH,0.1794,SERIOUS,12.975196,77.598165
14:36:21.680,0.786305,-0.085248,0.118507,-0.215127,0.084463,-0.140302,0.799742,0.270367,CRASH,NO_CRASH,0.1697,SERIOUS,12.975196,77.598165
14:36:21.730,0.684070,0.044699,0.017208,-0.226700,-0.030661,0.060457,0.685745,0.236618,CRASH,NO_CRASH,0.1016,SERIOUS,12.975196,77.598165
14:36:21.781,0.661544,0.040983,-0.012428,-0.084074,0.063165,0.178395,0.662928,0.207082,CRASH,NO_CRASH,0.0000,SERIOUS,12.975196,77.598165
14:36:21.831,0.466796,-0.030638,0.042102,-0.001077,0.023585,-0.179688,0.469691,0.181232,CRASH,NO_CRASH,0.0000,SERIOUS,12.975196,77.598165
14:36:21.882,0.485807,0.049889,-0.079926,-0.063985,0.052728,-0.135213,0.494859,0.158610,CRASH,NO_CRASH,0.0000,SERIOUS,12.975196,77.598165
14:36:21.932,0.349937,0.073851,-0.021479,0.066757,-0.110598,0.050795,0.358289,0.138811,CRASH,NO_CRASH,0.0000,SERIOUS,12.975196,77.598165
14:36:21.982,0.348871,0.038117,-0.016138,0.076430,0.093943,0.009561,0.351318,0.121484,CRASH,NO_CRASH,0.0000,SERIOUS,12.975196,77.598165
14:36:22.033,0.279819,-0.029078,-0.010628,0.054076,-0.087403,0.027208,0.281526,0.106319,CRASH,NO_CRASH,0.0000,SERIOUS,12.975196,77.598165
14:36:22.083,0.306569,0.019379,0.008305,0.042341,-0.054664,0.062265,0.307293,0.093048,CRASH,NO_CRASH,0.0000,SERIOUS,12.975196,77.598165
14:36:22.133,-0.295185,0.818400,0.754604,0.033644,-0.020520,-0.011594,1.151669,0.041078,CRASH,NO_CRASH,0.0000,SERIOUS,12.975196,77.598165
14:36:22.184,0.143605,1.477240,0.099983,-0.044446,0.000729,-0.012616,1.487568,0.046208,CRASH,NO_CRASH,0.0000,SERIOUS,12.975196,77.598165
14:36:22.234,0.117289,0.664710,0.524446,-0.173486,-0.047685,0.042263,0.854775,0.184817,CRASH,NO_CRASH,0.0000,SERIOUS,12.975196,77.598165
14:36:22.285,0.019537,1.039859,-0.290030,0.078711,0.079407,0.010722,1.079725,0.112320,CRASH,NO_CRASH,0.0000,SERIOUS,12.975196,77.598165
14:36:22.335,-0.922962,0.039782,0.765356,0.040178,0.159958,0.018876,1.199672,0.166004,CRASH,NO_CRASH,0.0000,SERIOUS,12.975196,77.598165
14:36:22.385,-0.336105,-0.734733,0.585495,0.080674,-0.026505,0.030100,0.997799,0.090094,CRASH,NO_CRASH,0.0000,SERIOUS,12.975196,77.598165
14:36:22.435,0.362362,-0.911172,-0.249786,-0.047410,-0.063934,0.026488,1.011896,0.083886,CRASH,NO_CRASH,0.0000,SERIOUS,12.975196,77.598165
14:36:22.512,-1.742284,-0.617485,0.750496,-0.048739,0.051599,-0.116363,1.995015,0.136302,CRASH,NO_CRASH,0.0000,SERIOUS,12.975196,77.598165
14:36:22.563,-0.048455,0.496713,-0.191911,-0.082751,-0.087586,-0.072526,0.534697,0.140639,CRASH,NO_CRASH,0.0000,SERIOUS,12.975196,77.598165
14:36:22.613,0.433360,0.076101,0.187743,-0.069621,-0.042350,-0.017790,0.478372,0.083409,CRASH,NO_CRASH,0.0000,SERIOUS,12.975196,77.598165
14:36:22.663,-0.878967,-0.115562,0.252466,-0.076032,-0.071288,0.043135,0.921779,0.112798,CRASH,NO_CRASH,0.0000,SERIOUS,12.975196,77.598165
14:36:22.714,0.342941,0.857276,-0.068273,0.012220,-0.093778,-0.077747,0.925847,0.122427,CRASH,NO_CRASH,0.0000,SERIOUS,12.975196,77.598165
14:36:22.764,-0.797857,0.187209,0.025362,0.028297,-0.043284,-0.016915,0.819918,0.054409,CRASH,NO_CRASH,0.0000,SERIOUS,12.975196,77.598165
14:36:22.815,-0.763900,-0.428162,0.377453,0.034125,0.039804,0.006479,0.953591,0.052829,CRASH,NO_CRASH,0.0000,SERIOUS,12.975196,77.598165
14:36:22.865,0.012935,-0.157360,-0.025497,-0.043772,-0.021487,0.024862,0.159936,0.054734,CRASH,NO_CRASH,0.0000,SERIOUS,12.975196,77.598165
14:36:22.916,-0.033768,0.210003,-0.277863,-0.015808,0.007185,0.016065,0.349927,0.023656,CRASH,NO_CRASH,0.0000,SERIOUS,12.975196,77.598165
14:36:22.966,-0.090185,-0.290474,-0.036179,0.102199,-0.035601,0.001368,0.306296,0.108231,CRASH,NO_CRASH,0.0000,SERIOUS,12.975196,77.598165
14:36:23.016,0.399669,0.402207,-0.235124,0.023785,0.003090,-0.059383,0.613831,0.064044,CRASH,NO_CRASH,0.0000,SERIOUS,12.975196,77.598165
14:36:23.067,-0.260485,0.213005,-0.131384,-0.100551,0.021466,-0.056176,0.361228,0.117163,CRASH,NO_CRASH,0.0000,SERIOUS,12.975196,77.598165
14:36:23.117,0.290077,-0.631972,-0.034657,-0.004847,0.055976,0.009913,0.696229,0.057053,CRASH,NO_CRASH,0.0000,SERIOUS,12.975196,77.598165
14:36:23.168,-0.156167,-0.508209,-0.326401,0.009191,-0.003215,0.007009,0.623860,0.011998,CRASH,NO_CRASH,0.0000,SERIOUS,12.975196,77.598165
14:36:23.218,0.365820,-0.474314,-0.099061,0.054987,0.000809,-0.032654,0.607134,0.063957,CRASH,NO_CRASH,0.0000,SERIOUS,12.975196,77.598165
14:36:23.269,-0.099694,0.204208,0.528069,-0.053772,0.021514,-0.026112,0.574889,0.063530,CRASH,NO_CRASH,0.0000,SERIOUS,12.975196,77.598165
14:36:23.319,0.051403,0.307865,0.110539,-0.004887,-0.001982,0.010256,0.331122,0.011532,CRASH,NO_CRASH,0.0000,SERIOUS,12.975196,77.598165
14:36:23.369,0.149505,0.259336,-0.084851,0.002970,0.017776,-0.003890,0.311138,0.018437,CRASH,NO_CRASH,0.0000,SERIOUS,12.975196,77.598165
14:36:23.419,0.039368,0.355168,-0.061380,-0.022314,0.067546,-0.049717,0.362576,0.086788,CRASH,NO_CRASH,0.0000,SERIOUS,12.975196,77.598165
14:36:23.470,0.276612,0.452721,0.078004,0.036655,0.012035,-0.002588,0.536242,0.038667,CRASH,NO_CRASH,0.0000,SERIOUS,12.975196,77.598165
14:36:23.520,0.036941,-0.409240,0.103255,-0.006033,0.021739,-0.022918,0.423678,0.032160,CRASH,NO_CRASH,0.0000,SERIOUS,12.975196,77.598165
14:36:23.570,-0.069141,-0.155630,-0.247594,-0.002015,-0.005022,0.037210,0.300506,0.037601,CRASH,NO_CRASH,0.0000,SERIOUS,12.975196,77.598165
14:36:23.621,0.101238,0.179217,-0.118806,-0.022375,0.033235,0.014251,0.237661,0.042524,CRASH,NO_CRASH,0.0000,SERIOUS,12.975196,77.598165
14:36:23.671,-0.111647,-0.122126,0.029593,-0.001813,-0.001128,-0.001477,0.168094,0.002596,CRASH,NO_CRASH,0.0000,SERIOUS,12.975196,77.598165
14:36:23.721,0.001430,-0.213525,-0.008864,-0.000388,-0.028469,0.009183,0.213714,0.029916,CRASH,NO_CRASH,0.0000,SERIOUS,12.975196,77.598165
14:36:23.772,-0.100029,0.245117,0.108768,-0.003761,-0.021344,-0.002580,0.286214,0.021826,CRASH,NO_CRASH,0.0000,SERIOUS,12.975196,77.598165
14:36:23.822,-0.129298,0.192920,-0.020746,0.005999,-0.030988,0.002633,0.233166,0.031673,CRASH,NO_CRASH,0.0000,SERIOUS,12.975196,77.598165
14:36:23.872,-0.056569,0.185733,0.217474,0.013053,0.029202,0.017830,0.291534,0.036620,CRASH,NO_CRASH,0.0000,SERIOUS,12.975196,77.598165
14:36:23.922,0.125387,0.227877,0.110123,-0.014872,-0.003652,0.006444,0.282448,0.016615,CRASH,NO_CRASH,0.0000,SERIOUS,12.975196,77.598165
14:36:23.972,-0.081179,0.098828,0.011626,-0.011295,-0.008866,0.001219,0.128422,0.014410,CRASH,NO_CRASH,0.0000,SERIOUS,12.975196,77.598165
14:36:24.022,-0.116352,-0.127664,-0.119399,0.019511,-0.000708,0.016720,0.209981,0.025705,CRASH,NO_CRASH,0.0000,SERIOUS,12.975196,77.598165
14:36:24.073,0.021731,-0.178436,-0.201146,0.002242,0.000103,-0.005522,0.269762,0.005961,CRASH,NO_CRASH,0.0000,SERIOUS,12.975196,77.598165
14:36:24.123,0.065881,-0.021127,0.022605,-0.009538,-0.009344,0.008284,0.072785,0.015713,CRASH,NO_CRASH,0.0000,SERIOUS,12.975196,77.598165
14:36:24.174,-0.595499,0.120768,0.299530,0.015017,0.018909,-0.002683,0.677438,0.024295,NORMAL,NO_CRASH,0.0000,SERIOUS,12.975196,77.598165
14:36:24.224,-0.306234,0.759901,-1.678614,-0.006291,0.008939,0.006031,1.867879,0.012484,NORMAL,NO_CRASH,0.0000,SERIOUS,12.975196,77.598165
14:36:24.275,0.316416,0.150600,-0.674556,0.020525,0.059054,-0.115449,0.760148,0.131291,NORMAL,NO_CRASH,0.0000,SERIOUS,12.975196,77.598165
14:36:24.325,-0.875449,-0.487323,-1.000967,-0.009167,0.069482,0.097536,1.416273,0.120104,NORMAL,NO_CRASH,0.0000,SERIOUS,12.975196,77.598165
14:36:24.375,-1.126285,-0.643194,0.589024,0.093893,0.060741,0.127793,1.424488,0.169813,NORMAL,NO_CRASH,0.0000,SERIOUS,12.975196,77.598165
14:36:24.426,-0.435359,0.173743,-1.242067,0.031508,-0.171075,-0.115955,1.327575,0.209057,NORMAL,NO_CRASH,0.0000,SERIOUS,12.975196,77.598165
14:36:24.476,2.115871,-1.487654,-0.593814,-0.020434,0.035172,0.029331,2.653797,0.050149,NORMAL,NO_CRASH,0.0000,SERIOUS,12.975196,77.598165
14:36:24.526,1.648833,1.371836,-1.516963,-0.016453,0.076663,0.089861,2.627121,0.119260,NORMAL,NO_CRASH,0.0000,SERIOUS,12.975196,77.598165
14:36:24.576,0.588638,-0.624847,2.210716,0.068626,0.108085,-0.191241,2.371539,0.230142,NORMAL,NO_CRASH,0.0000,SERIOUS,12.975196,77.598165
14:36:24.627,0.114228,0.176895,-1.960694,0.023192,-0.093339,-0.059833,1.971968,0.113269,NORMAL,NO_CRASH,0.0000,SERIOUS,12.975196,77.598165
14:36:24.677,1.467705,0.078036,-0.907251,0.139027,-0.061308,0.068956,1.727238,0.166859,NORMAL,NO_CRASH,0.0000,SERIOUS,12.975196,77.598165
14:36:24.728,-0.394977,-0.021315,0.550073,-0.002553,0.115260,0.061138,0.677526,0.130496,NORMAL,NO_CRASH,0.0000,SERIOUS,12.975196,77.598165
14:36:24.778,-1.195615,1.027316,0.743556,0.004273,0.023185,0.085396,1.742914,0.088590,NORMAL,NO_CRASH,0.0000,SERIOUS,12.975196,77.598165
14:36:24.829,0.847761,1.061337,-0.462760,0.031150,-0.001794,0.229917,1.435020,0.232025,NORMAL,NO_CRASH,0.0000,SERIOUS,12.975196,77.598165
14:36:24.880,-0.984391,-0.320141,0.797124,0.020541,0.023530,-0.011480,1.306492,0.033277,NORMAL,NO_CRASH,0.0000,SERIOUS,12.975196,77.598165
14:36:24.930,0.471157,0.925465,0.328077,0.048996,0.059444,0.085868,1.089086,0.115358,NORMAL,NO_CRASH,0.0000,SERIOUS,12.975196,77.598165
14:36:24.980,-0.096609,-0.696258,0.240418,0.023345,0.027564,0.072322,0.742906,0.080841,NORMAL,NO_CRASH,0.0000,SERIOUS,12.975196,77.598165
14:36:25.031,0.780309,-1.772785,-1.614353,-0.020203,-0.067012,-0.051986,2.521465,0.087186,NORMAL,NO_CRASH,0.0000,SERIOUS,12.975196,77.598165
14:36:25.082,1.921547,0.161304,0.103005,-0.121267,-0.043512,0.111427,1.931055,0.170338,NORMAL,NO_CRASH,0.0000,SERIOUS,12.975196,77.598165
14:36:25.132,-0.763677,-0.893132,0.072380,-0.011766,-0.064938,-0.047096,1.177339,0.081077,NORMAL,NO_CRASH,0.0000,SERIOUS,12.975196,77.598165
14:36:25.183,-0.153536,1.281500,0.765075,-0.045925,0.165988,-0.083427,1.500385,0.191367,NORMAL,NO_CRASH,0.0000,SERIOUS,12.975196,77.598165
14:36:25.233,-0.860304,-0.680235,0.529864,0.045579,0.035959,0.165451,1.218031,0.175341,NORMAL,NO_CRASH,0.0000,SERIOUS,12.975196,77.598165
14:36:25.283,-0.077296,0.964471,-1.597179,-0.000889,0.046951,0.190549,1.867394,0.196250,NORMAL,NO_CRASH,0.0000,SERIOUS,12.975196,77.598165
14:36:25.334,-0.388475,-0.960424,0.197150,-0.054166,-0.016983,-0.140706,1.054607,0.151725,NORMAL,NO_CRASH,0.0000,SERIOUS,12.975196,77.598165
14:36:25.384,0.259977,-0.223803,0.932402,0.082090,0.175611,-0.051245,0.993504,0.200509,NORMAL,NO_CRASH,0.0000,SERIOUS,12.975196,77.598165
14:36:25.434,-1.830780,0.519094,0.683308,0.077417,0.033688,0.056426,2.021911,0.101549,NORMAL,NO_CRASH,0.0000,SERIOUS,12.975196,77.598165
14:36:25.485,0.476033,-0.734820,-0.481545,0.035668,-0.218101,0.002919,0.999226,0.221018,NORMAL,NO_CRASH,0.0000,SERIOUS,12.975196,77.598165
14:36:25.535,0.724939,-0.803175,-0.580325,-0.087304,0.172182,-0.013706,1.227764,0.193537,NORMAL,NO_CRASH,0.0000,SERIOUS,12.975196,77.598165
14:36:25.586,0.481562,0.265085,1.546458,-0.080715,-0.113200,-0.088946,1.641251,0.165047,NORMAL,NO_CRASH,0.0000,SERIOUS,12.975196,77.598165
14:36:25.636,2.065692,-0.045775,0.156742,0.027555,-0.049490,-0.321533,2.072136,0.326484,NORMAL,NO_CRASH,0.0000,SERIOUS,12.975196,77.598165
14:36:25.687,-2.124936,0.133861,-1.234758,0.032472,-0.192972,0.013629,2.461280,0.196159,NORMAL,NO_CRASH,0.0000,SERIOUS,12.975196,77.598165
14:36:25.737,1.563295,1.093361,0.819661,0.035543,0.134156,-0.004536,2.076337,0.138859,NORMAL,NO_CRASH,0.0000,SERIOUS,12.975196,77.598165
14:36:25.788,-0.241973,0.004845,1.026182,-0.043675,0.186472,-0.127819,1.054336,0.230254,NORMAL,NO_CRASH,0.0000,SERIOUS,12.975196,77.598165
14:36:25.838,-0.390069,1.393825,0.502898,-0.037658,0.111623,-0.132841,1.532256,0.177552,NORMAL,NO_CRASH,0.0000,SERIOUS,12.975196,77.598165
14:36:25.888,-0.663006,-0.569384,-1.993914,-0.024385,0.185341,-0.173201,2.177032,0.254842,NORMAL,NO_CRASH,0.0000,SERIOUS,12.975196,77.598165
14:36:25.939,-0.104330,-0.000774,-1.331586,0.014601,0.135385,0.118085,1.335667,0.180240,NORMAL,NO_CRASH,0.0000,SERIOUS,12.975196,77.598165
14:36:25.989,-1.860528,-0.048081,0.342163,0.100587,0.116537,0.048826,1.892341,0.161501,NORMAL,NO_CRASH,0.0000,SERIOUS,12.975196,77.598165
14:36:26.040,-0.671839,0.499663,0.150244,-0.008431,0.050150,-0.239212,0.850649,0.244558,NORMAL,NO_CRASH,0.0000,SERIOUS,12.975196,77.598165
14:36:26.090,-0.115339,-2.067556,-1.523752,-0.122440,0.004381,-0.076980,2.570975,0.144695,NORMAL,NO_CRASH,0.0000,SERIOUS,12.975196,77.598165
14:36:26.141,-0.659689,0.027104,1.048455,-0.122329,0.040983,0.193899,1.239025,0.232896,NORMAL,NO_CRASH,0.0000,SERIOUS,12.975196,77.598165
14:36:26.191,-0.353763,-1.452268,0.628668,-0.075916,-0.122826,-0.016297,1.621559,0.145310,NORMAL,NO_CRASH,0.0000,SERIOUS,12.975196,77.598165
14:36:26.242,0.217553,0.592860,1.951936,-0.023861,-0.015164,-0.128153,2.051552,0.131234,NORMAL,NO_CRASH,0.0000,SERIOUS,12.975196,77.598165
14:36:26.292,0.235540,-0.802262,-0.948357,-0.108725,-0.123675,-0.048563,1.264311,0.171682,NORMAL,NO_CRASH,0.0000,SERIOUS,12.975196,77.598165
14:36:26.342,-0.017309,0.407887,-0.803335,-0.082544,0.093379,0.219331,0.901121,0.252268,NORMAL,NO_CRASH,0.0000,SERIOUS,12.975196,77.598165
14:36:26.392,-0.494633,0.209736,0.944113,-0.020199,-0.021751,-0.102642,1.086278,0.106848,NORMAL,NO_CRASH,0.0000,SERIOUS,12.975196,77.598165
14:36:26.443,-1.436412,-1.090446,-1.549940,0.007489,0.103371,-0.025088,2.377955,0.106635,NORMAL,NO_CRASH,0.0000,SERIOUS,12.975196,77.598165
14:36:26.493,-1.231234,0.786606,1.076456,0.030262,0.117409,0.041500,1.814785,0.128152,NORMAL,NO_CRASH,0.0000,SERIOUS,12.975196,77.598165
14:36:26.543,-0.400208,-0.244625,1.193799,0.019036,0.066280,-0.066865,1.282640,0.096053,NORMAL,NO_CRASH,0.0000,SERIOUS,12.975196,77.598165
14:36:26.594,0.081631,1.085070,-0.235780,0.067532,0.036201,0.063068,1.113388,0.099240,NORMAL,NO_CRASH,0.0000,SERIOUS,12.975196,77.598165
14:36:26.645,-0.454808,-0.715149,-1.731049,0.017031,-0.087914,0.044231,1.927387,0.099877,NORMAL,NO_CRASH,0.0000,SERIOUS,12.975196,77.598165
14:36:26.695,-1.774724,-1.044890,-0.399778,0.018066,-0.038551,0.149714,2.097919,0.155650,NORMAL,NO_CRASH,0.0000,SERIOUS,12.975196,77.598165
14:36:26.746,-0.394963,-1.059398,-1.307270,-0.037272,-0.097081,-0.174098,1.728374,0.202791,NORMAL,NO_CRASH,0.0000,SERIOUS,12.975196,77.598165
14:36:26.796,-0.818186,1.091073,0.892286,0.037570,0.062209,-0.007448,1.629737,0.073055,NORMAL,NO_CRASH,0.0000,SERIOUS,12.975196,77.598165
14:36:26.847,0.469855,-0.878337,2.499408,0.023570,0.025836,0.202235,2.690591,0.205236,NORMAL,NO_CRASH,0.0000,SERIOUS,12.975196,77.598165
14:36:26.897,0.752384,-0.163107,0.729414,-0.109961,-0.178951,-0.160466,1.060533,0.264319,NORMAL,NO_CRASH,0.0000,SERIOUS,12.975196,77.598165
14:36:26.948,0.796107,-0.481008,-0.461992,0.082688,0.006230,0.083118,1.038553,0.117408,NORMAL,NO_CRASH,0.0000,SERIOUS,12.975196,77.598165
14:36:26.998,-0.825265,0.075538,-1.211459,-0.116850,-0.164669,-0.211978,1.467788,0.292753,NORMAL,NO_CRASH,0.0000,SERIOUS,12.975196,77.598165
14:36:27.059,-0.407651,1.565524,1.580534,-0.032698,0.073046,0.140558,2.261666,0.161745,NORMAL,NO_CRASH,0.0000,SERIOUS,12.975196,77.598165
14:36:27.106,-1.282601,0.537727,-0.696766,-0.014025,0.064817,0.272002,1.555538,0.279970,NORMAL,NO_CRASH,0.0000,SERIOUS,12.975196,77.598165
14:36:27.162,-0.343548,0.770285,0.660356,0.065499,-0.210598,-0.211284,1.071184,0.305422,NORMAL,NO_CRASH,0.0000,SERIOUS,12.975196,77.598165
14:36:27.211,0.322472,0.261416,1.724609,0.044190,0.115137,-0.200264,1.773866,0.235191,NORMAL,NO_CRASH,0.0000,SERIOUS,12.975196,77.598165
14:36:27.261,0.529598,-1.120574,-2.102899,-0.006483,-0.093904,0.049047,2.440972,0.106140,NORMAL,NO_CRASH,0.0000,SERIOUS,12.975196,77.598165
14:36:27.312,0.125355,0.535040,0.021603,0.028857,0.072743,0.043604,0.549954,0.089585,NORMAL,NO_CRASH,0.0000,SERIOUS,12.975196,77.598165
14:36:27.362,0.244655,0.751241,-0.343604,0.018467,-0.118611,-0.005431,0.861559,0.120163,NORMAL,NO_CRASH,0.0000,SERIOUS,12.975196,77.598165
14:36:27.413,-1.925463,0.325437,-0.944841,-0.079560,0.066271,0.194187,2.169342,0.220068,NORMAL,NO_CRASH,0.0000,SERIOUS,12.975196,77.598165
14:36:27.463,-0.087624,0.708967,-1.441276,0.032357,-0.143086,-0.138111,1.608599,0.201483,NORMAL,NO_CRASH,0.0000,SERIOUS,12.975196,77.598165
14:36:27.514,0.246473,-0.517118,-1.365497,0.095197,-0.224006,0.205990,1.480791,0.318862,NORMAL,NO_CRASH,0.0000,SERIOUS,12.975196,77.598165
14:36:27.564,1.118327,-0.299166,0.181555,0.044786,0.082944,0.174288,1.171801,0.198146,NORMAL,NO_CRASH,0.0000,SERIOUS,12.975196,77.598165
14:36:27.614,0.150952,-0.703975,0.357730,-0.060494,0.170941,-0.012870,0.803952,0.181786,NORMAL,NO_CRASH,0.0000,SERIOUS,12.975196,77.598165
14:36:27.665,-1.839232,1.226116,-0.477464,-0.029516,0.103110,0.102546,2.261439,0.148387,NORMAL,NO_CRASH,0.0000,SERIOUS,12.975196,77.598165
14:36:27.715,0.080610,-0.850579,1.338992,0.084866,-0.154607,0.031530,1.588358,0.179164,NORMAL,NO_CRASH,0.0000,SERIOUS,12.975196,77.598165
14:36:27.765,0.519644,0.550230,2.239903,0.078100,-0.026299,-0.178295,2.364307,0.196418,NORMAL,NO_CRASH,0.0000,SERIOUS,12.975196,77.598165
14:36:27.815,-1.549007,-0.249622,-1.201551,0.122025,0.066006,0.091049,1.976224,0.165942,NORMAL,NO_CRASH,0.0000,SERIOUS,12.975196,77.598165
14:36:27.866,2.059540,0.665605,0.050146,-0.020593,-0.232514,0.038272,2.165006,0.236541,NORMAL,NO_CRASH,0.0000,SERIOUS,12.975196,77.598165
14:36:27.917,-1.295014,0.737096,2.010114,0.099669,-0.100049,0.009972,2.502185,0.141574,NORMAL,NO_CRASH,0.0000,SERIOUS,12.975196,77.598165
14:36:27.967,1.001483,0.817554,-1.152058,-0.021509,-0.052878,-0.232154,1.731647,0.239069,NORMAL,NO_CRASH,0.0000,SERIOUS,12.975196,77.598165
14:36:28.017,-0.782712,1.981149,-0.051828,-0.032999,-0.148878,-0.063018,2.130792,0.165000,NORMAL,NO_CRASH,0.0000,SERIOUS,12.975196,77.598165
14:36:28.067,1.908263,-0.460412,-0.439598,-0.083130,0.226910,-0.007179,2.011640,0.241765,NORMAL,NO_CRASH,0.0000,SERIOUS,12.975196,77.598165
14:36:28.118,0.256468,1.339468,0.112614,-0.105516,-0.037585,0.291420,1.368442,0.312205,NORMAL,NO_CRASH,0.0000,SERIOUS,12.975196,77.598165
14:36:28.168,0.279353,-0.446237,0.286049,-0.030783,0.010705,0.033689,0.599157,0.046874,NORMAL,NO_CRASH,0.0000,SERIOUS,12.975196,77.598165
14:36:28.219,-0.214676,-0.090879,0.874028,0.045792,-0.003324,-0.015976,0.904583,0.048613,NORMAL,NO_CRASH,0.0000,SERIOUS,12.975196,77.598165
14:36:28.269,-0.039917,1.157410,0.303455,0.026353,-0.273592,-0.007911,1.197195,0.274972,NORMAL,NO_CRASH,0.0000,SERIOUS,12.975196,77.598165
14:36:28.319,0.084648,0.019309,-0.794476,0.020274,-0.162247,-0.147805,0.799206,0.220412,NORMAL,NO_CRASH,0.0000,SERIOUS,12.975196,77.598165
14:36:28.370,0.331780,-0.125225,0.038772,-0.044406,0.150037,-0.179025,0.356739,0.237767,NORMAL,NO_CRASH,0.0000,SERIOUS,12.975196,77.598165
14:36:28.420,0.775014,0.576669,-0.641125,-0.010311,0.060529,0.132150,1.159411,0.145718,NORMAL,NO_CRASH,0.0000,SERIOUS,12.975196,77.598165
14:36:28.470,-0.213511,-0.011268,-0.141890,0.014486,-0.226743,0.106569,0.256606,0.250956,NORMAL,NO_CRASH,0.0000,SERIOUS,12.975196,77.598165
14:36:28.521,-0.986086,-0.744113,-0.845279,0.003420,-0.114459,0.049002,1.496852,0.124554,NORMAL,NO_CRASH,0.0000,SERIOUS,12.975196,77.598165
14:36:28.571,0.120942,-0.454972,-0.588568,-0.033400,-0.094196,0.054140,0.753684,0.113665,NORMAL,NO_CRASH,0.0000,SERIOUS,12.975196,77.598165
14:36:28.622,-0.844378,-0.378272,-0.390266,-0.001950,0.013976,-0.074825,1.004177,0.076144,NORMAL,NO_CRASH,0.0000,SERIOUS,12.975196,77.598165
14:36:28.672,-0.177742,-0.804483,1.353884,-0.026653,-0.091013,-0.009240,1.584862,0.095285,NORMAL,NO_CRASH,0.0000,SERIOUS,12.975196,77.598165
14:36:28.723,-0.267045,0.978052,1.563122,0.051270,0.099519,0.060545,1.863129,0.127273,NORMAL,NO_CRASH,0.0000,SERIOUS,12.975196,77.598165
14:36:28.773,-0.698235,0.488405,-0.438000,-0.032580,0.023023,0.056787,0.958079,0.069399,NORMAL,NO_CRASH,0.0000,SERIOUS,12.975196,77.598165
14:36:28.823,0.279600,-0.323704,0.144873,0.016553,-0.166358,0.141827,0.451607,0.219235,NORMAL,NO_CRASH,0.0000,SERIOUS,12.975196,77.598165
14:36:28.874,0.168100,-2.078367,0.176345,-0.030522,-0.079882,-0.153491,2.092598,0.175705,NORMAL,NO_CRASH,0.0000,SERIOUS,12.975196,77.598165
14:36:28.924,1.005735,0.233720,0.745403,-0.073290,-0.015291,0.133785,1.273481,0.153309,NORMAL,NO_CRASH,0.0000,SERIOUS,12.975196,77.598165
14:36:28.975,0.717036,1.379084,-0.025624,-0.021688,0.039090,0.056998,1.554565,0.072437,NORMAL,NO_CRASH,0.0000,SERIOUS,12.975196,77.598165
14:36:29.025,0.674610,-0.276267,-0.658608,-0.038080,-0.038581,0.203492,0.982440,0.210588,NORMAL,NO_CRASH,0.0000,SERIOUS,12.975196,77.598165
14:36:29.076,0.034557,0.838627,1.024901,0.036060,0.130700,-0.175031,1.324730,0.221402,NORMAL,NO_CRASH,0.0000,SERIOUS,12.975196,77.598165
14:36:29.126,-0.609861,-0.984385,0.735211,-0.089991,0.083425,0.092865,1.371670,0.153890,NORMAL,NO_CRASH,0.0000,SERIOUS,12.975196,77.598165
14:36:29.176,0.228489,0.127286,1.170565,-0.006471,0.038650,-0.206215,1.199429,0.209906,NORMAL,NO_CRASH,0.0000,SERIOUS,12.975196,77.598165
14:36:29.226,0.925594,0.756958,-0.720362,0.016232,0.198820,-0.000418,1.395933,0.199482,NORMAL,NO_CRASH,0.0000,SERIOUS,12.975196,77.598165
14:36:29.277,-0.791290,2.369228,-1.951529,0.044175,0.037576,-0.028349,3.169833,0.064553,NORMAL,NO_CRASH,0.0000,SERIOUS,12.975196,77.598165
14:36:29.327,1.326182,-1.546239,-0.597966,0.005643,-0.054517,0.073513,2.123011,0.091696,NORMAL,NO_CRASH,0.0000,SERIOUS,12.975196,77.598165
14:36:29.378,-1.776870,-0.921709,-0.236950,0.053674,0.003817,-0.037745,2.015679,0.065728,NORMAL,NO_CRASH,0.0000,SERIOUS,12.975196,77.598165
14:36:29.429,0.091339,-0.668255,0.297547,-0.076056,-0.079814,0.039668,0.737185,0.117168,NORMAL,NO_CRASH,0.0000,SERIOUS,12.975196,77.598165
14:36:29.479,0.505674,-0.313314,1.195773,-0.044553,0.212044,-0.053467,1.335569,0.223173,NORMAL,NO_CRASH,0.0000,SERIOUS,12.975196,77.598165
14:36:29.529,0.450746,-0.718382,0.471410,-0.069419,-0.069180,-0.018662,0.970295,0.099766,NORMAL,NO_CRASH,0.0000,SERIOUS,12.975196,77.598165
14:36:29.579,-0.843336,-0.228073,-0.417805,-0.087867,0.189460,-0.044507,0.968398,0.213534,NORMAL,NO_CRASH,0.0000,SERIOUS,12.975196,77.598165
14:36:29.630,-0.640359,-1.474514,0.077678,0.083498,0.062789,0.180495,1.609437,0.208549,NORMAL,NO_CRASH,0.0000,SERIOUS,12.975196,77.598165
14:36:29.680,-1.159549,0.932252,0.840521,-0.045658,0.039049,-0.203798,1.708837,0.212469,NORMAL,NO_CRASH,0.0000,SERIOUS,12.975196,77.598165
14:36:29.731,0.020336,-0.284227,0.132257,0.039423,-0.098151,-0.041194,0.314150,0.113511,NORMAL,NO_CRASH,0.0000,SERIOUS,12.975196,77.598165
14:36:29.781,0.754249,-0.030814,0.262433,-0.002044,0.162301,0.007039,0.799194,0.162466,NORMAL,NO_CRASH,0.0000,SERIOUS,12.975196,77.598165
14:36:29.831,-0.045371,0.311533,0.850228,0.066399,0.063423,-0.014219,0.906642,0.092917,NORMAL,NO_CRASH,0.0000,SERIOUS,12.975196,77.598165
14:36:29.881,1.016181,0.107825,0.391989,0.039089,0.039558,0.044620,1.094489,0.071300,NORMAL,NO_CRASH,0.0000,SERIOUS,12.975196,77.598165
14:36:29.932,-0.311823,-1.533897,-0.443884,-0.166784,0.022528,0.038412,1.626993,0.172626,NORMAL,NO_CRASH,0.0000,SERIOUS,12.975196,77.598165
14:36:29.982,0.091853,0.428513,0.063559,0.017904,-0.201383,0.088048,0.442832,0.220518,NORMAL,NO_CRASH,0.0000,SERIOUS,12.975196,77.598165
14:36:30.033,-0.042509,-1.764540,-0.971622,-0.078819,0.004287,0.039627,2.014810,0.088324,NORMAL,NO_CRASH,0.0000,SERIOUS,12.975196,77.598165
14:36:30.083,-0.371827,1.753081,1.025106,0.029359,0.083403,-0.090335,2.064556,0.126406,NORMAL,NO_CRASH,0.0000,SERIOUS,12.975196,77.598165
14:36:30.133,-1.150428,0.529411,0.345416,-0.016243,0.135756,-0.023621,1.312659,0.138750,NORMAL,NO_CRASH,0.0000,SERIOUS,12.975196,77.598165
14:36:30.183,-0.237030,-0.408442,-1.539915,-0.019653,-0.230989,-0.086434,1.610698,0.247413,NORMAL,NO_CRASH,0.0000,SERIOUS,12.975196,77.598165
14:36:30.234,2.223963,-1.323136,1.757489,0.113703,-0.000213,-0.146285,3.128174,0.185277,NORMAL,NO_CRASH,0.0000,SERIOUS,12.975196,77.598165
14:36:30.284,-0.242680,1.748757,1.306047,-0.087616,0.007575,0.088105,2.196088,0.124485,NORMAL,NO_CRASH,0.0000,SERIOUS,12.975196,77.598165
14:36:30.335,0.637406,0.470506,-1.040647,0.006978,-0.049437,-0.202088,1.307902,0.208164,NORMAL,NO_CRASH,0.0000,SERIOUS,12.975196,77.598165
14:36:30.385,-0.129641,-0.242513,-1.224406,0.124519,0.063435,0.058175,1.254907,0.151372,NORMAL,NO_CRASH,0.0000,SERIOUS,12.975196,77.598165
14:36:30.436,-0.491843,0.091329,0.070240,-0.032345,0.251253,0.139368,0.505158,0.289132,NORMAL,NO_CRASH,0.0000,SERIOUS,12.975196,77.598165
14:36:30.486,-0.135108,1.440423,2.016942,-0.000761,-0.308777,0.039301,2.482162,0.311269,NORMAL,NO_CRASH,0.0000,SERIOUS,12.975196,77.598165
14:36:30.536,-0.232274,1.772475,-0.668355,0.036212,-0.039512,-0.058230,1.908486,0.079141,NORMAL,NO_CRASH,0.0000,SERIOUS,12.975196,77.598165
14:36:30.586,-0.404100,-1.696798,0.186663,-0.055086,-0.133927,-0.013384,1.754213,0.145431,NORMAL,NO_CRASH,0.0000,SERIOUS,12.975196,77.598165
14:36:30.637,0.777062,0.291093,-1.467906,0.071212,-0.187632,0.142977,1.686211,0.246413,NORMAL,NO_CRASH,0.0000,SERIOUS,12.975196,77.598165
14:36:30.687,0.303970,0.423349,-1.566945,0.014966,0.132674,-0.082911,1.651344,0.157164,NORMAL,NO_CRASH,0.0000,SERIOUS,12.975196,77.598165
14:36:30.738,1.064490,-1.916321,1.680696,-0.038477,-0.155823,0.049514,2.762275,0.167968,NORMAL,NO_CRASH,0.0000,SERIOUS,12.975196,77.598165
14:36:30.788,0.374857,0.607980,0.355034,-0.037737,-0.117587,0.038384,0.797625,0.129322,NORMAL,NO_CRASH,0.0000,SERIOUS,12.975196,77.598165
14:36:30.838,0.936486,-0.944323,0.826395,-0.022339,0.033566,-0.052305,1.565784,0.066042,NORMAL,NO_CRASH,0.0000,SERIOUS,12.975196,77.598165
14:36:30.889,0.577979,-0.476112,0.805594,-0.016117,0.103878,0.032379,1.099875,0.109995,NORMAL,NO_CRASH,0.0000,SERIOUS,12.975196,77.598165
14:36:30.939,0.175179,-1.367416,-0.313188,0.022976,0.019529,0.239319,1.413719,0.241211,NORMAL,NO_CRASH,0.0000,SERIOUS,12.975196,77.598165
14:36:30.989,-0.478332,0.780715,1.592486,0.027432,0.155952,-0.038349,1.836935,0.162923,NORMAL,NO_CRASH,0.0000,SERIOUS,12.975196,77.598165
14:36:31.040,-1.002737,0.350601,0.349884,0.084740,-0.033326,0.271212,1.118401,0.286090,NORMAL,NO_CRASH,0.0000,SERIOUS,12.975196,77.598165
14:36:31.090,-1.030074,-0.218018,1.616956,0.020221,-0.081890,0.123298,1.929542,0.149389,NORMAL,NO_CRASH,0.0000,SERIOUS,12.975196,77.598165
14:36:31.141,-0.565327,0.423443,0.170018,0.008178,0.037367,0.050882,0.726502,0.063656,NORMAL,NO_CRASH,0.0000,SERIOUS,12.975196,77.598165
14:36:31.191,0.851462,1.315711,0.267305,-0.091480,-0.094521,-0.086889,1.589822,0.157647,NORMAL,NO_CRASH,0.0000,SERIOUS,12.975196,77.598165
14:36:31.241,0.761350,0.130020,0.401524,0.058172,-0.073830,-0.192094,0.870505,0.213858,NORMAL,NO_CRASH,0.0000,SERIOUS,12.975196,77.598165
14:36:31.292,0.786517,-0.367832,0.131621,0.096901,-0.028525,-0.000675,0.878199,0.101014,NORMAL,NO_CRASH,0.0000,SERIOUS,12.975196,77.598165
14:36:31.342,-1.163022,1.009877,0.885651,-0.002836,0.151560,-0.006151,1.776752,0.151711,NORMAL,NO_CRASH,0.0000,SERIOUS,12.975196,77.598165
14:36:31.393,1.181191,-0.007716,-1.315892,0.119983,-0.266769,0.059584,1.768289,0.298517,NORMAL,NO_CRASH,0.0000,SERIOUS,12.975196,77.598165
14:36:31.443,-1.908676,-1.675165,2.720436,0.035456,0.098760,0.047703,3.721558,0.115266,NORMAL,NO_CRASH,0.0000,SERIOUS,12.975196,77.598165
14:36:31.493,0.197059,-0.355418,1.512890,0.083757,-0.340134,0.082762,1.566522,0.359938,NORMAL,NO_CRASH,0.0000,SERIOUS,12.975196,77.598165
14:36:31.544,0.648024,1.432653,-2.224138,0.129627,-0.003710,0.123384,2.723824,0.178998,NORMAL,NO_CRASH,0.0000,SERIOUS,12.975196,77.598165
14:36:31.594,0.173252,0.418346,0.694688,0.039286,0.088420,-0.198890,0.829229,0.221176,NORMAL,NO_CRASH,0.0000,SERIOUS,12.975196,77.598165
14:36:31.645,0.118715,-0.863508,-1.187166,-0.117962,0.054110,-0.080487,1.472788,0.152712,NORMAL,NO_CRASH,0.0000,SERIOUS,12.975196,77.598165
14:36:31.695,-0.186879,1.124127,0.116788,-0.013929,-0.162604,-0.022777,1.145524,0.164782,NORMAL,NO_CRASH,0.0000,SERIOUS,12.975196,77.598165
14:36:31.746,0.994169,-0.992211,-0.332648,0.157499,-0.092242,-0.187112,1.443437,0.261391,NORMAL,NO_CRASH,0.0000,SERIOUS,12.975196,77.598165
14:36:31.796,-0.349118,-0.031614,0.233826,-0.072795,-0.054345,-0.032504,0.421376,0.096484,NORMAL,NO_CRASH,0.0000,SERIOUS,12.975196,77.598165
14:36:31.846,0.229249,0.429566,-0.935272,-0.077036,0.250150,0.004316,1.054426,0.261779,NORMAL,NO_CRASH,0.0000,SERIOUS,12.975196,77.598165
14:36:31.897,0.642602,0.207890,0.470810,0.014356,0.169532,-0.062016,0.823297,0.181089,NORMAL,NO_CRASH,0.0000,SERIOUS,12.975196,77.598165
14:36:31.947,0.875752,-0.257208,-0.801731,0.023970,-0.020436,0.101221,1.214854,0.106009,NORMAL,NO_CRASH,0.0000,SERIOUS,12.975196,77.598165
14:36:32.006,-0.918001,2.096593,0.241333,0.071516,0.118186,0.054763,2.301449,0.148599,NORMAL,NO_CRASH,0.0000,SERIOUS,12.975196,77.598165
14:36:32.055,0.560584,-0.610686,-0.963338,-0.009374,0.117571,-0.066905,1.270909,0.135599,NORMAL,NO_CRASH,0.0000,SERIOUS,12.975196,77.598165
14:36:32.105,1.432470,-0.360246,-1.846456,-0.000477,-0.059381,-0.101273,2.364561,0.117399,NORMAL,NO_CRASH,0.0000,SERIOUS,12.975196,77.598165
14:36:32.156,0.387168,-0.113254,-1.033515,-0.113282,-0.124594,0.071697,1.109450,0.183021,NORMAL,NO_CRASH,0.0000,SERIOUS,12.975196,77.598165
14:36:32.206,-0.230626,0.436664,-0.085146,0.017131,0.034700,-0.001892,0.501113,0.038744,NORMAL,NO_CRASH,0.0000,SERIOUS,12.975196,77.598165
14:36:32.257,-0.276801,-0.729855,-0.982118,0.001832,0.020748,-0.112447,1.254537,0.114360,NORMAL,NO_CRASH,0.0000,SERIOUS,12.975196,77.598165
14:36:32.307,1.282280,0.510590,-0.687022,-0.063728,-0.055211,0.043353,1.541734,0.094810,NORMAL,NO_CRASH,0.0000,SERIOUS,12.975196,77.598165
14:36:32.357,-1.125354,-0.799277,0.548709,-0.096654,0.048646,-0.035592,1.485378,0.113909,NORMAL,NO_CRASH,0.0000,SERIOUS,12.975196,77.598165
14:36:32.408,-2.116074,-0.036537,1.717953,0.022006,0.011354,0.019321,2.725888,0.031408,NORMAL,NO_CRASH,0.0000,SERIOUS,12.975196,77.598165
14:36:32.458,0.100069,0.154292,-1.414726,0.076964,0.014643,-0.078585,1.426628,0.110966,NORMAL,NO_CRASH,0.0000,SERIOUS,12.975196,77.598165
14:36:32.508,0.035430,0.424871,0.357385,0.041418,-0.067647,0.105203,0.556322,0.131754,NORMAL,NO_CRASH,0.0000,SERIOUS,12.975196,77.598165
14:36:32.559,-0.791313,-0.248177,-0.192159,-0.015296,-0.110388,0.135848,0.851289,0.175710,NORMAL,NO_CRASH,0.0000,SERIOUS,12.975196,77.598165
14:36:32.609,0.377266,-0.109589,-0.084617,-0.012828,-0.084021,0.052571,0.401870,0.099939,NORMAL,NO_CRASH,0.0000,SERIOUS,12.975196,77.598165
14:36:32.659,1.509391,0.355106,-1.731810,0.027417,0.040194,-0.031469,2.324549,0.057944,NORMAL,NO_CRASH,0.0000,SERIOUS,12.975196,77.598165
14:36:32.709,0.498466,0.313766,-1.075963,0.116724,-0.146189,0.096844,1.226627,0.210652,NORMAL,NO_CRASH,0.0000,SERIOUS,12.975196,77.598165
14:36:32.760,-1.673317,0.113121,-1.090299,0.112008,-0.158941,0.071684,2.000384,0.207235,NORMAL,NO_CRASH,0.0000,SERIOUS,12.975196,77.598165
14:36:32.810,-2.192312,-0.078229,2.105755,-0.028857,-0.018530,-0.075080,3.040815,0.082541,NORMAL,NO_CRASH,0.0000,SERIOUS,12.975196,77.598165
14:36:32.860,0.442180,-0.135450,-0.755227,-0.029669,-0.145689,-0.051701,0.885572,0.157412,NORMAL,NO_CRASH,0.0000,SERIOUS,12.975196,77.598165
14:36:32.910,0.607529,0.764855,0.354372,0.048125,0.216714,-0.084283,1.039074,0.237454,NORMAL,NO_CRASH,0.0000,SERIOUS,12.975196,77.598165
14:36:32.960,-0.591386,-1.342230,-2.064673,-0.070707,-0.173913,0.016224,2.532626,0.188437,NORMAL,NO_CRASH,0.0000,SERIOUS,12.975196,77.598165
14:36:33.011,0.665546,-1.824969,-0.431911,-0.062547,-0.032167,0.148439,1.989977,0.164259,NORMAL,NO_CRASH,0.0000,SERIOUS,12.975196,77.598165
14:36:33.061,0.442640,0.061815,1.390397,-0.084956,0.018075,-0.054270,1.460464,0.102418,NORMAL,NO_CRASH,0.0000,SERIOUS,12.975196,77.598165
14:36:33.112,-0.248929,-0.120314,-0.628025,-0.081947,-0.049254,-0.150506,0.686190,0.178307,NORMAL,NO_CRASH,0.0000,SERIOUS,12.975196,77.598165
14:36:33.162,0.907669,1.653658,0.262333,0.103708,0.056989,0.010451,1.904538,0.118796,NORMAL,NO_CRASH,0.0000,SERIOUS,12.975196,77.598165
14:36:33.212,2.012678,0.652489,-0.564017,0.072908,0.142837,0.110662,2.189688,0.194844,NORMAL,NO_CRASH,0.0000,SERIOUS,12.975196,77.598165
14:36:33.263,-0.232769,0.103627,0.678264,0.078319,-0.013126,-0.117473,0.724542,0.141795,NORMAL,NO_CRASH,0.0000,SERIOUS,12.975196,77.598165
14:36:33.313,-1.392931,1.062334,0.166069,-0.060660,-0.034872,-0.058987,1.759656,0.091516,NORMAL,NO_CRASH,0.0000,SERIOUS,12.975196,77.598165
14:36:33.363,0.609610,-0.068550,0.192116,0.042806,-0.293898,0.157831,0.642831,0.336331,NORMAL,NO_CRASH,0.0000,SERIOUS,12.975196,77.598165
14:36:33.414,-0.173597,-1.819597,0.162097,0.070704,0.186684,0.003140,1.835033,0.199650,NORMAL,NO_CRASH,0.0000,SERIOUS,12.975196,77.598165
14:36:33.464,1.623718,-0.467358,0.907964,0.115813,0.149109,-0.091388,1.918146,0.209757,NORMAL,NO_CRASH,0.0000,SERIOUS,12.975196,77.598165
14:36:33.515,-0.086063,-0.109480,1.306707,0.016477,-0.191347,-0.011537,1.314106,0.192401,NORMAL,NO_CRASH,0.0000,SERIOUS,12.975196,77.598165
14:36:33.565,-0.667921,-0.050616,-0.044041,0.062396,-0.210551,-0.155372,0.671282,0.269008,NORMAL,NO_CRASH,0.0000,SERIOUS,12.975196,77.598165
14:36:33.616,-0.752548,-1.347628,-0.912179,-0.096670,0.125825,-0.092369,1.792903,0.183600,NORMAL,NO_CRASH,0.0000,SERIOUS,12.975196,77.598165
14:36:33.666,-0.073599,0.736705,-2.450406,-0.093762,0.073982,0.023444,2.559813,0.121714,NORMAL,NO_CRASH,0.0000,SERIOUS,12.975196,77.598165
14:36:33.716,0.026398,-1.017176,-0.026163,-0.119046,-0.018905,-0.046587,1.017855,0.129227,NORMAL,NO_CRASH,0.0000,SERIOUS,12.975196,77.598165
14:36:33.767,-0.144805,-0.938400,0.269433,-0.003824,-0.000979,-0.149876,0.986994,0.149928,NORMAL,NO_CRASH,0.0000,SERIOUS,12.975196,77.598165
14:36:33.817,-0.375345,0.679597,2.083162,-0.079557,0.052976,0.007926,2.223128,0.095910,NORMAL,NO_CRASH,0.0000,SERIOUS,12.975196,77.598165
14:36:33.867,2.122863,-0.612289,-0.910598,0.019585,-0.038643,0.087837,2.389694,0.097940,NORMAL,NO_CRASH,0.0000,SERIOUS,12.975196,77.598165
14:36:33.917,-0.399299,-0.390361,0.107369,-0.021431,-0.032135,-0.127990,0.568638,0.133692,NORMAL,NO_CRASH,0.0000,SERIOUS,12.975196,77.598165
14:36:33.968,-0.324278,0.595572,0.796438,-0.024297,-0.137831,-0.137641,1.046028,0.196298,NORMAL,NO_CRASH,0.0000,SERIOUS,12.975196,77.598165
14:36:34.019,0.262797,-0.293794,-1.261449,0.020318,0.081874,0.058638,1.321602,0.102735,NORMAL,NO_CRASH,0.0000,SERIOUS,12.975196,77.598165
