Timestamp,AccX,AccY,AccZ,GyroX,GyroY,GyroZ,AccMagnitude,GyroMagnitude,DrivingBehaviour,CrashStatus,CrashConfidence,Severity,Latitude,Longitude
14:47:37.456,0.767057,-0.187299,-0.387372,0.001489,0.032599,0.015408,0.879496,0.036088,NORMAL,NO_CRASH,0.0000,,12.971599,77.594599
14:47:37.506,-0.218693,-0.290261,0.505197,-0.049008,-0.103029,-0.007980,0.622336,0.114369,NORMAL,NO_CRASH,0.0000,,12.971599,77.594601
14:47:37.557,0.290518,-1.324334,0.629066,-0.042547,-0.195358,-0.138062,1.494652,0.242973,NORMAL,NO_CRASH,0.0000,,12.971588,77.594607
14:47:37.608,0.224562,0.181122,0.040901,-0.082051,-0.101661,-0.123061,0.291387,0.179475,NORMAL,NO_CRASH,0.0000,,12.971596,77.594615
14:47:37.658,-0.752633,0.260199,-1.011521,0.046153,-0.181110,-0.011954,1.287375,0.187280,NORMAL,NO_CRASH,0.0000,,12.971594,77.594632
14:47:37.708,0.371455,0.937911,0.620886,0.036606,0.245928,0.253605,1.184549,0.355156,NORMAL,NO_CRASH,0.0000,,12.971608,77.594635
14:47:37.758,0.486923,0.137573,-0.127411,0.048134,0.123845,0.091853,0.521779,0.161528,NORMAL,NO_CRASH,0.0000,,12.971601,77.594653
14:47:37.809,-0.488251,-0.396158,-1.928946,-0.047375,-0.085984,0.131064,2.028833,0.163755,NORMAL,NO_CRASH,0.0000,,12.971618,77.594649
14:47:37.859,-0.387527,-0.194416,0.106568,0.095487,-0.236786,0.049839,0.446466,0.260133,NORMAL,NO_CRASH,0.0000,,12.971611,77.594642
14:47:37.910,0.220124,-0.241454,-1.515966,0.115243,0.189747,0.144514,1.550777,0.264895,NORMAL,NO_CRASH,0.0000,,12.971625,77.594648
14:47:37.960,-0.063939,-0.391540,-0.366967,0.036758,-0.240179,0.044726,0.540423,0.247058,NORMAL,NO_CRASH,0.0000,,12.971635,77.594664
14:47:38.011,1.573519,0.307678,0.726330,0.014847,-0.211585,0.004555,1.760165,0.212154,NORMAL,NO_CRASH,0.0000,,12.971627,77.594687
14:47:38.061,0.763021,0.652192,0.541682,0.028829,0.029953,-0.065503,1.140603,0.077582,NORMAL,NO_CRASH,0.0000,,12.971624,77.594705
14:47:38.111,-0.147593,0.650169,0.179605,-0.035545,-0.159188,0.003064,0.690479,0.163137,NORMAL,NO_CRASH,0.0000,,12.971624,77.594713
14:47:38.162,0.305508,-0.856023,-0.287951,0.122200,0.059505,-0.145897,0.953428,0.199398,NORMAL,NO_CRASH,0.0000,,12.971623,77.594733
14:47:38.212,-0.219731,0.053502,-1.214082,-0.005993,0.354354,-0.253246,1.234966,0.435587,NORMAL,NO_CRASH,0.0000,,12.971630,77.594735
14:47:38.262,0.732072,-1.767298,-0.522076,-0.073175,0.025826,-0.192788,1.982885,0.207819,NORMAL,NO_CRASH,0.0000,,12.971645,77.594730
14:47:38.313,-2.538455,0.489392,-0.408321,0.006968,-0.225525,-0.085048,2.617248,0.241129,NORMAL,NO_CRASH,0.0000,,12.971662,77.594743
14:47:38.363,0.334980,0.056598,-0.108324,0.008938,0.063545,-0.060817,0.356579,0.088411,NORMAL,NO_CRASH,0.0000,,12.971667,77.594755
14:47:38.413,1.224778,0.436675,1.117470,0.010747,-0.020107,0.212014,1.714498,0.213236,NORMAL,NO_CRASH,0.0000,,12.971669,77.594774
14:47:38.464,0.105488,1.611250,0.729189,0.089879,-0.022372,0.022032,1.771714,0.095206,NORMAL,NO_CRASH,0.0000,,12.971672,77.594784
14:47:38.514,0.161517,-0.623060,0.795729,-0.101014,0.018554,0.078697,1.023462,0.129388,NORMAL,NO_CRASH,0.0000,,12.971672,77.594787
14:47:38.565,-0.582994,-1.235431,-0.283030,-0.028674,0.061837,-0.387964,1.395091,0.393907,NORMAL,NO_CRASH,0.0000,,12.971688,77.594795
14:47:38.615,-0.252493,0.468662,-0.136602,0.076356,-0.080562,0.022003,0.549597,0.113158,NORMAL,NO_CRASH,0.0000,,12.971691,77.594818
14:47:38.666,0.212689,0.542296,0.255227,-0.022100,-0.023801,-0.219571,0.635973,0.221961,NORMAL,NO_CRASH,0.0000,,12.971696,77.594816
14:47:38.716,0.755931,-1.067213,-2.023730,-0.039643,0.100929,0.014851,2.409535,0.109447,NORMAL,NO_CRASH,0.0000,,12.971717,77.594824
14:47:38.767,0.234368,-0.497957,1.497386,-0.080301,0.085043,-0.067069,1.595323,0.134829,NORMAL,NO_CRASH,0.0000,,12.971736,77.594846
14:47:38.817,-0.065296,0.531355,-0.058713,0.063714,0.072685,0.091949,0.538562,0.133406,NORMAL,NO_CRASH,0.0000,,12.971734,77.594841
14:47:38.868,0.558483,-0.948324,-1.602479,-0.122371,-0.014955,-0.055933,1.944006,0.135377,NORMAL,NO_CRASH,0.0000,,12.971745,77.594829
14:47:38.918,-0.101662,0.369943,-0.725242,0.008069,-0.100433,0.139726,0.820469,0.172265,NORMAL,NO_CRASH,0.0000,,12.971736,77.594834
14:47:38.968,1.441915,-0.084435,0.453594,0.071042,-0.025743,-0.124104,1.513934,0.145298,NORMAL,NO_CRASH,0.0000,,12.971752,77.594845
14:47:39.019,0.903835,-0.875014,0.376753,-0.027412,-0.114679,-0.254395,1.313206,0.280392,NORMAL,NO_CRASH,0.0000,,12.971759,77.594862
14:47:39.069,0.054698,-0.850447,-2.296668,-0.000660,0.111672,0.044405,2.449681,0.120178,NORMAL,NO_CRASH,0.0000,,12.971756,77.594864
14:47:39.119,-0.103107,-0.334351,-0.452488,0.110367,0.119171,-0.023199,0.571985,0.164076,NORMAL,NO_CRASH,0.0000,,12.971747,77.594857
14:47:39.170,-1.234348,1.278030,-1.101358,0.148273,0.069457,0.006643,2.090446,0.163870,NORMAL,NO_CRASH,0.0000,,12.971744,77.594847
14:47:39.220,-0.332507,-0.030712,-0.213757,0.037601,-0.096280,-0.120215,0.396480,0.158541,NORMAL,NO_CRASH,0.0000,,12.971760,77.594862
14:47:39.271,0.645916,-0.651724,0.425768,0.051742,-0.039884,-0.037343,1.011548,0.075249,NORMAL,NO_CRASH,0.0000,,12.971783,77.594868
14:47:39.321,1.428311,-0.267215,0.253765,0.050187,-0.123938,-0.173093,1.475084,0.218725,NORMAL,NO_CRASH,0.0000,,12.971794,77.594859
14:47:39.371,0.078820,-0.080022,-2.209303,0.031146,0.205406,-0.010594,2.212156,0.208024,NORMAL,NO_CRASH,0.0000,,12.971790,77.594848
14:47:39.422,-0.569521,0.106723,0.150245,-0.010000,-0.027776,0.204436,0.598597,0.206556,NORMAL,NO_CRASH,0.0000,,12.971802,77.594871
14:47:39.472,-1.358598,1.460889,-1.775696,-0.089691,-0.050849,0.005955,2.670783,0.103274,NORMAL,NO_CRASH,0.0000,,12.971797,77.594862
14:47:39.522,0.434959,-0.103033,-0.979038,0.062735,0.116171,-0.017042,1.076253,0.133123,NORMAL,NO_CRASH,0.0000,,12.971819,77.594876
14:47:39.573,1.051105,-1.140171,1.411652,0.032435,0.020037,0.139160,2.097040,0.144288,NORMAL,NO_CRASH,0.0000,,12.971817,77.594875
14:47:39.623,0.376989,-0.276246,0.374374,0.007642,-0.012848,0.163346,0.598823,0.164028,NORMAL,NO_CRASH,0.0000,,12.971809,77.594875
14:47:39.674,-0.220865,0.839783,-0.482952,-0.102924,0.000909,0.026858,0.993609,0.106374,NORMAL,NO_CRASH,0.0000,,12.971830,77.594870
14:47:39.724,0.250944,-0.387572,0.890744,-0.008429,-0.127480,0.003205,1.003299,0.127798,NORMAL,NO_CRASH,0.0000,,12.971847,77.594883
14:47:39.774,0.736456,0.281522,-2.026835,-0.022644,0.007538,-0.041550,2.174783,0.047916,NORMAL,NO_CRASH,0.0000,,12.971845,77.594886
14:47:39.824,1.639387,-0.091462,-0.414552,0.027332,-0.166754,0.012323,1.693461,0.169428,NORMAL,NO_CRASH,0.0000,,12.971864,77.594902
14:47:39.875,0.091129,-0.334437,-0.561271,-0.124806,0.183655,0.205741,0.659679,0.302713,NORMAL,NO_CRASH,0.0000,,12.971880,77.594922
14:47:39.925,1.150936,0.069044,-1.330976,-0.172518,0.207627,0.010702,1.760943,0.270159,NORMAL,NO_CRASH,0.0000,,12.971900,77.594932
14:47:39.975,0.611430,-0.107439,0.260731,-0.051757,-0.163794,-0.034512,0.673327,0.175210,NORMAL,NO_CRASH,0.0000,,12.971914,77.594944
14:47:40.026,-1.037891,1.184265,1.416657,0.013541,0.062257,-0.149426,2.118164,0.162442,NORMAL,NO_CRASH,0.0000,,12.971915,77.594946
14:47:40.076,-0.528806,0.062562,0.409721,0.127213,-0.209511,-0.017143,0.671879,0.245707,NORMAL,NO_CRASH,0.0000,,12.971925,77.594955
14:47:40.127,-0.637318,1.513757,-0.341837,-0.091072,-0.027923,-0.092794,1.677644,0.132983,NORMAL,NO_CRASH,0.0000,,12.971923,77.594942
14:47:40.177,0.774090,0.865951,1.219600,-0.078147,0.054231,0.062998,1.684195,0.114091,NORMAL,NO_CRASH,0.0000,,12.971942,77.594937
14:47:40.228,0.637349,0.040593,0.609286,-0.007316,0.033981,0.088841,0.882661,0.095399,NORMAL,NO_CRASH,0.0000,,12.971963,77.594932
14:47:40.278,1.258029,-2.237750,-1.099958,0.015434,0.045998,-0.132823,2.792860,0.141407,NORMAL,NO_CRASH,0.0000,,12.971979,77.594930
14:47:40.329,0.145381,1.287225,-0.405480,0.129898,0.103847,-0.108554,1.357386,0.198599,NORMAL,NO_CRASH,0.0000,,12.971982,77.594944
14:47:40.379,-0.013086,-0.470905,-0.825729,-0.050131,-0.006115,0.127299,0.950658,0.136951,NORMAL,NO_CRASH,0.0000,,12.972005,77.594939
14:47:40.429,-0.689641,0.556295,-1.530440,0.118336,-0.111985,-0.038746,1.768422,0.167467,NORMAL,NO_CRASH,0.0000,,12.972021,77.594957
14:47:40.480,-0.247716,-0.930677,0.127929,-0.075891,-0.265016,-0.175264,0.971540,0.326665,NORMAL,NO_CRASH,0.0000,,12.972033,77.594969
14:47:40.530,0.484482,-0.705761,-0.605846,-0.043192,-0.037096,-0.016324,1.048748,0.059229,NORMAL,NO_CRASH,0.0000,,12.972047,77.594957
14:47:40.581,-0.273086,-1.325937,-0.010792,0.117031,-0.044937,0.119012,1.353810,0.172857,NORMAL,NO_CRASH,0.0000,,12.972049,77.594973
14:47:40.631,-0.218359,-0.304089,0.279605,-0.016239,0.067975,-0.014894,0.467258,0.071457,NORMAL,NO_CRASH,0.0000,,12.972042,77.594988
14:47:40.681,-0.172445,0.183007,1.637615,0.134495,-0.145338,0.221927,1.656807,0.297428,NORMAL,NO_CRASH,0.0000,,12.972052,77.594997
14:47:40.732,0.784985,-0.844660,-1.060051,0.054614,0.011570,0.034717,1.566321,0.065741,NORMAL,NO_CRASH,0.0000,,12.972058,77.595002
14:47:40.782,-0.437763,-1.145423,0.587644,-0.079913,-0.090493,0.006063,1.359763,0.120879,NORMAL,NO_CRASH,0.0000,,12.972070,77.594999
14:47:40.832,0.840086,0.152786,0.851696,0.045156,-0.067528,0.087315,1.206016,0.119261,NORMAL,NO_CRASH,0.0000,,12.972089,77.595016
14:47:40.883,0.085188,-0.414196,1.361631,-0.039948,-0.124885,0.049888,1.425782,0.140289,NORMAL,NO_CRASH,0.0000,,12.972105,77.595039
14:47:40.933,0.642893,0.748959,1.373064,-0.039201,0.110763,-0.041125,1.691022,0.124484,NORMAL,NO_CRASH,0.0000,,12.972097,77.595058
14:47:40.984,0.539606,0.690017,0.250806,0.083490,0.052726,-0.155873,0.911154,0.184518,NORMAL,NO_CRASH,0.0000,,12.972108,77.595061
14:47:41.034,1.087036,1.566813,-1.048510,-0.002926,-0.047716,-0.017505,2.176218,0.050910,NORMAL,NO_CRASH,0.0000,,12.972126,77.595054
14:47:41.085,0.348215,0.431584,0.895071,-0.034855,0.211562,0.013837,1.052934,0.214860,NORMAL,NO_CRASH,0.0000,,12.972134,77.595060
14:47:41.136,-0.089813,-0.702518,-0.991300,-0.007265,-0.162883,0.159690,1.218308,0.228220,NORMAL,NO_CRASH,0.0000,,12.972143,77.595048
14:47:41.186,-0.565518,-1.070612,-1.632745,-0.123740,0.163036,0.010149,2.032701,0.204927,NORMAL,NO_CRASH,0.0000,,12.972140,77.595063
14:47:41.237,-0.210919,0.125097,-1.417888,0.040419,0.073956,0.004608,1.438938,0.084406,NORMAL,NO_CRASH,0.0000,,12.972156,77.595063
14:47:41.287,-0.294479,-1.175246,0.965300,-0.081907,-0.005813,0.042053,1.549104,0.092255,NORMAL,NO_CRASH,0.0000,,12.972153,77.595073
14:47:41.338,0.089767,-0.307698,0.076003,0.082837,0.108048,-0.050449,0.329412,0.145195,NORMAL,NO_CRASH,0.0000,,12.972168,77.595080
14:47:41.388,-0.833786,-0.432960,0.045366,-0.010267,0.028920,0.104770,0.940591,0.109172,NORMAL,NO_CRASH,0.0000,,12.972159,77.595101
14:47:41.438,-0.522438,-0.424970,-0.103204,0.025522,-0.104197,-0.049506,0.681317,0.118149,NORMAL,NO_CRASH,0.0000,,12.972181,77.595093
14:47:41.488,-1.457764,-1.452618,0.205170,0.088498,0.005407,0.044137,2.068156,0.099041,NORMAL,NO_CRASH,0.0000,,12.972195,77.595112
14:47:41.539,-1.214984,-0.022221,1.988513,-0.044184,0.157463,-0.100655,2.330421,0.192037,NORMAL,NO_CRASH,0.0000,,12.972194,77.595101
14:47:41.589,-0.727715,-0.859474,0.022540,0.004897,-0.149608,0.081230,1.126398,0.170308,NORMAL,NO_CRASH,0.0000,,12.972182,77.595105
14:47:41.640,-0.434184,-0.487073,-1.952225,-0.166706,-0.072922,0.144145,2.058383,0.232134,NORMAL,NO_CRASH,0.0000,,12.972178,77.595095
14:47:41.690,0.241445,-0.460983,-2.877388,0.112625,-0.022825,0.144594,2.924067,0.184697,NORMAL,NO_CRASH,0.0000,,12.972183,77.595085
14:47:41.740,0.756033,0.138238,-0.177306,0.006049,0.051065,0.038177,0.788754,0.064045,NORMAL,NO_CRASH,0.0000,,12.972193,77.595088
14:47:41.791,0.755946,-1.041929,1.175419,0.040295,-0.011059,-0.149296,1.743181,0.155033,NORMAL,NO_CRASH,0.0000,,12.972201,77.595089
14:47:41.841,-0.948594,-1.455340,0.550366,-0.042079,-0.129606,0.013891,1.822292,0.136972,NORMAL,NO_CRASH,0.0000,,12.972203,77.595081
14:47:41.891,-0.595835,-0.377326,0.002025,0.031384,0.030967,-0.087798,0.705265,0.098247,NORMAL,NO_CRASH,0.0000,,12.972213,77.595083
14:47:41.942,0.976902,-0.116902,0.332398,-0.005489,0.134267,0.066468,1.038505,0.149919,NORMAL,NO_CRASH,0.0000,,12.972207,77.595094
14:47:41.992,0.353223,-0.355166,-0.955021,0.059739,-0.003276,-0.018890,1.078412,0.062740,NORMAL,NO_CRASH,0.0000,,12.972197,77.595087
14:47:42.042,0.515598,0.099308,0.196535,0.021216,0.004999,-0.021731,0.560651,0.030779,NORMAL,NO_CRASH,0.0000,,12.972218,77.595077
14:47:42.093,0.061628,-0.082147,-1.095938,0.030127,0.133165,0.174676,1.100739,0.221703,NORMAL,NO_CRASH,0.0000,,12.972239,77.595090
14:47:42.143,0.688651,0.587137,0.989150,-0.039313,0.372529,-0.050863,1.340667,0.378035,NORMAL,NO_CRASH,0.0000,,12.972231,77.595088
14:47:42.193,-0.896064,-0.681828,-1.500713,-0.067604,-0.181192,0.000257,1.876155,0.193393,NORMAL,NO_CRASH,0.0000,,12.972222,77.595085
14:47:42.243,0.308087,-1.200422,-0.022216,0.033838,-0.371258,-0.170227,1.239526,0.409822,NORMAL,NO_CRASH,0.0000,,12.972211,77.595081
14:47:42.294,-0.266801,-0.575576,1.288398,-0.002677,0.054085,-0.089151,1.436120,0.104309,NORMAL,NO_CRASH,0.0000,,12.972216,77.595075
14:47:42.344,0.827199,1.221664,0.464963,-0.001725,-0.101931,0.043604,1.546904,0.110879,NORMAL,NO_CRASH,0.0000,,12.972221,77.595079
14:47:42.395,-2.208896,0.676859,-0.355805,-0.034149,-0.042306,-0.172077,2.337511,0.180461,NORMAL,NO_CRASH,0.0000,,12.972216,77.595084
14:47:42.445,1.213497,0.385577,1.740009,0.001411,-0.146418,-0.041514,2.156125,0.152196,NORMAL,NO_CRASH,0.0000,,12.972239,77.595079
14:47:42.496,-0.622576,-0.090156,0.696495,0.013565,0.127720,0.006024,0.938528,0.128580,NORMAL,NO_CRASH,0.0000,,12.972234,77.595071
14:47:42.546,0.387322,0.623403,0.912626,0.011645,-0.137853,-0.170455,1.171126,0.219532,NORMAL,NO_CRASH,0.0000,,12.972243,77.595066
14:47:42.596,1.072893,0.793041,0.546558,-0.027847,-0.241935,0.129767,1.441783,0.275948,NORMAL,NO_CRASH,0.0000,,12.972254,77.595055
14:47:42.647,-1.225092,0.795047,0.665800,0.044488,-0.174474,0.188375,1.605067,0.260587,NORMAL,NO_CRASH,0.0000,,12.972271,77.595069
14:47:42.698,2.274943,-0.895124,0.426336,0.051694,-0.110223,0.055925,2.481608,0.133973,NORMAL,NO_CRASH,0.0000,,12.972273,77.595076
14:47:42.748,0.877417,0.336135,-0.576320,0.041969,0.090987,-0.132100,1.102267,0.165802,NORMAL,NO_CRASH,0.0000,,12.972288,77.595089
14:47:42.798,0.185215,0.292263,-0.912329,0.013454,0.039819,-0.144077,0.975738,0.150082,NORMAL,NO_CRASH,0.0000,,12.972301,77.595098
14:47:42.848,-1.163514,-0.734929,-1.290406,-0.087310,-0.026407,0.084708,1.886540,0.124482,NORMAL,NO_CRASH,0.0000,,12.972307,77.595114
14:47:42.899,2.145887,-0.782927,0.443815,0.014210,-0.056994,-0.080573,2.326967,0.099711,NORMAL,NO_CRASH,0.0000,,12.972328,77.595114
14:47:42.950,0.587452,0.769397,0.602413,-0.067457,-0.055883,-0.058650,1.140163,0.105419,NORMAL,NO_CRASH,0.0000,,12.972325,77.595128
14:47:43.000,-0.485982,-0.540411,0.363017,0.025787,0.037280,0.054880,0.812407,0.071180,NORMAL,NO_CRASH,0.0000,,12.972333,77.595133
14:47:43.050,0.607250,0.490840,-0.513384,-0.068143,0.140708,-0.264159,0.934472,0.306957,NORMAL,NO_CRASH,0.0000,,12.972343,77.595122
14:47:43.101,-0.579521,-2.171158,0.711546,-0.050699,-0.072941,0.102953,2.357131,0.135978,NORMAL,NO_CRASH,0.0000,,12.972359,77.595133
14:47:43.151,0.137429,-0.057705,-0.757303,0.002038,0.057405,-0.202473,0.771832,0.210463,NORMAL,NO_CRASH,0.0000,,12.972351,77.595148
14:47:43.201,-0.108446,-1.943405,1.124328,-0.133818,0.003601,0.153662,2.247820,0.203795,NORMAL,NO_CRASH,0.0000,,12.972344,77.595157
14:47:43.252,-1.467670,0.895256,-0.880236,-0.056839,-0.176750,-0.087957,1.931412,0.205445,NORMAL,NO_CRASH,0.0000,,12.972364,77.595157
14:47:43.302,1.334435,0.273465,-0.177151,0.157346,0.006163,-0.219075,1.373638,0.269795,NORMAL,NO_CRASH,0.0000,,12.972357,77.595160
14:47:43.353,0.185554,0.389864,-1.692077,0.048441,0.024468,0.049159,1.746296,0.073224,NORMAL,NO_CRASH,0.0000,,12.972349,77.595155
14:47:43.403,-0.525256,0.137082,-0.880497,-0.003228,0.313874,0.001904,1.034389,0.313897,NORMAL,NO_CRASH,0.0000,,12.972360,77.595166
14:47:43.453,-1.157622,0.764868,1.971141,0.013286,-0.090597,-0.065589,2.410500,0.112633,NORMAL,NO_CRASH,0.0000,,12.972353,77.595171
14:47:43.503,-0.501848,0.624899,1.349258,-0.002345,-0.002897,0.114175,1.569346,0.114236,NORMAL,NO_CRASH,0.0000,,12.972360,77.595171
14:47:43.554,1.553692,-0.684879,0.467447,-0.048520,0.153875,-0.081427,1.761115,0.180727,NORMAL,NO_CRASH,0.0000,,12.972363,77.595173
14:47:43.605,0.757119,-0.192940,0.205433,-0.099293,-0.111269,0.043551,0.807872,0.155360,NORMAL,NO_CRASH,0.0000,,12.972351,77.595196
14:47:43.655,-1.062143,-0.855814,-0.385449,0.015771,-0.143439,0.033195,1.417440,0.148072,NORMAL,NO_CRASH,0.0000,,12.972351,77.595202
14:47:43.705,-2.402829,-1.158731,-1.623966,-0.026387,-0.000944,0.294728,3.123061,0.295908,NORMAL,NO_CRASH,0.0000,,12.972372,77.595217
14:47:43.756,0.481036,0.723832,0.302698,0.056797,0.246945,0.194897,0.920302,0.319675,NORMAL,NO_CRASH,0.0000,,12.972369,77.595215
14:47:43.807,0.126018,2.015820,-1.280131,0.034736,0.047235,0.207176,2.391264,0.215312,NORMAL,NO_CRASH,0.0000,,12.972365,77.595216
14:47:43.857,-0.475101,0.694780,-1.015347,0.121578,0.086506,0.242253,1.318852,0.284519,NORMAL,NO_CRASH,0.0000,,12.972370,77.595236
14:47:43.908,-0.993573,-0.732990,1.222646,0.025929,-0.051306,-0.015178,1.737620,0.059455,NORMAL,NO_CRASH,0.0000,,12.972374,77.595257
14:47:43.959,-0.240529,1.502962,-0.152074,-0.001218,-0.199496,-0.195461,1.529665,0.279294,NORMAL,NO_CRASH,0.0000,,12.972369,77.595253
14:47:44.009,-1.368646,0.647672,-1.321124,0.047255,0.077937,0.314474,2.009487,0.327416,NORMAL,NO_CRASH,0.0000,,12.972361,77.595249
14:47:44.059,0.964642,-1.489666,0.043474,-0.028500,0.068146,-0.012878,1.775254,0.074980,NORMAL,NO_CRASH,0.0000,,12.972350,77.595237
14:47:44.110,-0.623617,-0.195678,1.683131,-0.002248,-0.034443,-0.255161,1.805580,0.257485,NORMAL,NO_CRASH,0.0000,,12.972363,77.595232
14:47:44.160,0.506232,-1.995878,-0.537870,-0.024706,0.147280,0.100543,2.128169,0.180029,NORMAL,NO_CRASH,0.0000,,12.972371,77.595230
14:47:44.211,-0.660474,0.404452,0.195290,0.000975,0.053031,0.079666,0.798715,0.095707,NORMAL,NO_CRASH,0.0000,,12.972394,77.595223
14:47:44.261,0.230631,-0.770194,-0.652172,0.096346,-0.066077,0.144579,1.035238,0.185881,NORMAL,NO_CRASH,0.0000,,12.972404,77.595246
14:47:44.312,-1.294821,0.345097,2.188813,-0.025698,-0.291955,-0.026722,2.566428,0.294299,NORMAL,NO_CRASH,0.0000,,12.972400,77.595246
14:47:44.362,0.004894,-1.381956,0.100293,0.088208,-0.053771,0.153182,1.385599,0.184762,NORMAL,NO_CRASH,0.0000,,12.972417,77.595249
14:47:44.413,-0.077860,0.702263,2.313951,-0.013593,-0.031529,-0.029053,2.419422,0.044977,NORMAL,NO_CRASH,0.0000,,12.972406,77.595241
14:47:44.463,0.303876,0.490740,-0.888032,0.059051,0.283053,0.160055,1.059135,0.330490,NORMAL,NO_CRASH,0.0000,,12.972422,77.595250
14:47:44.514,1.114119,-1.886130,-0.586881,0.085571,0.040833,0.011674,2.267858,0.095531,NORMAL,NO_CRASH,0.0000,,12.972436,77.595240
14:47:44.564,0.820899,-2.048139,-0.474764,-0.026007,0.132997,-0.021783,2.257022,0.137255,NORMAL,NO_CRASH,0.0000,,12.972454,77.595240
14:47:44.614,-1.308914,-0.350563,-2.304446,0.007507,-0.251682,0.007152,2.673317,0.251895,NORMAL,NO_CRASH,0.0000,,12.972457,77.595250
14:47:44.664,0.193873,-0.914684,-0.430728,0.064947,-0.096901,-0.093899,1.029447,0.149750,NORMAL,NO_CRASH,0.0000,,12.972447,77.595243
14:47:44.715,0.367621,-0.975215,-0.993250,-0.072575,0.022778,-0.045140,1.439700,0.088451,NORMAL,NO_CRASH,0.0000,,12.972455,77.595256
14:47:44.777,0.639399,-0.708282,-1.031022,-0.021745,0.051569,-0.096331,1.404813,0.111409,NORMAL,NO_CRASH,0.0000,,12.972459,77.595269
14:47:44.828,1.351415,0.836895,-0.267076,-0.009922,0.209625,0.107928,1.611846,0.235986,NORMAL,NO_CRASH,0.0000,,12.972481,77.595279
14:47:44.878,-0.090307,0.454096,0.505776,-0.024230,-0.038154,0.205345,0.685688,0.210261,NORMAL,NO_CRASH,0.0000,,12.972477,77.595291
14:47:44.929,0.908586,-1.004189,-0.530873,0.014005,-0.094145,0.046722,1.454562,0.106030,NORMAL,NO_CRASH,0.0000,,12.972498,77.595286
14:47:44.979,0.357695,-0.257030,1.073204,-0.008215,-0.084484,-0.081920,1.160076,0.117966,NORMAL,NO_CRASH,0.0000,,12.972503,77.595283
14:47:45.029,0.121332,-1.319098,2.633425,-0.139056,-0.017133,-0.076477,2.947825,0.159621,NORMAL,NO_CRASH,0.0000,,12.972497,77.595290
14:47:45.080,0.201740,0.008306,-0.593780,0.024868,0.392130,-0.060071,0.627170,0.397483,NORMAL,NO_CRASH,0.0000,,12.972504,77.595297
14:47:45.130,2.449264,-1.440352,-0.987066,0.022785,-0.053957,0.089169,3.007957,0.106685,NORMAL,NO_CRASH,0.0000,,12.972493,77.595291
14:47:45.180,1.226690,1.640054,1.286833,0.128609,-0.092664,0.081991,2.418777,0.178464,NORMAL,NO_CRASH,0.0000,,12.972493,77.595300
14:47:45.231,0.455880,0.075891,-0.164446,-0.030185,-0.031882,-0.053290,0.490539,0.069047,NORMAL,NO_CRASH,0.0000,,12.972500,77.595288
14:47:45.281,0.477760,0.890311,1.245445,-0.053226,-0.067341,0.162317,1.603759,0.183615,NORMAL,NO_CRASH,0.0000,,12.972501,77.595290
14:47:45.331,-1.082989,0.632914,-0.762980,-0.004800,-0.165402,0.153848,1.468191,0.225942,NORMAL,NO_CRASH,0.0000,,12.972491,77.595296
14:47:45.382,0.067755,-0.678289,0.169221,-0.110330,-0.051597,-0.140617,0.702355,0.186033,NORMAL,NO_CRASH,0.0000,,12.972500,77.595296
14:47:45.432,-0.088307,0.209823,-1.292780,-0.056909,-0.163785,0.128129,1.312670,0.215595,NORMAL,NO_CRASH,0.0000,,12.972504,77.595289
14:47:45.483,-0.914889,-0.967088,1.506237,0.006839,-0.063067,-0.133821,2.010231,0.148096,NORMAL,NO_CRASH,0.0000,,12.972494,77.595285
14:47:45.533,0.138111,-0.786698,-0.765762,0.026943,-0.092672,0.058206,1.106508,0.112703,NORMAL,NO_CRASH,0.0000,,12.972496,77.595279
14:47:45.583,0.601633,-0.736256,-0.587021,-0.030714,-0.047275,-0.025111,1.117421,0.061715,NORMAL,NO_CRASH,0.0000,,12.972487,77.595268
14:47:45.634,0.097537,-0.923059,1.072857,-0.037551,-0.123916,0.088300,1.418652,0.156723,NORMAL,NO_CRASH,0.0000,,12.972504,77.595287
14:47:45.684,0.752607,0.122505,1.044864,0.119091,-0.080170,0.047658,1.293508,0.151265,NORMAL,NO_CRASH,0.0000,,12.972507,77.595276
14:47:45.734,-0.890760,0.401305,-1.047478,0.002735,-0.102396,-0.013771,1.432379,0.103354,NORMAL,NO_CRASH,0.0000,,12.972503,77.595273
14:47:45.785,-0.704999,0.251646,-0.527973,0.016305,-0.074238,0.239914,0.916027,0.251666,NORMAL,NO_CRASH,0.0000,,12.972520,77.595271
14:47:45.835,0.818908,-0.858257,0.894328,0.056376,-0.089525,-0.045200,1.485610,0.115048,NORMAL,NO_CRASH,0.0000,,12.972543,77.595277
14:47:45.886,-0.947654,-0.454046,-0.087548,0.066766,-0.196707,-0.100989,1.054453,0.230977,NORMAL,NO_CRASH,0.0000,,12.972548,77.595281
14:47:45.936,-0.275000,0.100971,0.768807,0.023602,0.108036,0.287667,0.822730,0.308191,NORMAL,NO_CRASH,0.0000,,12.972558,77.595282
14:47:45.987,-0.720797,0.069386,0.649518,-0.070249,0.205261,0.024644,0.972746,0.218345,NORMAL,NO_CRASH,0.0000,,12.972565,77.595274
14:47:46.037,-0.465713,-0.273014,-1.147688,-0.069902,-0.051058,-0.092560,1.268311,0.126730,NORMAL,NO_CRASH,0.0000,,12.972575,77.595282
14:47:46.088,-0.364597,-0.102119,-3.280909,0.074304,0.081200,0.080109,3.302684,0.136133,NORMAL,NO_CRASH,0.0000,,12.972576,77.595288
14:47:46.138,-0.801193,-0.603959,0.839681,-0.030883,0.208912,-0.047551,1.308334,0.216469,NORMAL,NO_CRASH,0.0000,,12.972573,77.595299
14:47:46.188,-0.722793,-1.194035,0.267613,0.015874,0.082032,0.072882,1.421185,0.110874,NORMAL,NO_CRASH,0.0000,,12.972586,77.595319
14:47:46.239,-0.517840,1.081514,-0.057803,-0.071393,-0.195476,-0.092063,1.200488,0.227560,NORMAL,NO_CRASH,0.0000,,12.972603,77.595323
14:47:46.289,0.377885,1.501838,-0.647336,0.011417,0.003663,0.091296,1.678499,0.092080,NORMAL,NO_CRASH,0.0000,,12.972595,77.595329
14:47:46.340,-1.323877,-0.125235,-0.096232,-0.032744,-0.043661,0.138427,1.333264,0.148797,NORMAL,NO_CRASH,0.0000,,12.972617,77.595352
14:47:46.390,0.031918,-0.446940,1.799033,0.000958,0.028814,-0.103440,1.853994,0.107383,NORMAL,NO_CRASH,0.0000,,12.972632,77.595367
14:47:46.440,-0.206307,0.719446,-2.410456,0.028987,0.065285,0.045953,2.523978,0.084935,NORMAL,NO_CRASH,0.0000,,12.972647,77.595377
14:47:46.491,1.064076,1.122531,0.387778,-0.010803,-0.164754,-0.044788,1.594586,0.171074,NORMAL,NO_CRASH,0.0000,,12.972653,77.595383
14:47:46.542,0.271305,-0.605133,-0.919207,0.049351,0.157079,0.089239,1.133461,0.187277,NORMAL,NO_CRASH,0.0000,,12.972658,77.595406
14:47:46.592,0.481537,-0.135756,-1.115815,0.019316,-0.029297,-0.033962,1.222845,0.048835,NORMAL,NO_CRASH,0.0000,,12.972666,77.595400
14:47:46.643,0.159355,-0.807846,-0.110091,-0.133047,-0.127403,0.083081,0.830740,0.202078,NORMAL,NO_CRASH,0.0000,,12.972674,77.595396
14:47:46.693,0.094285,-0.854697,1.840177,0.220651,-0.181366,-0.035163,2.031169,0.287779,NORMAL,NO_CRASH,0.0000,,12.972689,77.595387
14:47:46.743,-0.040853,0.431979,0.432931,0.043462,0.296528,-0.030114,0.612946,0.301205,NORMAL,NO_CRASH,0.0000,,12.972704,77.595384
14:47:46.794,0.546267,0.928363,-1.421035,0.015226,0.019455,-0.183164,1.783145,0.184823,NORMAL,NO_CRASH,0.0000,,12.972696,77.595397
14:47:46.844,-0.631313,-0.351517,-0.319041,0.025488,-0.143690,0.088366,0.789878,0.170602,NORMAL,NO_CRASH,0.0000,,12.972685,77.595400
14:47:46.895,-0.018601,-1.154979,0.224844,0.026754,0.150106,-0.011848,1.176808,0.152931,NORMAL,NO_CRASH,0.0000,,12.972672,77.595419
14:47:46.945,1.016747,0.014817,0.752161,0.010003,0.135798,0.114319,1.264808,0.177792,NORMAL,NO_CRASH,0.0000,,12.972662,77.595413
14:47:46.995,0.650704,-0.442258,-1.030344,-0.085777,-0.125495,0.021963,1.296386,0.153587,NORMAL,NO_CRASH,0.0000,,12.972680,77.595421
14:47:47.046,1.406470,0.254815,-0.432221,-0.053432,-0.080690,-0.087787,1.493287,0.130661,NORMAL,NO_CRASH,0.0000,,12.972681,77.595420
14:47:47.097,-0.692101,-0.857681,-0.427096,0.054681,-0.029284,0.110995,1.181961,0.127151,NORMAL,NO_CRASH,0.0000,,12.972691,77.595415
14:47:47.149,-0.576431,-0.116521,1.117477,-0.110684,-0.109515,-0.026940,1.262776,0.158020,NORMAL,NO_CRASH,0.0000,,12.972688,77.595429
14:47:47.200,0.173687,-0.200842,-1.249843,-0.100776,-0.270421,0.010011,1.277737,0.288762,NORMAL,NO_CRASH,0.0000,,12.972685,77.595426
14:47:47.250,-0.104945,0.729896,0.017249,-0.071411,-0.296859,0.048848,0.737604,0.309210,NORMAL,NO_CRASH,0.0000,,12.972704,77.595417
14:47:47.300,0.499765,-0.382974,0.897214,0.018002,0.033010,0.158353,1.096096,0.162755,NORMAL,NO_CRASH,0.0000,,12.972719,77.595418
14:47:47.351,-0.421403,-0.045310,-0.234874,0.050511,-0.006808,-0.054293,0.484561,0.074468,NORMAL,NO_CRASH,0.0000,,12.972716,77.595409
14:47:47.402,-0.034527,-1.305951,1.523167,-0.030221,0.057083,0.003446,2.006674,0.064681,NORMAL,NO_CRASH,0.0000,,12.972714,77.595421
14:47:47.452,-0.100581,0.348566,1.384584,0.080711,-0.093454,0.137026,1.431324,0.184456,NORMAL,NO_CRASH,0.0000,,12.972708,77.595442
14:47:47.503,1.105059,-0.087435,0.314821,0.043371,-0.102686,0.065032,1.152351,0.129053,NORMAL,NO_CRASH,0.0000,,12.972728,77.595447
14:47:47.553,-0.422007,0.581783,1.252541,-0.020714,0.045062,-0.315574,1.444098,0.319447,NORMAL,NO_CRASH,0.0000,,12.972723,77.595442
14:47:47.603,0.829236,-0.634179,1.606762,-0.032463,0.067510,-0.130644,1.916116,0.150597,NORMAL,NO_CRASH,0.0000,,12.972746,77.595460
14:47:47.653,-0.235227,0.068541,-0.424310,-0.038990,-0.075153,0.034354,0.489968,0.091370,NORMAL,NO_CRASH,0.0000,,12.972766,77.595484
14:47:47.704,0.940683,-0.146645,1.989904,0.007514,-0.117899,0.043313,2.205925,0.125828,NORMAL,NO_CRASH,0.0000,,12.972755,77.595489
14:47:47.754,-0.679203,-0.710342,0.323243,-0.040865,0.011244,-0.264979,1.034596,0.268347,NORMAL,NO_CRASH,0.0000,,12.972766,77.595491
14:47:47.815,-0.347870,-0.438782,-0.376767,0.013759,-0.055981,-0.068247,0.674905,0.089335,NORMAL,NO_CRASH,0.0000,,12.972762,77.595503
14:47:47.866,0.639220,0.346016,1.998222,0.009832,0.318843,0.205158,2.126316,0.379272,NORMAL,NO_CRASH,0.0000,,12.972767,77.595494
14:47:47.916,-0.500617,0.102446,0.268140,-0.042239,0.053542,0.079943,0.577071,0.105079,NORMAL,NO_CRASH,0.0000,,12.972769,77.595504
14:47:47.967,-0.239145,0.270282,1.900363,0.036021,0.023155,0.169872,1.934327,0.175186,NORMAL,NO_CRASH,0.0000,,12.972772,77.595521
14:47:48.017,0.323980,-1.058000,-0.666722,-0.007772,0.029175,0.084046,1.291838,0.089305,NORMAL,NO_CRASH,0.0000,,12.972774,77.595544
14:47:48.068,-0.415101,0.396148,-1.580936,0.017389,-0.116708,0.084075,1.681844,0.144885,NORMAL,NO_CRASH,0.0000,,12.972797,77.595540
14:47:48.118,-0.672911,0.078728,-0.378451,-0.011014,0.025055,0.138354,0.776037,0.141035,NORMAL,NO_CRASH,0.0000,,12.972791,77.595535
14:47:48.168,0.474787,-1.195717,-0.572825,0.030294,-0.100000,0.086554,1.408294,0.135681,NORMAL,NO_CRASH,0.0000,,12.972806,77.595550
14:47:48.219,-1.203675,0.466449,1.846387,0.097136,-0.032571,0.191520,2.252899,0.217201,NORMAL,NO_CRASH,0.0000,,12.972824,77.595569
14:47:48.271,-1.072735,1.114125,-0.105730,-0.024758,-0.039240,-0.150590,1.550230,0.157576,NORMAL,NO_CRASH,0.0000,,12.972830,77.595585
14:47:48.321,-0.597819,-0.571054,0.365772,0.089963,0.035371,0.001667,0.904035,0.096681,NORMAL,NO_CRASH,0.0000,,12.972824,77.595597
14:47:48.371,0.098846,0.421534,2.142325,0.089201,0.208216,0.015308,2.185639,0.227036,NORMAL,NO_CRASH,0.0000,,12.972813,77.595617
14:47:48.421,0.456355,0.849739,1.082293,0.032855,0.187060,-0.023983,1.449715,0.191432,NORMAL,NO_CRASH,0.0000,,12.972822,77.595615
14:47:48.472,0.799631,-0.400599,-0.007769,0.044417,-0.126451,-0.033862,0.894399,0.138237,NORMAL,NO_CRASH,0.0000,,12.972838,77.595612
14:47:48.522,-0.133959,0.082894,-0.237378,0.003939,-0.054476,-0.094039,0.284895,0.108750,NORMAL,NO_CRASH,0.0000,,12.972849,77.595611
14:47:48.572,-0.295322,0.519121,1.035880,-0.036157,-0.087887,0.122124,1.195721,0.154744,NORMAL,NO_CRASH,0.0000,,12.972850,77.595623
14:47:48.622,0.142132,-0.426899,0.383345,0.035203,-0.098517,0.075568,0.591098,0.129055,NORMAL,NO_CRASH,0.0000,,12.972858,77.595615
14:47:48.673,-0.545917,-0.182470,0.159429,0.037210,-0.355441,0.028354,0.597276,0.358507,NORMAL,NO_CRASH,0.0000,,12.972861,77.595625
14:47:48.723,-0.435310,-0.492144,0.242501,-0.008138,-0.072262,-0.193800,0.700362,0.206994,NORMAL,NO_CRASH,0.0000,,12.972858,77.595647
14:47:48.773,0.358042,0.320345,-0.441523,0.092210,0.084338,0.189293,0.652501,0.226820,NORMAL,NO_CRASH,0.0000,,12.972878,77.595647
14:47:48.824,-0.692767,-0.944510,0.099801,0.025428,0.004504,0.229934,1.175579,0.231380,NORMAL,NO_CRASH,0.0000,,12.972901,77.595661
14:47:48.874,-0.160883,-1.663964,0.271536,0.005395,-0.167336,0.005376,1.693632,0.167509,NORMAL,NO_CRASH,0.0000,,12.972897,77.595677
14:47:48.925,-0.079736,0.347185,0.646356,-0.027686,-0.150374,0.143735,0.738019,0.209854,NORMAL,NO_CRASH,0.0000,,12.972912,77.595667
14:47:48.975,-0.784313,0.347814,0.275063,-0.032438,-0.101447,-0.045468,0.900989,0.115806,NORMAL,NO_CRASH,0.0000,,12.972914,77.595669
14:47:49.025,-0.693911,0.600475,0.353588,0.116535,0.179280,0.129833,0.983416,0.250157,NORMAL,NO_CRASH,0.0000,,12.972931,77.595668
14:47:49.075,-0.540103,-0.414758,1.146867,-0.047624,-0.089839,-0.094531,1.333806,0.138835,NORMAL,NO_CRASH,0.0000,,12.972950,77.595679
14:47:49.126,0.151353,-1.475349,-1.520988,-0.085791,0.046720,-0.134131,2.124374,0.165934,NORMAL,NO_CRASH,0.0000,,12.972964,77.595683
14:47:49.176,-1.221602,0.912190,0.683013,0.039058,-0.497511,0.039342,1.670602,0.500591,NORMAL,NO_CRASH,0.0000,,12.972974,77.595691
14:47:49.226,0.069006,-1.097422,0.418362,-0.064807,-0.015913,-0.050458,1.176488,0.083661,NORMAL,NO_CRASH,0.0000,,12.972995,77.595685
14:47:49.277,0.023366,0.313793,0.546851,0.078638,-0.095046,0.110373,0.630918,0.165529,NORMAL,NO_CRASH,0.0000,,12.972983,77.595709
14:47:49.327,-0.922268,-1.136863,-0.150470,-0.074550,0.109907,0.065656,1.471623,0.148149,NORMAL,NO_CRASH,0.0000,,12.972984,77.595701
14:47:49.378,-1.700253,-0.807371,0.588961,-0.011500,-0.239945,0.056314,1.972203,0.246733,NORMAL,NO_CRASH,0.0000,,12.973000,77.595712
14:47:49.428,-0.610593,-0.542937,0.963102,-0.012233,-0.009300,-0.166359,1.263000,0.167067,NORMAL,NO_CRASH,0.0000,,12.972999,77.595735
14:47:49.479,0.450831,-0.335475,-0.337157,0.124598,0.154578,0.148416,0.655337,0.247884,NORMAL,NO_CRASH,0.0000,,12.972986,77.595751
14:47:49.529,-1.105165,0.622549,-0.344290,0.016776,-0.231421,-0.184258,1.314341,0.296291,NORMAL,NO_CRASH,0.0000,,12.972980,77.595753
14:47:49.579,-0.406108,0.291663,0.783298,0.045348,-0.033462,0.110253,0.929273,0.123822,NORMAL,NO_CRASH,0.0000,,12.972973,77.595774
14:47:49.630,1.000799,-0.218625,0.401059,-0.042712,-0.203054,0.210207,1.100111,0.295369,NORMAL,NO_CRASH,0.0000,,12.972996,77.595775
14:47:49.680,-0.241345,-2.064400,1.522876,-0.034015,-0.166207,-0.014987,2.576654,0.170313,NORMAL,NO_CRASH,0.0000,,12.972991,77.595763
14:47:49.730,-1.175252,0.502574,0.060504,0.080803,-0.034289,0.156385,1.279632,0.179335,NORMAL,NO_CRASH,0.0000,,12.973011,77.595785
14:47:49.781,0.513666,-0.301945,-1.230504,-0.035793,0.123014,0.090077,1.367174,0.156612,NORMAL,NO_CRASH,0.0000,,12.973023,77.595785
14:47:49.831,-0.003431,0.102649,-1.797783,-0.054052,0.098841,-0.003857,1.800715,0.112722,NORMAL,NO_CRASH,0.0000,,12.973029,77.595800
14:47:49.882,-2.230082,0.685973,0.316475,-0.017106,0.117346,-0.143700,2.354566,0.186313,NORMAL,NO_CRASH,0.0000,,12.973023,77.595812
14:47:49.932,-0.839103,-0.980930,0.816672,0.025911,-0.093745,0.155274,1.527505,0.183220,NORMAL,NO_CRASH,0.0000,,12.973013,77.595811
14:47:49.983,-0.759394,1.066667,0.991228,0.057032,-0.092683,0.139560,1.642252,0.176974,NORMAL,NO_CRASH,0.0000,,12.973011,77.595803
14:47:50.033,-0.060134,0.333087,-0.781275,0.015950,0.123017,-0.050459,0.851442,0.133916,NORMAL,NO_CRASH,0.0000,,12.973031,77.595826
14:47:50.084,0.428223,-0.082202,2.450664,0.016625,-0.149494,-0.121501,2.489154,0.193358,NORMAL,NO_CRASH,0.0000,,12.973038,77.595841
14:47:50.134,0.013197,0.143020,-1.506349,-0.063346,-0.155260,-0.084805,1.513181,0.187910,NORMAL,NO_CRASH,0.0000,,12.973038,77.595861
14:47:50.184,-1.250392,-0.676139,-0.640466,-0.051030,-0.268495,0.135823,1.559115,0.305191,NORMAL,NO_CRASH,0.0000,,12.973043,77.595881
14:47:50.235,0.140620,0.738173,-0.611694,0.019936,0.068704,0.102783,0.968939,0.125227,NORMAL,NO_CRASH,0.0000,,12.973036,77.595878
14:47:50.285,0.729607,-0.581267,1.840553,-0.073159,-0.004657,0.072591,2.063452,0.103167,NORMAL,NO_CRASH,0.0000,,12.973058,77.595879
14:47:50.335,-1.890634,1.361329,0.041458,-0.018497,0.011703,0.010259,2.330114,0.024173,NORMAL,NO_CRASH,0.0000,,12.973050,77.595896
14:47:50.386,-0.661146,-0.609736,-0.060149,0.039704,0.301155,0.381558,0.901393,0.487706,NORMAL,NO_CRASH,0.0000,,12.973069,77.595887
14:47:50.436,-1.085975,-0.435690,1.022695,-0.090686,0.012943,0.096704,1.554050,0.133204,NORMAL,NO_CRASH,0.0000,,12.973091,77.595903
14:47:50.487,0.502140,-0.124269,0.899357,-0.024273,-0.124466,0.018881,1.037511,0.128209,NORMAL,NO_CRASH,0.0000,,12.973112,77.595912
14:47:50.537,-0.716115,0.794336,0.729808,-0.094089,-0.252477,0.177676,1.294762,0.322747,NORMAL,NO_CRASH,0.0000,,12.973114,77.595902
14:47:50.587,-0.519808,-0.961574,1.175284,-0.018987,0.019771,-0.017092,1.605029,0.032304,NORMAL,NO_CRASH,0.0000,,12.973122,77.595900
14:47:50.638,0.609884,0.425717,-1.538954,0.022025,0.040711,0.127646,1.709261,0.135779,NORMAL,NO_CRASH,0.0000,,12.973111,77.595902
14:47:50.688,-0.164038,-0.289189,1.093369,-0.045409,-0.176831,-0.075009,1.142801,0.197377,NORMAL,NO_CRASH,0.0000,,12.973100,77.595891
14:47:50.738,0.462115,0.236618,-0.376036,-0.019963,-0.120387,0.159238,0.641047,0.200620,NORMAL,NO_CRASH,0.0000,,12.973088,77.595910
14:47:50.789,1.157375,-0.262659,0.670600,0.063020,0.112062,0.233634,1.363162,0.266673,NORMAL,NO_CRASH,0.0000,,12.973085,77.595924
14:47:50.839,1.053779,-1.031705,0.550102,0.011779,0.062908,-0.067886,1.574000,0.093299,NORMAL,NO_CRASH,0.0000,,12.973085,77.595938
14:47:50.890,-0.080284,0.514005,-2.479887,-0.017604,-0.087921,0.096054,2.533868,0.131402,NORMAL,NO_CRASH,0.0000,,12.973081,77.595951
14:47:50.940,-0.459392,-0.547789,-0.298234,0.115131,-0.071714,-0.045790,0.774634,0.143160,NORMAL,NO_CRASH,0.0000,,12.973100,77.595947
14:47:50.990,0.016893,0.861904,0.573482,0.025977,-0.096472,-0.004375,1.035396,0.100004,NORMAL,NO_CRASH,0.0000,,12.973102,77.595950
14:47:51.040,-0.830560,0.351880,1.116846,-0.138356,-0.070556,-0.027802,1.435617,0.157777,NORMAL,NO_CRASH,0.0000,,12.973099,77.595960
14:47:51.091,-0.994399,-0.190438,0.481409,-0.028739,-0.148067,0.259121,1.121093,0.299822,NORMAL,NO_CRASH,0.0000,,12.973114,77.595974
14:47:51.141,0.155207,-0.151369,-0.279144,-0.017692,0.030032,-0.012807,0.353445,0.037134,NORMAL,NO_CRASH,0.0000,,12.973133,77.595965
14:47:51.191,0.427444,-0.260606,-1.260229,0.054148,0.230584,0.126829,1.356024,0.268676,NORMAL,NO_CRASH,0.0000,,12.973143,77.595979
14:47:51.242,1.161949,0.334648,0.613777,-0.086288,0.195747,-0.024524,1.356038,0.215323,NORMAL,NO_CRASH,0.0000,,12.973143,77.595993
14:47:51.292,-0.692542,-1.979941,0.033478,0.060628,0.016715,0.002960,2.097833,0.062960,NORMAL,NO_CRASH,0.0000,,12.973146,77.595981
14:47:51.364,-0.926138,1.066341,-0.058767,-0.026379,-0.017877,0.140559,1.413601,0.144126,NORMAL,NO_CRASH,0.0000,,12.973138,77.595971
14:47:51.414,0.654335,-0.987810,-0.078516,0.021745,0.221194,-0.252422,1.187471,0.336328,NORMAL,NO_CRASH,0.0000,,12.973149,77.595983
14:47:51.464,0.078668,-0.401513,-1.370668,-0.080669,-0.098070,-0.041418,1.430430,0.133569,NORMAL,NO_CRASH,0.0000,,12.973146,77.595985
14:47:51.515,-0.125448,0.074875,-0.934958,0.012486,0.131341,0.049674,0.946303,0.140974,NORMAL,NO_CRASH,0.0000,,12.973167,77.595994
14:47:51.565,0.111214,-0.460486,-1.333681,0.037193,0.010136,-0.039816,1.415317,0.055420,NORMAL,NO_CRASH,0.0000,,12.973180,77.595984
14:47:51.616,1.355629,-0.848402,-0.154146,0.042600,-0.277361,0.043713,1.606635,0.283998,NORMAL,NO_CRASH,0.0000,,12.973188,77.595974
14:47:51.666,0.534478,-1.306689,-0.138212,-0.040335,-0.113249,0.055208,1.418522,0.132288,NORMAL,NO_CRASH,0.0000,,12.973182,77.595989
14:47:51.717,1.607805,-0.737642,0.627173,-0.010692,-0.073924,0.125984,1.876832,0.146462,NORMAL,NO_CRASH,0.0000,,12.973192,77.595991
14:47:51.767,0.504002,0.815242,-2.058051,0.000241,0.213832,-0.078702,2.270288,0.227856,NORMAL,NO_CRASH,0.0000,,12.973193,77.596009
14:47:51.817,0.273373,-0.729760,-0.660873,0.038497,-0.154380,0.048735,1.021781,0.166404,NORMAL,NO_CRASH,0.0000,,12.973200,77.596013
14:47:51.868,0.398832,1.348411,-0.223876,-0.012282,0.143678,-0.052947,1.423868,0.153615,NORMAL,NO_CRASH,0.0000,,12.973209,77.596024
14:47:51.918,-1.302680,1.248961,0.785464,-0.006270,0.106241,0.207781,1.968206,0.233451,NORMAL,NO_CRASH,0.0000,,12.973210,77.596036
14:47:51.968,-0.367188,0.288640,-0.471201,-0.021888,0.020006,0.064224,0.663453,0.070739,NORMAL,NO_CRASH,0.0000,,12.973203,77.596047
14:47:52.019,-0.233755,0.403358,-1.021409,-0.064332,-0.123683,-0.154699,1.122771,0.208250,NORMAL,NO_CRASH,0.0000,,12.973201,77.596060
14:47:52.070,0.128244,0.449778,-0.752902,-0.011895,0.048469,-0.044080,0.886346,0.066587,NORMAL,NO_CRASH,0.0000,,12.973195,77.596068
14:47:52.121,0.214337,-1.484628,-2.035400,0.005403,-0.033430,-0.078447,2.528421,0.085444,NORMAL,NO_CRASH,0.0000,,12.973209,77.596067
14:47:52.171,-1.222915,0.285987,1.602361,0.074837,-0.129205,0.113335,2.035895,0.187455,NORMAL,NO_CRASH,0.0000,,12.973212,77.596072
14:47:52.221,0.085726,-1.437417,-0.937795,-0.050008,0.185633,0.025270,1.718423,0.193905,NORMAL,NO_CRASH,0.0000,,12.973204,77.596092
14:47:52.272,0.055605,-0.539448,1.107402,-0.068079,0.012655,0.018266,1.233060,0.071614,NORMAL,NO_CRASH,0.0000,,12.973192,77.596106
14:47:52.323,-0.688690,0.000317,-0.479182,-0.056662,0.109755,0.088518,0.838993,0.151961,NORMAL,NO_CRASH,0.0000,,12.973206,77.596093
14:47:52.373,-0.584744,1.335702,0.033370,-0.059850,-0.278630,0.050485,1.458471,0.289422,NORMAL,NO_CRASH,0.0000,,12.973219,77.596111
14:47:52.423,0.556463,-0.404902,0.646997,0.126023,-0.159578,0.037279,0.944564,0.206728,NORMAL,NO_CRASH,0.0000,,12.973225,77.596106
14:47:52.474,2.298019,-0.073887,-1.293652,0.069750,0.180626,-0.143926,2.638160,0.241258,AGGRESSIVE,NO_CRASH,0.0000,,12.973225,77.596112
14:47:52.524,-1.247668,-0.408804,1.997513,0.008843,-0.023588,-0.097189,2.390367,0.100400,AGGRESSIVE,NO_CRASH,0.0000,,12.973234,77.596136
14:47:52.574,-0.958717,-0.417674,-1.715847,-0.019334,0.035037,-0.074015,2.009408,0.084141,AGGRESSIVE,NO_CRASH,0.0000,,12.973241,77.596157
14:47:52.625,0.351194,-0.934540,0.210856,0.017788,-0.163185,0.065237,1.020374,0.176640,AGGRESSIVE,NO_CRASH,0.0000,,12.973235,77.596172
14:47:52.675,-1.717943,-0.716710,0.055646,-0.006202,-0.051715,-0.022638,1.862283,0.056792,AGGRESSIVE,NO_CRASH,0.0000,,12.973250,77.596182
14:47:52.726,0.255407,-1.210474,-0.210410,-0.113257,-0.021583,-0.117500,1.254891,0.164618,AGGRESSIVE,NO_CRASH,0.0000,,12.973247,77.596198
14:47:52.776,0.994685,-0.402659,-0.032814,0.088260,-0.071486,-0.184534,1.073596,0.216686,AGGRESSIVE,NO_CRASH,0.0000,,12.973249,77.596206
14:47:52.827,-1.076007,-0.979110,1.008657,-0.063268,-0.067279,-0.005537,1.770264,0.092520,AGGRESSIVE,NO_CRASH,0.0000,,12.973254,77.596215
14:47:52.878,-2.822463,-1.609246,0.414269,-0.177045,-0.106340,0.121069,3.275300,0.239397,AGGRESSIVE,NO_CRASH,0.0000,,12.973259,77.596225
14:47:52.929,0.666045,0.905308,1.108521,-0.026880,-0.092987,0.047116,1.578612,0.107652,AGGRESSIVE,NO_CRASH,0.0000,,12.973267,77.596240
14:47:52.979,1.663560,-0.755962,1.816431,0.068227,0.097414,-0.077377,2.576496,0.141886,AGGRESSIVE,NO_CRASH,0.0000,,12.973263,77.596255
14:47:53.030,-0.634463,-0.507377,1.018589,0.144539,0.120728,-0.139232,1.302881,0.234206,AGGRESSIVE,NO_CRASH,0.0000,,12.973267,77.596248
14:47:53.080,-0.422710,-0.744257,0.869196,-0.087330,0.306972,-0.048897,1.219878,0.322877,AGGRESSIVE,NO_CRASH,0.0000,,12.973288,77.596261
14:47:53.130,-0.863683,1.505451,-1.673834,0.028692,-0.160192,-0.130251,2.411234,0.208447,AGGRESSIVE,NO_CRASH,0.0000,,12.973313,77.596266
14:47:53.181,-1.333100,-0.414538,-1.482847,0.029910,-0.131367,-0.041834,2.036623,0.141074,AGGRESSIVE,NO_CRASH,0.0000,,12.973333,77.596264
14:47:53.231,0.483330,1.123338,-0.252551,-0.015096,-0.106861,0.056863,1.248711,0.121985,AGGRESSIVE,NO_CRASH,0.0000,,12.973333,77.596265
14:47:53.283,-1.658498,0.812908,-1.088216,0.082694,-0.088529,-0.066608,2.143746,0.138247,AGGRESSIVE,NO_CRASH,0.0000,,12.973354,77.596286
14:47:53.333,1.935667,-1.308743,-0.351042,0.116547,-0.126880,0.141944,2.362805,0.223226,AGGRESSIVE,NO_CRASH,0.0000,,12.973367,77.596310
14:47:53.384,1.248488,-2.548941,-0.118051,-0.100661,0.072465,-0.104497,2.840732,0.162183,AGGRESSIVE,NO_CRASH,0.0000,,12.973359,77.596320
14:47:53.434,-2.842173,-1.490729,1.584158,-0.081948,-0.016210,-0.027422,3.579075,0.087922,AGGRESSIVE,NO_CRASH,0.0000,,12.973356,77.596309
14:47:53.485,-1.165367,0.229966,-2.474624,0.058908,0.204439,0.110359,2.744946,0.239676,AGGRESSIVE,NO_CRASH,0.0000,,12.973374,77.596317
14:47:53.535,0.761078,-1.246123,0.254419,-0.078255,0.109040,0.144159,1.482158,0.196965,AGGRESSIVE,NO_CRASH,0.0000,,12.973389,77.596317
14:47:53.586,-0.447617,-0.364532,0.428782,0.001169,0.245561,0.258519,0.719095,0.356558,AGGRESSIVE,NO_CRASH,0.0000,,12.973384,77.596310
14:47:53.636,0.413480,0.813256,1.130004,0.062194,0.062126,0.037505,1.452329,0.095574,AGGRESSIVE,NO_CRASH,0.0000,,12.973393,77.596319
14:47:53.686,-0.419408,-0.005179,-1.195802,-0.021419,-0.050795,-0.009180,1.267230,0.055886,AGGRESSIVE,NO_CRASH,0.0000,,12.973399,77.596331
14:47:53.737,1.426332,-0.414558,-1.066670,-0.054271,-0.111053,0.220266,1.828679,0.252577,AGGRESSIVE,NO_CRASH,0.0000,,12.973406,77.596347
14:47:53.788,0.337033,-1.527004,-0.952079,0.000392,-0.030360,-0.154008,1.830788,0.156972,AGGRESSIVE,NO_CRASH,0.0000,,12.973400,77.596341
14:47:53.838,1.143968,-1.100229,0.837949,-0.008957,-0.070057,-0.236031,1.794805,0.246371,AGGRESSIVE,NO_CRASH,0.0000,,12.973415,77.596336
14:47:53.888,1.393681,-1.084748,2.351462,-0.092115,0.213136,-0.057513,2.940816,0.239207,AGGRESSIVE,NO_CRASH,0.0000,,12.973428,77.596343
14:47:53.938,0.275717,-0.968304,1.255733,0.011400,0.076714,-0.092615,1.609502,0.120799,AGGRESSIVE,NO_CRASH,0.0000,,12.973428,77.596349
14:47:53.989,2.053938,2.217957,-1.067041,0.056036,0.039710,0.020949,3.205709,0.071804,AGGRESSIVE,NO_CRASH,0.0000,,12.973443,77.596369
14:47:54.039,0.862520,0.530457,0.589196,0.023986,-0.066830,0.157579,1.171528,0.172838,AGGRESSIVE,NO_CRASH,0.0000,,12.973455,77.596362
14:47:54.089,-0.549029,0.081318,-0.336184,-0.015409,-0.101859,-0.135650,0.648896,0.170334,AGGRESSIVE,NO_CRASH,0.0000,,12.973460,77.596354
14:47:54.139,3.579938,1.822210,-1.319493,-0.107151,0.286043,-0.062709,4.228175,0.311824,AGGRESSIVE,NO_CRASH,0.0000,,12.973471,77.596343
14:47:54.190,-0.602709,-1.048640,-1.299760,-0.095458,-0.057116,0.203836,1.775467,0.232215,AGGRESSIVE,NO_CRASH,0.0000,,12.973471,77.596341
14:47:54.240,-0.214839,-0.476011,0.492827,-0.012721,-0.074617,0.144517,0.718067,0.163140,AGGRESSIVE,NO_CRASH,0.0000,,12.973486,77.596349
14:47:54.290,0.400447,-0.052086,-0.269715,0.048597,0.234411,0.162236,0.485610,0.289190,AGGRESSIVE,NO_CRASH,0.0000,,12.973493,77.596355
14:47:54.341,-0.577057,-1.169563,-0.019067,-0.047511,0.116909,0.028198,1.304315,0.129307,AGGRESSIVE,NO_CRASH,0.0000,,12.973491,77.596376
14:47:54.391,1.567374,-0.588874,-0.591391,0.056540,0.066249,0.035241,1.775719,0.093956,AGGRESSIVE,NO_CRASH,0.0000,,12.973500,77.596400
14:47:54.442,1.898492,-0.700428,-0.056311,-0.085762,-0.073922,0.008948,2.024363,0.113576,AGGRESSIVE,NO_CRASH,0.0000,,12.973498,77.596407
14:47:54.492,-0.254110,-0.055163,0.269584,-0.066313,0.058857,0.101812,0.374554,0.135008,AGGRESSIVE,NO_CRASH,0.0000,,12.973492,77.596405
14:47:54.542,-1.163801,-1.180830,1.694183,0.039165,-0.157808,0.155109,2.370453,0.224714,AGGRESSIVE,NO_CRASH,0.0000,,12.973490,77.596428
14:47:54.592,-0.892690,-1.342033,-0.053036,0.007462,-0.109811,0.023478,1.612688,0.112541,AGGRESSIVE,NO_CRASH,0.0000,,12.973499,77.596451
14:47:54.650,1.931475,-1.881040,-1.197031,0.019512,0.158695,-0.134540,2.949880,0.208963,AGGRESSIVE,NO_CRASH,0.0000,,12.973499,77.596449
14:47:54.700,0.528143,-2.430284,-1.177099,0.082318,0.177428,0.122234,2.751504,0.230647,AGGRESSIVE,NO_CRASH,0.0000,,12.973520,77.596456
14:47:54.750,0.401332,0.323501,-1.441344,0.067698,0.052979,-0.073618,1.530750,0.113178,AGGRESSIVE,NO_CRASH,0.0000,,12.973525,77.596476
14:47:54.801,-0.139299,1.598398,2.313067,0.040582,-0.213441,0.056129,2.815059,0.224398,AGGRESSIVE,NO_CRASH,0.0000,,12.973548,77.596501
14:47:54.852,-1.188951,-2.499143,-0.210086,-0.090767,0.150574,-0.090693,2.775510,0.197829,AGGRESSIVE,NO_CRASH,0.0000,,12.973555,77.596519
14:47:54.902,0.649651,1.599528,0.999178,-0.005049,0.036883,-0.154393,1.994716,0.158818,AGGRESSIVE,NO_CRASH,0.0000,,12.973551,77.596542
14:47:54.953,-0.086740,-1.464275,-1.033579,0.060045,0.125798,0.148917,1.794411,0.203978,AGGRESSIVE,NO_CRASH,0.0000,,12.973575,77.596559
14:47:55.003,1.325375,0.176431,-2.144549,-0.044398,-0.071033,-0.147177,2.527219,0.169346,AGGRESSIVE,NO_CRASH,0.0000,,12.973571,77.596579
14:47:55.053,1.698597,0.190498,-1.497214,0.023202,0.200850,0.010820,2.272261,0.202475,AGGRESSIVE,NO_CRASH,0.0000,,12.973566,77.596598
14:47:55.104,0.045741,1.008617,1.303885,0.087535,-0.236740,0.039485,1.649096,0.255474,AGGRESSIVE,NO_CRASH,0.0000,,12.973574,77.596616
14:47:55.154,-0.145129,-0.543373,-0.739153,0.074635,-0.145282,-0.154378,0.928797,0.224744,AGGRESSIVE,NO_CRASH,0.0000,,12.973592,77.596619
14:47:55.205,-0.688907,0.469584,1.272412,0.044018,-0.163276,-0.072887,1.521228,0.184144,AGGRESSIVE,NO_CRASH,0.0000,,12.973613,77.596644
14:47:55.255,-1.656148,0.964229,-2.012054,-0.126531,0.055474,-0.104906,2.778656,0.173473,AGGRESSIVE,NO_CRASH,0.0000,,12.973611,77.596661
14:47:55.306,-1.743028,-2.313511,0.683865,-0.021160,0.213332,0.115106,2.976265,0.243327,AGGRESSIVE,NO_CRASH,0.0000,,12.973608,77.596659
14:47:55.356,2.678001,0.041474,-0.714103,-0.046907,0.220503,0.018328,2.771886,0.226181,AGGRESSIVE,NO_CRASH,0.0000,,12.973601,77.596648
14:47:55.407,1.028109,1.176815,-1.178781,0.113462,-0.138376,-0.021915,1.957403,0.180282,AGGRESSIVE,NO_CRASH,0.0000,,12.973618,77.596654
14:47:55.457,1.517315,-1.327197,-0.478211,0.038577,-0.091526,-0.270277,2.071807,0.287949,AGGRESSIVE,NO_CRASH,0.0000,,12.973637,77.596658
14:47:55.507,0.850550,-2.097873,-0.425909,-0.034047,-0.040012,0.035818,2.303455,0.063585,AGGRESSIVE,NO_CRASH,0.0000,,12.973660,77.596655
14:47:55.558,0.920472,-2.004882,-0.990921,0.095434,0.227291,-0.030098,2.418418,0.248344,AGGRESSIVE,NO_CRASH,0.0000,,12.973650,77.596668
14:47:55.608,0.770483,-2.079701,0.661013,0.179807,-0.027864,0.024409,2.314247,0.183583,AGGRESSIVE,NO_CRASH,0.0000,,12.973651,77.596686
14:47:55.658,-0.537560,-0.589541,-0.600089,-0.065488,-0.336346,-0.062275,0.998317,0.348275,AGGRESSIVE,NO_CRASH,0.0000,,12.973669,77.596690
14:47:55.709,-0.706655,-0.213556,2.192994,-0.000206,0.055034,0.153298,2.313912,0.162878,AGGRESSIVE,NO_CRASH,0.0000,,12.973666,77.596683
14:47:55.759,-0.082308,0.279395,-0.325348,-0.001544,-0.128518,0.081631,0.436678,0.152260,AGGRESSIVE,NO_CRASH,0.0000,,12.973675,77.596694
14:47:55.809,-0.513412,-1.289349,-0.618461,-0.102408,-0.064435,0.031673,1.519377,0.125070,AGGRESSIVE,NO_CRASH,0.0000,,12.973698,77.596697
14:47:55.859,-0.950697,-3.677397,1.265827,-0.050225,-0.010049,-0.214751,4.003673,0.220775,AGGRESSIVE,NO_CRASH,0.0000,,12.973712,77.596688
14:47:55.910,-0.481792,-0.115265,-1.678829,-0.102848,-0.095342,-0.047748,1.750393,0.148147,AGGRESSIVE,NO_CRASH,0.0000,,12.973704,77.596680
14:47:55.960,0.819552,1.631975,0.039432,0.142223,0.115817,0.005533,1.826626,0.183498,AGGRESSIVE,NO_CRASH,0.0000,,12.973720,77.596670
14:47:56.011,-0.330502,0.839966,0.227475,0.084518,-0.009376,-0.118010,0.930870,0.145456,AGGRESSIVE,NO_CRASH,0.0000,,12.973728,77.596666
14:47:56.061,0.743331,0.401418,-2.332734,-0.054201,0.329571,0.078424,2.480993,0.343082,AGGRESSIVE,NO_CRASH,0.0000,,12.973748,77.596659
14:47:56.112,-0.590336,1.747795,-0.015142,-0.117493,0.048382,-0.169119,1.844861,0.211534,AGGRESSIVE,NO_CRASH,0.0000,,12.973740,77.596666
14:47:56.162,-0.533760,0.382701,1.401494,-0.113346,-0.229489,0.126319,1.547755,0.285427,AGGRESSIVE,NO_CRASH,0.0000,,12.973760,77.596683
14:47:56.212,1.516291,-1.644724,-2.026362,-0.110801,0.108713,0.014464,3.018344,0.155899,AGGRESSIVE,NO_CRASH,0.0000,,12.973768,77.596687
14:47:56.263,3.082155,-2.301315,0.395607,-0.069065,-0.079969,0.122398,3.866812,0.161698,AGGRESSIVE,NO_CRASH,0.0000,,12.973772,77.596680
14:47:56.313,0.691986,-2.552364,0.763712,0.070388,-0.386825,0.121603,2.752573,0.411552,AGGRESSIVE,NO_CRASH,0.0000,,12.973788,77.596696
14:47:56.363,-0.219982,0.782697,-1.073330,-0.107995,0.144861,0.098957,1.346493,0.206010,AGGRESSIVE,NO_CRASH,0.0000,,12.973783,77.596700
14:47:56.414,-0.845996,1.709279,1.498807,0.019440,-0.045569,-0.114747,2.425648,0.124985,AGGRESSIVE,NO_CRASH,0.0000,,12.973778,77.596690
14:47:56.464,-0.744990,-0.248915,-0.439888,0.163618,0.288601,-0.064447,0.900261,0.337957,AGGRESSIVE,NO_CRASH,0.0000,,12.973777,77.596699
14:47:56.515,-2.574969,-1.081718,-1.257253,-0.035403,-0.094882,-0.011146,3.062885,0.101883,AGGRESSIVE,NO_CRASH,0.0000,,12.973783,77.596722
14:47:56.565,-1.343037,-1.521332,0.272307,-0.004024,0.040087,-0.107438,2.047523,0.114743,AGGRESSIVE,NO_CRASH,0.0000,,12.973786,77.596726
14:47:56.616,-1.571037,0.236013,0.231003,-0.043561,0.223740,0.107675,1.605373,0.252094,AGGRESSIVE,NO_CRASH,0.0000,,12.973798,77.596718
14:47:56.666,-1.272371,1.209007,1.572210,-0.114413,0.362451,0.178111,2.356368,0.419743,AGGRESSIVE,NO_CRASH,0.0000,,12.973789,77.596738
14:47:56.717,-2.267849,-0.436307,1.435072,-0.074000,-0.174362,0.200236,2.718995,0.275631,AGGRESSIVE,NO_CRASH,0.0000,,12.973801,77.596757
14:47:56.767,2.432370,1.396936,-0.169036,0.157291,0.090574,-0.098696,2.810058,0.206604,AGGRESSIVE,NO_CRASH,0.0000,,12.973824,77.596757
14:47:56.817,0.948695,-1.597366,-0.603729,0.062019,0.109616,-0.107930,1.953481,0.165864,AGGRESSIVE,NO_CRASH,0.0000,,12.973820,77.596749
14:47:56.868,0.352250,0.372464,0.039009,0.056399,0.210397,0.105227,0.514131,0.241910,AGGRESSIVE,NO_CRASH,0.0000,,12.973835,77.596750
14:47:56.918,-0.937756,0.182519,2.029063,0.026779,0.080375,-0.026017,2.242721,0.088623,AGGRESSIVE,NO_CRASH,0.0000,,12.973832,77.596747
14:47:56.968,0.696661,-1.308770,0.299975,0.087588,0.007933,0.129149,1.512680,0.156250,AGGRESSIVE,NO_CRASH,0.0000,,12.973836,77.596764
14:47:57.019,0.733704,1.846487,1.311524,-0.041977,-0.169662,0.030111,2.380741,0.177353,AGGRESSIVE,NO_CRASH,0.0000,,12.973848,77.596764
14:47:57.069,1.001553,-1.070177,-0.250047,-0.039571,-0.009034,-0.069104,1.486913,0.080143,AGGRESSIVE,NO_CRASH,0.0000,,12.973844,77.596782
14:47:57.119,0.620336,-0.573754,1.444041,-0.072963,-0.118347,0.040100,1.673101,0.144698,AGGRESSIVE,NO_CRASH,0.0000,,12.973861,77.596794
14:47:57.170,-0.113394,0.611702,-2.007730,0.046056,-0.068110,0.030712,2.101908,0.087769,AGGRESSIVE,NO_CRASH,0.0000,,12.973859,77.596808
14:47:57.220,0.955356,0.661968,0.836502,-0.077871,-0.023372,-0.139814,1.432007,0.161735,AGGRESSIVE,NO_CRASH,0.0000,,12.973880,77.596814
14:47:57.270,0.644432,-1.466238,-1.118915,-0.027520,-0.004647,0.001125,1.953745,0.027932,AGGRESSIVE,NO_CRASH,0.0000,,12.973898,77.596803
14:47:57.321,-1.474468,-0.677317,-0.542088,-0.149614,0.041684,-0.129911,1.710753,0.202482,AGGRESSIVE,NO_CRASH,0.0000,,12.973911,77.596794
14:47:57.371,0.615220,-0.307001,0.459671,0.020672,0.030610,0.038954,0.827069,0.053681,AGGRESSIVE,NO_CRASH,0.0000,,12.973910,77.596786
14:47:57.422,-1.501440,-2.464255,-0.879625,0.042263,0.073495,-0.097812,3.016723,0.129441,AGGRESSIVE,NO_CRASH,0.0000,,12.973910,77.596805
14:47:57.472,0.140712,0.616586,-0.620917,0.144665,-0.088678,-0.079704,0.886294,0.187469,AGGRESSIVE,NO_CRASH,0.0000,,12.973903,77.596801
14:47:57.522,0.261530,1.022297,-0.915520,0.010452,-0.083473,-0.107314,1.397021,0.136357,AGGRESSIVE,NO_CRASH,0.0000,,12.973902,77.596805
14:47:57.573,2.447458,-0.969535,1.011934,-0.063328,0.010725,-0.001806,2.820294,0.064255,AGGRESSIVE,NO_CRASH,0.0000,,12.973911,77.596827
14:47:57.623,0.280683,-0.391252,-1.877012,-0.011989,-0.053409,-0.089586,1.937791,0.104986,AGGRESSIVE,NO_CRASH,0.0000,,12.973916,77.596824
14:47:57.674,1.159782,-2.015673,-0.171691,0.097292,0.101773,-0.282912,2.331847,0.316010,AGGRESSIVE,NO_CRASH,0.0000,,12.973933,77.596826
14:47:57.724,-0.176338,2.373959,0.864096,-0.025772,-0.080835,0.259119,2.532477,0.272656,AGGRESSIVE,NO_CRASH,0.0000,,12.973948,77.596830
14:47:57.775,0.849538,0.066490,-0.051441,0.009413,0.330113,0.095012,0.853687,0.343642,AGGRESSIVE,NO_CRASH,0.0000,,12.973970,77.596848
14:47:57.825,1.187160,1.027662,-0.819644,-0.014262,0.006789,-0.082581,1.771229,0.084078,AGGRESSIVE,NO_CRASH,0.0000,,12.973972,77.596853
14:47:57.887,0.179976,-0.143766,-1.470509,-0.083637,-0.100567,0.055329,1.488441,0.142022,AGGRESSIVE,NO_CRASH,0.0000,,12.973969,77.596863
14:47:57.935,-0.400995,-0.345666,1.178223,0.012678,0.054323,0.122221,1.291701,0.134349,AGGRESSIVE,NO_CRASH,0.0000,,12.973984,77.596854
14:47:57.985,-1.810827,-0.390997,-0.851094,0.081006,0.142203,-0.049626,2.038709,0.171016,AGGRESSIVE,NO_CRASH,0.0000,,12.973985,77.596874
14:47:58.035,0.882835,-0.604112,1.962828,-0.012338,0.093662,0.083527,2.235407,0.126101,AGGRESSIVE,NO_CRASH,0.0000,,12.974006,77.596871
14:47:58.086,0.774160,-3.393234,-1.251778,0.006946,-0.164324,0.238954,3.698690,0.290085,AGGRESSIVE,NO_CRASH,0.0000,,12.974010,77.596869
14:47:58.136,0.005641,1.012093,-1.789702,0.079428,-0.102386,0.164958,2.056064,0.209769,AGGRESSIVE,NO_CRASH,0.0000,,12.974012,77.596873
14:47:58.187,1.571301,-0.417883,0.265485,0.007122,0.054538,-0.010512,1.647451,0.055997,AGGRESSIVE,NO_CRASH,0.0000,,12.974013,77.596887
14:47:58.237,-1.248933,-3.480343,-0.825729,0.162174,0.077895,0.167375,3.788726,0.245729,AGGRESSIVE,NO_CRASH,0.0000,,12.974016,77.596908
14:47:58.287,1.070224,-0.546728,-0.367919,0.044161,0.098382,-0.266684,1.256844,0.287662,AGGRESSIVE,NO_CRASH,0.0000,,12.974027,77.596905
14:47:58.338,1.019469,-2.227587,-0.708597,-0.026098,0.195006,0.216026,2.550211,0.292192,AGGRESSIVE,NO_CRASH,0.0000,,12.974025,77.596915
14:47:58.388,-1.698479,-0.031373,1.221765,-0.003423,0.040428,-0.090284,2.092492,0.098982,AGGRESSIVE,NO_CRASH,0.0000,,12.974016,77.596910
14:47:58.438,-1.060171,-0.641434,0.270691,-0.127677,-0.159358,0.147330,1.268335,0.251798,AGGRESSIVE,NO_CRASH,0.0000,,12.974010,77.596916
14:47:58.488,0.837916,0.805063,-2.005683,-0.012676,-0.167193,0.018023,2.317972,0.168639,AGGRESSIVE,NO_CRASH,0.0000,,12.974017,77.596931
14:47:58.539,0.164066,-0.987590,0.128971,0.171319,0.169617,-0.131681,1.009399,0.274700,AGGRESSIVE,NO_CRASH,0.0000,,12.974017,77.596936
14:47:58.589,-2.026396,-0.614459,-0.475872,0.024137,-0.058615,-0.171993,2.170321,0.183303,AGGRESSIVE,NO_CRASH,0.0000,,12.974021,77.596936
14:47:58.640,-1.884414,0.194128,-0.791948,-0.081600,0.110581,0.044691,2.053262,0.144513,AGGRESSIVE,NO_CRASH,0.0000,,12.974046,77.596939
14:47:58.690,-0.271492,1.378194,0.435895,-0.036967,0.114443,-0.092137,1.470758,0.151503,AGGRESSIVE,NO_CRASH,0.0000,,12.974045,77.596942
14:47:58.741,0.330172,1.325856,-0.570657,0.062639,0.035862,-0.134432,1.480728,0.152583,AGGRESSIVE,NO_CRASH,0.0000,,12.974036,77.596936
14:47:58.791,-0.433939,1.523624,-2.936903,-0.014001,0.184779,-0.170065,3.336935,0.251519,AGGRESSIVE,NO_CRASH,0.0000,,12.974049,77.596941
14:47:58.841,-0.661425,0.643878,0.041221,0.059649,0.241097,-0.183888,0.923992,0.309032,AGGRESSIVE,NO_CRASH,0.0000,,12.974072,77.596960
14:47:58.891,-0.084640,-0.189520,-1.701505,0.059907,-0.270056,0.139882,1.714118,0.309978,AGGRESSIVE,NO_CRASH,0.0000,,12.974064,77.596960
14:47:58.942,2.980212,0.378331,0.335271,0.081935,-0.111212,-0.013643,3.022781,0.138807,AGGRESSIVE,NO_CRASH,0.0000,,12.974087,77.596952
14:47:58.992,-0.055026,1.486542,-0.066649,0.135187,-0.136211,0.132571,1.489053,0.233247,AGGRESSIVE,NO_CRASH,0.0000,,12.974103,77.596962
14:47:59.043,-0.740337,-0.445308,0.581881,-0.064731,-0.061980,0.105358,1.041626,0.138318,AGGRESSIVE,NO_CRASH,0.0000,,12.974101,77.596979
14:47:59.093,0.056901,-0.641335,-0.597138,0.048312,-0.139956,0.142950,0.878136,0.205807,AGGRESSIVE,NO_CRASH,0.0000,,12.974106,77.596986
14:47:59.143,-0.409721,1.634952,1.824801,-0.084917,0.060303,0.195055,2.484117,0.221120,AGGRESSIVE,NO_CRASH,0.0000,,12.974114,77.596983
14:47:59.194,0.047532,0.887385,-0.339257,-0.006843,0.139858,0.071218,0.951213,0.157096,AGGRESSIVE,NO_CRASH,0.0000,,12.974115,77.596991
14:47:59.244,-1.034850,-1.092709,0.878476,0.090176,-0.191286,0.108437,1.742598,0.237657,AGGRESSIVE,NO_CRASH,0.0000,,12.974105,77.597000
14:47:59.295,-0.008123,0.559591,0.484985,-0.052621,-0.136890,-0.111136,0.740553,0.184008,AGGRESSIVE,NO_CRASH,0.0000,,12.974112,77.597022
14:47:59.346,0.822421,-1.064637,-0.650774,-0.141091,-0.012877,-0.121620,1.494435,0.186718,AGGRESSIVE,NO_CRASH,0.0000,,12.974129,77.597044
14:47:59.396,0.780340,1.536885,0.363568,-0.071857,0.030209,-0.356370,1.761570,0.364795,AGGRESSIVE,NO_CRASH,0.0000,,12.974127,77.597057
14:47:59.446,0.991164,-2.199247,0.147399,-0.034965,0.000640,-0.142931,2.416779,0.147147,AGGRESSIVE,NO_CRASH,0.0000,,12.974117,77.597059
14:47:59.497,1.328726,1.048739,-1.578880,0.027371,-0.067126,0.033301,2.314784,0.079775,AGGRESSIVE,NO_CRASH,0.0000,,12.974117,77.597083
14:47:59.547,0.402733,-0.449578,1.024721,-0.003272,-0.054637,0.274208,1.189272,0.279618,AGGRESSIVE,NO_CRASH,0.0000,,12.974119,77.597079
14:47:59.598,1.867998,-2.430778,-0.465494,0.003810,-0.013784,0.158580,3.100771,0.159223,AGGRESSIVE,NO_CRASH,0.0000,,12.974125,77.597088
14:47:59.648,0.133959,-0.654395,-1.719881,-0.028188,0.272275,0.108121,1.845038,0.294310,AGGRESSIVE,NO_CRASH,0.0000,,12.974135,77.597099
14:47:59.698,-1.588671,-0.338884,-0.818668,0.086770,0.392942,0.012392,1.819048,0.402599,AGGRESSIVE,NO_CRASH,0.0000,,12.974146,77.597120
14:47:59.749,0.423031,-1.674115,-0.467434,0.047685,0.025280,0.167659,1.788885,0.176132,AGGRESSIVE,NO_CRASH,0.0000,,12.974168,77.597116
14:47:59.799,-0.086691,1.756992,0.124469,0.081745,0.165046,0.136498,1.763528,0.229247,AGGRESSIVE,NO_CRASH,0.0000,,12.974171,77.597134
14:47:59.849,0.103748,-1.993353,-0.274147,0.088051,0.176526,0.091090,2.014790,0.217283,AGGRESSIVE,NO_CRASH,0.0000,,12.974166,77.597124
14:47:59.900,-1.192556,1.783768,-1.566677,0.036029,0.098595,0.075617,2.656783,0.129372,AGGRESSIVE,NO_CRASH,0.0000,,12.974158,77.597134
14:47:59.950,-0.783387,1.838251,-1.596830,-0.042804,0.225507,0.029385,2.557876,0.231407,AGGRESSIVE,NO_CRASH,0.0000,,12.974168,77.597155
14:48:00.000,-0.532367,-0.233758,1.769600,0.054539,0.156647,0.294655,1.862670,0.338134,AGGRESSIVE,NO_CRASH,0.0000,,12.974177,77.597177
14:48:00.051,0.013608,0.240844,-0.702050,0.063891,-0.115152,-0.080043,0.742338,0.154107,AGGRESSIVE,NO_CRASH,0.0000,,12.974168,77.597185
14:48:00.101,1.386947,-1.239572,0.303334,0.038114,0.179968,0.220988,1.884720,0.287536,AGGRESSIVE,NO_CRASH,0.0000,,12.974189,77.597181
14:48:00.152,-0.886661,-1.463840,0.454645,-0.152666,-0.084120,0.056435,1.770790,0.183215,AGGRESSIVE,NO_CRASH,0.0000,,12.974191,77.597188
14:48:00.202,0.882242,-0.696220,-0.042454,0.006932,-0.018837,-0.031576,1.124667,0.037416,AGGRESSIVE,NO_CRASH,0.0000,,12.974188,77.597178
14:48:00.252,1.865702,-2.381060,-0.541360,-0.058863,-0.169291,0.110650,3.073005,0.210637,AGGRESSIVE,NO_CRASH,0.0000,,12.974212,77.597167
14:48:00.303,-0.153555,-0.295402,1.658783,-0.055183,-0.007907,-0.035965,1.691863,0.066341,AGGRESSIVE,NO_CRASH,0.0000,,12.974230,77.597181
14:48:00.353,-0.652264,1.420435,1.947160,0.097988,0.039177,0.041760,2.496902,0.113492,AGGRESSIVE,NO_CRASH,0.0000,,12.974225,77.597199
14:48:00.403,-0.397112,-0.151127,-1.754045,-0.028164,0.185391,-0.075399,1.804775,0.202110,AGGRESSIVE,NO_CRASH,0.0000,,12.974215,77.597206
14:48:00.454,-2.689877,-0.467437,0.285330,-0.031044,0.160011,0.044695,2.745059,0.169011,AGGRESSIVE,NO_CRASH,0.0000,,12.974211,77.597226
14:48:00.504,0.112526,0.081063,0.730561,-0.010663,0.104455,-0.175786,0.743608,0.204757,AGGRESSIVE,NO_CRASH,0.0000,,12.974217,77.597220
14:48:00.555,0.445911,0.073658,-1.104464,-0.002014,-0.014752,0.019319,1.193358,0.024390,AGGRESSIVE,NO_CRASH,0.0000,,12.974210,77.597243
14:48:00.606,1.339493,-0.188211,1.492666,0.086974,0.012930,0.082517,2.014378,0.120585,AGGRESSIVE,NO_CRASH,0.0000,,12.974224,77.597262
14:48:00.656,-0.386441,-1.164475,0.428677,0.100005,0.088856,-0.053382,1.299654,0.144035,AGGRESSIVE,NO_CRASH,0.0000,,12.974235,77.597260
14:48:00.706,-0.635587,-1.516705,-0.014034,0.028527,-0.142490,0.156892,1.644556,0.213851,AGGRESSIVE,NO_CRASH,0.0000,,12.974232,77.597271
14:48:00.757,-1.508493,-2.027427,-0.349305,-0.056042,-0.141313,0.070976,2.551083,0.167772,AGGRESSIVE,NO_CRASH,0.0000,,12.974232,77.597278
14:48:00.807,0.618707,-0.871305,1.078986,-0.079744,-0.119640,-0.058154,1.518612,0.155096,AGGRESSIVE,NO_CRASH,0.0000,,12.974223,77.597285
14:48:00.858,3.492659,0.057675,0.337034,0.091254,-0.155654,-0.159281,3.509357,0.240678,AGGRESSIVE,NO_CRASH,0.0000,,12.974244,77.597281
14:48:00.908,2.824710,0.758358,-1.800787,0.069746,0.223273,-0.115887,3.434666,0.261046,AGGRESSIVE,NO_CRASH,0.0000,,12.974258,77.597275
14:48:00.959,0.546302,-0.237398,1.913807,-0.043990,0.029076,0.014353,2.004361,0.054650,AGGRESSIVE,NO_CRASH,0.0000,,12.974264,77.597264
14:48:01.009,-1.614976,-1.730033,0.282599,-0.013565,-0.089208,-0.038465,2.383490,0.098090,AGGRESSIVE,NO_CRASH,0.0000,,12.974269,77.597262
14:48:01.059,0.586853,1.829505,-0.181561,0.094208,-0.021533,-0.028694,1.929883,0.100808,AGGRESSIVE,NO_CRASH,0.0000,,12.974285,77.597279
14:48:01.109,0.347946,-1.506957,-1.049593,-0.018864,0.222497,-0.259103,1.869125,0.342046,AGGRESSIVE,NO_CRASH,0.0000,,12.974286,77.597284
14:48:01.160,-0.913528,0.369673,-1.086933,-0.013019,-0.048274,0.032601,1.467179,0.059688,AGGRESSIVE,NO_CRASH,0.0000,,12.974280,77.597310
14:48:01.210,-0.173458,-1.793711,0.588375,-0.026823,0.108587,-0.089443,1.895699,0.143215,AGGRESSIVE,NO_CRASH,0.0000,,12.974278,77.597301
14:48:01.261,0.781740,-1.055768,0.004728,-0.057923,0.079856,0.108127,1.313692,0.146368,AGGRESSIVE,NO_CRASH,0.0000,,12.974279,77.597309
14:48:01.312,-1.867293,-0.107776,0.630910,0.026717,0.335081,0.201126,1.973942,0.391720,AGGRESSIVE,NO_CRASH,0.0000,,12.974290,77.597305
14:48:01.362,-2.193398,-0.297166,-0.626514,0.008431,-0.112989,0.156503,2.300396,0.193211,AGGRESSIVE,NO_CRASH,0.0000,,12.974297,77.597299
14:48:01.412,1.148272,-0.121152,-0.958859,-0.108166,-0.219706,-0.015511,1.500872,0.245379,AGGRESSIVE,NO_CRASH,0.0000,,12.974313,77.597308
14:48:01.462,0.367244,1.293808,0.690005,-0.018245,-0.078632,0.031625,1.511594,0.086695,AGGRESSIVE,NO_CRASH,0.0000,,12.974334,77.597310
14:48:01.513,1.200622,-0.365248,0.551675,-0.037764,0.020469,0.032642,1.370855,0.053950,AGGRESSIVE,NO_CRASH,0.0000,,12.974344,77.597308
14:48:01.563,0.977902,-0.023829,-0.087581,0.044865,0.060085,-0.089829,0.982105,0.117014,AGGRESSIVE,NO_CRASH,0.0000,,12.974336,77.597320
14:48:01.614,1.966381,-0.851289,0.736802,0.005877,0.113865,-0.007844,2.265883,0.114286,AGGRESSIVE,NO_CRASH,0.0000,,12.974337,77.597320
14:48:01.665,-1.861290,0.291306,-0.071174,0.072995,-0.075618,-0.095892,1.885292,0.142273,AGGRESSIVE,NO_CRASH,0.0000,,12.974352,77.597319
14:48:01.715,1.050745,0.712117,-0.339469,-0.022691,-0.130299,-0.375881,1.313931,0.398471,AGGRESSIVE,NO_CRASH,0.0000,,12.974364,77.597319
14:48:01.765,0.420228,-0.620464,-1.110185,0.023238,0.098558,0.177840,1.339432,0.204648,AGGRESSIVE,NO_CRASH,0.0000,,12.974379,77.597330
14:48:01.816,0.074153,0.024662,-1.192983,0.043445,0.062566,-0.265404,1.195540,0.276118,AGGRESSIVE,NO_CRASH,0.0000,,12.974394,77.597326
14:48:01.866,0.656225,0.216784,0.425597,0.105123,0.079876,-0.062482,0.811640,0.146066,AGGRESSIVE,NO_CRASH,0.0000,,12.974401,77.597347
14:48:01.917,0.235753,-0.754668,-1.092988,-0.007338,-0.074430,-0.073653,1.348972,0.104969,AGGRESSIVE,NO_CRASH,0.0000,,12.974423,77.597354
14:48:01.967,2.624154,0.724386,-0.719656,0.069521,0.215866,0.437483,2.815817,0.492770,AGGRESSIVE,NO_CRASH,0.0000,,12.974413,77.597347
14:48:02.018,1.385649,-1.699038,-0.150637,0.038987,0.099966,0.010464,2.197600,0.107809,AGGRESSIVE,NO_CRASH,0.0000,,12.974421,77.597357
14:48:02.068,-0.790002,0.852280,1.586164,-0.085541,0.121870,0.019105,1.966316,0.150115,AGGRESSIVE,NO_CRASH,0.0000,,12.974428,77.597378
14:48:02.119,0.020234,1.981114,0.019900,0.050652,-0.127588,0.098578,1.981317,0.169003,AGGRESSIVE,NO_CRASH,0.0000,,12.974429,77.597384
14:48:02.169,-0.271496,-1.073084,-0.696740,0.061508,0.248667,0.038415,1.307924,0.259026,AGGRESSIVE,NO_CRASH,0.0000,,12.974419,77.597376
14:48:02.219,0.717970,0.497997,-0.013603,0.063354,-0.065947,0.074473,0.873880,0.117936,AGGRESSIVE,NO_CRASH,0.0000,,12.974410,77.597376
14:48:02.270,1.614619,-0.461173,-0.255249,-0.022533,0.038942,0.001856,1.698478,0.045030,AGGRESSIVE,NO_CRASH,0.0000,,12.974413,77.597386
14:48:02.320,1.682182,0.224564,0.725908,-0.026246,-0.272334,-0.161993,1.845835,0.317956,AGGRESSIVE,NO_CRASH,0.0000,,12.974426,77.597404
14:48:02.371,1.220988,1.223396,-2.040145,0.022945,-0.017837,-0.121518,2.673892,0.124945,AGGRESSIVE,NO_CRASH,0.0000,,12.974428,77.597423
14:48:02.421,-0.843593,0.185954,0.618642,-0.076559,-0.138942,-0.073410,1.062519,0.174800,AGGRESSIVE,NO_CRASH,0.0000,,12.974450,77.597414
14:48:02.471,-0.457500,0.045364,-1.688047,0.017529,-0.046229,-0.171304,1.749534,0.178296,AGGRESSIVE,NO_CRASH,0.0000,,12.974447,77.597408
14:48:02.522,0.227427,-1.020783,-0.641723,-0.108621,-0.079310,-0.065889,1.227000,0.149766,AGGRESSIVE,NO_CRASH,0.0000,,12.974466,77.597412
14:48:02.572,-1.223058,-0.135569,-0.426483,-0.045346,-0.088690,0.138771,1.302358,0.170820,AGGRESSIVE,NO_CRASH,0.0000,,12.974488,77.597429
14:48:02.623,-0.464349,-0.474463,-0.266348,-0.017547,0.196828,0.064258,0.715316,0.207794,AGGRESSIVE,NO_CRASH,0.0000,,12.974505,77.597425
14:48:02.674,-0.176871,-1.206870,-1.862565,-0.061462,0.217276,-0.056541,2.226425,0.232773,AGGRESSIVE,NO_CRASH,0.0000,,12.974495,77.597422
14:48:02.724,1.802309,0.186321,-0.113174,-0.062275,0.117195,0.196304,1.815446,0.236956,AGGRESSIVE,NO_CRASH,0.0000,,12.974502,77.597431
14:48:02.774,-0.573191,-1.297686,1.441253,0.034482,0.123477,-0.121288,2.022312,0.176484,AGGRESSIVE,NO_CRASH,0.0000,,12.974514,77.597444
14:48:02.825,-0.795650,-0.749508,-1.455017,-0.019505,-0.141855,-0.006069,1.819861,0.143318,AGGRESSIVE,NO_CRASH,0.0000,,12.974523,77.597461
14:48:02.875,0.837027,0.208420,0.187340,-0.059437,0.083067,-0.109460,0.882694,0.149714,AGGRESSIVE,NO_CRASH,0.0000,,12.974523,77.597472
14:48:02.926,-0.706411,-1.009070,-0.056661,-0.025976,0.007559,0.178698,1.233065,0.180734,AGGRESSIVE,NO_CRASH,0.0000,,12.974532,77.597487
14:48:02.976,0.399085,1.971064,0.198944,-0.046421,-0.050716,-0.039134,2.020876,0.079111,AGGRESSIVE,NO_CRASH,0.0000,,12.974554,77.597485
14:48:03.026,0.752202,0.353589,0.166779,-0.052853,0.034148,-0.074805,0.847732,0.097751,AGGRESSIVE,NO_CRASH,0.0000,,12.974570,77.597487
14:48:03.077,0.728261,-1.787706,1.128052,-0.016410,-0.219020,-0.014853,2.235790,0.220135,AGGRESSIVE,NO_CRASH,0.0000,,12.974561,77.597491
14:48:03.127,0.458497,0.042699,-1.047429,-0.115723,-0.056211,0.194549,1.144181,0.233240,AGGRESSIVE,NO_CRASH,0.0000,,12.974577,77.597493
14:48:03.178,-0.206833,-1.040878,0.378724,-0.042481,-0.033940,-0.043661,1.126783,0.069734,AGGRESSIVE,NO_CRASH,0.0000,,12.974591,77.597494
14:48:03.228,-0.493059,0.790661,0.695525,-0.124032,0.014332,0.124636,1.162759,0.176418,AGGRESSIVE,NO_CRASH,0.0000,,12.974583,77.597494
14:48:03.278,-0.075402,-1.233341,1.064769,-0.015700,0.097382,-0.069279,1.631119,0.120538,AGGRESSIVE,NO_CRASH,0.0000,,12.974581,77.597520
14:48:03.329,0.906427,-0.262123,-0.695810,-0.061373,-0.229060,0.139704,1.172378,0.275231,AGGRESSIVE,NO_CRASH,0.0000,,12.974601,77.597521
14:48:03.379,-0.689731,0.124163,0.797031,-0.077358,-0.027851,-0.052679,1.061322,0.097648,AGGRESSIVE,NO_CRASH,0.0000,,12.974594,77.597521
14:48:03.429,-0.102326,1.269337,1.596436,-0.041112,-0.036836,0.307445,2.042130,0.312361,AGGRESSIVE,NO_CRASH,0.0000,,12.974611,77.597515
14:48:03.480,-0.457336,-1.051379,-0.242745,0.087046,-0.035645,-0.017355,1.171955,0.095649,AGGRESSIVE,NO_CRASH,0.0000,,12.974602,77.597504
14:48:03.530,-1.382702,0.080655,-0.371438,0.078338,0.091626,-0.013746,1.433993,0.121331,AGGRESSIVE,NO_CRASH,0.0000,,12.974602,77.597520
14:48:03.580,-0.261582,-0.208554,0.554921,-0.017905,0.228208,0.032155,0.647963,0.231156,AGGRESSIVE,NO_CRASH,0.0000,,12.974625,77.597512
14:48:03.630,-0.870227,-0.923057,-1.376587,-0.005377,0.041944,-0.008612,1.871983,0.043155,AGGRESSIVE,NO_CRASH,0.0000,,12.974627,77.597508
14:48:03.681,0.479589,-1.494172,0.141835,-0.013468,0.004883,-0.002568,1.575650,0.014554,AGGRESSIVE,NO_CRASH,0.0000,,12.974618,77.597506
14:48:03.731,-0.296370,-0.492013,-1.173591,-0.002181,0.015067,-0.070495,1.306610,0.072120,AGGRESSIVE,NO_CRASH,0.0000,,12.974614,77.597515
14:48:03.781,0.169911,-0.624817,-0.887164,-0.000884,-0.175830,0.275125,1.098329,0.326513,AGGRESSIVE,NO_CRASH,0.0000,,12.974621,77.597529
14:48:03.832,0.213765,-1.218569,-1.514304,-0.014342,-0.163169,-0.142315,1.955434,0.216987,AGGRESSIVE,NO_CRASH,0.0000,,12.974644,77.597550
14:48:03.882,1.435877,1.433911,3.047033,-0.055037,0.071534,0.128115,3.660909,0.156716,AGGRESSIVE,NO_CRASH,0.0000,,12.974635,77.597568
14:48:03.932,1.745371,1.705261,-0.154087,-0.101635,-0.123096,0.152900,2.444990,0.221045,AGGRESSIVE,NO_CRASH,0.0000,,12.974634,77.597574
14:48:03.983,2.053121,-0.158428,1.963107,-0.021799,-0.102623,0.279833,2.845029,0.298853,AGGRESSIVE,NO_CRASH,0.0000,,12.974636,77.597592
14:48:04.033,0.395491,0.345817,0.490443,-0.008033,-0.008661,-0.157813,0.718705,0.158255,AGGRESSIVE,NO_CRASH,0.0000,,12.974631,77.597605
14:48:04.084,-1.294330,-0.873748,-2.794715,-0.142539,0.032447,0.225202,3.201431,0.268488,AGGRESSIVE,NO_CRASH,0.0000,,12.974628,77.597619
14:48:04.134,0.053419,-0.730690,-0.581665,-0.046355,-0.083217,0.145246,0.935466,0.173696,AGGRESSIVE,NO_CRASH,0.0000,,12.974621,77.597633
14:48:04.184,0.007093,1.229951,-0.420673,-0.028518,-0.076680,-0.092814,1.299922,0.123724,AGGRESSIVE,NO_CRASH,0.0000,,12.974640,77.597648
14:48:04.234,-3.230438,-0.404457,0.554366,-0.043791,-0.101235,-0.220242,3.302519,0.246318,AGGRESSIVE,NO_CRASH,0.0000,,12.974631,77.597647
14:48:04.285,2.401514,2.832617,0.297225,-0.024472,-0.034931,0.075684,3.725497,0.086874,AGGRESSIVE,NO_CRASH,0.0000,,12.974638,77.597636
14:48:04.335,0.444606,-1.865925,-0.630316,-0.129573,0.116474,-0.038474,2.019071,0.178426,AGGRESSIVE,NO_CRASH,0.0000,,12.974655,77.597655
14:48:04.386,0.807124,0.583792,-0.377066,-0.043343,-0.179523,-0.024718,1.065101,0.186328,AGGRESSIVE,NO_CRASH,0.0000,,12.974655,77.597648
14:48:04.436,0.151641,-0.497598,0.838962,-0.070741,0.177502,0.117563,0.987145,0.224348,AGGRESSIVE,NO_CRASH,0.0000,,12.974675,77.597671
14:48:04.486,1.368534,-0.407231,0.713392,-0.096554,-0.047021,0.149792,1.596136,0.184313,AGGRESSIVE,NO_CRASH,0.0000,,12.974693,77.597688
14:48:04.536,1.583748,-3.022996,-0.358634,0.036258,-0.088628,-0.196601,3.431528,0.218682,AGGRESSIVE,NO_CRASH,0.0000,,12.974706,77.597694
14:48:04.586,-0.326378,-0.194786,-0.829005,-0.140665,-0.134026,-0.206121,0.911984,0.283259,AGGRESSIVE,NO_CRASH,0.0000,,12.974715,77.597708
14:48:04.637,-0.933707,-1.885124,-1.716901,0.127316,0.011432,0.006153,2.715373,0.127976,AGGRESSIVE,NO_CRASH,0.0000,,12.974723,77.597730
14:48:04.687,-0.397857,-1.772265,0.478296,-0.069478,0.047741,0.153839,1.878292,0.175422,AGGRESSIVE,NO_CRASH,0.0000,,12.974723,77.597724
14:48:04.738,-0.317183,-0.952332,1.991679,-0.088306,-0.153811,-0.223201,2.230320,0.285086,AGGRESSIVE,NO_CRASH,0.0000,,12.974723,77.597713
14:48:04.788,0.174338,0.510723,-0.797554,-0.013045,0.316609,0.208065,0.962977,0.379081,AGGRESSIVE,NO_CRASH,0.0000,,12.974731,77.597726
14:48:04.838,0.149608,1.012495,0.556851,-0.089553,-0.181194,0.022726,1.165166,0.203390,AGGRESSIVE,NO_CRASH,0.0000,,12.974741,77.597748
14:48:04.889,0.531467,0.713847,0.288699,0.000867,0.029623,0.032007,0.935619,0.043620,AGGRESSIVE,NO_CRASH,0.0000,,12.974744,77.597749
14:48:04.939,-1.060369,-1.300982,-1.404849,0.087153,-0.088848,0.210516,2.188730,0.244554,AGGRESSIVE,NO_CRASH,0.0000,,12.974752,77.597750
14:48:04.989,0.432101,-0.232739,0.772731,0.022738,-0.093872,-0.005250,0.915419,0.096729,AGGRESSIVE,NO_CRASH,0.0000,,12.974751,77.597740
14:48:05.040,-2.250654,0.112291,0.184511,0.018522,-0.167739,0.023925,2.260995,0.170446,AGGRESSIVE,NO_CRASH,0.0000,,12.974741,77.597729
14:48:05.090,-1.433033,0.215984,-0.194886,-0.106728,-0.237421,-0.081836,1.462263,0.272867,AGGRESSIVE,NO_CRASH,0.0000,,12.974743,77.597754
14:48:05.141,0.174007,-0.327072,-0.886907,0.042640,0.066018,-0.041604,0.961175,0.088924,AGGRESSIVE,NO_CRASH,0.0000,,12.974768,77.597776
14:48:05.191,-0.768986,-0.852669,0.026874,0.057143,-0.041826,-0.174114,1.148523,0.187964,AGGRESSIVE,NO_CRASH,0.0000,,12.974775,77.597801
14:48:05.241,-0.221707,1.815524,-1.139917,-0.007178,0.165366,0.111615,2.155155,0.199638,AGGRESSIVE,NO_CRASH,0.0000,,12.974793,77.597822
14:48:05.292,0.433833,-1.324949,-0.770313,-0.090157,-0.093753,0.058017,1.592822,0.142422,AGGRESSIVE,NO_CRASH,0.0000,,12.974817,77.597827
14:48:05.342,-1.006499,-0.489453,0.863790,-0.078503,0.009429,0.024824,1.413767,0.082873,AGGRESSIVE,NO_CRASH,0.0000,,12.974821,77.597830
14:48:05.393,1.763415,1.013085,0.933580,-0.047848,-0.005268,0.214722,2.237755,0.220051,AGGRESSIVE,NO_CRASH,0.0000,,12.974823,77.597820
14:48:05.443,-2.126807,1.130227,-0.031912,0.014326,0.034476,0.203998,2.408680,0.207386,AGGRESSIVE,NO_CRASH,0.0000,,12.974846,77.597820
14:48:05.494,1.875386,-0.332836,0.517255,0.156303,0.022884,0.135998,1.973678,0.208446,AGGRESSIVE,NO_CRASH,0.0000,,12.974866,77.597832
14:48:05.544,-0.950695,0.849713,0.111534,-0.187825,0.037483,0.014423,1.279950,0.192071,AGGRESSIVE,NO_CRASH,0.0000,,12.974870,77.597836
14:48:05.594,-0.851644,1.265404,-0.277695,-0.069961,-0.092199,0.177170,1.550374,0.211623,AGGRESSIVE,NO_CRASH,0.0000,,12.974860,77.597845
14:48:05.645,1.011178,0.206354,-0.424752,0.008195,0.167033,0.217612,1.116009,0.274448,AGGRESSIVE,NO_CRASH,0.0000,,12.974854,77.597857
14:48:05.695,-0.408895,0.431100,-0.845711,0.111394,-0.232591,0.111843,1.033571,0.281098,AGGRESSIVE,NO_CRASH,0.0000,,12.974867,77.597869
14:48:05.746,-1.182918,1.576331,-0.827449,-0.060936,-0.022945,0.094180,2.137471,0.114497,AGGRESSIVE,NO_CRASH,0.0000,,12.974891,77.597862
14:48:05.796,0.327096,-0.308791,-0.255373,0.012954,0.120650,0.169460,0.517261,0.208424,AGGRESSIVE,NO_CRASH,0.0000,,12.974881,77.597863
14:48:05.847,-0.359028,0.451422,0.956618,0.084868,-0.007263,0.089532,1.117050,0.123577,AGGRESSIVE,NO_CRASH,0.0000,,12.974874,77.597884
14:48:05.897,-1.172694,2.678812,1.168802,-0.090764,-0.005837,0.000775,3.149181,0.090955,AGGRESSIVE,NO_CRASH,0.0000,,12.974870,77.597875
14:48:05.948,0.352698,0.467416,-2.056415,0.092919,-0.197651,0.066838,2.138157,0.228401,AGGRESSIVE,NO_CRASH,0.0000,,12.974882,77.597893
14:48:05.998,-0.887119,-0.050590,-0.109326,0.072108,0.000780,-0.065563,0.895261,0.097462,AGGRESSIVE,NO_CRASH,0.0000,,12.974904,77.597896
14:48:06.049,-0.579796,1.176794,-1.391199,-0.089709,0.003121,0.124145,1.912182,0.153197,AGGRESSIVE,NO_CRASH,0.0000,,12.974918,77.597914
14:48:06.099,1.694690,0.218049,0.439751,0.079461,0.136845,-0.145792,1.764341,0.215165,AGGRESSIVE,NO_CRASH,0.0000,,12.974933,77.597927
14:48:06.150,0.570933,-2.284218,0.131643,-0.073901,-0.176002,0.044018,2.358166,0.195897,AGGRESSIVE,NO_CRASH,0.0000,,12.974931,77.597938
14:48:06.200,0.972846,1.945495,-0.426436,-0.094059,-0.047637,-0.069894,2.216581,0.126497,AGGRESSIVE,NO_CRASH,0.0000,,12.974936,77.597956
14:48:06.251,-1.455952,0.175998,1.883305,-0.024752,-0.048014,0.153528,2.386967,0.162753,AGGRESSIVE,NO_CRASH,0.0000,,12.974939,77.597980
14:48:06.301,1.228134,0.708133,-0.813863,0.145235,0.308203,0.099017,1.634668,0.354805,AGGRESSIVE,NO_CRASH,0.0000,,12.974930,77.597973
14:48:06.352,0.975686,0.306204,1.284590,-0.014126,0.002504,0.040227,1.641918,0.042709,AGGRESSIVE,NO_CRASH,0.0000,,12.974928,77.597997
14:48:06.402,0.867362,-0.080181,1.017369,-0.162726,0.110602,0.110111,1.339323,0.225471,AGGRESSIVE,NO_CRASH,0.0000,,12.974918,77.598001
14:48:06.453,1.538268,1.445142,0.464692,-0.016854,-0.000914,-0.064823,2.161167,0.066985,AGGRESSIVE,NO_CRASH,0.0000,,12.974927,77.598000
14:48:06.503,1.482429,0.725714,-0.414792,-0.110963,0.000885,-0.166712,1.701855,0.200266,AGGRESSIVE,NO_CRASH,0.0000,,12.974931,77.598014
14:48:06.554,1.618234,-0.235740,-2.004468,0.013317,-0.177687,0.090021,2.586919,0.199634,AGGRESSIVE,NO_CRASH,0.0000,,12.974936,77.598018
14:48:06.604,-0.077363,-0.975262,-0.403047,0.072897,0.275963,-0.192043,1.058097,0.344021,AGGRESSIVE,NO_CRASH,0.0000,,12.974958,77.598031
14:48:06.654,0.721958,0.843982,1.178595,0.079726,0.130219,0.055282,1.619449,0.162386,AGGRESSIVE,NO_CRASH,0.0000,,12.974958,77.598042
14:48:06.705,1.404231,-0.374816,-0.017828,-0.058141,-0.150485,0.073054,1.453502,0.177096,AGGRESSIVE,NO_CRASH,0.0000,,12.974954,77.598042
14:48:06.755,0.183463,-0.203051,-0.251292,-0.094051,-0.251532,-0.035479,0.371532,0.270874,AGGRESSIVE,NO_CRASH,0.0000,,12.974972,77.598032
14:48:06.805,-0.208468,-1.227148,-2.186865,0.089317,-0.037564,0.024394,2.516293,0.099918,AGGRESSIVE,NO_CRASH,0.0000,,12.974989,77.598040
14:48:06.856,-0.513316,0.679227,0.755898,0.070617,-0.227697,0.108947,1.138518,0.262111,AGGRESSIVE,NO_CRASH,0.0000,,12.975005,77.598060
14:48:06.906,-0.629626,-0.742558,1.116688,-0.036340,-0.023726,-0.127627,1.481491,0.134804,AGGRESSIVE,NO_CRASH,0.0000,,12.975011,77.598050
14:48:06.956,0.615763,1.092256,0.453429,-0.002731,0.042322,-0.074259,1.333336,0.085516,AGGRESSIVE,NO_CRASH,0.0000,,12.975029,77.598070
14:48:07.007,-0.665300,1.102919,2.180966,-0.059523,0.084830,-0.099279,2.532917,0.143511,AGGRESSIVE,NO_CRASH,0.0000,,12.975021,77.598072
14:48:07.057,-0.092766,1.041216,-0.867206,-0.108331,0.241580,-0.047999,1.358228,0.269073,AGGRESSIVE,NO_CRASH,0.0000,,12.975028,77.598097
14:48:07.108,-0.622747,0.345578,-1.753405,-0.099237,-0.145291,-0.120967,1.892529,0.213519,AGGRESSIVE,NO_CRASH,0.0000,,12.975042,77.598098
14:48:07.158,-0.213052,-0.714898,-0.351557,-0.147991,-0.200470,0.144878,0.824659,0.288235,AGGRESSIVE,NO_CRASH,0.0000,,12.975049,77.598103
14:48:07.208,0.909248,1.754692,-0.047231,-0.077172,0.262408,0.048853,1.976842,0.277849,AGGRESSIVE,NO_CRASH,0.0000,,12.975057,77.598129
14:48:07.259,-0.263283,-0.861397,0.896534,0.007521,0.216772,0.004528,1.270864,0.216950,AGGRESSIVE,NO_CRASH,0.0000,,12.975049,77.598154
14:48:07.309,0.312194,0.451885,-1.082923,0.015556,0.050829,-0.229894,1.214244,0.235959,AGGRESSIVE,NO_CRASH,0.0000,,12.975058,77.598154
14:48:07.360,-0.621919,1.063740,-0.687510,-0.068047,0.030483,0.089776,1.411027,0.116702,AGGRESSIVE,NO_CRASH,0.0000,,12.975078,77.598150
14:48:07.411,-0.312061,0.007230,1.712536,0.048944,0.154733,0.006883,1.740751,0.162436,AGGRESSIVE,NO_CRASH,0.0000,,12.975092,77.598173
14:48:07.462,6.033058,-1.018903,-2.743537,0.203840,0.082294,0.711897,6.705442,0.745064,CRASH,NO_CRASH,0.0000,,12.975084,77.598181
14:48:07.512,-0.788621,2.250227,2.114864,-0.414263,0.791669,-0.043283,3.187176,0.894555,CRASH,NO_CRASH,0.0000,,12.975088,77.598185
14:48:07.562,-1.226920,-0.438950,2.035726,-0.624668,0.275222,-0.397445,2.417062,0.789886,CRASH,NO_CRASH,0.0000,,12.975076,77.598196
14:48:07.613,-3.399501,0.919203,1.407688,-0.103023,0.363633,0.077984,3.792509,0.385907,CRASH,NO_CRASH,0.0000,,12.975071,77.598208
14:48:07.663,-4.654658,0.401923,-5.095574,0.164853,0.772238,-0.312658,6.913194,0.849284,CRASH,NO_CRASH,0.0000,,12.975062,77.598203
14:48:07.713,-0.011976,3.180866,4.827312,-0.083127,0.354081,-0.688443,5.781089,0.778612,CRASH,NO_CRASH,0.0000,,12.975048,77.598219
14:48:07.764,0.505284,2.091706,-3.060686,0.491406,-0.730610,0.142287,3.741437,0.891917,CRASH,NO_CRASH,0.0000,,12.975046,77.598202
14:48:07.814,2.239829,0.961227,2.994402,-0.633631,-0.594457,-0.011959,3.860989,0.868913,CRASH,NO_CRASH,0.0000,,12.975036,77.598188
14:48:07.864,-3.833650,-3.281166,-0.467775,-0.201216,-0.106663,0.172300,5.067715,0.285573,CRASH,NO_CRASH,0.0000,,12.975026,77.598181
14:48:07.915,2.022226,0.523743,-2.237934,-0.431798,0.263666,0.990124,3.061381,1.111897,CRASH,NO_CRASH,0.0000,,12.975038,77.598184
14:48:07.965,-3.339617,1.185228,2.953366,-0.083160,-0.297377,0.248104,4.613044,0.396111,CRASH,NO_CRASH,0.0000,,12.975020,77.598187
14:48:08.015,-3.878321,-0.056853,-0.053265,0.275553,-0.543865,-0.020446,3.879103,0.610030,CRASH,NO_CRASH,0.0000,,12.975032,77.598190
14:48:08.065,-2.359492,-5.198610,1.234465,-0.287424,0.944044,0.262898,5.840946,1.021248,CRASH,NO_CRASH,0.0000,,12.975034,77.598179
14:48:08.116,0.519817,0.407451,0.619458,-0.038450,0.241806,0.178950,0.905514,0.303268,CRASH,NO_CRASH,0.0000,,12.975018,77.598193
14:48:08.166,1.148659,1.371072,-3.235638,-0.304705,0.310354,0.129780,3.697108,0.453881,CRASH,NO_CRASH,0.0000,,12.975001,77.598182
14:48:08.216,-0.956589,-1.013255,-0.482252,0.128588,0.306754,0.095703,1.474556,0.346110,CRASH,NO_CRASH,0.0000,,12.975009,77.598196
14:48:08.267,-2.183480,-0.316392,-0.920497,-0.729917,0.483019,-0.626255,2.390607,1.076235,CRASH,NO_CRASH,0.0000,,12.974994,77.598180
14:48:08.318,-1.040500,-1.126797,2.939739,-0.405532,-0.636637,-0.272824,3.315777,0.802618,CRASH,NO_CRASH,0.0000,,12.975005,77.598186
14:48:08.368,1.162124,-0.941574,4.034423,0.362141,-0.527578,0.228839,4.302751,0.679597,CRASH,NO_CRASH,0.0000,,12.975008,77.598187
14:48:08.418,-0.888565,-2.100212,-0.383970,-0.603142,-0.129319,-0.324101,2.312546,0.696810,CRASH,NO_CRASH,0.0000,,12.975013,77.598204
14:48:08.469,-1.729951,1.372883,1.278033,0.000000,0.000000,-0.000000,2.551648,0.000000,CRASH,NO_CRASH,0.0000,,12.975018,77.598211
14:48:08.519,11.188612,3.439712,1.852714,2.751184,-0.866184,1.152838,11.851127,3.106176,CRASH,NO_CRASH,0.3356,,12.975030,77.598227
14:48:08.570,24.277335,-2.829497,-1.387616,-1.488651,-4.471379,3.563518,24.481024,5.908297,CRASH,POSSIBLE_CRASH,0.7235,,12.975014,77.598223
14:48:08.620,32.055934,-0.471964,-2.958963,-1.412433,-2.046553,-7.742562,32.195670,8.132073,CRASH,POSSIBLE_CRASH,0.8231,,12.975007,77.598223
14:48:08.671,38.531549,-0.215510,-0.055243,-9.191169,2.548593,-0.646026,38.532192,9.559826,CRASH,POSSIBLE_CRASH,0.8517,,12.974998,77.598232
14:48:08.721,39.927276,-0.357673,-1.994822,4.638213,5.253908,7.205694,39.978677,10.051795,CRASH,CRASH_DETECTED,0.9605,SERIOUS,12.975005,77.598246
14:48:09.193,33.192844,-0.292053,-2.020316,5.356817,3.065220,7.300630,33.255554,9.559826,CRASH,CRASH_DETECTED,0.9605,SERIOUS,12.975005,77.598246
14:48:09.244,29.460102,-0.703578,2.170087,7.766691,-2.284284,0.768883,29.548297,8.132073,CRASH,CRASH_DETECTED,0.9605,SERIOUS,12.975005,77.598246
14:48:09.294,24.458786,0.323681,0.855257,-1.377766,-1.493860,5.547803,24.475874,5.908297,CRASH,CRASH_DETECTED,0.9605,SERIOUS,12.975005,77.598246
14:48:09.345,10.801773,3.001294,1.417963,2.175239,-2.013956,-0.927708,11.300296,3.106176,CRASH,CRASH_DETECTED,0.9696,SERIOUS,12.975005,77.598246
14:48:09.395,11.399162,-0.970333,-3.039269,-3.443162,0.801759,-1.915200,11.837212,4.020718,CRASH,CRASH_DETECTED,0.9696,SERIOUS,12.975005,77.598246
14:48:09.446,9.068996,1.136618,1.822590,-3.100530,-1.354803,0.966104,9.319894,3.518825,CRASH,CRASH_DETECTED,0.9696,SERIOUS,12.975005,77.598246
14:48:09.496,9.256639,0.234826,1.557689,-2.149538,1.229841,1.830520,9.389723,3.079582,CRASH,CRASH_DETECTED,0.9696,SERIOUS,12.975005,77.598246
14:48:09.547,9.256283,1.143547,0.049991,-0.705377,-2.542378,0.550169,9.326788,2.695168,CRASH,CRASH_DETECTED,0.9696,SERIOUS,12.975005,77.598246
14:48:09.597,7.139577,-0.055585,-0.956195,1.361926,1.908733,-0.256024,7.203538,2.358739,CRASH,NO_CRASH,0.8696,SERIOUS,12.975005,77.598246
14:48:09.647,6.642428,0.387277,0.370892,-0.556647,-0.892336,1.776299,6.664038,2.064306,CRASH,NO_CRASH,0.8696,SERIOUS,12.975005,77.598246
14:48:09.698,5.454071,-0.052525,-0.250832,-0.833528,0.226907,1.586707,5.460088,1.806625,CRASH,NO_CRASH,0.8696,SERIOUS,12.975005,77.598246
14:48:09.748,4.057996,-0.086684,0.802204,-0.820593,-1.005633,-0.902906,4.137436,1.581110,CRASH,NO_CRASH,0.8696,SERIOUS,12.975005,77.598246
14:48:09.799,3.423654,0.551385,-0.263374,1.073972,-0.766011,0.417808,3.477758,1.383745,CRASH,NO_CRASH,0.8696,SERIOUS,12.975005,77.598246
14:48:09.849,3.274281,0.663126,0.143211,0.841263,-0.660370,-0.568112,3.343824,1.211017,CRASH,NO_CRASH,0.8696,SERIOUS,12.975005,77.598246
14:48:09.899,2.986898,-0.105265,0.748201,0.518829,0.328517,-0.863814,3.080982,1.059850,CRASH,NO_CRASH,0.8696,SERIOUS,12.975005,77.598246
14:48:09.950,2.945668,0.389178,-0.193532,0.849701,-0.021320,-0.371357,2.977562,0.927552,CRASH,NO_CRASH,0.8696,SERIOUS,12.975005,77.598246
14:48:10.001,2.232665,-0.190225,-0.371462,0.573966,-0.548060,-0.170768,2.271335,0.811769,CRASH,NO_CRASH,0.8696,SERIOUS,12.975005,77.598246
14:48:10.051,2.555826,-0.067620,0.166765,-0.309406,-0.604261,-0.209426,2.562153,0.710439,CRASH,NO_CRASH,0.8696,SERIOUS,12.975005,77.598246
14:48:10.102,1.927647,-0.145756,0.034159,0.442513,0.435875,-0.027861,1.933451,0.621757,CRASH,NO_CRASH,0.8696,SERIOUS,12.975005,77.598246
14:48:10.152,1.855381,-0.309127,-0.225844,-0.351124,-0.409020,-0.074217,1.894466,0.544145,CRASH,NO_CRASH,0.8608,SERIOUS,12.975005,77.598246
14:48:10.203,1.251947,-0.129812,0.383204,0.415026,0.031818,0.231361,1.315700,0.476221,CRASH,NO_CRASH,0.8277,SERIOUS,12.975005,77.598246
14:48:10.253,1.192385,0.195522,-0.039302,0.298905,0.042977,-0.287248,1.208948,0.416776,CRASH,NO_CRASH,0.7325,SERIOUS,12.975005,77.598246
14:48:10.304,1.060122,0.035105,-0.264479,-0.252429,-0.238277,-0.112014,1.093179,0.364751,CRASH,NO_CRASH,0.1988,SERIOUS,12.975005,77.598246
14:48:10.354,0.953170,0.122346,-0.066439,-0.025199,-0.026141,-0.317149,0.963284,0.319221,CRASH,NO_CRASH,0.1988,SERIOUS,12.975005,77.598246
14:48:10.404,0.854995,-0.161279,0.064062,0.134953,-0.208742,0.127530,0.872428,0.279373,CRASH,NO_CRASH,0.1643,SERIOUS,12.975005,77.598246
14:48:10.455,0.621251,0.050527,0.041347,-0.057592,-0.202883,-0.123702,0.624673,0.244500,CRASH,NO_CRASH,0.1555,SERIOUS,12.975005,77.598246
14:48:10.505,0.662438,0.185384,0.036697,-0.191666,0.056668,0.076423,0.688867,0.213980,CRASH,NO_CRASH,0.0933,SERIOUS,12.975005,77.598246
14:48:10.555,0.442749,-0.114993,-0.074354,-0.048854,-0.067434,0.167737,0.463442,0.187270,CRASH,NO_CRASH,0.0000,SERIOUS,12.975005,77.598246
14:48:10.606,0.556497,0.019909,-0.087981,-0.122736,0.092224,0.057373,0.563761,0.163893,CRASH,NO_CRASH,0.0000,SERIOUS,12.975005,77.598246
14:48:10.656,0.425657,0.058985,0.065240,-0.069354,0.067773,0.105690,0.434649,0.143435,CRASH,NO_CRASH,0.0000,SERIOUS,12.975005,77.598246
14:48:10.706,0.435400,-0.038161,0.029510,0.086409,-0.067403,-0.061223,0.438064,0.125531,CRASH,NO_CRASH,0.0000,SERIOUS,12.975005,77.598246
14:48:10.756,0.243749,0.041434,0.016369,0.003651,0.067926,0.086268,0.247787,0.109861,CRASH,NO_CRASH,0.0000,SERIOUS,12.975005,77.598246
14:48:10.807,0.261105,-0.014234,0.013614,-0.030452,0.055360,-0.072473,0.261847,0.096147,CRASH,NO_CRASH,0.0000,SERIOUS,12.975005,77.598246
14:48:10.857,0.282131,0.019869,0.026033,0.083461,0.003638,-0.010071,0.284025,0.084146,CRASH,NO_CRASH,0.0000,SERIOUS,12.975005,77.598246
14:48:10.908,-0.124958,-0.412375,0.047326,-0.036717,-0.200853,-0.233977,0.433483,0.310540,CRASH,NO_CRASH,0.0000,SERIOUS,12.975005,77.598246
14:48:10.958,-0.131244,-0.053999,-0.349086,-0.028397,-0.175123,0.020739,0.376831,0.178618,CRASH,NO_CRASH,0.0000,SERIOUS,12.975005,77.598246
14:48:11.008,0.625273,0.204246,1.394752,0.003977,-0.040837,0.039355,1.542082,0.056853,CRASH,NO_CRASH,0.0000,SERIOUS,12.975005,77.598246
14:48:11.059,1.095193,-0.821919,-1.009135,0.045759,-0.105737,0.085822,1.700986,0.143665,CRASH,NO_CRASH,0.0000,SERIOUS,12.975005,77.598246
14:48:11.109,0.499874,0.189427,1.042467,-0.073282,0.113117,-0.059433,1.171536,0.147302,CRASH,NO_CRASH,0.0000,SERIOUS,12.975005,77.598246
14:48:11.160,0.338227,-0.798347,-0.355124,0.080211,0.038865,-0.017102,0.936946,0.090757,CRASH,NO_CRASH,0.0000,SERIOUS,12.975005,77.598246
14:48:11.210,-0.720781,0.019526,1.525890,0.111255,0.066596,0.036647,1.687675,0.134743,CRASH,NO_CRASH,0.0000,SERIOUS,12.975005,77.598246
14:48:11.260,-0.194849,0.210914,-1.230045,0.054898,-0.070664,0.064415,1.263116,0.110257,CRASH,NO_CRASH,0.0000,SERIOUS,12.975005,77.598246
14:48:11.310,0.212147,-0.351349,-0.312136,-0.006465,0.014487,-0.125818,0.515637,0.126814,CRASH,NO_CRASH,0.0000,SERIOUS,12.975005,77.598246
14:48:11.361,0.405302,-0.356042,-0.243563,0.077349,0.035899,0.034878,0.591911,0.092131,CRASH,NO_CRASH,0.0000,SERIOUS,12.975005,77.598246
14:48:11.411,0.283670,-0.022329,0.362512,0.030003,0.043344,-0.038532,0.460849,0.065296,CRASH,NO_CRASH,0.0000,SERIOUS,12.975005,77.598246
14:48:11.461,0.622964,-0.399388,-0.146398,-0.137591,0.023083,-0.012129,0.754339,0.140041,CRASH,NO_CRASH,0.0000,SERIOUS,12.975005,77.598246
14:48:11.512,-0.177843,-0.964357,0.203852,-0.026039,-0.035336,0.054256,1.001583,0.069788,CRASH,NO_CRASH,0.0000,SERIOUS,12.975005,77.598246
14:48:11.563,-0.076955,-0.632332,-0.066568,-0.048668,-0.026950,0.022333,0.640467,0.059947,CRASH,NO_CRASH,0.0000,SERIOUS,12.975005,77.598246
14:48:11.613,0.446931,-0.172714,0.192256,0.036703,0.020286,0.003237,0.516274,0.042060,CRASH,NO_CRASH,0.0000,SERIOUS,12.975005,77.598246
14:48:11.663,0.112306,-0.357477,0.712619,0.034359,0.023416,-0.027526,0.805126,0.049865,CRASH,NO_CRASH,0.0000,SERIOUS,12.975005,77.598246
14:48:11.714,0.121745,-0.077170,0.548158,0.071921,-0.014176,-0.041038,0.566793,0.084011,CRASH,NO_CRASH,0.0000,SERIOUS,12.975005,77.598246
14:48:11.765,0.333427,-0.062738,0.678427,-0.002762,0.003591,0.002934,0.758533,0.005397,CRASH,NO_CRASH,0.0000,SERIOUS,12.975005,77.598246
14:48:11.815,-0.261599,-0.046681,0.831475,-0.036910,-0.058198,0.030528,0.872905,0.075375,CRASH,NO_CRASH,0.0000,SERIOUS,12.975005,77.598246
14:48:11.865,-0.053054,-0.139569,-0.078898,0.051774,0.064005,-0.008509,0.168876,0.082762,CRASH,NO_CRASH,0.0000,SERIOUS,12.975005,77.598246
14:48:11.916,0.386315,0.198653,0.275906,0.057086,-0.021633,0.011544,0.514613,0.062130,CRASH,NO_CRASH,0.0000,SERIOUS,12.975005,77.598246
14:48:11.966,0.335180,0.161857,0.176049,0.027414,-0.058327,-0.036321,0.411748,0.073978,CRASH,NO_CRASH,0.0000,SERIOUS,12.975005,77.598246
14:48:12.017,0.327690,-0.073715,-0.319219,0.022729,-0.034758,-0.064266,0.463374,0.076517,CRASH,NO_CRASH,0.0000,SERIOUS,12.975005,77.598246
14:48:12.067,0.212963,-0.115946,-0.295575,0.030835,0.058110,-0.015511,0.382311,0.067588,CRASH,NO_CRASH,0.0000,SERIOUS,12.975005,77.598246
14:48:12.118,-0.013705,0.315350,0.174513,-0.006226,0.043451,-0.028175,0.360677,0.052160,CRASH,NO_CRASH,0.0000,SERIOUS,12.975005,77.598246
14:48:12.168,-0.205987,-0.104984,0.108302,-0.001699,0.044826,-0.029817,0.255307,0.053864,CRASH,NO_CRASH,0.0000,SERIOUS,12.975005,77.598246
14:48:12.218,0.398332,-0.271951,-0.147629,0.001156,0.008096,-0.000752,0.504401,0.008213,CRASH,NO_CRASH,0.0000,SERIOUS,12.975005,77.598246
14:48:12.269,0.110945,-0.171160,-0.097784,0.017651,-0.017157,-0.025070,0.226199,0.035135,CRASH,NO_CRASH,0.0000,SERIOUS,12.975005,77.598246
14:48:12.319,-0.098001,0.369992,0.149290,0.042279,-0.028086,-0.006767,0.410835,0.051207,CRASH,NO_CRASH,0.0000,SERIOUS,12.975005,77.598246
14:48:12.370,-0.110707,0.218473,-0.015995,0.030045,-0.009502,-0.002198,0.245443,0.031588,CRASH,NO_CRASH,0.0000,SERIOUS,12.975005,77.598246
14:48:12.420,-0.143406,0.044588,0.110149,0.018003,0.068795,0.006384,0.186242,0.071398,CRASH,NO_CRASH,0.0000,SERIOUS,12.975005,77.598246
14:48:12.471,0.063434,-0.066952,-0.007551,0.007617,0.041359,0.015298,0.092538,0.044750,CRASH,NO_CRASH,0.0000,SERIOUS,12.975005,77.598246
14:48:12.521,0.208788,-0.057254,0.110571,-0.038456,0.022379,0.018308,0.243097,0.048113,CRASH,NO_CRASH,0.0000,SERIOUS,12.975005,77.598246
14:48:12.571,-0.038531,0.085250,0.152578,0.026798,-0.037543,0.002745,0.178976,0.046207,CRASH,NO_CRASH,0.0000,SERIOUS,12.975005,77.598246
14:48:12.621,-0.027741,0.292249,-0.066190,0.005098,0.037592,-0.016351,0.300932,0.041310,CRASH,NO_CRASH,0.0000,SERIOUS,12.975005,77.598246
14:48:12.672,0.113583,0.139026,0.121411,0.010499,0.002988,0.006260,0.216725,0.012584,CRASH,NO_CRASH,0.0000,SERIOUS,12.975005,77.598246
14:48:12.722,-0.173658,0.237224,-0.010321,0.003293,0.047221,0.000298,0.294175,0.047336,CRASH,NO_CRASH,0.0000,SERIOUS,12.975005,77.598246
14:48:12.772,0.091209,-0.024497,0.188548,0.017533,-0.014336,0.020409,0.210878,0.030487,CRASH,NO_CRASH,0.0000,SERIOUS,12.975005,77.598246
14:48:12.823,-0.056010,-0.017231,-0.003604,0.017068,0.005358,-0.032077,0.058711,0.036728,CRASH,NO_CRASH,0.0000,SERIOUS,12.975005,77.598246
14:48:12.873,0.073772,0.080807,0.016946,-0.010470,-0.001972,0.023731,0.110721,0.026013,CRASH,NO_CRASH,0.0000,SERIOUS,12.975005,77.598246
14:48:12.924,-1.246566,1.341727,-1.360909,-0.048924,0.362627,0.048364,2.281716,0.369095,NORMAL,NO_CRASH,0.0000,SERIOUS,12.975005,77.598246
14:48:12.974,0.542987,0.634028,-0.379390,-0.018341,-0.054972,0.022187,0.916931,0.062053,NORMAL,NO_CRASH,0.0000,SERIOUS,12.975005,77.598246
14:48:13.025,0.371390,-1.256773,-0.680865,0.048455,0.037038,0.124399,1.476816,0.138545,NORMAL,NO_CRASH,0.0000,SERIOUS,12.975005,77.598246
14:48:13.075,-0.387994,1.082484,-0.258955,0.091360,-0.113331,-0.222701,1.178715,0.266056,NORMAL,NO_CRASH,0.0000,SERIOUS,12.975005,77.598246
14:48:13.125,1.367368,-0.322157,-0.546309,0.114579,0.113231,-0.022721,1.507293,0.162683,NORMAL,NO_CRASH,0.0000,SERIOUS,12.975005,77.598246
14:48:13.176,0.576260,-0.551675,0.406489,0.090552,-0.056715,-0.002601,0.895352,0.106879,NORMAL,NO_CRASH,0.0000,SERIOUS,12.975005,77.598246
14:48:13.227,-0.419460,0.599424,0.442741,-0.091554,-0.202420,0.002397,0.855147,0.222175,NORMAL,NO_CRASH,0.0000,SERIOUS,12.975005,77.598246
14:48:13.277,0.772960,0.198411,-2.467424,0.027776,0.025621,0.118973,2.593263,0.124830,NORMAL,NO_CRASH,0.0000,SERIOUS,12.975005,77.598246
14:48:13.328,-0.898718,-0.275988,-0.066119,0.044434,0.089681,0.008031,0.942463,0.100406,NORMAL,NO_CRASH,0.0000,SERIOUS,12.975005,77.598246
14:48:13.380,0.849314,0.450216,0.203685,-0.030749,-0.041349,-0.151857,0.982607,0.160361,NORMAL,NO_CRASH,0.0000,SERIOUS,12.975005,77.598246
14:48:13.430,0.662743,-0.080079,1.868060,-0.037821,-0.106019,0.081551,1.983756,0.139000,NORMAL,NO_CRASH,0.0000,SERIOUS,12.975005,77.598246
14:48:13.481,1.111948,-0.759126,0.940185,0.065944,0.065892,-0.030369,1.642147,0.098044,NORMAL,NO_CRASH,0.0000,SERIOUS,12.975005,77.598246
14:48:13.532,0.925302,-0.137944,-2.133290,0.034476,0.071283,-0.142935,2.329407,0.163402,NORMAL,NO_CRASH,0.0000,SERIOUS,12.975005,77.598246
14:48:13.582,0.409717,-0.030575,-0.305803,-0.078151,-0.066999,-0.000067,0.512170,0.102939,NORMAL,NO_CRASH,0.0000,SERIOUS,12.975005,77.598246
14:48:13.633,0.102466,-0.330073,-1.288242,0.006254,-0.198083,-0.077362,1.333797,0.212746,NORMAL,NO_CRASH,0.0000,SERIOUS,12.975005,77.598246
14:48:13.683,0.417253,-1.208239,-0.872167,0.090674,-0.054317,0.117872,1.547455,0.158322,NORMAL,NO_CRASH,0.0000,SERIOUS,12.975005,77.598246
14:48:13.733,0.588584,0.358796,1.002908,0.086009,-0.124481,-0.063783,1.216960,0.164199,NORMAL,NO_CRASH,0.0000,SERIOUS,12.975005,77.598246
14:48:13.783,-0.085394,1.238210,-1.595960,-0.013046,-0.209219,0.036315,2.021768,0.212748,NORMAL,NO_CRASH,0.0000,SERIOUS,12.975005,77.598246
14:48:13.834,0.126792,0.454539,0.432270,0.008009,-0.022899,-0.145207,0.639952,0.147219,NORMAL,NO_CRASH,0.0000,SERIOUS,12.975005,77.598246
14:48:13.884,-0.201284,0.040565,-0.518793,-0.039692,0.015774,-0.103023,0.557949,0.111525,NORMAL,NO_CRASH,0.0000,SERIOUS,12.975005,77.598246
14:48:13.934,0.324629,2.168523,0.440390,0.033640,0.032695,0.067311,2.236475,0.082045,NORMAL,NO_CRASH,0.0000,SERIOUS,12.975005,77.598246
14:48:13.985,0.845745,0.457153,1.048016,0.019007,-0.118310,-0.055614,1.422185,0.132104,NORMAL,NO_CRASH,0.0000,SERIOUS,12.975005,77.598246
14:48:14.035,-0.101634,-0.045241,1.230302,-0.079160,-0.075865,0.073161,1.235321,0.131812,NORMAL,NO_CRASH,0.0000,SERIOUS,12.975005,77.598246
14:48:14.086,-1.258690,-0.216177,1.087400,0.027458,0.067821,0.025429,1.677341,0.077461,NORMAL,NO_CRASH,0.0000,SERIOUS,12.975005,77.598246
14:48:14.136,-0.497901,-1.844326,-0.345077,0.055947,0.232405,-0.031532,1.941268,0.241115,NORMAL,NO_CRASH,0.0000,SERIOUS,12.975005,77.598246
14:48:14.186,-0.161384,0.061002,-2.987259,-0.166932,-0.098600,-0.005779,2.992237,0.193963,NORMAL,NO_CRASH,0.0000,SERIOUS,12.975005,77.598246
14:48:14.237,0.754358,0.233066,-2.548244,0.011126,0.076125,-0.041835,2.667756,0.087573,NORMAL,NO_CRASH,0.0000,SERIOUS,12.975005,77.598246
14:48:14.287,0.743988,0.173929,0.940352,-0.095091,-0.026386,0.075637,1.211624,0.124336,NORMAL,NO_CRASH,0.0000,SERIOUS,12.975005,77.598246
14:48:14.337,-0.601801,0.022158,2.104638,-0.019217,-0.072405,0.115282,2.189099,0.137483,NORMAL,NO_CRASH,0.0000,SERIOUS,12.975005,77.598246
14:48:14.388,-1.076888,-0.804468,-0.110292,0.022747,0.075513,0.070102,1.348710,0.105517,NORMAL,NO_CRASH,0.0000,SERIOUS,12.975005,77.598246
14:48:14.438,0.725953,0.342963,-1.200142,0.014143,-0.078038,0.057330,1.443943,0.097860,NORMAL,NO_CRASH,0.0000,SERIOUS,12.975005,77.598246
14:48:14.488,-1.207050,0.920910,-0.333122,-0.053236,0.139205,-0.114425,1.554354,0.187897,NORMAL,NO_CRASH,0.0000,SERIOUS,12.975005,77.598246
14:48:14.539,0.535941,-0.492500,-0.308447,0.149883,0.090627,0.126103,0.790524,0.215825,NORMAL,NO_CRASH,0.0000,SERIOUS,12.975005,77.598246
14:48:14.590,0.109418,-0.596927,-0.625727,0.061325,-0.006049,0.033871,0.871682,0.070318,NORMAL,NO_CRASH,0.0000,SERIOUS,12.975005,77.598246
14:48:14.640,-0.034669,0.322969,-0.238891,-0.066449,-0.027885,-0.146546,0.403212,0.163306,NORMAL,NO_CRASH,0.0000,SERIOUS,12.975005,77.598246
14:48:14.690,0.366064,0.072682,-0.320369,0.080987,0.145243,0.047121,0.491855,0.172843,NORMAL,NO_CRASH,0.0000,SERIOUS,12.975005,77.598246
14:48:14.741,-1.092627,0.646216,0.518923,-0.031464,0.141965,0.016544,1.371390,0.146348,NORMAL,NO_CRASH,0.0000,SERIOUS,12.975005,77.598246
14:48:14.791,1.204634,-0.749677,-1.025489,0.026921,-0.028504,-0.044696,1.750653,0.059456,NORMAL,NO_CRASH,0.0000,SERIOUS,12.975005,77.598246
14:48:14.842,-1.338206,0.280739,-1.739115,-0.018759,-0.014663,0.119836,2.212268,0.122179,NORMAL,NO_CRASH,0.0000,SERIOUS,12.975005,77.598246
14:48:14.892,0.787796,0.468284,0.218501,0.008711,0.024693,-0.085527,0.942154,0.089445,NORMAL,NO_CRASH,0.0000,SERIOUS,12.975005,77.598246
14:48:14.942,-0.591876,1.274536,1.003035,0.030564,0.115887,0.064149,1.726510,0.135937,NORMAL,NO_CRASH,0.0000,SERIOUS,12.975005,77.598246
14:48:14.993,-2.044934,-0.038204,-0.431864,-0.051067,0.102869,0.021375,2.090388,0.116819,NORMAL,NO_CRASH,0.0000,SERIOUS,12.975005,77.598246
14:48:15.043,-0.506787,-0.733556,1.931235,-0.028894,-0.103061,0.075272,2.127112,0.130852,NORMAL,NO_CRASH,0.0000,SERIOUS,12.975005,77.598246
14:48:15.094,0.111767,1.219077,-0.392628,0.067684,-0.084305,0.048298,1.285612,0.118411,NORMAL,NO_CRASH,0.0000,SERIOUS,12.975005,77.598246
14:48:15.144,0.797220,0.800683,0.302290,0.006183,-0.203653,-0.143303,1.169629,0.249095,NORMAL,NO_CRASH,0.0000,SERIOUS,12.975005,77.598246
14:48:15.195,-1.332243,-0.771666,-0.114514,-0.007437,0.074377,0.085302,1.543844,0.113418,NORMAL,NO_CRASH,0.0000,SERIOUS,12.975005,77.598246
14:48:15.245,-0.290019,0.176768,1.101027,0.055910,-0.017237,0.096602,1.152224,0.112938,NORMAL,NO_CRASH,0.0000,SERIOUS,12.975005,77.598246
14:48:15.295,0.833670,0.498959,1.942005,0.065401,0.236825,0.031977,2.171485,0.247761,NORMAL,NO_CRASH,0.0000,SERIOUS,12.975005,77.598246
14:48:15.346,0.348058,-0.353917,-0.019124,-0.048697,0.002310,-0.105953,0.496757,0.116631,NORMAL,NO_CRASH,0.0000,SERIOUS,12.975005,77.598246
14:48:15.396,-0.226999,-0.725507,1.032832,-0.050945,-0.053514,0.088245,1.282432,0.115093,NORMAL,NO_CRASH,0.0000,SERIOUS,12.975005,77.598246
14:48:15.447,-0.764412,-0.275957,1.179325,0.001172,0.094280,0.188127,1.432231,0.210432,NORMAL,NO_CRASH,0.0000,SERIOUS,12.975005,77.598246
14:48:15.497,1.913456,-0.238408,1.705221,-0.023942,-0.096724,0.020069,2.574088,0.101644,NORMAL,NO_CRASH,0.0000,SERIOUS,12.975005,77.598246
14:48:15.548,-0.056130,-0.176663,1.465235,-0.043534,-0.277629,-0.218170,1.476913,0.355769,NORMAL,NO_CRASH,0.0000,SERIOUS,12.975005,77.598246
14:48:15.598,-0.237891,-0.779778,0.846593,-0.019514,-0.126762,-0.084647,1.175315,0.153670,NORMAL,NO_CRASH,0.0000,SERIOUS,12.975005,77.598246
14:48:15.648,-0.533453,0.450635,-0.212630,-0.116574,-0.066541,0.067410,0.729970,0.150204,NORMAL,NO_CRASH,0.0000,SERIOUS,12.975005,77.598246
14:48:15.699,-0.703807,0.401441,-0.575236,0.125398,-0.125447,0.062055,0.993678,0.187916,NORMAL,NO_CRASH,0.0000,SERIOUS,12.975005,77.598246
14:48:15.750,-0.892641,-0.111950,-1.173318,0.048545,0.081838,0.027908,1.478518,0.099161,NORMAL,NO_CRASH,0.0000,SERIOUS,12.975005,77.598246
14:48:15.800,-0.032021,-0.357281,-0.161355,0.018485,0.058716,0.069984,0.393333,0.093204,NORMAL,NO_CRASH,0.0000,SERIOUS,12.975005,77.598246
14:48:15.851,-1.268286,-0.300851,0.729237,-0.082858,-0.098416,-0.105651,1.493602,0.166473,NORMAL,NO_CRASH,0.0000,SERIOUS,12.975005,77.598246
14:48:15.901,0.080972,0.424720,0.960548,0.019692,-0.157485,-0.014104,1.053373,0.159337,NORMAL,NO_CRASH,0.0000,SERIOUS,12.975005,77.598246
14:48:15.951,0.134961,-0.044284,-0.086448,-0.004807,0.034320,0.265015,0.166279,0.267271,NORMAL,NO_CRASH,0.0000,SERIOUS,12.975005,77.598246
14:48:16.001,0.316503,1.027020,1.264836,-0.023853,-0.102663,-0.041431,1.659745,0.113248,NORMAL,NO_CRASH,0.0000,SERIOUS,12.975005,77.598246
14:48:16.052,1.111725,-0.314241,0.830921,0.052390,-0.060987,-0.189073,1.423064,0.205457,NORMAL,NO_CRASH,0.0000,SERIOUS,12.975005,77.598246
14:48:16.102,0.418913,-0.644161,1.172411,-0.041044,0.113922,-0.032682,1.401778,0.125423,NORMAL,NO_CRASH,0.0000,SERIOUS,12.975005,77.598246
14:48:16.152,-0.687531,-0.706448,-0.499226,0.023807,0.171548,-0.084437,1.104986,0.192679,NORMAL,NO_CRASH,0.0000,SERIOUS,12.975005,77.598246
14:48:16.203,0.963786,0.163058,-0.230566,-0.003070,0.214122,0.232067,1.004307,0.315773,NORMAL,NO_CRASH,0.0000,SERIOUS,12.975005,77.598246
14:48:16.253,0.243095,0.445383,0.241867,0.083106,0.114325,-0.138728,0.562104,0.198046,NORMAL,NO_CRASH,0.0000,SERIOUS,12.975005,77.598246
14:48:16.303,-0.363307,-0.563874,0.369598,-0.024205,0.121252,-0.146929,0.765865,0.192031,NORMAL,NO_CRASH,0.0000,SERIOUS,12.975005,77.598246
14:48:16.354,2.077936,1.329292,0.409230,-0.143193,-0.112150,0.051381,2.500461,0.189003,NORMAL,NO_CRASH,0.0000,SERIOUS,12.975005,77.598246
14:48:16.404,-0.588643,0.169058,-1.259585,0.116731,0.165458,-0.157248,1.400584,0.256377,NORMAL,NO_CRASH,0.0000,SERIOUS,12.975005,77.598246
14:48:16.455,0.600604,1.212840,-0.615192,0.100554,0.054305,0.025808,1.486664,0.117159,NORMAL,NO_CRASH,0.0000,SERIOUS,12.975005,77.598246
14:48:16.505,-1.332927,-0.164019,0.083622,-0.021482,0.012744,-0.063222,1.345582,0.067978,NORMAL,NO_CRASH,0.0000,SERIOUS,12.975005,77.598246
14:48:16.555,0.540377,0.143344,1.871130,0.124377,-0.015010,0.226133,1.952865,0.258517,NORMAL,NO_CRASH,0.0000,SERIOUS,12.975005,77.598246
14:48:16.606,1.331523,-0.618538,0.747387,0.013740,-0.008688,0.098533,1.647462,0.099865,NORMAL,NO_CRASH,0.0000,SERIOUS,12.975005,77.598246
14:48:16.656,-0.682316,-1.151150,0.735535,0.103652,0.015249,0.010990,1.526995,0.105342,NORMAL,NO_CRASH,0.0000,SERIOUS,12.975005,77.598246
14:48:16.707,-0.121466,-0.139921,-0.359246,-0.007966,-0.035703,-0.194463,0.404214,0.197874,NORMAL,NO_CRASH,0.0000,SERIOUS,12.975005,77.598246
14:48:16.757,0.223143,-1.736768,0.143515,-0.009710,-0.002921,0.034755,1.756916,0.036204,NORMAL,NO_CRASH,0.0000,SERIOUS,12.975005,77.598246
14:48:16.807,0.218909,0.301665,-1.279575,-0.054565,-0.112682,-0.038045,1.332755,0.130851,NORMAL,NO_CRASH,0.0000,SERIOUS,12.975005,77.598246
14:48:16.858,-0.506234,0.286285,2.306208,0.048318,0.190920,0.055278,2.378409,0.204550,NORMAL,NO_CRASH,0.0000,SERIOUS,12.975005,77.598246
14:48:16.909,-0.276206,2.080089,-1.210156,0.046836,0.232393,0.213078,2.422300,0.318751,NORMAL,NO_CRASH,0.0000,SERIOUS,12.975005,77.598246
14:48:16.959,0.549509,-0.906499,-0.069071,-0.047799,-0.026569,-0.026903,1.062296,0.060946,NORMAL,NO_CRASH,0.0000,SERIOUS,12.975005,77.598246
14:48:17.010,0.129728,-0.282432,0.563786,0.057965,0.099437,-0.093863,0.643780,0.148519,NORMAL,NO_CRASH,0.0000,SERIOUS,12.975005,77.598246
14:48:17.061,-0.427462,-1.331413,-0.413487,-0.047882,0.078964,-0.184237,1.458203,0.206086,NORMAL,NO_CRASH,0.0000,SERIOUS,12.975005,77.598246
14:48:17.111,0.249139,0.409004,1.089447,-0.036179,0.139575,-0.167789,1.190063,0.221231,NORMAL,NO_CRASH,0.0000,SERIOUS,12.975005,77.598246
14:48:17.161,0.273755,-0.493479,0.758840,-0.023249,-0.027409,0.039588,0.945675,0.053470,NORMAL,NO_CRASH,0.0000,SERIOUS,12.975005,77.598246
14:48:17.212,0.837455,0.600330,0.686568,0.018137,0.028863,0.030846,1.238185,0.045973,NORMAL,NO_CRASH,0.0000,SERIOUS,12.975005,77.598246
14:48:17.262,0.456547,-0.185970,-0.571447,0.067332,0.076329,0.030384,0.754700,0.106221,NORMAL,NO_CRASH,0.0000,SERIOUS,12.975005,77.598246
14:48:17.313,1.266971,0.160656,0.478902,-0.025320,-0.072365,-0.217083,1.363955,0.230223,NORMAL,NO_CRASH,0.0000,SERIOUS,12.975005,77.598246
14:48:17.363,0.205774,-0.004301,-1.451268,-0.026546,0.069790,0.103482,1.465790,0.127608,NORMAL,NO_CRASH,0.0000,SERIOUS,12.975005,77.598246
14:48:17.413,1.502480,0.141780,-0.226520,0.055212,-0.083661,-0.046637,1.526060,0.110555,NORMAL,NO_CRASH,0.0000,SERIOUS,12.975005,77.598246
14:48:17.463,1.160635,0.591950,0.638473,-0.010048,0.060771,0.184142,1.450905,0.194171,NORMAL,NO_CRASH,0.0000,SERIOUS,12.975005,77.598246
14:48:17.514,-0.518035,-0.900019,3.607816,-0.003372,0.052168,0.012086,3.754295,0.053655,NORMAL,NO_CRASH,0.0000,SERIOUS,12.975005,77.598246
14:48:17.564,0.361570,-0.686182,-0.131745,-0.065758,-0.055525,0.028230,0.786725,0.090576,NORMAL,NO_CRASH,0.0000,SERIOUS,12.975005,77.598246
14:48:17.615,-0.285585,0.476232,1.618456,-0.066557,-0.010826,0.081528,1.711068,0.105801,NORMAL,NO_CRASH,0.0000,SERIOUS,12.975005,77.598246
14:48:17.665,1.023917,-0.481940,-0.455028,-0.059722,-0.020385,-0.097501,1.219722,0.116141,NORMAL,NO_CRASH,0.0000,SERIOUS,12.975005,77.598246
14:48:17.716,-0.993912,-0.813260,-0.855942,-0.051238,0.026425,-0.030691,1.543338,0.065311,NORMAL,NO_CRASH,0.0000,SERIOUS,12.975005,77.598246
14:48:17.766,0.260974,-0.739366,0.255132,-0.008663,0.263152,-0.091282,0.824538,0.278669,NORMAL,NO_CRASH,0.0000,SERIOUS,12.975005,77.598246
14:48:17.817,1.881000,-0.818311,0.276293,-0.043016,0.204085,0.058736,2.069814,0.216682,NORMAL,NO_CRASH,0.0000,SERIOUS,12.975005,77.598246
14:48:17.867,1.071395,-0.813830,-1.839360,0.133726,0.134725,-0.070937,2.278914,0.202646,NORMAL,NO_CRASH,0.0000,SERIOUS,12.975005,77.598246
14:48:17.918,0.022069,0.945666,1.033441,0.115210,-0.218851,-0.009503,1.400989,0.247507,NORMAL,NO_CRASH,0.0000,SERIOUS,12.975005,77.598246
14:48:17.968,-0.028264,-0.280148,-1.128462,0.004192,0.223026,0.003390,1.163060,0.223092,NORMAL,NO_CRASH,0.0000,SERIOUS,12.975005,77.598246
14:48:18.018,0.264009,-0.884921,-0.363714,0.075794,-0.027136,-0.042194,0.992509,0.090892,NORMAL,NO_CRASH,0.0000,SERIOUS,12.975005,77.598246
14:48:18.069,-0.259207,0.672888,0.331375,0.044161,0.232884,0.194572,0.793584,0.306665,NORMAL,NO_CRASH,0.0000,SERIOUS,12.975005,77.598246
14:48:18.120,0.055986,-0.109498,-0.848198,-0.001373,0.007942,-0.099192,0.857067,0.099519,NORMAL,NO_CRASH,0.0000,SERIOUS,12.975005,77.598246
14:48:18.170,0.781198,-0.788157,0.901515,-0.096557,0.029500,0.112852,1.429752,0.151423,NORMAL,NO_CRASH,0.0000,SERIOUS,12.975005,77.598246
14:48:18.220,-0.920362,0.083160,-0.276604,0.084053,0.153776,0.049805,0.964619,0.182188,NORMAL,NO_CRASH,0.0000,SERIOUS,12.975005,77.598246
14:48:18.270,-1.439399,1.297088,-0.841177,0.037841,0.023509,0.254157,2.112318,0.258032,NORMAL,NO_CRASH,0.0000,SERIOUS,12.975005,77.598246
14:48:18.320,-0.553075,0.759096,0.563112,-0.070591,-0.041326,-0.086184,1.095086,0.118822,NORMAL,NO_CRASH,0.0000,SERIOUS,12.975005,77.598246
14:48:18.371,-1.007926,-0.437818,0.837289,0.001374,0.195370,-0.210837,1.381540,0.287443,NORMAL,NO_CRASH,0.0000,SERIOUS,12.975005,77.598246
14:48:18.422,-0.386802,0.614630,-0.168779,0.016053,0.027106,0.139371,0.745569,0.142887,NORMAL,NO_CRASH,0.0000,SERIOUS,12.975005,77.598246
14:48:18.472,-1.065822,-0.182686,-0.871646,0.015413,-0.101590,-0.070246,1.388927,0.124469,NORMAL,NO_CRASH,0.0000,SERIOUS,12.975005,77.598246
14:48:18.523,-1.925067,2.463356,1.803113,-0.029888,0.094247,-0.028400,3.609047,0.102870,NORMAL,NO_CRASH,0.0000,SERIOUS,12.975005,77.598246
14:48:18.573,-0.148122,-0.660182,-1.412944,0.089675,-0.073969,0.048715,1.566585,0.126040,NORMAL,NO_CRASH,0.0000,SERIOUS,12.975005,77.598246
14:48:18.623,0.601052,0.063064,1.083530,-0.010794,0.065256,-0.126590,1.240676,0.142828,NORMAL,NO_CRASH,0.0000,SERIOUS,12.975005,77.598246
14:48:18.674,-1.095572,-1.793525,0.142661,-0.042823,0.058593,-0.091665,2.106505,0.116917,NORMAL,NO_CRASH,0.0000,SERIOUS,12.975005,77.598246
14:48:18.725,-1.460562,1.727886,-2.895724,-0.046380,0.155008,-0.068086,3.674785,0.175540,NORMAL,NO_CRASH,0.0000,SERIOUS,12.975005,77.598246
14:48:18.775,1.388718,1.162651,-0.401112,0.140412,-0.000922,0.071302,1.855043,0.157481,NORMAL,NO_CRASH,0.0000,SERIOUS,12.975005,77.598246
14:48:18.825,-0.725330,-0.379896,0.717492,-0.018624,0.067411,0.069816,1.088678,0.098820,NORMAL,NO_CRASH,0.0000,SERIOUS,12.975005,77.598246
14:48:18.876,0.511586,-0.698424,-0.819386,0.020238,-0.015107,-0.119767,1.192019,0.122401,NORMAL,NO_CRASH,0.0000,SERIOUS,12.975005,77.598246
14:48:18.926,0.589888,0.924473,1.574606,-0.095517,-0.015673,-0.038592,1.918855,0.104204,NORMAL,NO_CRASH,0.0000,SERIOUS,12.975005,77.598246
14:48:18.977,-0.262210,1.726244,0.862697,0.092675,-0.079985,0.014738,1.947541,0.123302,NORMAL,NO_CRASH,0.0000,SERIOUS,12.975005,77.598246
14:48:19.027,-0.507871,-0.352681,1.570466,-0.025087,-0.156013,-0.073935,1.687803,0.174458,NORMAL,NO_CRASH,0.0000,SERIOUS,12.975005,77.598246
14:48:19.078,-0.495924,-0.274597,-1.476167,0.088580,-0.024303,-0.008355,1.581269,0.092233,NORMAL,NO_CRASH,0.0000,SERIOUS,12.975005,77.598246
14:48:19.129,0.662605,-0.473561,1.641709,0.038880,-0.090058,0.054036,1.832625,0.111991,NORMAL,NO_CRASH,0.0000,SERIOUS,12.975005,77.598246
14:48:19.180,-0.150270,-1.177208,-0.481196,-0.008270,-0.045423,0.166866,1.280605,0.173135,NORMAL,NO_CRASH,0.0000,SERIOUS,12.975005,77.598246
14:48:19.230,-0.311994,0.308636,0.050811,-0.010974,0.132138,0.027878,0.441790,0.135492,NORMAL,NO_CRASH,0.0000,SERIOUS,12.975005,77.598246
14:48:19.280,-0.353359,-0.191628,-0.135995,-0.038595,-0.010889,-0.205097,0.424357,0.208981,NORMAL,NO_CRASH,0.0000,SERIOUS,12.975005,77.598246
14:48:19.332,-0.844444,1.569609,-1.925822,-0.104692,0.063055,0.242069,2.624033,0.271171,NORMAL,NO_CRASH,0.0000,SERIOUS,12.975005,77.598246
14:48:19.381,0.091667,-0.573056,1.264792,-0.004578,0.097315,0.030361,1.391581,0.102044,NORMAL,NO_CRASH,0.0000,SERIOUS,12.975005,77.598246
14:48:19.431,1.190317,0.100917,-0.163625,0.114443,0.130909,-0.011381,1.205741,0.174252,NORMAL,NO_CRASH,0.0000,SERIOUS,12.975005,77.598246
14:48:19.481,0.956462,0.743721,0.289222,0.040672,0.022023,0.113891,1.245628,0.122925,NORMAL,NO_CRASH,0.0000,SERIOUS,12.975005,77.598246
14:48:19.532,-0.079174,0.018850,0.148883,0.033049,0.182986,0.189821,0.169676,0.265722,NORMAL,NO_CRASH,0.0000,SERIOUS,12.975005,77.598246
14:48:19.582,-1.500836,0.042449,-1.271919,-0.074492,-0.023288,-0.059282,1.967762,0.098009,NORMAL,NO_CRASH,0.0000,SERIOUS,12.975005,77.598246
14:48:19.633,-0.489847,-0.046923,0.495567,-0.067004,0.075491,0.007482,0.698383,0.101214,NORMAL,NO_CRASH,0.0000,SERIOUS,12.975005,77.598246
14:48:19.683,1.183307,-0.329226,-0.901313,0.045547,0.066887,0.072387,1.523473,0.108573,NORMAL,NO_CRASH,0.0000,SERIOUS,12.975005,77.598246
14:48:19.733,0.479903,1.150571,-1.224578,-0.042166,-0.101632,0.058648,1.747487,0.124686,NORMAL,NO_CRASH,0.0000,SERIOUS,12.975005,77.598246
14:48:19.784,0.324589,-0.921663,0.376794,-0.100623,0.000954,0.033366,1.047280,0.106015,NORMAL,NO_CRASH,0.0000,SERIOUS,12.975005,77.598246
14:48:19.842,1.053083,0.271735,-0.918466,0.082595,-0.078091,-0.001946,1.423518,0.113683,NORMAL,NO_CRASH,0.0000,SERIOUS,12.975005,77.598246
14:48:19.892,-0.428004,-0.468817,-0.371015,-0.017541,-0.047153,-0.131578,0.735275,0.140869,NORMAL,NO_CRASH,0.0000,SERIOUS,12.975005,77.598246
14:48:19.942,-0.542263,-0.351705,1.602587,0.037158,-0.082769,0.078444,1.728013,0.119936,NORMAL,NO_CRASH,0.0000,SERIOUS,12.975005,77.598246
14:48:19.992,1.425800,-1.248715,-0.382913,0.032765,0.027899,0.199241,1.933602,0.203835,NORMAL,NO_CRASH,0.0000,SERIOUS,12.975005,77.598246
14:48:20.043,1.356236,0.397392,0.590512,0.088549,-0.001430,0.115406,1.531666,0.145470,NORMAL,NO_CRASH,0.0000,SERIOUS,12.975005,77.598246
14:48:20.093,-0.332876,-0.242150,0.610438,0.001362,-0.048416,-0.004536,0.736259,0.048647,NORMAL,NO_CRASH,0.0000,SERIOUS,12.975005,77.598246
14:48:20.144,0.568349,-0.840254,1.865166,0.127691,-0.074794,-0.161385,2.123180,0.218962,NORMAL,NO_CRASH,0.0000,SERIOUS,12.975005,77.598246
14:48:20.194,-0.091689,0.659527,2.152710,-0.020066,-0.005450,0.063500,2.253340,0.066818,NORMAL,NO_CRASH,0.0000,SERIOUS,12.975005,77.598246
14:48:20.245,0.080254,-0.175222,-0.836945,-0.035710,-0.147182,0.284401,0.858848,0.322214,NORMAL,NO_CRASH,0.0000,SERIOUS,12.975005,77.598246
14:48:20.295,0.539570,0.919333,-0.156006,0.045133,-0.170760,0.143198,1.077333,0.227380,NORMAL,NO_CRASH,0.0000,SERIOUS,12.975005,77.598246
14:48:20.345,0.859683,-0.565560,-0.023148,-0.038620,-0.084411,0.121926,1.029296,0.153241,NORMAL,NO_CRASH,0.0000,SERIOUS,12.975005,77.598246
14:48:20.396,-0.515331,-0.541738,-0.019637,0.075797,0.100161,-0.249402,0.747952,0.279247,NORMAL,NO_CRASH,0.0000,SERIOUS,12.975005,77.598246
14:48:20.446,0.273385,-0.542131,-2.176174,-0.049694,0.046432,-0.062564,2.259287,0.092411,NORMAL,NO_CRASH,0.0000,SERIOUS,12.975005,77.598246
14:48:20.496,0.894575,-0.984931,-0.208649,0.070448,0.037222,0.081871,1.346807,0.114242,NORMAL,NO_CRASH,0.0000,SERIOUS,12.975005,77.598246
14:48:20.547,-0.765692,-0.144635,-1.005048,0.033720,-0.247720,0.213128,1.271741,0.328521,NORMAL,NO_CRASH,0.0000,SERIOUS,12.975005,77.598246
14:48:20.597,0.308771,0.409344,2.284818,-0.033228,-0.000839,-0.149290,2.341644,0.152946,NORMAL,NO_CRASH,0.0000,SERIOUS,12.975005,77.598246
14:48:20.648,1.675710,1.535101,-0.981553,-0.042564,0.065412,0.054862,2.475476,0.095396,NORMAL,NO_CRASH,0.0000,SERIOUS,12.975005,77.598246
14:48:20.698,-0.006580,0.454989,-0.485837,0.012118,0.033244,-0.278214,0.665654,0.280455,NORMAL,NO_CRASH,0.0000,SERIOUS,12.975005,77.598246
14:48:20.748,-1.137102,0.510400,0.505777,0.034630,-0.001722,0.003960,1.345110,0.034898,NORMAL,NO_CRASH,0.0000,SERIOUS,12.975005,77.598246
14:48:20.799,-0.165782,0.890738,1.077977,0.086046,-0.096723,-0.028557,1.408166,0.132569,NORMAL,NO_CRASH,0.0000,SERIOUS,12.975005,77.598246
14:48:20.849,-0.179347,-1.428645,1.493674,-0.030094,0.050125,-0.059913,2.074669,0.083712,NORMAL,NO_CRASH,0.0000,SERIOUS,12.975005,77.598246
14:48:20.900,0.421280,0.656054,-0.259562,-0.108691,0.082365,0.060561,0.821740,0.149216,NORMAL,NO_CRASH,0.0000,SERIOUS,12.975005,77.598246
14:48:20.950,1.151803,0.818075,-0.484655,-0.043396,0.093971,0.000214,1.493582,0.103507,NORMAL,NO_CRASH,0.0000,SERIOUS,12.975005,77.598246
14:48:21.000,-1.112200,1.383846,0.156971,0.099649,-0.038395,-0.241811,1.782318,0.264342,NORMAL,NO_CRASH,0.0000,SERIOUS,12.975005,77.598246
14:48:21.051,0.171589,-0.015954,0.904168,0.120675,-0.053139,-0.131245,0.920444,0.186042,NORMAL,NO_CRASH,0.0000,SERIOUS,12.975005,77.598246
14:48:21.101,-0.283269,-1.147296,-1.413340,0.025701,0.048913,0.155187,1.842298,0.164730,NORMAL,NO_CRASH,0.0000,SERIOUS,12.975005,77.598246
14:48:21.152,-0.114105,0.246621,-0.597490,-0.129132,-0.124675,0.284244,0.656381,0.336175,NORMAL,NO_CRASH,0.0000,SERIOUS,12.975005,77.598246
14:48:21.202,2.335598,0.853996,0.002996,-0.042103,0.079467,0.001858,2.486833,0.089950,NORMAL,NO_CRASH,0.0000,SERIOUS,12.975005,77.598246
14:48:21.253,-0.597422,0.979781,-0.265263,0.067176,0.022672,0.146279,1.177815,0.162555,NORMAL,NO_CRASH,0.0000,SERIOUS,12.975005,77.598246
14:48:21.303,-1.188848,1.181888,1.750734,0.086503,-0.050399,0.279899,2.423900,0.297264,NORMAL,NO_CRASH,0.0000,SERIOUS,12.975005,77.598246
14:48:21.354,0.773168,-0.141191,-0.665205,-0.069543,0.056547,0.043429,1.029670,0.099598,NORMAL,NO_CRASH,0.0000,SERIOUS,12.975005,77.598246
14:48:21.404,-0.570837,-0.464827,0.554194,0.091518,-0.010068,0.002590,0.921439,0.092106,NORMAL,NO_CRASH,0.0000,SERIOUS,12.975005,77.598246
14:48:21.455,-0.909314,-0.121642,2.212206,-0.051900,0.053630,0.024512,2.394891,0.078553,NORMAL,NO_CRASH,0.0000,SERIOUS,12.975005,77.598246
14:48:21.506,-0.415804,0.243962,-0.395810,-0.003309,0.007335,0.289510,0.623759,0.289622,NORMAL,NO_CRASH,0.0000,SERIOUS,12.975005,77.598246
14:48:21.556,-1.189170,0.050214,0.850031,0.065279,-0.234289,-0.040488,1.462600,0.246560,NORMAL,NO_CRASH,0.0000,SERIOUS,12.975005,77.598246
14:48:21.607,2.075516,1.268862,-0.186565,-0.045399,-0.005273,0.091559,2.439792,0.102332,NORMAL,NO_CRASH,0.0000,SERIOUS,12.975005,77.598246
14:48:21.657,-0.121810,0.627899,0.234929,0.029262,0.013777,0.066822,0.681386,0.074237,NORMAL,NO_CRASH,0.0000,SERIOUS,12.975005,77.598246
14:48:21.708,-1.233924,-1.257855,0.711335,-0.007852,0.019115,-0.088648,1.900201,0.091024,NORMAL,NO_CRASH,0.0000,SERIOUS,12.975005,77.598246
14:48:21.758,-0.174449,0.328064,-1.565488,-0.068106,-0.031836,-0.031951,1.608978,0.081688,NORMAL,NO_CRASH,0.0000,SERIOUS,12.975005,77.598246
14:48:21.808,0.653829,1.093068,-1.321087,-0.109155,0.069807,0.007616,1.835091,0.129792,NORMAL,NO_CRASH,0.0000,SERIOUS,12.975005,77.598246
14:48:21.858,-0.749396,-2.028725,0.311075,0.011307,-0.119068,0.110130,2.184969,0.162584,NORMAL,NO_CRASH,0.0000,SERIOUS,12.975005,77.598246
14:48:21.909,0.457727,-0.367138,0.290889,-0.055703,0.155240,0.102082,0.654921,0.193966,NORMAL,NO_CRASH,0.0000,SERIOUS,12.975005,77.598246
14:48:21.959,1.320001,0.151446,-1.441440,-0.013111,-0.070759,0.112042,1.960380,0.133162,NORMAL,NO_CRASH,0.0000,SERIOUS,12.975005,77.598246
14:48:22.009,-0.137880,-1.545772,1.226795,0.013858,0.073632,0.020161,1.978243,0.077590,NORMAL,NO_CRASH,0.0000,SERIOUS,12.975005,77.598246
14:48:22.060,0.176537,0.612499,1.731373,-0.035302,-0.013837,-0.136582,1.844986,0.141747,NORMAL,NO_CRASH,0.0000,SERIOUS,12.975005,77.598246
14:48:22.110,0.971418,0.138056,1.541226,-0.030856,0.096439,0.088255,1.827044,0.134319,NORMAL,NO_CRASH,0.0000,SERIOUS,12.975005,77.598246
14:48:22.160,1.805145,-1.591700,2.633965,0.021791,0.072936,-0.002864,3.567889,0.076175,NORMAL,NO_CRASH,0.0000,SERIOUS,12.975005,77.598246
14:48:22.210,0.786595,-0.477233,0.302746,0.020121,0.247617,0.095875,0.968576,0.266292,NORMAL,NO_CRASH,0.0000,SERIOUS,12.975005,77.598246
14:48:22.262,0.681386,0.643266,-0.568162,0.000536,0.207637,-0.062718,1.095849,0.216903,NORMAL,NO_CRASH,0.0000,SERIOUS,12.975005,77.598246
14:48:22.311,-0.309406,-1.158212,-0.397695,0.035257,0.002709,0.013997,1.263071,0.038031,NORMAL,NO_CRASH,0.0000,SERIOUS,12.975005,77.598246
14:48:22.362,0.385972,1.450955,0.569808,-0.091442,0.169073,-0.178731,1.605903,0.262473,NORMAL,NO_CRASH,0.0000,SERIOUS,12.975005,77.598246
14:48:22.412,-0.678833,-0.675928,-1.592436,0.018584,0.139871,0.160383,1.858372,0.213617,NORMAL,NO_CRASH,0.0000,SERIOUS,12.975005,77.598246
